{"time_step": 1e-05, "number_of_molecules": 500000, "diff_coef": 250, "sim_time": 0.326667, "absorbers": [[4.8738, -6.01566, 4.58888, 2]], "reflectors": [[-2.22286, 2.80121, -12.4985, 3]], "reflector_prisms": [], "absorber_prisms": [[-7.64744, -17.5289, -0.0788928, -1.64744, -12.5289, 5.92111]], "line_of_sight": [[0, 0, 0, 0, 0, 498]]}