{"time_step": 1e-05, "number_of_molecules": 500000, "diff_coef": 100, "sim_time": 5.4, "absorbers": [[-22.7981, 0.600307, -2.9811, 5]], "reflectors": [[11.7623, 4.487, -9.87502, 4]], "reflector_prisms": [], "absorber_prisms": [[5.69354, -8.71589, -1.44104, 10.6935, -2.71589, 0.558963], [-8.14023, 12.1141, 7.41812, -2.14023, 16.1141, 12.4181]], "line_of_sight": [[0, 0, 0, 0, 0, 500]]}