{
"time_step": 1e-05,
"number_of_molecules": 500000,
"diff_coef": 300,
"sim_time": 0.8,
"absorbers": [
[-0.154671,0.0685767,-9.99857,2],
[10.1435,1.41554,-12.2925,4],
[-0.225679,-9.67594,8.67901,4]
],
"reflectors": [
],
"reflector_prisms": [
[-5.75776,4.16455,6.13369,-2.75776,10.1646,11.1337],
[-6.08251,13.4762,1.72541,-1.08251,15.4762,6.72541]
],
"absorber_prisms": [
]
}