{"time_step": 1e-05, "number_of_molecules": 500000, "diff_coef": 50, "sim_time": 10.8, "absorbers": [[-4.36873, -13.084, 14.4819, 3], [-14.9646, -5.63684, -0.536147, 5], [-0.00420142, 0.109485, -9.9994, 4], [0.0444769, 5.9739, -3.64837, 2], [-1.62925, -6.13178, 20.0187, 3], [10.5023, 1.02007, -16.99, 3], [4.23711, -2.69626, 10.8985, 2], [4.43048, 11.1704, 8.97732, 4]], "reflectors": [[4.65553, 6.6917, 17.1624, 3], [4.41607, 6.50353, -4.38205, 2], [15.4642, 2.12283, 3.51453, 4], [-18.0857, 8.0798, 2.76135, 5], [11.6082, 14.8261, -2.53697, 2], [-4.97122, -21.1587, -3.40529, 6], [7.47892, -17.9059, 4.84178, 3]], "reflector_prisms": [], "absorber_prisms": [], "line_of_sight": [[135, 123, 12, 0, 0, 501], [144, 0, 144, 0, 0, 498], [163, 113, 50, 0, 0, 500], [56, 51, 5, 0, 0, 499], [432, 432, 0, 0, 0, 502], [16, 16, 0, 0, 0, 501], [207, 207, 0, 0, 0, 501], [40, 0, 40, 0, 0, 493]]}