{
"time_step": 1e-05,
"number_of_molecules": 500000,
"diff_coef": 350,
"sim_time": 0.47619,
"absorbers": [
[-3.36452,-8.6955,-5.8368,5],
[8.41027,1.44515,2.85988,2],
[-0.0616111,0.0505629,-11.9997,2]
],
"reflectors": [
],
"reflector_prisms": [
[-4.13878,1.53442,16.6434,-0.138784,4.53442,21.6434],
[-8.72403,2.73254,-6.99595,-5.72403,8.73254,-4.99595]
],
"absorber_prisms": [
]
}