{"time_step": 1e-05, "number_of_molecules": 500000, "diff_coef": 250, "sim_time": 0.806667, "absorbers": [[9.94911, -6.6429, 12.0784, 6]], "reflectors": [], "reflector_prisms": [], "absorber_prisms": [[-8.04254, -4.10198, -8.81178, -5.04254, -0.10198, -2.81178], [-4.45548, -8.19483, -22.2883, 0.544519, -2.19483, -20.2883], [-2.27245, -18.7063, 1.87732, -0.272448, -14.7063, 3.87732], [-1.28621, -9.79073, 0.608029, 2.71379, -4.79073, 2.60803]], "line_of_sight": [[0, 0, 0, 0, 0, 497]]}