{"time_step": 1e-05, "number_of_molecules": 500000, "diff_coef": 150, "sim_time": 3.21111, "absorbers": [[5.58141, 1.80065, -20.1645, 4], [-6.84004, 8.57178, 0.859328, 5]], "reflectors": [], "reflector_prisms": [[11.7968, 2.24659, -5.26945, 13.7968, 6.24659, -2.26945]], "absorber_prisms": [[-7.80057, -4.53362, -9.61068, -2.80057, -1.53362, -3.61068], [2.56529, -4.31062, 11.2926, 7.56529, -1.31062, 15.2926]], "line_of_sight": [[0, 0, 0, 0, 0, 499], [0, 0, 0, 0, 0, 496]]}