{
"time_step": 1e-05,
"number_of_molecules": 500000,
"diff_coef": 350,
"sim_time": 0.47619,
"absorbers": [
[9.0154,6.29019,4.81206,2],
[1.62844,13.1268,4.58638,6]
],
"reflectors": [
[-2.43678,-4.56137,9.70855,5],
[8.6799,-4.71758,8.45008,2],
[-14.4067,12.7085,-8.48175,4]
],
"reflector_prisms": [
],
"absorber_prisms": [
]
}