{
"time_step": 1e-05,
"number_of_molecules": 500000,
"diff_coef": 100,
"sim_time": 4.81667,
"absorbers": [
[19.5253,-1.12961,-7.64768,4],
[-11.0431,-13.0627,5.60497,2],
[-0.350698,-15.809,2.43971,3],
[-18.2345,-4.94952,2.00142,5],
[1.42876,-0.0778616,-6.8522,2],
[9.40136,-5.70424,-0.275835,5],
[0.992214,-0.115804,-11.9583,3]
],
"reflectors": [
[1.31312,0.726455,7.85799,3],
[-7.06885,-12.7764,-6.54183,3],
[7.26392,3.63795,-3.87309,2],
[-2.14077,0.0554061,15.856,2],
[-7.11222,-6.43023,2.84051,3]
],
"reflector_prisms": [
],
"absorber_prisms": [
]
}