{"time_step": 1e-05, "number_of_molecules": 500000, "diff_coef": 150, "sim_time": 3.21111, "absorbers": [[0.115264, 0.803421, 8.96333, 3], [2.46045, 7.22168, -4.77426, 4], [10.0644, 1.99876, -12.2765, 6], [1.77651, -13.201, 16.2351, 6], [-12.4579, 2.72299, -12.7038, 5], [8.687, 16.5513, 3.40447, 6], [18.7721, 9.75204, 6.04202, 5]], "reflectors": [[-8.28438, 0.387667, 10.0109, 4], [-5.81033, 11.6799, -13.8137, 2], [-21.7339, 0.602496, 3.35765, 4], [1.07788, -5.72179, 6.86289, 3], [-12.2515, 8.13658, -2.94919, 5], [-3.14017, 10.4796, 16.7427, 5]], "reflector_prisms": [], "absorber_prisms": [], "line_of_sight": [[62, 0, 62, 0, 0, 498], [150, 139, 115, 0, 0, 500], [211, 19, 192, 0, 0, 497], [500, 202, 560, 0, 0, 500], [0, 0, 0, 0, 0, 503], [29, 29, 0, 0, 0, 503], [0, 0, 0, 0, 0, 502]]}