{"time_step": 1e-05, "number_of_molecules": 500000, "diff_coef": 350, "sim_time": 0.304762, "absorbers": [[6.32834, 6.05924, -2.05856, 2], [-10.2394, -5.90243, 5.41452, 5]], "reflectors": [[-3.42647, -3.61004, 9.80953, 2]], "reflector_prisms": [], "absorber_prisms": [[5.56755, -4.27992, 3.98048, 10.5675, 0.720084, 8.98048], [4.87743, 10.6329, -0.150345, 7.87743, 13.6329, 5.84966], [-4.48685, -1.46277, -19.8559, 0.513146, 3.53723, -14.8559]], "line_of_sight": [[305, 305, 0, 0, 0, 501], [106, 106, 0, 0, 0, 502]]}