{
"time_step": 1e-05,
"number_of_molecules": 500000,
"diff_coef": 150,
"sim_time": 3.21111,
"absorbers": [
[-6.46827,5.06216,-20.4092,5]
],
"reflectors": [
[-7.5451,-6.61752,-4.50332,6],
[-0.178988,-2.88059,-9.57446,2]
],
"reflector_prisms": [
[10.9408,-5.49149,10.058,16.9408,-0.491487,15.058],
[3.85697,12.0144,-14.038,8.85697,15.0144,-11.038]
],
"absorber_prisms": [
[3.22608,-8.28629,-17.0051,6.22608,-4.28629,-12.0051]
]
}