{"time_step": 1e-05, "number_of_molecules": 500000, "diff_coef": 250, "sim_time": 0.54, "absorbers": [[2.22679, -7.48418, -11.6202, 5], [-0.639008, -9.44756, -3.21485, 2]], "reflectors": [[-0.286736, -0.414228, -10.9885, 2]], "reflector_prisms": [[-16.7526, -2.23011, -16.5028, -10.7526, 0.769894, -12.5028]], "absorber_prisms": [], "line_of_sight": [[0, 0, 0, 0, 0, 498], [0, 0, 0, 0, 0, 501]]}