{"time_step": 1e-05, "number_of_molecules": 500000, "diff_coef": 250, "sim_time": 2.16, "absorbers": [[3.3788, -3.0104, 20.5066, 3], [-13.8169, -1.13461, -7.9879, 5]], "reflectors": [[-7.10003, 9.19926, 2.99386, 4]], "reflector_prisms": [[-0.762752, -8.76657, -13.8177, 5.23725, -3.76657, -10.8177]], "absorber_prisms": [], "line_of_sight": [[0, 0, 0, 0, 0, 504], [0, 0, 0, 0, 0, 498]]}