{
"time_step": 1e-05,
"number_of_molecules": 500000,
"diff_coef": 350,
"sim_time": 0.685714,
"absorbers": [
[2.17699,17.2058,4.8187,6]
],
"reflectors": [
[-0.194901,6.28927,12.5063,3]
],
"reflector_prisms": [
[-4.40057,-1.68555,20.1958,-2.40057,4.31445,23.1958]
],
"absorber_prisms": [
]
}