{"time_step": 1e-05, "number_of_molecules": 500000, "diff_coef": 250, "sim_time": 1.92667, "absorbers": [[16.5322, -15.9867, -0.335625, 6], [16.2093, -3.27656, -3.93971, 6], [-9.59535, 2.644, 13.7818, 4]], "reflectors": [[-18.9187, 1.74578, -0.18699, 4]], "reflector_prisms": [[10.0124, -3.89662, 8.14112, 12.0124, -0.896617, 13.1411]], "absorber_prisms": [], "line_of_sight": [[25, 25, 0, 0, 0, 500], [131, 18, 113, 0, 0, 502], [0, 0, 0, 0, 0, 500]]}