{"time_step": 1e-05, "number_of_molecules": 500000, "diff_coef": 200, "sim_time": 1.40833, "absorbers": [[-4.29612, 0.92406, -17.4554, 5], [5.6648, -8.04443, 9.95978, 5]], "reflectors": [], "reflector_prisms": [[-11.016, -1.78421, -9.63315, -7.01596, 1.21579, -4.63315]], "absorber_prisms": [[-7.03262, -16.1855, 10.7788, -2.03262, -14.1855, 16.7788]], "line_of_sight": [[32, 32, 0, 0, 0, 496], [24, 24, 0, 0, 0, 500]]}