{"time_step": 1e-05, "number_of_molecules": 500000, "diff_coef": 300, "sim_time": 1.8, "absorbers": [[-15.7624, -7.64627, 9.64782, 2], [10.6702, -5.48963, -0.102973, 4]], "reflectors": [], "reflector_prisms": [], "absorber_prisms": [[-2.0527, -13.1131, -20.8968, 0.947295, -9.11314, -15.8968], [-8.9313, 16.3294, -6.55089, -2.9313, 18.3294, -3.55089], [0.0929391, -5.66893, -8.6162, 2.09294, -3.66893, -6.6162]], "line_of_sight": [[0, 0, 0, 0, 0, 500], [0, 0, 0, 0, 0, 502]]}