{
"time_step": 1e-05,
"number_of_molecules": 500000,
"diff_coef": 100,
"sim_time": 4.81667,
"absorbers": [
[12.2242,-15.9213,6.17095,4]
],
"reflectors": [
[0.868512,-2.97812,10.5535,3],
[-1.07856,-7.43868,-11.8111,6]
],
"reflector_prisms": [
[9.37877,13.094,-7.28991,13.3788,17.094,-2.28991]
],
"absorber_prisms": [
[-12.6379,-14.1785,11.7231,-8.6379,-8.17849,13.7231]
]
}