{
"time_step": 1e-05,
"number_of_molecules": 500000,
"diff_coef": 50,
"sim_time": 12.0333,
"absorbers": [
[10.5189,-5.87683,-17.1993,4],
[-14.4846,-11.2669,-10.2104,2],
[4.16502,22.5273,10.0087,6]
],
"reflectors": [
],
"reflector_prisms": [
],
"absorber_prisms": [
[-1.84335,-0.68404,-12.7269,2.15665,5.31596,-6.72686]
]
}