{"time_step": 1e-05, "number_of_molecules": 500000, "diff_coef": 200, "sim_time": 1.875, "absorbers": [[13.1488, -2.79819, 10.4057, 2]], "reflectors": [[6.25332, 11.1686, -5.67074, 3], [-4.37433, 1.80049, 5.15979, 2], [1.28904, -5.66611, 20.18, 6], [2.86685, -12.0727, 6.48314, 3]], "reflector_prisms": [], "absorber_prisms": [[-11.6589, -5.53871, 4.45097, -5.65885, -2.53871, 6.45097]], "line_of_sight": [[0, 0, 0, 0, 0, 498]]}