{
"time_step": 1e-05,
"number_of_molecules": 500000,
"diff_coef": 250,
"sim_time": 1.30667,
"absorbers": [
[-11.8353,7.10119,-8.09319,3],
[11.6022,-15.0462,0.0248709,5]
],
"reflectors": [
[-3.1114,4.8579,-3.96484,2]
],
"reflector_prisms": [
[-13.8376,-12.5971,-4.0138,-7.83757,-10.5971,-0.0137969],
[-16.1606,-10.005,7.16886,-10.1606,-4.00496,9.16886]
],
"absorber_prisms": [
]
}