{"time_step": 1e-05, "number_of_molecules": 500000, "diff_coef": 350, "sim_time": 1.54286, "absorbers": [[-13.3592, 7.52926, 18.4619, 6]], "reflectors": [[1.24709, -0.275206, -19.9592, 3], [0.801012, 0.607818, 12.9611, 3]], "reflector_prisms": [[0.594535, -12.2084, -11.8741, 2.59454, -8.20839, -9.87411], [8.3707, -9.22303, -0.394599, 13.3707, -6.22303, 4.6054]], "absorber_prisms": [], "line_of_sight": [[0, 0, 0, 0, 0, 501]]}