{
"time_step": 1e-05,
"number_of_molecules": 500000,
"diff_coef": 300,
"sim_time": 0.555556,
"absorbers": [
[5.58418,-1.60417,-12.7375,4]
],
"reflectors": [
[-3.0354,-13.6013,-1.33846,2],
[-4.97297,-0.0532843,7.50112,2]
],
"reflector_prisms": [
[-0.631309,-2.04129,-12.7283,5.36869,0.958706,-8.72829],
[0.370369,-7.46859,6.70808,4.37037,-5.46859,11.7081],
[-12.4245,11.5737,-17.6486,-7.42451,14.5737,-11.6486]
],
"absorber_prisms": [
]
}