{"time_step": 1e-05, "number_of_molecules": 500000, "diff_coef": 50, "sim_time": 3.33333, "absorbers": [[10.8289, 5.04712, 1.12313, 2], [-7.87022, 9.05858, -0.0426052, 6]], "reflectors": [[1.01091, 1.04438, -7.86685, 3], [2.29314, -4.39502, 16.2612, 4], [2.2057, 12.5199, -12.7431, 3], [-18.4395, 15.2214, -2.07188, 5]], "reflector_prisms": [], "absorber_prisms": [], "line_of_sight": [[0, 0, 0, 0, 0, 504], [14, 0, 14, 0, 0, 497]]}