{
"time_step": 1e-05,
"number_of_molecules": 500000,
"diff_coef": 300,
"sim_time": 0.355556,
"absorbers": [
[1.69595,4.6645,-13.0907,6]
],
"reflectors": [
],
"reflector_prisms": [
[-16.237,2.82659,8.01243,-10.237,6.82659,11.0124],
[-15.8007,11.0226,-11.9727,-9.80067,17.0226,-5.97267],
[11.1886,7.08513,3.91465,13.1886,11.0851,8.91465],
[-12.1146,-19.6231,1.62493,-10.1146,-15.6231,3.62493]
],
"absorber_prisms": [
]
}