{
"time_step": 1e-05,
"number_of_molecules": 500000,
"diff_coef": 350,
"sim_time": 1.71905,
"absorbers": [
[-7.5595,-4.46376,-23.4079,6],
[2.05875,5.01837,11.8143,4]
],
"reflectors": [
[-3.89827,9.02638,1.82426,4],
[13.0025,3.71682,11.8794,3]
],
"reflector_prisms": [
],
"absorber_prisms": [
[12.1239,-1.62281,6.71343,18.1239,3.37719,8.71343]
]
}