{"time_step": 1e-05, "number_of_molecules": 500000, "diff_coef": 400, "sim_time": 1.06667, "absorbers": [[0.71925, 2.02704, -18.8779, 3]], "reflectors": [[-3.2048, 10.7237, 8.41022, 6]], "reflector_prisms": [], "absorber_prisms": [[-12.9262, 0.071076, 15.0892, -6.92615, 6.07108, 19.0892], [-5.55933, 2.2836, 2.37167, -2.55933, 4.2836, 5.37167]], "line_of_sight": [[0, 0, 0, 0, 0, 498]]}