{"time_step": 1e-05, "number_of_molecules": 500000, "diff_coef": 350, "sim_time": 1.71905, "absorbers": [[-5.83072, -16.4578, -16.4664, 5]], "reflectors": [], "reflector_prisms": [[3.71715, 1.15011, 18.0782, 7.71715, 4.15011, 24.0782], [0.519017, 7.03365, -8.43978, 3.51902, 10.0337, -6.43978], [-6.49792, -8.84045, 9.70354, -0.497923, -4.84045, 13.7035], [-6.44304, -3.65773, -24.5802, -1.44304, 0.342273, -18.5802]], "absorber_prisms": [[16.8178, -4.27745, -7.51886, 21.8178, 1.72255, -2.51886]], "line_of_sight": [[0, 0, 0, 0, 0, 501]]}