{"time_step": 1e-05, "number_of_molecules": 500000, "diff_coef": 200, "sim_time": 2.40833, "absorbers": [[5.71174, -7.36058, -9.06631, 6], [-10.9763, -8.39199, -18.3874, 6]], "reflectors": [], "reflector_prisms": [], "absorber_prisms": [[12.9057, -3.94795, 8.74397, 16.9057, 2.05205, 14.744], [-11.7583, 4.77744, -7.758, -7.75831, 6.77744, -2.758], [-2.11886, -2.46602, -14.4994, 1.88114, 2.53398, -10.4994]], "line_of_sight": [[0, 0, 0, 0, 0, 498], [0, 0, 0, 0, 0, 499]]}