{"time_step": 1e-05, "number_of_molecules": 500000, "diff_coef": 150, "sim_time": 4.01111, "absorbers": [[-5.83949, -9.4406, -12.8754, 4], [12.3757, -17.8413, 12.3907, 6], [0.624557, -2.23065, 18.8583, 5]], "reflectors": [], "reflector_prisms": [], "absorber_prisms": [[-8.30534, 2.8479, -17.6644, -4.30534, 8.8479, -11.6644], [-11.9504, 13.6159, -6.42402, -5.95043, 16.6159, -1.42402]], "line_of_sight": [[0, 0, 0, 0, 0, 505], [0, 0, 0, 0, 0, 502], [0, 0, 0, 0, 0, 500]]}