{
"time_step": 1e-05,
"number_of_molecules": 500000,
"diff_coef": 150,
"sim_time": 3.21111,
"absorbers": [
[0.00468318,-1.12159,-18.9669,2],
[4.22442,-4.50234,-5.08756,3]
],
"reflectors": [
[2.33082,-0.466637,7.63869,3],
[10.4269,10.7264,-1.10667,5],
[11.3813,-7.77073,5.92294,4],
[7.54317,6.58929,-14.956,4]
],
"reflector_prisms": [
],
"absorber_prisms": [
]
}