{
"time_step": 1e-05,
"number_of_molecules": 500000,
"diff_coef": 400,
"sim_time": 0.6,
"absorbers": [
[-1.78714,-17.6148,3.24433,6]
],
"reflectors": [
[9.59299,-2.08431,-16.2675,6],
[-3.34599,-1.99549,24.6946,6],
[-12.1514,9.03524,9.73183,5],
[6.90247,6.05771,-11.86,2]
],
"reflector_prisms": [
],
"absorber_prisms": [
]
}