{
"time_step": 1e-05,
"number_of_molecules": 500000,
"diff_coef": 250,
"sim_time": 1.92667,
"absorbers": [
[-14.4255,1.97035,-13.7121,3]
],
"reflectors": [
[10.5558,3.09397,0.0394637,6]
],
"reflector_prisms": [
[-1.21514,-4.41838,9.83224,3.78486,1.58162,11.8322]
],
"absorber_prisms": [
]
}