{
"time_step": 1e-05,
"number_of_molecules": 500000,
"diff_coef": 350,
"sim_time": 1.37619,
"absorbers": [
[-11.4385,-17.6549,-6.43932,5],
[4.47411,-14.1184,2.3774,6],
[10.2117,10.4512,13.6563,3]
],
"reflectors": [
],
"reflector_prisms": [
[-5.04303,-1.2835,-13.2621,-3.04303,0.716496,-8.26213]
],
"absorber_prisms": [
[4.08129,-0.74355,-12.9487,10.0813,4.25645,-10.9487]
]
}