{
"time_step": 1e-05,
"number_of_molecules": 500000,
"diff_coef": 100,
"sim_time": 0.816667,
"absorbers": [
[12.7535,-2.06117,-1.4491,6]
],
"reflectors": [
[3.17536,-12.6702,-17.7026,6]
],
"reflector_prisms": [
[-7.047,-0.978377,-23.1183,-1.047,2.02162,-20.1183],
[-0.678906,-4.07012,9.43197,4.32109,-2.07012,12.432]
],
"absorber_prisms": [
[-4.35636,3.82127,2.58545,-2.35636,8.82127,6.58545]
]
}