{"time_step": 1e-05, "number_of_molecules": 500000, "diff_coef": 50, "sim_time": 4.03333, "absorbers": [[6.44955, 13.0928, -8.71676, 6]], "reflectors": [[0.0245296, -0.0124072, -21, 2], [-2.96078, 3.77753, 7.61341, 4], [-0.417814, -7.58531, 6.50296, 5]], "reflector_prisms": [[-8.64894, -3.32605, -13.6793, -2.64894, 1.67395, -9.67934]], "absorber_prisms": [[-3.89412, 9.33753, -3.20077, 1.10588, 11.3375, 0.799228]], "line_of_sight": [[291, 0, 291, 0, 0, 498]]}