{"time_step": 1e-05, "number_of_molecules": 500000, "diff_coef": 250, "sim_time": 2.40667, "absorbers": [[11.5574, -12.4772, 5.89454, 4], [8.37655, -1.55564, -9.81903, 4], [4.58495, 21.6173, 9.36315, 6], [-2.25478, -9.26489, 3.01292, 4], [20.6527, 2.61154, 2.76492, 2], [8.58453, -15.4138, -11.3895, 6], [-4.63729, 6.32654, 4.41254, 2]], "reflectors": [[10.7396, -2.25533, -16.7205, 3], [-20.0817, -6.03968, 6.65183, 6], [7.72576, 3.62968, -20.2765, 3], [0.568987, 3.27524, 21.7474, 6]], "reflector_prisms": [], "absorber_prisms": [], "line_of_sight": [[0, 0, 0, 0, 0, 501], [46, 0, 46, 0, 0, 499], [0, 0, 0, 0, 0, 500], [0, 0, 0, 0, 0, 499], [0, 0, 0, 0, 0, 499], [180, 180, 0, 0, 0, 501], [368, 368, 0, 0, 0, 499]]}