{
"time_step": 1e-05,
"number_of_molecules": 500000,
"diff_coef": 200,
"sim_time": 2.7,
"absorbers": [
[14.9734,-11.1655,-15.0707,6],
[-8.36595,-17.5981,7.8305,7],
[18.1645,11.667,-10.4848,6]
],
"reflectors": [
[15.6327,2.50123,16.6842,4],
[-0.28187,-19.1247,-8.66988,5],
[2.89835,-6.70032,20.7534,4]
],
"reflector_prisms": [
],
"absorber_prisms": [
]
}