{"time_step": 1e-05, "number_of_molecules": 500000, "diff_coef": 100, "sim_time": 5.4, "absorbers": [[-18.5007, 9.39386, 12.0614, 6]], "reflectors": [[0.469349, -0.950467, 16.9669, 4], [-8.18397, -13.543, -2.36879, 4]], "reflector_prisms": [], "absorber_prisms": [[4.54288, -0.566312, -5.40761, 7.54288, 2.43369, -1.40761], [7.65723, 1.3358, -11.0148, 13.6572, 5.3358, -9.01478], [-2.30556, 7.90418, 2.21194, 0.694443, 9.90418, 4.21194]], "line_of_sight": [[0, 0, 0, 0, 0, 499]]}