{
"time_step": 1e-05,
"number_of_molecules": 500000,
"diff_coef": 150,
"sim_time": 4.01111,
"absorbers": [
[-12.7981,0.160893,-7.82194,5],
[-7.64051,1.14373,9.18229,2],
[-8.79206,-5.03218,-16.0741,3],
[-4.02251,-6.87381,11.5139,4],
[2.87986,-1.35881,14.6581,2],
[-3.85196,12.7451,16.2396,2],
[-9.8169,6.41026,-13.6579,3]
],
"reflectors": [
[-4.73228,0.0337765,-5.15794,2],
[-3.40843,12.5075,-13.8904,5],
[9.15152,-14.574,-10.1906,2],
[13.1814,-4.8028,-9.60118,6],
[3.14668,2.95109,-13.3188,5],
[0.817755,2.88557,8.48556,4],
[5.2645,-12.0629,18.8619,5]
],
"reflector_prisms": [
],
"absorber_prisms": [
]
}