{"time_step": 1e-05, "number_of_molecules": 500000, "diff_coef": 350, "sim_time": 1.21905, "absorbers": [[-1.11807, -4.77503, 10.9521, 6], [-14.7831, 1.66844, 11.8184, 4], [8.13833, 5.56595, 17.4008, 7], [0.0640063, -5.89205, -9.28868, 5], [3.34713, -12.3088, -19.1387, 7], [10.849, -12.3032, -7.4115, 6]], "reflectors": [], "reflector_prisms": [], "absorber_prisms": [], "line_of_sight": [[17, 17, 0, 0, 0, 502], [0, 0, 0, 0, 0, 496], [205, 242, 0, 0, 0, 498], [223, 226, 0, 0, 0, 500], [500, 541, 0, 0, 0, 500], [37, 37, 0, 0, 0, 503]]}