{
"time_step": 1e-05,
"number_of_molecules": 500000,
"diff_coef": 200,
"sim_time": 2.7,
"absorbers": [
[14.9934,-7.00924,-11.228,2],
[-0.686963,3.3883,-11.4912,3]
],
"reflectors": [
[4.21874,-5.42626,13.3326,6]
],
"reflector_prisms": [
[-2.22594,-20.7831,-4.0445,-0.225938,-15.7831,-1.0445]
],
"absorber_prisms": [
[-3.19714,-20.9918,5.10386,2.80286,-14.9918,7.10386]
]
}