{"time_step": 1e-05, "number_of_molecules": 500000, "diff_coef": 300, "sim_time": 1.60556, "absorbers": [[-16.8406, 0.139617, -10.7877, 3]], "reflectors": [[2.68836, 0.347831, 20.8243, 2], [-6.4806, -4.53308, -12.7457, 3]], "reflector_prisms": [], "absorber_prisms": [[-8.81279, -9.50454, -14.9741, -3.81279, -6.50454, -10.9741], [-6.80778, 4.54766, -13.4023, -2.80778, 8.54766, -9.40235], [-0.769734, -2.08703, -17.373, 4.23027, -0.087031, -15.373]], "line_of_sight": [[0, 0, 0, 0, 0, 498]]}