{
"time_step": 1e-05,
"number_of_molecules": 500000,
"diff_coef": 300,
"sim_time": 1.08889,
"absorbers": [
[-4.38897,-11.6448,-3.75984,5],
[-4.8955,-1.55962,-16.205,3]
],
"reflectors": [
[5.46676,19.2383,0.0615027,4],
[4.04773,-2.91781,-19.3676,6],
[-13.5114,8.48824,-12.0579,4],
[8.09728,-16.116,5.97567,2]
],
"reflector_prisms": [
],
"absorber_prisms": [
]
}