{"time_step": 1e-05, "number_of_molecules": 500000, "diff_coef": 400, "sim_time": 1.35, "absorbers": [[15.5399, 3.80935, 0.00469765, 4], [0.0894821, -0.595408, 18.9905, 4], [-4.009, 5.56887, -8.59742, 6], [4.81507, 11.1595, -15.8833, 4], [-3.27402, 14.207, 12.1836, 5], [0.839241, -19.7391, -11.7756, 5], [7.23122, -0.0793367, 3.42099, 2]], "reflectors": [[14.8411, 14.7806, -1.50866, 3], [-5.7162, -11.5599, -7.66113, 2], [-4.88791, 1.38888, -20.376, 5], [-11.5473, 5.54756, 5.64657, 3]], "reflector_prisms": [], "absorber_prisms": [], "line_of_sight": [[1, 1, 0, 0, 0, 499], [240, 155, 196, 0, 0, 499], [138, 97, 74, 0, 0, 499], [184, 184, 0, 0, 0, 493], [163, 163, 0, 0, 0, 501], [235, 235, 0, 0, 0, 498], [2, 2, 0, 0, 0, 499]]}