{"time_step": 1e-05, "number_of_molecules": 500000, "diff_coef": 250, "sim_time": 0.806667, "absorbers": [[3.0375, -11.1627, 12.4566, 6]], "reflectors": [[10.5816, -7.60132, -5.12344, 3], [-16.5329, 3.52675, -1.79584, 6], [1.09264, -0.208213, 12.9523, 2]], "reflector_prisms": [], "absorber_prisms": [[-7.59252, -3.75669, 8.51656, -3.59252, -0.756687, 14.5166]], "line_of_sight": [[0, 0, 0, 0, 0, 498]]}