{
"time_step": 1e-05,
"number_of_molecules": 500000,
"diff_coef": 350,
"sim_time": 0.804762,
"absorbers": [
[4.07117,-1.64565,-16.4231,4],
[-6.39423,6.80473,10.4312,6],
[-4.59423,-0.766133,-5.22553,2],
[5.87398,-2.14905,6.47131,2]
],
"reflectors": [
[-7.46023,-9.97996,6.38321,6],
[11.6011,7.72186,1.33732,4],
[0.762734,-4.85253,-10.9486,3],
[18.723,-6.94366,1.11143,2],
[-8.92654,-9.17125,-5.67495,6],
[15.014,-5.23757,-12.1304,2]
],
"reflector_prisms": [
],
"absorber_prisms": [
]
}