{"time_step": 1e-05, "number_of_molecules": 500000, "diff_coef": 150, "sim_time": 4.01111, "absorbers": [[-1.57643, -1.35708, -24.9133, 6], [-4.22282, -1.32079, 18.4776, 4], [6.85425, 5.80161, 0.600459, 3], [-7.03402, -10.056, -4.28935, 5], [8.29172, -2.79449, -9.61448, 4], [-14.0425, -7.78352, -10.16, 4], [16.2439, -6.94403, -3.45197, 3], [-4.22836, 2.5302, 10.9416, 2]], "reflectors": [[10.9066, -8.38453, 2.59718, 4], [-1.74212, 18.0748, 10.5484, 5], [4.26088, 13.3355, 0.0897917, 2], [6.00449, -14.5436, -2.90323, 3], [-12.4285, 8.35508, -0.85214, 2], [-9.04804, -17.4988, -3.45332, 2], [4.01506, -0.0412755, 8.05466, 2]], "reflector_prisms": [], "absorber_prisms": [], "line_of_sight": [[166, 108, 58, 0, 0, 501], [188, 188, 0, 0, 0, 500], [205, 220, 24, 0, 0, 501], [270, 227, 48, 0, 0, 502], [74, 74, 0, 0, 0, 500], [150, 176, 0, 0, 0, 501], [6, 0, 6, 0, 0, 503], [268, 268, 0, 0, 0, 502]]}