{"time_step": 1e-05, "number_of_molecules": 500000, "diff_coef": 200, "sim_time": 1.875, "absorbers": [[10.4255, 2.57361, 5.35594, 2], [-1.28825, 18.7228, 2.96589, 4]], "reflectors": [], "reflector_prisms": [[3.33684, -20.2725, -13.6201, 5.33684, -17.2725, -7.62007]], "absorber_prisms": [[-6.33674, 12.8055, -8.71137, -1.33674, 18.8055, -6.71137], [-20.5496, 3.70429, -13.8528, -16.5496, 5.70429, -7.85281]], "line_of_sight": [[0, 0, 0, 0, 0, 500], [0, 0, 0, 0, 0, 500]]}