{"time_step": 1e-05, "number_of_molecules": 500000, "diff_coef": 300, "sim_time": 1.60556, "absorbers": [[2.85146, 20.5933, 2.96419, 7], [18.6291, 5.82278, -7.74927, 4], [-7.9678, 13.0189, 4.79809, 6], [-10.2423, -7.64288, -5.71671, 7], [1.11325, 11.467, 15.1086, 7]], "reflectors": [[-11.4575, -1.85731, -19.8564, 5], [7.11263, 12.4377, -16.6948, 6]], "reflector_prisms": [], "absorber_prisms": [], "line_of_sight": [[87, 87, 0, 0, 0, 501], [0, 0, 0, 0, 0, 504], [29, 29, 0, 0, 0, 499], [100, 82, 18, 0, 0, 501], [75, 75, 0, 0, 0, 501]]}