{
"time_step": 1e-05,
"number_of_molecules": 500000,
"diff_coef": 150,
"sim_time": 4.01111,
"absorbers": [
[6.86584,14.5159,-10.1563,4],
[-7.3667,7.37368,-5.94647,4],
[-19.9061,2.66928,-14.887,6],
[1.4918,-10.2475,22.7544,7],
[-6.95851,-7.1994,12.4799,5],
[-13.4544,10.3033,1.34939,4]
],
"reflectors": [
],
"reflector_prisms": [
],
"absorber_prisms": [
]
}