{"time_step": 1e-05, "number_of_molecules": 500000, "diff_coef": 200, "sim_time": 2.7, "absorbers": [[-11.8393, -6.79045, 3.11774, 7], [-0.672494, 0.467832, 13.976, 4], [5.00478, -7.32981, -16.7996, 4], [21.4083, 3.438, 10.2891, 6], [-4.12138, 4.22238, -18.0606, 4], [17.9989, 12.6317, 0.69394, 5]], "reflectors": [[7.80495, -11.1547, 6.29718, 4], [-4.33243, -7.40985, -12.3014, 5], [-15.015, -18.6533, -1.61436, 6], [-7.67209, 13.8396, 6.21318, 4], [8.93992, 13.23, 1.02214, 4]], "reflector_prisms": [], "absorber_prisms": [], "line_of_sight": [[116, 41, 157, 0, 0, 505], [160, 136, 24, 0, 0, 498], [75, 75, 0, 0, 0, 503], [29, 29, 0, 0, 0, 497], [129, 129, 0, 0, 0, 502], [500, 500, 269, 0, 0, 500]]}