{"time_step": 1e-05, "number_of_molecules": 500000, "diff_coef": 200, "sim_time": 0.675, "absorbers": [[4.62449, -2.41648, -9.68373, 2]], "reflectors": [[-0.731862, 14.4472, 17.8814, 4]], "reflector_prisms": [[-10.7599, 3.05057, -0.718179, -4.75988, 9.05057, 4.28182]], "absorber_prisms": [], "line_of_sight": [[0, 0, 0, 0, 0, 502]]}