{"time_step": 1e-05, "number_of_molecules": 500000, "diff_coef": 350, "sim_time": 1.54286, "absorbers": [[16.1528, 3.30268, 17.4407, 6], [-11.0524, 2.6964, -15.2176, 4], [4.05951, -9.176, -11.15, 6], [12.069, -4.59576, 1.48938, 4], [-5.18367, -0.41561, 8.54148, 4]], "reflectors": [[-3.32206, -1.07256, -20.7078, 5], [-10.6074, -5.27014, 23.1454, 7], [-8.05764, 8.37616, 19.8473, 4], [0.307207, 3.46421, 24.7569, 6]], "reflector_prisms": [], "absorber_prisms": [], "line_of_sight": [[115, 115, 0, 0, 0, 499], [150, 150, 0, 0, 0, 503], [114, 64, 97, 0, 0, 498], [0, 0, 0, 0, 0, 502], [242, 66, 230, 0, 0, 502]]}