{"time_step": 1e-05, "number_of_molecules": 500000, "diff_coef": 50, "sim_time": 8.53333, "absorbers": [[-17.4071, 4.68141, -12.6126, 6], [3.21275, 1.7561, -12.4737, 2]], "reflectors": [[8.96124, -7.58028, -9.34, 6]], "reflector_prisms": [], "absorber_prisms": [[-9.66218, -4.53128, 17.911, -3.66218, 1.46872, 23.911], [-1.87113, -4.72672, -12.0318, 1.12887, -1.72672, -10.0318]], "line_of_sight": [[0, 0, 0, 0, 0, 501], [0, 0, 0, 0, 0, 502]]}