{
"time_step": 1e-05,
"number_of_molecules": 500000,
"diff_coef": 200,
"sim_time": 3.00833,
"absorbers": [
[1.10493,4.73358,-14.1906,4],
[-12.9663,16.0534,-3.894,2]
],
"reflectors": [
],
"reflector_prisms": [
[0.29792,-2.28159,6.43801,6.29792,2.71841,12.438],
[-10.7083,1.58119,11.9475,-5.70828,7.58119,13.9475]
],
"absorber_prisms": [
]
}