{
"time_step": 1e-05,
"number_of_molecules": 500000,
"diff_coef": 250,
"sim_time": 2.16,
"absorbers": [
[12.5198,-2.34627,17.9374,6],
[-7.915,-3.42131,-16.9307,4],
[4.95083,-7.6586,-11.9095,5],
[0.877457,0.76122,11.9436,2],
[0.450688,11.6009,7.824,6],
[13.2132,5.40134,-10.9652,2],
[-6.90392,4.12182,13.8328,5],
[1.65542,-2.33432,-20.8041,3]
],
"reflectors": [
[-6.34082,-10.553,-6.66547,3],
[15.175,-10.2806,-8.00181,6],
[-5.50201,-16.9046,6.70548,6]
],
"reflector_prisms": [
],
"absorber_prisms": [
]
}