{"time_step": 1e-05, "number_of_molecules": 500000, "diff_coef": 250, "sim_time": 2.40667, "absorbers": [[6.14362, -5.81404, 20.3089, 6], [-6.88942, -0.218007, -14.4391, 4], [-21.6894, 1.51122, 12.3404, 6], [0.342667, 4.92377, 18.3477, 6]], "reflectors": [[-5.03407, 5.88572, -22.716, 6], [15.2572, 3.01415, -14.1115, 6], [-1.76879, 2.47623, 8.46993, 4], [-1.6867, -9.7486, 4.8083, 5]], "reflector_prisms": [], "absorber_prisms": [], "line_of_sight": [[350, 143, 261, 0, 0, 502], [240, 239, 151, 0, 0, 501], [180, 0, 180, 0, 0, 497], [440, 62, 396, 0, 0, 500]]}