{"time_step": 1e-05, "number_of_molecules": 500000, "diff_coef": 200, "sim_time": 0.675, "absorbers": [[-4.7331, -8.81898, -11.1724, 6]], "reflectors": [[-3.09833, 2.38699, 8.10572, 4]], "reflector_prisms": [[4.12315, -9.45962, -3.57865, 8.12315, -4.45962, -0.578653], [4.78956, -11.8844, -10.2324, 10.7896, -6.88442, -7.23244], [-5.36611, 6.61061, -7.84867, -1.36611, 12.6106, -4.84867]], "absorber_prisms": [[6.38868, -6.88874, -6.50319, 8.38868, -0.888745, -4.50319]], "line_of_sight": [[67, 0, 67, 0, 0, 498]]}