{
"time_step": 1e-05,
"number_of_molecules": 500000,
"diff_coef": 200,
"sim_time": 1.40833,
"absorbers": [
[10.4745,2.82073,5.13109,6],
[-14.5652,5.15977,7.08751,4]
],
"reflectors": [
[-2.44513,-16.5889,-15.7427,5],
[-1.38218,-0.119621,24.9615,7]
],
"reflector_prisms": [
],
"absorber_prisms": [
]
}