{"time_step": 1e-05, "number_of_molecules": 500000, "diff_coef": 50, "sim_time": 9.63333, "absorbers": [[-11.5847, 0.0855321, 3.12858, 5], [-13.8087, -7.56451, 13.8959, 4], [1.78186, 4.49391, 9.88078, 4]], "reflectors": [[11.8331, 9.74663, -9.43294, 7]], "reflector_prisms": [], "absorber_prisms": [], "line_of_sight": [[76, 0, 76, 0, 0, 500], [447, 0, 447, 0, 0, 499], [0, 0, 0, 0, 0, 500]]}