{
"time_step": 1e-05,
"number_of_molecules": 500000,
"diff_coef": 150,
"sim_time": 3.6,
"absorbers": [
[-5.9194,2.98905,-12.3299,4],
[7.94136,0.0814277,-21.5854,5],
[-1.82597,-8.63183,4.70716,5],
[-19.1837,1.62974,8.38633,6],
[2.09856,-4.34961,15.2538,7],
[5.80733,-0.31779,-10.4964,6]
],
"reflectors": [
[12.1006,-12.6786,13.2977,6],
[5.36457,-20.3808,-6.31216,5],
[3.30712,-18.407,11.5864,4],
[-6.23987,-4.40602,-21.6945,4]
],
"reflector_prisms": [
],
"absorber_prisms": [
]
}