{"time_step": 1e-05, "number_of_molecules": 500000, "diff_coef": 150, "sim_time": 4.01111, "absorbers": [[-2.18913, 2.61535, -22.7457, 4], [0.923556, -1.7254, -17.8933, 2], [-0.228668, 6.70319, -2.00373, 2], [8.43054, -7.95108, 17.513, 5], [9.48492, -7.33223, -20.7912, 5], [11.09, -8.4087, 1.51812, 3], [2.19888, 5.62453, -19.0665, 2]], "reflectors": [[-2.22506, 8.04513, -8.6212, 2], [-10.0952, 13.2051, -3.5656, 6], [-14.7365, -1.63899, -13.422, 6], [-1.39731, -2.87905, 13.6293, 4], [-11.1863, -10.4982, 11.2096, 6], [-3.6974, 4.4089, -3.98633, 2], [-19.8289, -0.987397, 6.84383, 2]], "reflector_prisms": [], "absorber_prisms": [], "line_of_sight": [[306, 43, 303, 0, 0, 500], [197, 62, 191, 0, 0, 501], [45, 0, 45, 0, 0, 501], [148, 0, 151, 0, 0, 502], [0, 0, 0, 0, 0, 500], [286, 0, 286, 0, 0, 500], [494, 16, 494, 0, 0, 494]]}