{"time_step": 1e-05, "number_of_molecules": 500000, "diff_coef": 50, "sim_time": 5.63333, "absorbers": [[-3.12873, 2.67062, 11.2729, 4], [-1.55486, 1.30391, -16.8785, 4]], "reflectors": [], "reflector_prisms": [[-10.5622, 0.158365, 0.411221, -8.56221, 3.15836, 4.41122]], "absorber_prisms": [[3.66623, -5.13089, 11.5263, 5.66623, 0.869105, 14.5263], [-17.8171, -2.71481, 11.08, -15.8171, -0.714807, 17.08], [-13.8324, -2.63504, -15.0596, -9.83239, 3.36496, -12.0596]], "line_of_sight": [[65, 65, 0, 0, 0, 504], [103, 103, 0, 0, 0, 502]]}