{"time_step": 1e-05, "number_of_molecules": 500000, "diff_coef": 250, "sim_time": 1.92667, "absorbers": [[3.51713, 12.438, 1.38736, 3], [-1.06931, -0.324269, 10.9431, 2], [7.25633, -5.12531, 8.06702, 5], [-4.86404, -8.82263, -6.51937, 5], [-6.12869, -6.69187, 4.20215, 3], [-4.25693, -10.9159, 13.6646, 5], [13.5515, 9.33827, -11.3645, 3]], "reflectors": [[1.1617, -1.75361, -15.8611, 4], [-0.312172, -14.0922, -20.6473, 6], [-6.37457, 4.91565, -5.93306, 5], [-6.94562, 1.22923, -12.0933, 2], [4.25379, 6.35432, 7.90746, 5], [10.8205, 8.049, 17.3819, 3], [5.34668, -6.46589, 17.0471, 2]], "reflector_prisms": [], "absorber_prisms": [], "line_of_sight": [[144, 144, 0, 0, 0, 499], [337, 0, 337, 0, 0, 497], [488, 0, 551, 0, 0, 497], [342, 66, 386, 0, 0, 501], [140, 140, 0, 0, 0, 500], [58, 58, 0, 0, 0, 498], [284, 284, 0, 0, 0, 500]]}