{"time_step": 1e-05, "number_of_molecules": 500000, "diff_coef": 350, "sim_time": 1.71905, "absorbers": [[2.76328, -8.0965, 23.4907, 6], [-10.1807, 16.8842, -9.76095, 3]], "reflectors": [[1.04301, 8.11074, 14.904, 6]], "reflector_prisms": [[15.2484, 11.4815, -6.6342, 20.2484, 13.4815, -0.634203], [-12.9961, 3.74356, 3.55446, -9.99606, 7.74356, 7.55446]], "absorber_prisms": [], "line_of_sight": [[0, 0, 0, 0, 0, 500], [0, 0, 0, 0, 0, 497]]}