{
"time_step": 1e-05,
"number_of_molecules": 500000,
"diff_coef": 300,
"sim_time": 0.8,
"absorbers": [
[-6.56965,-13.2313,2.60257,3]
],
"reflectors": [
],
"reflector_prisms": [
[-3.00872,-3.01731,16.7734,-1.00872,-1.01731,18.7734]
],
"absorber_prisms": [
[-1.39306,0.799486,4.62796,0.606942,3.79949,9.62796],
[-0.0235084,-9.05632,0.85343,3.97649,-6.05632,5.85343],
[-7.54488,-8.71485,14.3701,-1.54488,-3.71485,20.3701]
]
}