{
"time_step": 1e-05,
"number_of_molecules": 500000,
"diff_coef": 250,
"sim_time": 2.40667,
"absorbers": [
[-21.6151,-1.77392,-7.65758,4]
],
"reflectors": [
],
"reflector_prisms": [
],
"absorber_prisms": [
[-3.45918,15.4616,-5.18344,0.540819,20.4616,-3.18344],
[-6.35241,-0.972767,11.1253,-3.35241,3.02723,16.1253],
[6.69356,-9.11462,-8.86221,11.6936,-3.11462,-4.86221],
[-1.49564,-1.5007,-15,1.50436,1.4993,-11],
[-4.93132,-5.92112,16.4904,1.06868,-1.92112,20.4904]
]
}