{
"time_step": 1e-05,
"number_of_molecules": 500000,
"diff_coef": 400,
"sim_time": 1.50417,
"absorbers": [
[-8.23186,-8.06827,22.1842,6]
],
"reflectors": [
[6.83274,-19.8156,-1.28608,4],
[15.9352,2.971,-9.91176,4],
[4.02185,1.38287,7.93173,2]
],
"reflector_prisms": [
[13.7091,-2.5411,-0.146797,17.7091,0.458899,5.8532],
[-1.24955,-2.23787,7.9931,0.750449,2.76213,10.9931]
],
"absorber_prisms": [
]
}