{"time_step": 1e-05, "number_of_molecules": 500000, "diff_coef": 350, "sim_time": 1.07143, "absorbers": [[-0.596742, -3.02465, -10.5591, 6], [-7.0128, 6.53937, 8.77823, 4], [3.03322, 12.0449, 8.40945, 7], [14.4078, 3.5651, 8.2889, 7], [-3.16079, -7.92639, 16.9759, 4]], "reflectors": [[-0.181647, 13.6697, -6.17294, 6], [-10.3325, 7.33699, -12.7832, 5], [-8.88454, -19.0228, 0.444974, 4]], "reflector_prisms": [], "absorber_prisms": [], "line_of_sight": [[226, 226, 0, 0, 0, 502], [138, 138, 0, 0, 0, 502], [175, 156, 19, 0, 0, 502], [31, 31, 0, 0, 0, 498], [59, 59, 0, 0, 0, 498]]}