{"time_step": 1e-05, "number_of_molecules": 500000, "diff_coef": 400, "sim_time": 1.06667, "absorbers": [[1.13116, 20.8257, -2.4514, 6], [10.2765, -2.12558, -14.6245, 6], [-2.16824, 9.28542, 19.8262, 6]], "reflectors": [[-3.05807, 2.90464, -15.4341, 4], [-4.04824, -14.4109, 0.969101, 5], [12.1224, -11.3746, 12.8322, 2], [1.78766, -0.288956, 14.8903, 4]], "reflector_prisms": [], "absorber_prisms": [], "line_of_sight": [[263, 0, 263, 0, 0, 498], [31, 31, 0, 0, 0, 498], [80, 39, 41, 0, 0, 498]]}