{
"time_step": 1e-05,
"number_of_molecules": 500000,
"diff_coef": 50,
"sim_time": 9.63333,
"absorbers": [
[1.97444,-2.57128,8.39584,4],
[4.09175,11.1431,17.3231,5],
[-16.0204,-15.0776,-0.120991,5]
],
"reflectors": [
[13.4244,-0.948045,8.65374,4],
[-2.15764,-11.0286,-4.20896,5]
],
"reflector_prisms": [
],
"absorber_prisms": [
]
}