{"time_step": 1e-05, "number_of_molecules": 500000, "diff_coef": 250, "sim_time": 1.70667, "absorbers": [[14.4194, 13.2942, -3.91702, 4]], "reflectors": [[5.22865, 10.0027, 15.2842, 5]], "reflector_prisms": [[-10.4439, -5.96524, 10.4927, -7.44394, -2.96524, 14.4927]], "absorber_prisms": [[-0.479001, -0.888291, 7.86248, 1.521, 4.11171, 12.8625]], "line_of_sight": [[0, 0, 0, 0, 0, 501]]}