{"time_step": 1e-05, "number_of_molecules": 500000, "diff_coef": 50, "sim_time": 3.33333, "absorbers": [[3.56361, 7.85594, 8.34176, 2]], "reflectors": [], "reflector_prisms": [], "absorber_prisms": [[-7.67076, -3.03632, -2.84588, -4.67076, -0.0363202, 0.154123], [-6.30592, -14.0793, -15.8474, -3.30592, -8.0793, -10.8474], [-3.09145, -8.34914, 5.34955, -1.09145, -5.34914, 11.3496]], "line_of_sight": [[0, 0, 0, 0, 0, 504]]}