{
"time_step": 1e-05,
"number_of_molecules": 500000,
"diff_coef": 400,
"sim_time": 1.50417,
"absorbers": [
[-1.03658,3.04833,-22.7735,6],
[8.46191,-4.34209,-12.8663,3],
[7.61072,2.14883,-19.454,2]
],
"reflectors": [
],
"reflector_prisms": [
],
"absorber_prisms": [
[-2.33111,15.4329,-4.40182,3.66889,20.4329,1.59818]
]
}