{"time_step": 1e-05, "number_of_molecules": 500000, "diff_coef": 200, "sim_time": 3.00833, "absorbers": [[1.41003, 0.695595, 19.9381, 3], [1.76111, -0.960907, -10.8155, 4], [20.0799, -8.64277, -9.90464, 5], [-3.51695, 8.11687, -6.53815, 3], [-10.3979, -1.84744, 12.0196, 6], [-2.19923, -5.38353, -6.86884, 3], [-2.69873, 14.7437, 0.582574, 5], [1.87157, -15.4798, -12.525, 6]], "reflectors": [[12.1055, 10.3307, 1.65274, 3]], "reflector_prisms": [], "absorber_prisms": [], "line_of_sight": [[455, 455, 0, 0, 0, 500], [169, 169, 0, 0, 0, 497], [0, 0, 0, 0, 0, 504], [0, 0, 0, 0, 0, 508], [96, 96, 0, 0, 0, 499], [139, 139, 0, 0, 0, 502], [6, 6, 0, 0, 0, 501], [159, 159, 0, 0, 0, 499]]}