{"time_step": 1e-05, "number_of_molecules": 500000, "diff_coef": 200, "sim_time": 2.40833, "absorbers": [[1.57689, -7.05942, -18.6461, 3]], "reflectors": [], "reflector_prisms": [], "absorber_prisms": [[-5.49706, -4.68788, -7.07926, -2.49706, -0.68788, -3.07926], [5.13488, -3.45022, -9.06967, 7.13488, 2.54978, -4.06967], [-8.86431, 15.2567, -2.66636, -6.86431, 19.2567, 0.333642], [-3.29722, 0.581854, -18.6877, -0.297221, 4.58185, -12.6877]], "line_of_sight": [[0, 0, 0, 0, 0, 502]]}