{"time_step": 1e-05, "number_of_molecules": 500000, "diff_coef": 100, "sim_time": 2.81667, "absorbers": [[-1.03486, 2.76898, 17.7556, 5]], "reflectors": [[10.9189, -12.421, 9.35393, 2], [6.161, -6.3126, -1.78694, 2], [11.17, 17.5205, -3.04338, 2], [-4.45821, 1.60589, -11.0248, 4], [-8.79276, -2.21341, -21.1374, 5]], "reflector_prisms": [], "absorber_prisms": [], "line_of_sight": [[91, 0, 120, 0, 0, 505]]}