{"time_step": 1e-05, "number_of_molecules": 500000, "diff_coef": 50, "sim_time": 3.33333, "absorbers": [[-6.86539, 1.29826, 12.1318, 4]], "reflectors": [[2.11858, -15.5276, 10.7427, 4]], "reflector_prisms": [], "absorber_prisms": [[-9.44802, -20.3542, -9.6103, -4.44802, -14.3542, -4.6103], [13.4206, -7.41288, -14.4471, 17.4206, -1.41288, -9.44706]], "line_of_sight": [[0, 0, 0, 0, 0, 502]]}