{
"time_step": 1e-05,
"number_of_molecules": 500000,
"diff_coef": 250,
"sim_time": 1.30667,
"absorbers": [
[0.289273,1.20852,-18.9593,5]
],
"reflectors": [
[-0.004455,5.10505,20.37,6],
[-19.9764,6.45221,0.557858,6]
],
"reflector_prisms": [
[-12.0299,-5.36438,-3.53748,-9.02985,-2.36438,-1.53748]
],
"absorber_prisms": [
[9.3555,-21.5265,1.4384,13.3555,-15.5265,5.4384]
]
}