{
"time_step": 1e-05,
"number_of_molecules": 500000,
"diff_coef": 400,
"sim_time": 1.06667,
"absorbers": [
[5.05166,9.76649,0.310337,5],
[-0.46783,7.33941,17.519,3],
[4.80207,-6.31441,-6.08838,4]
],
"reflectors": [
],
"reflector_prisms": [
],
"absorber_prisms": [
[-10.3835,3.12102,-10.2957,-6.38345,6.12102,-7.29568],
[12.1111,-8.11152,-9.69704,16.1111,-3.11152,-7.69704]
]
}