{
"time_step": 1e-05,
"number_of_molecules": 500000,
"diff_coef": 50,
"sim_time": 2.13333,
"absorbers": [
[-11.0597,-1.03688,6.75333,5],
[6.64107,-5.78828,-8.14813,6]
],
"reflectors": [
[4.5066,-2.11035,21.4298,6],
[11.9491,7.01407,2.00572,7]
],
"reflector_prisms": [
],
"absorber_prisms": [
]
}