{
"time_step": 1e-05,
"number_of_molecules": 500000,
"diff_coef": 250,
"sim_time": 1.70667,
"absorbers": [
[0.960934,5.11277,9.69207,4],
[-0.290989,-0.524239,20.9914,5]
],
"reflectors": [
],
"reflector_prisms": [
[-3.46988,9.33512,-20.328,1.53012,11.3351,-17.328],
[-19.7589,8.89379,-2.68055,-13.7589,12.8938,1.31945],
[-11.9015,-0.129797,10.8551,-9.90155,1.8702,13.8551]
],
"absorber_prisms": [
]
}