{
"time_step": 1e-05,
"number_of_molecules": 500000,
"diff_coef": 150,
"sim_time": 4.01111,
"absorbers": [
[-5.56381,15.0186,-10.2219,2],
[-10.7039,2.79759,-4.64751,5],
[12.2162,14.799,10.759,3]
],
"reflectors": [
],
"reflector_prisms": [
[1.05388,4.34498,9.85669,3.05388,7.34498,11.8567],
[-3.13926,-0.0844016,-10.5441,1.86074,5.9156,-8.54414]
],
"absorber_prisms": [
]
}