{"time_step": 1e-05, "number_of_molecules": 500000, "diff_coef": 350, "sim_time": 0.57619, "absorbers": [[-13.8134, 2.56502, -5.25447, 4]], "reflectors": [], "reflector_prisms": [[-5.78148, -5.56318, -18.5739, 0.218521, 0.436818, -14.5739], [0.768262, 1.26953, -21.9971, 5.76826, 5.26953, -19.9971], [-3.84391, 6.05992, 17.7931, 1.15609, 8.05992, 23.7931]], "absorber_prisms": [[-1.95967, 4.29619, -15.6059, 2.04033, 10.2962, -10.6059], [-7.37417, -1.06844, 12.4402, -5.37417, 4.93156, 14.4402]], "line_of_sight": [[0, 0, 0, 0, 0, 499]]}