{"time_step": 1e-05, "number_of_molecules": 500000, "diff_coef": 150, "sim_time": 1.11111, "absorbers": [[-1.7346, 6.56133, 12.245, 4]], "reflectors": [[-16.4993, 3.93491, -1.1357, 4]], "reflector_prisms": [[13.54, 8.89403, 3.26116, 16.54, 10.894, 5.26116]], "absorber_prisms": [[4.00452, -1.98084, 7.7297, 10.0045, 3.01916, 11.7297], [7.55117, 5.21321, 8.48025, 13.5512, 8.21321, 11.4803], [3.9585, -7.32908, -8.12895, 5.9585, -4.32908, -3.12895]], "line_of_sight": [[0, 0, 0, 0, 0, 499]]}