{
"time_step": 1e-05,
"number_of_molecules": 500000,
"diff_coef": 250,
"sim_time": 0.24,
"absorbers": [
[1.77957,-6.22316,-10.1047,6]
],
"reflectors": [
],
"reflector_prisms": [
[0.470275,6.05541,0.609094,3.47028,8.05541,2.60909],
[-18.3768,-5.1057,-11.4023,-16.3768,-1.1057,-7.40227]
],
"absorber_prisms": [
[-6.22471,13.9253,-2.54007,-2.22471,16.9253,3.45993],
[-7.68358,4.25285,-0.0418672,-4.68358,7.25285,1.95813],
[-6.10508,-11.8285,6.35769,-3.10508,-5.8285,10.3577]
]
}