{
"time_step": 1e-05,
"number_of_molecules": 500000,
"diff_coef": 400,
"sim_time": 1.20417,
"absorbers": [
[10.3735,1.84262,-15.8112,2]
],
"reflectors": [
],
"reflector_prisms": [
[8.33847,-2.92389,5.05863,10.3385,0.0761102,8.05863],
[-3.28358,-1.29698,19.9972,2.71642,1.70302,23.9972]
],
"absorber_prisms": [
[5.71297,-2.60603,8.45778,11.713,2.39397,13.4578]
]
}