{
"time_step": 1e-05,
"number_of_molecules": 500000,
"diff_coef": 100,
"sim_time": 4.26667,
"absorbers": [
[11.0366,5.8676,-12.9524,2]
],
"reflectors": [
],
"reflector_prisms": [
[2.79295,-4.64179,16.045,4.79295,1.35821,21.045],
[-0.921374,7.84445,11.5741,3.07863,12.8444,16.5741],
[-4.95096,5.77711,4.74728,-0.950964,10.7771,6.74728]
],
"absorber_prisms": [
[-9.9793,-13.322,6.79447,-6.9793,-10.322,10.7945],
[-10.6282,9.02494,5.49013,-7.62819,14.0249,9.49013]
]
}