{"time_step": 1e-05, "number_of_molecules": 500000, "diff_coef": 250, "sim_time": 1.70667, "absorbers": [[-18.6291, 4.6649, -5.58541, 4]], "reflectors": [], "reflector_prisms": [[-6.47355, 0.788285, 17.9111, -2.47355, 2.78829, 20.9111]], "absorber_prisms": [[-1.0614, -0.65885, -17.916, 2.9386, 3.34115, -13.916], [-6.86753, 13.3654, 7.38413, -0.867531, 16.3654, 11.3841]], "line_of_sight": [[0, 0, 0, 0, 0, 500]]}