{
"time_step": 1e-05,
"number_of_molecules": 500000,
"diff_coef": 400,
"sim_time": 0.504167,
"absorbers": [
[-4.09178,-11.1478,9.16427,5],
[-4.316,7.17514,-13.6341,5]
],
"reflectors": [
],
"reflector_prisms": [
],
"absorber_prisms": [
[3.35083,-8.90312,14.5231,9.35083,-4.90312,18.5231],
[-20.5518,3.45732,-1.73065,-16.5518,8.45732,3.26935]
]
}