{
"time_step": 1e-05,
"number_of_molecules": 500000,
"diff_coef": 250,
"sim_time": 0.166667,
"absorbers": [
[0.710853,0.208841,-7.96562,3]
],
"reflectors": [
[-11.4913,-2.52361,5.53,6],
[-5.24659,-4.78939,-23.9695,6]
],
"reflector_prisms": [
[5.86782,-0.436519,8.71538,7.86782,3.56348,10.7154]
],
"absorber_prisms": [
[8.94987,-5.99202,13.3389,11.9499,-2.99202,18.3389],
[5.4636,-4.41702,-12.9798,9.4636,-1.41702,-9.9798]
]
}