{
"time_step": 1e-05,
"number_of_molecules": 500000,
"diff_coef": 300,
"sim_time": 2.00556,
"absorbers": [
[-7.29554,0.36213,20.752,6],
[-21.3067,6.99385,5.10975,4],
[8.82607,3.03332,5.82233,3]
],
"reflectors": [
],
"reflector_prisms": [
[-8.41314,8.56326,9.61924,-5.41314,12.5633,14.6192]
],
"absorber_prisms": [
[-7.61894,10.1683,2.73958,-3.61894,15.1683,8.73958]
]
}