{
"time_step": 1e-05,
"number_of_molecules": 500000,
"diff_coef": 200,
"sim_time": 0.208333,
"absorbers": [
[0.706833,2.82503,-6.3655,2]
],
"reflectors": [
[-6.63404,3.3048,6.71325,2],
[-1.80261,-13.8583,0.83571,5],
[-1.42766,0.251522,-20.9499,4],
[4.97132,3.98396,16.8349,5]
],
"reflector_prisms": [
],
"absorber_prisms": [
[-22.0308,-5.42234,-9.08786,-17.0308,-2.42234,-7.08786]
]
}