{"time_step": 1e-05, "number_of_molecules": 500000, "diff_coef": 350, "sim_time": 1.54286, "absorbers": [[-13.1371, -5.79083, -4.34532, 4], [-5.24256, 1.4688, 17.1569, 5], [0.919885, -14.1004, 11.1504, 6], [3.64236, -5.65108, -9.93975, 4], [7.98918, 15.2299, -13.7194, 4], [-15.903, -12.7854, 8.22368, 5], [8.87931, 8.63009, 16.9611, 7]], "reflectors": [[-3.26041, -5.00192, -14.8442, 4]], "reflector_prisms": [], "absorber_prisms": [], "line_of_sight": [[0, 0, 0, 0, 0, 502], [150, 150, 0, 0, 0, 502], [54, 54, 0, 0, 0, 500], [148, 113, 35, 0, 0, 500], [119, 119, 0, 0, 0, 500], [0, 0, 0, 0, 0, 500], [142, 0, 142, 0, 0, 500]]}