{"time_step": 1e-05, "number_of_molecules": 500000, "diff_coef": 200, "sim_time": 3.00833, "absorbers": [[9.05381, -9.58261, -18.8468, 7], [0.723511, 5.06417, 11.9512, 5], [-4.2096, -0.672382, -24.6339, 6], [-1.3979, -3.97702, 7.95168, 4], [-3.59199, -1.3759, -10.3056, 6]], "reflectors": [[10.4634, 13.3484, 14.012, 4]], "reflector_prisms": [], "absorber_prisms": [], "line_of_sight": [[160, 232, 0, 0, 0, 501], [407, 514, 13, 0, 0, 499], [500, 828, 0, 0, 0, 500], [135, 188, 0, 0, 0, 500], [294, 292, 48, 0, 0, 503]]}