{"time_step": 1e-05, "number_of_molecules": 500000, "diff_coef": 50, "sim_time": 1.2, "absorbers": [[-10.605, -0.74054, -2.82588, 5]], "reflectors": [], "reflector_prisms": [[-2.50927, 1.06776, -10.112, 3.49073, 4.06776, -7.11196]], "absorber_prisms": [[-3.38962, -8.77851, -9.2012, -0.389617, -3.77851, -7.2012], [-3.41631, 1.64921, 8.3687, 2.58369, 5.64921, 12.3687], [1.43346, 11.5689, -3.31084, 5.43346, 15.5689, 2.68916], [8.79292, -17.3908, -1.85349, 12.7929, -11.3908, 3.14651]], "line_of_sight": [[0, 0, 0, 0, 0, 500]]}