{"time_step": 1e-05, "number_of_molecules": 500000, "diff_coef": 200, "sim_time": 0.533333, "absorbers": [[-3.29058, -0.0140034, 11.54, 4], [-2.02194, -11.7991, -0.833169, 6], [2.28323, -5.41638, -8.0901, 4]], "reflectors": [[-18.4699, 7.54766, -6.54945, 4], [7.34763, 6.18752, 5.35975, 4], [14.2691, 12.2273, 16.489, 7]], "reflector_prisms": [], "absorber_prisms": [], "line_of_sight": [[114, 114, 0, 0, 0, 499], [51, 0, 51, 0, 0, 499], [90, 90, 0, 0, 0, 499]]}