{"time_step": 1e-05, "number_of_molecules": 500000, "diff_coef": 400, "sim_time": 0.6, "absorbers": [[-15.0999, 1.84661, -7.58831, 5], [0.130847, 11.9947, -0.330989, 5]], "reflectors": [], "reflector_prisms": [[-8.83384, 3.26114, -6.01985, -6.83384, 9.26114, -3.01985], [-7.31459, 15.2197, -7.53832, -4.31459, 19.2197, -3.53832], [-0.857477, -3.08888, 8.45994, 2.14252, 1.91112, 10.4599]], "absorber_prisms": [], "line_of_sight": [[75, 0, 0, 0, 75, 500], [0, 0, 0, 0, 0, 499]]}