{
"time_step": 1e-05,
"number_of_molecules": 500000,
"diff_coef": 150,
"sim_time": 4.01111,
"absorbers": [
[3.07916,-15.8523,-16.3775,6],
[-14.7455,12.2207,-12.7367,4],
[-5.09484,18.1704,6.62406,7],
[9.40067,-16.1103,13.4568,6]
],
"reflectors": [
[12.8107,13.1742,4.82975,4],
[12.8795,-12.9715,-8.11525,6],
[-8.66586,-0.0449038,-13.4499,5]
],
"reflector_prisms": [
],
"absorber_prisms": [
]
}