{"time_step": 1e-05, "number_of_molecules": 500000, "diff_coef": 350, "sim_time": 1.71905, "absorbers": [[-1.87421, -5.87935, 16.9092, 7], [3.20803, 11.2248, 9.41874, 4], [7.80305, 0.218268, 16.2193, 4], [-8.70511, -4.70442, -21.8653, 5], [-1.35997, -2.25041, -11.7084, 7]], "reflectors": [[-16.117, 12.7343, -12.413, 6], [-16.7951, 7.07422, 8.23897, 7], [14.5315, 3.15067, -14.8293, 7], [13.3396, 14.2236, 15.6444, 6]], "reflector_prisms": [], "absorber_prisms": [], "line_of_sight": [[282, 235, 48, 0, 0, 497], [248, 186, 104, 0, 0, 505], [500, 683, 0, 0, 0, 500], [498, 706, 0, 0, 0, 498], [257, 215, 61, 0, 0, 500]]}