{"time_step": 1e-05, "number_of_molecules": 500000, "diff_coef": 100, "sim_time": 4.81667, "absorbers": [[7.2034, 13.3599, 17.2807, 6], [-2.73313, -1.97433, -19.7138, 6]], "reflectors": [[2.52582, 2.21276, 17.684, 5], [3.30376, -0.637091, 7.25805, 2], [-5.17208, 15.393, 7.76572, 5], [7.05478, -12.0442, -1.08085, 3]], "reflector_prisms": [], "absorber_prisms": [], "line_of_sight": [[0, 0, 0, 0, 0, 500], [328, 0, 369, 0, 0, 503]]}