{
"time_step": 1e-05,
"number_of_molecules": 500000,
"diff_coef": 350,
"sim_time": 1.54286,
"absorbers": [
[-7.76983,-2.07057,-21.5486,5],
[3.14946,1.03707,-13.6017,6],
[-23.4525,-3.72513,3.47895,6],
[5.45436,-21.2557,-1.56394,6]
],
"reflectors": [
[-11.4704,4.56869,4.06914,6],
[0.856167,0.503736,11.9588,5]
],
"reflector_prisms": [
],
"absorber_prisms": [
]
}