{"time_step": 1e-05, "number_of_molecules": 500000, "diff_coef": 100, "sim_time": 1.35, "absorbers": [[5.02245, -9.26091, -9.22012, 5]], "reflectors": [[0.886573, -10.7199, 5.31946, 3]], "reflector_prisms": [], "absorber_prisms": [[-3.48304, 8.59111, 5.61779, -1.48304, 12.5911, 8.61779], [16.6991, -3.90098, 3.27108, 18.6991, -1.90098, 9.27108], [-8.30708, 0.60534, -9.7858, -2.30708, 4.60534, -3.7858], [-4.95758, -0.605221, 12.654, 1.04242, 5.39478, 14.654]], "line_of_sight": [[0, 0, 0, 0, 0, 498]]}