{"time_step": 1e-05, "number_of_molecules": 500000, "diff_coef": 250, "sim_time": 2.16, "absorbers": [[8.01537, -2.42476, 9.94356, 2], [-4.31754, -3.67228, 11.6993, 3], [0.0781257, 1.64648, -9.86321, 4], [11.4459, -8.02202, 0.799059, 5], [4.38256, -3.64022, 14.9513, 4], [9.54303, -6.77149, -13.6776, 2], [-20.7784, -2.59286, 1.59206, 4], [-9.09913, 15.6357, -15.7712, 6]], "reflectors": [[-0.488643, 1.07171, 8.92259, 3]], "reflector_prisms": [], "absorber_prisms": [], "line_of_sight": [[35, 35, 0, 0, 0, 498], [263, 263, 72, 0, 0, 499], [386, 221, 174, 0, 0, 501], [0, 0, 0, 0, 0, 500], [326, 326, 96, 0, 0, 500], [0, 0, 0, 0, 0, 499], [0, 0, 0, 0, 0, 499], [0, 0, 0, 0, 0, 499]]}