{"time_step": 1e-05, "number_of_molecules": 500000, "diff_coef": 100, "sim_time": 6.01667, "absorbers": [[-8.956, -18.8283, -13.7944, 6], [0.483939, 1.08059, -7.9119, 3]], "reflectors": [], "reflector_prisms": [[-9.23432, -6.36387, -7.37259, -6.23432, -0.363869, -3.37259]], "absorber_prisms": [[6.28344, -17.1118, -10.9536, 11.2834, -15.1118, -4.95364], [7.21676, 0.735971, 10.9629, 11.2168, 2.73597, 14.9629], [-1.33127, 4.58947, -13.3348, 0.668725, 7.58947, -7.33482]], "line_of_sight": [[0, 0, 0, 0, 0, 500], [0, 0, 0, 0, 0, 500]]}