{
"time_step": 1e-05,
"number_of_molecules": 500000,
"diff_coef": 350,
"sim_time": 1.54286,
"absorbers": [
[15.8011,-8.11099,2.92179,4],
[-12.3996,-15.3761,9.68632,4]
],
"reflectors": [
],
"reflector_prisms": [
[-0.922939,-3.76778,14.4105,3.07706,1.23222,16.4105],
[-4.48909,0.142974,-15.9402,-1.48909,5.14297,-11.9402],
[5.17077,6.61561,-4.43702,10.1708,11.6156,1.56298]
],
"absorber_prisms": [
]
}