{"time_step": 1e-05, "number_of_molecules": 500000, "diff_coef": 200, "sim_time": 2.13333, "absorbers": [[-9.18651, -2.56578, -14.0721, 6], [6.75097, -10.5341, 6.28142, 4], [4.89812, -1.6863, 4.70795, 2], [5.87395, 18.0291, 1.20365, 5], [-2.27813, -8.83226, -4.09893, 5], [-3.4866, -5.88804, 17.725, 3], [-0.203174, 0.927412, 11.9624, 2]], "reflectors": [[-1.83275, -12.7188, -12.6045, 3], [1.37828, 2.52763, -19.7917, 3], [-0.0429306, 0.283317, 21.9981, 3], [9.12488, 5.96066, -1.48563, 3], [1.75917, 2.73025, 6.20089, 2], [-5.27741, 2.22063, 9.39243, 3]], "reflector_prisms": [], "absorber_prisms": [], "line_of_sight": [[234, 103, 131, 0, 0, 498], [0, 0, 0, 0, 0, 501], [140, 140, 0, 0, 0, 501], [352, 352, 0, 0, 0, 496], [170, 91, 88, 0, 0, 502], [103, 0, 103, 0, 0, 500], [271, 0, 374, 0, 0, 503]]}