{
"time_step": 1e-05,
"number_of_molecules": 500000,
"diff_coef": 350,
"sim_time": 0.119048,
"absorbers": [
[4.38084,6.81731,-5.8594,5]
],
"reflectors": [
[4.2264,-14.2301,2.15455,5]
],
"reflector_prisms": [
[-9.88027,11.0099,0.712236,-7.88027,14.0099,3.71224],
[-1.50218,-2.49524,-15,1.49782,2.50476,-9],
[-7.78999,-14.513,-6.20505,-3.78999,-11.513,-3.20505]
],
"absorber_prisms": [
[0.927088,-4.22007,6.28741,5.92709,-1.22007,8.28741]
]
}