{"time_step": 1e-05, "number_of_molecules": 500000, "diff_coef": 400, "sim_time": 0.15, "absorbers": [[-1.58138, -2.46299, -9.56205, 4]], "reflectors": [[5.75906, 5.23218, -6.28152, 5]], "reflector_prisms": [], "absorber_prisms": [[15.6779, -8.8733, 3.49838, 17.6779, -3.8733, 9.49838], [-11.9058, -9.40407, -0.678957, -5.90583, -3.40407, 2.32104]], "line_of_sight": [[0, 0, 0, 0, 0, 498]]}