{
"time_step": 1e-05,
"number_of_molecules": 500000,
"diff_coef": 150,
"sim_time": 3.21111,
"absorbers": [
[-2.39112,-20.8161,1.40394,4]
],
"reflectors": [
],
"reflector_prisms": [
],
"absorber_prisms": [
[-4.71283,11.7483,-11.0343,0.287169,13.7483,-6.03433],
[-4.40689,-12.838,6.48521,-1.40689,-6.83801,9.48521],
[2.88528,-6.55956,0.589354,8.88528,-1.55956,6.58935],
[4.62575,16.3674,-1.39433,10.6257,18.3674,3.60567],
[-7.39416,-13.9422,-17.8371,-2.39416,-10.9422,-15.8371]
]
}