{"time_step": 1e-05, "number_of_molecules": 500000, "diff_coef": 250, "sim_time": 2.16, "absorbers": [[19.0298, -4.83348, -3.80856, 4], [5.30905, 14.2791, -9.58762, 6], [-10.7063, 2.15212, 4.97421, 6], [-4.85998, 5.88826, -6.45825, 4], [5.06732, 13.8924, 16.2887, 5], [5.78257, -7.00089, -23.2927, 7], [4.12907, -8.32283, -7.59482, 4]], "reflectors": [[3.24508, 1.13684, -14.6006, 4]], "reflector_prisms": [], "absorber_prisms": [], "line_of_sight": [[499, 499, 0, 0, 0, 499], [0, 0, 0, 0, 0, 498], [48, 48, 0, 0, 0, 497], [0, 0, 0, 0, 0, 500], [0, 0, 0, 0, 0, 502], [207, 79, 128, 0, 0, 499], [119, 119, 0, 0, 0, 505]]}