{"time_step": 1e-05, "number_of_molecules": 500000, "diff_coef": 100, "sim_time": 2.81667, "absorbers": [[6.27419, -6.55773, -14.3747, 4]], "reflectors": [[-5.5568, -3.77525, -12.2829, 2], [11.239, -0.473701, 12.746, 5], [14.1849, -7.71838, -16.3773, 4], [-14.5118, 15.1971, 6.51568, 5]], "reflector_prisms": [], "absorber_prisms": [], "line_of_sight": [[92, 0, 92, 0, 0, 497]]}