{
"time_step": 1e-05,
"number_of_molecules": 500000,
"diff_coef": 50,
"sim_time": 12.0333,
"absorbers": [
[-14.6139,2.37203,2.4097,4],
[-14.3302,4.21684,-20.0466,6]
],
"reflectors": [
[11.3456,6.03609,-12.6033,5],
[3.99398,4.70862,12.5649,3]
],
"reflector_prisms": [
[-0.66268,5.61731,-5.57454,1.33732,11.6173,0.42546]
],
"absorber_prisms": [
]
}