{"time_step": 1e-05, "number_of_molecules": 500000, "diff_coef": 400, "sim_time": 0.816667, "absorbers": [[0.413117, 2.04117, 14.8547, 4], [-6.63918, -14.5347, -0.814135, 2]], "reflectors": [], "reflector_prisms": [[-8.37866, 4.2545, 1.07961, -3.37866, 10.2545, 6.07961], [-7.67234, -6.29768, -4.43345, -5.67234, -0.297678, -1.43345], [-12.5921, 11.8114, 1.79459, -9.59215, 16.8114, 5.79459]], "absorber_prisms": [], "line_of_sight": [[0, 0, 0, 0, 0, 499], [0, 0, 0, 0, 0, 499]]}