{"time_step": 1e-05, "number_of_molecules": 500000, "diff_coef": 100, "sim_time": 2.01667, "absorbers": [[-0.27493, -1.75344, 13.887, 3], [2.27083, 0.47854, -12.7912, 5], [2.4096, -13.2227, 3.91826, 4]], "reflectors": [[-6.54104, -6.6983, -5.77474, 5]], "reflector_prisms": [[-7.9845, 4.28713, -14.0548, -5.9845, 6.28713, -9.05478]], "absorber_prisms": [], "line_of_sight": [[497, 497, 0, 0, 0, 497], [71, 71, 0, 0, 0, 499], [0, 0, 0, 0, 0, 498]]}