{
"time_step": 1e-05,
"number_of_molecules": 500000,
"diff_coef": 200,
"sim_time": 2.40833,
"absorbers": [
[1.3386,-0.491774,19.9491,3],
[12.4221,-12.4486,3.8371,3]
],
"reflectors": [
],
"reflector_prisms": [
[-11.3539,-3.87416,-7.69177,-8.35388,1.12584,-1.69177],
[-12.027,-14.5469,-2.04798,-7.02698,-8.54688,3.95202]
],
"absorber_prisms": [
]
}