{
"time_step": 1e-05,
"number_of_molecules": 500000,
"diff_coef": 250,
"sim_time": 1.92667,
"absorbers": [
[-4.52577,-0.389912,-20.5028,4],
[-6.5814,2.84889,19.7375,7],
[-13.6228,-5.50129,-3.02557,7]
],
"reflectors": [
],
"reflector_prisms": [
],
"absorber_prisms": [
]
}