{"time_step": 1e-05, "number_of_molecules": 500000, "diff_coef": 250, "sim_time": 0.326667, "absorbers": [[1.1609, 7.15506, -5.33455, 4], [1.00082, -9.89016, 9.85815, 7]], "reflectors": [[-5.61186, 0.503056, 8.2616, 4], [-12.1884, 8.64677, -1.2945, 6]], "reflector_prisms": [], "absorber_prisms": [], "line_of_sight": [[293, 293, 0, 0, 0, 502], [207, 207, 0, 0, 0, 500]]}