{"time_step": 1e-05, "number_of_molecules": 500000, "diff_coef": 250, "sim_time": 2.16, "absorbers": [[-3.27447, 5.56234, 22.0757, 5], [0.0728456, -0.0164469, 8.99969, 4]], "reflectors": [[-3.80306, -8.2135, -9.33141, 6], [-0.423967, -0.490184, -21.9905, 6]], "reflector_prisms": [], "absorber_prisms": [], "line_of_sight": [[413, 406, 263, 0, 0, 499], [192, 79, 132, 0, 0, 499]]}