{
"time_step": 1e-05,
"number_of_molecules": 500000,
"diff_coef": 350,
"sim_time": 1.54286,
"absorbers": [
[19.64,-11.5997,-2.95235,5]
],
"reflectors": [
[6.71809,-13.6329,5.00104,6],
[-0.0262264,0.689665,-10.9783,3],
[5.21127,-16.0837,-8.66929,3]
],
"reflector_prisms": [
[-8.35501,-11.0349,-2.68693,-2.35501,-8.03494,0.313067]
],
"absorber_prisms": [
]
}