{
"time_step": 1e-05,
"number_of_molecules": 500000,
"diff_coef": 100,
"sim_time": 4.81667,
"absorbers": [
[-14.6293,-16.2776,-2.24128,5]
],
"reflectors": [
[-21.1349,-4.29248,7.99311,4]
],
"reflector_prisms": [
],
"absorber_prisms": [
[0.836574,-1.50147,7.8171,2.83657,0.498527,11.8171]
]
}