{
"time_step": 1e-05,
"number_of_molecules": 500000,
"diff_coef": 300,
"sim_time": 0.138889,
"absorbers": [
[-5.30223,4.0415,-2.1337,2]
],
"reflectors": [
[6.41836,0.00500123,-11.3051,2],
[1.11431,-1.35752,-14.8968,4],
[-4.87776,-9.28855,-12.0802,6],
[1.46016,-3.847,6.86065,3],
[3.71748,2.84369,-7.68724,2]
],
"reflector_prisms": [
],
"absorber_prisms": [
]
}