{
"time_step": 1e-05,
"number_of_molecules": 500000,
"diff_coef": 300,
"sim_time": 1.60556,
"absorbers": [
[3.27174,7.24403,-4.22135,4],
[1.7474,3.46816,-17.5761,7],
[-11.5874,14.3736,-13.7161,6],
[0.454201,1.24195,20.9583,4],
[14.8845,-1.67888,-0.796197,6]
],
"reflectors": [
],
"reflector_prisms": [
],
"absorber_prisms": [
]
}