{"time_step": 1e-05, "number_of_molecules": 500000, "diff_coef": 350, "sim_time": 0.685714, "absorbers": [[-1.18147, -5.32192, 12.895, 2]], "reflectors": [[-12.8656, -5.12202, 2.05926, 4], [1.03749, 3.31457, 10.4373, 3], [13.7976, -5.86384, -0.491513, 5]], "reflector_prisms": [[-6.21709, 3.03467, 1.93667, -4.21709, 7.03467, 6.93667]], "absorber_prisms": [], "line_of_sight": [[0, 0, 0, 0, 0, 498]]}