{
"time_step": 1e-05,
"number_of_molecules": 500000,
"diff_coef": 300,
"sim_time": 1.25,
"absorbers": [
[16.9855,0.626128,0.318116,2]
],
"reflectors": [
[7.9574,-5.93787,4.73514,4],
[-3.56519,-4.34678,-10.6016,2]
],
"reflector_prisms": [
],
"absorber_prisms": [
[-4.84705,6.64532,3.17197,-2.84705,8.64532,7.17197]
]
}