{
"time_step": 1e-05,
"number_of_molecules": 500000,
"diff_coef": 350,
"sim_time": 1.07143,
"absorbers": [
[-2.20878,0.560257,-14.8259,6],
[-12.9433,4.60724,-6.0203,7],
[-6.51074,-9.65676,-10.9707,4],
[-2.39808,-2.16462,13.6222,7],
[9.78464,-7.54812,-6.57927,7],
[0.156047,18.9386,1.51847,4]
],
"reflectors": [
[-4.4005,-13.7163,-4.18322,4],
[-21.9337,-1.64654,-0.450574,4],
[4.1107,-14.7009,7.48233,6],
[13.0758,11.1072,-12.11,6],
[-9.76264,-12.7608,8.11502,7],
[4.64785,6.85884,7.23559,5]
],
"reflector_prisms": [
],
"absorber_prisms": [
]
}