{
"time_step": 1e-05,
"number_of_molecules": 500000,
"diff_coef": 100,
"sim_time": 2.81667,
"absorbers": [
[-0.590472,-11.7349,-14.9313,6]
],
"reflectors": [
],
"reflector_prisms": [
[-10.9761,-8.13818,-0.314454,-7.97608,-4.13818,4.68555],
[-0.977498,-21.1174,5.5214,5.0225,-16.1174,8.5214]
],
"absorber_prisms": [
[-9.29831,-0.100142,-5.49026,-3.29831,5.89986,-2.49026],
[9.95051,-2.24682,16.6954,12.9505,2.75318,19.6954]
]
}