{"time_step": 1e-05, "number_of_molecules": 500000, "diff_coef": 250, "sim_time": 0.806667, "absorbers": [[-5.77139, 11.5967, 1.09849, 2], [-3.68795, -14.2204, -3.0297, 5], [-0.150648, 0.0791201, 9.99855, 4]], "reflectors": [], "reflector_prisms": [[-12.8022, 10.1507, -10.6162, -9.80216, 15.1507, -8.61624]], "absorber_prisms": [[9.51419, -10.9444, 4.07257, 15.5142, -7.94439, 9.07257]], "line_of_sight": [[0, 0, 0, 0, 0, 502], [0, 0, 0, 0, 0, 499], [0, 0, 0, 0, 0, 500]]}