{
"time_step": 1e-05,
"number_of_molecules": 500000,
"diff_coef": 400,
"sim_time": 1.35,
"absorbers": [
[-6.30998,12.3116,14.4433,2],
[-6.03187,14.793,-8.29367,3],
[17.3026,11.2734,-3.81193,3]
],
"reflectors": [
],
"reflector_prisms": [
],
"absorber_prisms": [
[3.03759,-7.17293,7.1502,8.03759,-3.17293,10.1502],
[9.82914,1.81795,13.3028,14.8291,7.81795,19.3028]
]
}