{"time_step": 1e-05, "number_of_molecules": 500000, "diff_coef": 50, "sim_time": 12.0333, "absorbers": [[0.808023, -0.235513, -6.94922, 2], [0.486193, 0.211257, 18.9926, 2], [-5.59699, 0.226175, -14.9874, 5], [-10.2908, -14.0228, 11.7669, 2], [10.6575, -1.11232, -5.40185, 5], [-18.02, 2.11027, -8.41593, 2], [6.65752, -4.34593, -18.3518, 2], [-9.02067, -6.19688, -1.10731, 2]], "reflectors": [[-7.02171, 8.17154, -13.15, 2], [-1.22586, 0.00776525, 9.92458, 2], [2.73103, 8.48407, -1.24978, 3], [2.60219, 11.7658, 15.9623, 4]], "reflector_prisms": [], "absorber_prisms": [], "line_of_sight": [[223, 167, 82, 0, 0, 501], [500, 695, 334, 0, 0, 500], [88, 129, 31, 0, 0, 501], [0, 0, 0, 0, 0, 499], [0, 0, 0, 0, 0, 501], [0, 0, 0, 0, 0, 500], [213, 213, 0, 0, 0, 498], [0, 0, 0, 0, 0, 498]]}