{
"time_step": 1e-05,
"number_of_molecules": 500000,
"diff_coef": 250,
"sim_time": 1.92667,
"absorbers": [
[-1.50975,0.774,12.8888,7],
[2.10774,-6.80352,-12.0528,5],
[-8.84738,13.1532,-16.6648,7],
[8.70665,-2.00648,-19.0044,4]
],
"reflectors": [
[-9.50298,16.5307,8.79946,5],
[1.15764,-11.0754,8.48496,5],
[-21.9913,-2.55928,6.23158,5]
],
"reflector_prisms": [
],
"absorber_prisms": [
]
}