{
"time_step": 1e-05,
"number_of_molecules": 500000,
"diff_coef": 350,
"sim_time": 1.54286,
"absorbers": [
[-10.8499,9.81881,-3.29705,7],
[7.9414,1.30149,5.93635,4],
[-4.43673,5.393,-16.5901,5],
[16.5478,-7.64459,12.3179,7],
[-2.80077,-5.52982,-9.08718,5],
[-2.19112,-18.0276,12.4179,4]
],
"reflectors": [
[-8.23721,1.37188,13.6479,5]
],
"reflector_prisms": [
],
"absorber_prisms": [
]
}