{
"time_step": 1e-05,
"number_of_molecules": 500000,
"diff_coef": 400,
"sim_time": 0.504167,
"absorbers": [
[1.1156,3.69892,13.4564,3]
],
"reflectors": [
[6.54872,5.80401,-9.61393,2]
],
"reflector_prisms": [
[6.40448,15.3362,6.85599,10.4045,19.3362,9.85599]
],
"absorber_prisms": [
[-3.08763,-7.31762,-13.0832,-0.087625,-1.31762,-9.08321],
[-1.3155,-1.43774,16.9793,2.6845,2.56226,20.9793]
]
}