{
"time_step": 1e-05,
"number_of_molecules": 500000,
"diff_coef": 150,
"sim_time": 3.6,
"absorbers": [
[1.87496,0.699497,-15.8744,6],
[8.82862,5.09275,-4.13756,4],
[-1.68893,0.259467,11.8777,2],
[-3.5975,11.1855,12.2858,4],
[-11.7929,-2.11443,0.676252,2],
[-10.5742,-3.32553,17.8361,3],
[-5.63484,-13.01,-16.8223,6]
],
"reflectors": [
[1.62338,6.88979,16.5498,2],
[-4.68697,-7.28485,2.44199,3],
[-4.67504,6.81549,3.56274,4]
],
"reflector_prisms": [
],
"absorber_prisms": [
]
}