{
"time_step": 1e-05,
"number_of_molecules": 500000,
"diff_coef": 250,
"sim_time": 1.30667,
"absorbers": [
[2.62545,13.2057,8.64385,2],
[-9.98158,-5.57471,-3.64563,5],
[11.1409,-1.05422,-8.4124,6]
],
"reflectors": [
],
"reflector_prisms": [
],
"absorber_prisms": [
[10.8845,10.9695,4.19177,14.8845,12.9695,10.1918]
]
}