{
"time_step": 1e-05,
"number_of_molecules": 500000,
"diff_coef": 50,
"sim_time": 12.0333,
"absorbers": [
[2.89475,-21.6196,2.86594,7],
[13.1384,-0.501585,-22.4306,7],
[12.343,0.646761,-8.499,5]
],
"reflectors": [
[-5.61233,14.9685,-12.0186,6]
],
"reflector_prisms": [
],
"absorber_prisms": [
]
}