{"time_step": 1e-05, "number_of_molecules": 500000, "diff_coef": 400, "sim_time": 1.35, "absorbers": [[0.946956, -2.24571, -12.7695, 5], [-3.603, 0.907611, 8.19723, 2], [2.10252, 0.137192, -20.894, 3]], "reflectors": [[15.0087, -9.72815, -8.94998, 3]], "reflector_prisms": [[-12.0136, -7.86314, 7.44921, -9.01358, -3.86314, 10.4492]], "absorber_prisms": [], "line_of_sight": [[118, 118, 0, 0, 0, 502], [261, 295, 0, 0, 0, 499], [499, 559, 0, 0, 0, 499]]}