{"time_step": 1e-05, "number_of_molecules": 500000, "diff_coef": 400, "sim_time": 1.20417, "absorbers": [[22.003, -3.68821, 5.5916, 6], [-0.015151, 0.00905067, 18, 5], [-0.739362, 5.61997, -21.2572, 6]], "reflectors": [[12.4997, 3.14013, 15.2937, 6], [6.496, -16.0039, 5.06714, 5], [-10.954, 8.57161, 1.59281, 2], [-8.34001, -21.7673, 5.71231, 6]], "reflector_prisms": [], "absorber_prisms": [], "line_of_sight": [[0, 0, 0, 0, 0, 500], [189, 189, 0, 0, 0, 500], [193, 193, 0, 0, 0, 501]]}