{"time_step": 1e-05, "number_of_molecules": 500000, "diff_coef": 300, "sim_time": 2.00556, "absorbers": [[9.47188, 12.6708, 13.8107, 4], [-21.613, -0.596018, -7.84379, 4], [0.167568, 0.951227, -22.9797, 4], [9.66645, 19.0167, -8.59794, 7], [0.173542, -0.590258, -11.9842, 6]], "reflectors": [[-4.35596, 1.18147, 12.1914, 7], [17.4381, -0.110717, 4.46085, 5], [-11.4885, 14.5309, 7.541, 4], [-10.0472, -3.00345, -3.3215, 4], [-19.7128, -4.53606, 5.64189, 7]], "reflector_prisms": [], "absorber_prisms": [], "line_of_sight": [[0, 0, 0, 0, 0, 499], [501, 0, 885, 0, 0, 501], [500, 500, 500, 0, 0, 500], [0, 0, 0, 0, 0, 497], [255, 9, 255, 0, 0, 502]]}