{
"time_step": 1e-05,
"number_of_molecules": 500000,
"diff_coef": 400,
"sim_time": 0.3375,
"absorbers": [
[-3.14348,-1.08375,-10.4854,2]
],
"reflectors": [
[11.2181,4.18621,-5.06268,6]
],
"reflector_prisms": [
[-6.8819,5.26396,10.4642,-3.8819,8.26396,16.4642]
],
"absorber_prisms": [
[2.07006,-1.44179,-15.3952,6.07006,1.55821,-11.3952],
[-11.7317,-15.0234,-13.2781,-8.7317,-9.02339,-11.2781],
[-4.63951,-9.76882,-3.48358,-2.63951,-4.76882,-1.48358]
]
}