{"time_step": 1e-05, "number_of_molecules": 500000, "diff_coef": 200, "sim_time": 2.13333, "absorbers": [[12.8501, 9.58398, -13.5655, 5]], "reflectors": [[-1.75426, -4.96919, -16.1626, 5], [-10.7902, -5.23946, -0.344946, 5]], "reflector_prisms": [[-10.8138, 4.38352, -14.6547, -7.81383, 10.3835, -9.65468]], "absorber_prisms": [[3.4451, -9.7125, -13.5249, 8.4451, -3.7125, -10.5249], [11.0209, -19.5051, -5.86437, 13.0209, -15.5051, -0.864371]], "line_of_sight": [[0, 0, 0, 0, 0, 500]]}