{"time_step": 1e-05, "number_of_molecules": 500000, "diff_coef": 200, "sim_time": 1.2, "absorbers": [[15.4598, -4.04618, -0.790119, 4]], "reflectors": [[-7.76661, -12.8326, -0.0625408, 4], [13.4741, -0.121506, 19.8604, 5]], "reflector_prisms": [[4.38978, -6.32488, -4.34009, 9.38978, -0.324885, -0.340086]], "absorber_prisms": [[0.709993, 6.59918, 11.7906, 6.70999, 9.59918, 14.7906], [-10.7556, 1.12469, -22.6702, -4.7556, 7.12469, -17.6702]], "line_of_sight": [[234, 0, 0, 0, 234, 503]]}