{"time_step": 1e-05, "number_of_molecules": 500000, "diff_coef": 400, "sim_time": 1.50417, "absorbers": [[0.000666701, -2.55015, -12.7474, 6], [4.81662, 11.2195, 6.85, 7], [-18.4379, 0.903549, 11.9677, 6], [2.43801, 5.86193, 18.9656, 4], [13.2569, 15.0194, -13.2164, 5], [-6.06614, -13.8646, -17.3198, 7]], "reflectors": [[1.5058, -6.27888, 8.90552, 6], [-13.6446, 3.04677, -0.7354, 4], [-8.74466, -9.69504, -5.05342, 5], [12.3275, -3.08697, 14.1246, 6], [12.6733, 1.91314, 2.1745, 4], [-14.7938, 3.78325, -9.53045, 4]], "reflector_prisms": [], "absorber_prisms": [], "line_of_sight": [[225, 182, 119, 0, 0, 501], [254, 183, 143, 0, 0, 500], [0, 0, 0, 0, 0, 502], [501, 627, 0, 0, 0, 501], [43, 0, 43, 0, 0, 498], [487, 581, 93, 0, 0, 502]]}