{"time_step": 1e-05, "number_of_molecules": 500000, "diff_coef": 150, "sim_time": 3.6, "absorbers": [[8.26263, -7.21972, -4.85847, 7], [-0.627746, 8.8531, 17.9228, 5], [-11.8502, -16.3819, -5.67497, 5], [13.662, 19.0613, 5.10072, 6], [-6.73933, 1.70087, -9.78205, 7], [-0.804204, 14.5644, 6.57498, 6]], "reflectors": [[-1.74978, -2.94137, 14.6043, 4], [-5.10593, 14.3478, -4.90612, 6], [8.92004, 7.21135, -3.52552, 7]], "reflector_prisms": [], "absorber_prisms": [], "line_of_sight": [[149, 97, 52, 0, 0, 500], [37, 37, 0, 0, 0, 501], [357, 348, 223, 0, 0, 499], [458, 289, 260, 0, 0, 500], [71, 4, 67, 0, 0, 500], [164, 164, 0, 0, 0, 501]]}