{
"time_step": 1e-05,
"number_of_molecules": 500000,
"diff_coef": 400,
"sim_time": 0.9375,
"absorbers": [
[-1.62363,-1.67234,-6.60054,2],
[-1.35438,10.0953,-8.07783,2],
[-9.77001,-3.01183,4.05903,2],
[-0.407357,-0.950043,17.9703,4],
[0.361084,-11.0362,12.9256,5],
[9.61937,-13.9068,-1.75182,2],
[-4.28459,11.1987,0.48015,5],
[8.78946,0.0752191,9.57808,6]
],
"reflectors": [
[-13.6871,-11.5745,-14.4116,6],
[6.21255,10.3669,-21.8845,6]
],
"reflector_prisms": [
],
"absorber_prisms": [
]
}