{
"time_step": 1e-05,
"number_of_molecules": 500000,
"diff_coef": 100,
"sim_time": 4.81667,
"absorbers": [
[1.39513,-12.0693,18.3408,5],
[-6.68427,5.6035,-15.7455,4],
[3.82983,7.56952,9.85062,6],
[2.53366,-2.28798,-15.6316,5]
],
"reflectors": [
[-4.81214,5.83541,-6.54151,5],
[4.25915,-19.0936,-7.63516,6],
[9.55176,4.09705,-15.9053,4],
[13.9221,0.0808993,1.47222,7]
],
"reflector_prisms": [
],
"absorber_prisms": [
]
}