{"time_step": 1e-05, "number_of_molecules": 500000, "diff_coef": 400, "sim_time": 0.704167, "absorbers": [[7.8235, 2.83894, -12.4793, 5], [-0.586001, -1.38072, 14.9248, 2]], "reflectors": [], "reflector_prisms": [[-7.30861, -1.36206, 9.2311, -5.30861, 3.63794, 12.2311]], "absorber_prisms": [[2.30659, -8.191, -11.9198, 5.30659, -2.191, -5.91983], [-2.96451, 1.44821, 6.37518, 2.03549, 5.44821, 12.3752], [-3.37925, -6.24368, 8.15214, 1.62075, -2.24368, 13.1521]], "line_of_sight": [[0, 0, 0, 0, 0, 500], [119, 0, 0, 119, 0, 503]]}