{"time_step": 1e-05, "number_of_molecules": 500000, "diff_coef": 250, "sim_time": 0.666667, "absorbers": [[-14.7678, 0.667014, -2.54311, 5]], "reflectors": [], "reflector_prisms": [[5.19751, -5.46168, -4.04782, 9.19751, -3.46168, -2.04782], [-4.43239, 0.648621, -7.96148, -2.43239, 2.64862, -4.96148]], "absorber_prisms": [[-8.87309, -9.05597, 13.698, -4.87309, -4.05597, 15.698], [-1.05395, 11.8987, -3.55677, 1.94605, 13.8987, 0.443227], [-17.6416, -5.94318, 7.07006, -12.6416, -0.943179, 9.07006]], "line_of_sight": [[0, 0, 0, 0, 0, 502]]}