{
"time_step": 1e-05,
"number_of_molecules": 500000,
"diff_coef": 300,
"sim_time": 1.08889,
"absorbers": [
[7.22462,-4.17768,5.50926,2],
[6.48173,10.6921,15.6098,6]
],
"reflectors": [
],
"reflector_prisms": [
[-0.0842861,-5.16538,20.2871,2.91571,-0.165376,22.2871],
[16.6264,3.44908,-5.36324,21.6264,8.44908,-3.36324],
[-8.08791,0.170736,-11.7767,-5.08791,3.17074,-6.77675]
],
"absorber_prisms": [
]
}