{
"time_step": 1e-05,
"number_of_molecules": 500000,
"diff_coef": 200,
"sim_time": 1.2,
"absorbers": [
[-1.88154,-7.11715,-13.0693,3]
],
"reflectors": [
],
"reflector_prisms": [
[-2.94722,-0.587013,-8.10606,0.0527817,4.41299,-6.10606]
],
"absorber_prisms": [
[8.36365,-11.3522,1.4866,11.3636,-8.35218,6.4866],
[11.3001,3.99697,-18.5062,14.3001,8.99697,-13.5062]
]
}