{
"time_step": 1e-05,
"number_of_molecules": 500000,
"diff_coef": 200,
"sim_time": 1.875,
"absorbers": [
[1.76183,-0.246302,-9.84049,3],
[1.80583,0.338314,17.906,3]
],
"reflectors": [
],
"reflector_prisms": [
[-14.1495,0.769449,2.02981,-10.1495,3.76945,6.02981]
],
"absorber_prisms": [
[-1.1285,-3.71633,8.71353,3.8715,-0.716326,14.7135],
[-4.73087,6.9145,-16.9454,1.26913,8.9145,-12.9454],
[1.53685,6.08721,-2.68857,7.53685,9.08721,-0.688575]
]
}