{"time_step": 1e-05, "number_of_molecules": 500000, "diff_coef": 350, "sim_time": 1.54286, "absorbers": [[-0.566276, -8.96682, 10.7366, 6], [3.61966, -10.7509, -18.8498, 5], [-4.70315, -2.88414, -18.1814, 4], [9.52155, -12.1002, -9.3234, 4], [-0.140817, 1.19696, 21.967, 4], [-0.092918, -0.143593, -11.9988, 3], [-14.4798, 9.37656, 5.13955, 4]], "reflectors": [[12.9766, 9.27139, -1.28408, 6], [6.48831, 5.56528, 13.5251, 4], [-11.7744, 14.6019, -3.02447, 5], [10.4996, -15.1938, 15.3266, 6], [-5.37979, -5.2928, -10.5851, 2], [-2.83495, 12.2799, -3.18861, 4]], "reflector_prisms": [], "absorber_prisms": [], "line_of_sight": [[127, 0, 127, 0, 0, 502], [0, 0, 0, 0, 0, 502], [343, 269, 206, 0, 0, 498], [57, 57, 0, 0, 0, 501], [500, 629, 0, 0, 0, 500], [210, 234, 0, 0, 0, 501], [55, 55, 0, 0, 0, 501]]}