{"time_step": 1e-05, "number_of_molecules": 500000, "diff_coef": 350, "sim_time": 0.933333, "absorbers": [[7.72788, -17.3227, 1.09784, 5], [12.8832, -4.48723, 3.14451, 6]], "reflectors": [[4.85114, -9.03798, 14.7913, 5], [4.43532, 2.49924, -20.3736, 6]], "reflector_prisms": [], "absorber_prisms": [], "line_of_sight": [[0, 0, 0, 0, 0, 502], [0, 0, 0, 0, 0, 501]]}