{"time_step": 1e-05, "number_of_molecules": 500000, "diff_coef": 200, "sim_time": 0.533333, "absorbers": [[-12.9804, 1.70698, 4.95944, 6]], "reflectors": [[18.824, -2.06341, -9.07747, 6], [-0.268376, 0.0339567, -17.998, 6]], "reflector_prisms": [[9.47629, -6.27136, 5.52008, 13.4763, -1.27136, 10.5201], [-1.27008, -10.9981, 8.48854, 3.72992, -6.99813, 11.4885]], "absorber_prisms": [[11.2753, -3.05189, -0.11, 15.2753, 1.94811, 4.89]], "line_of_sight": [[50, 0, 50, 0, 0, 503]]}