{"time_step": 1e-05, "number_of_molecules": 500000, "diff_coef": 50, "sim_time": 10.8, "absorbers": [[-11.3665, -7.25483, -8.61215, 5], [-2.41609, -6.26616, 9.94474, 5], [-0.573998, -9.46849, -3.16516, 5], [18.6178, 6.27453, -7.41684, 7], [8.78712, -1.33458, -21.2133, 5], [-1.71868, -9.23969, 22.0833, 7], [-18.8867, -6.57853, -0.125702, 4]], "reflectors": [], "reflector_prisms": [], "absorber_prisms": [], "line_of_sight": [[0, 0, 0, 0, 0, 499], [155, 155, 0, 0, 0, 499], [0, 0, 0, 0, 0, 503], [86, 86, 0, 0, 0, 503], [33, 33, 0, 0, 0, 499], [369, 369, 0, 0, 0, 497], [180, 180, 0, 0, 0, 496]]}