{
"time_step": 1e-05,
"number_of_molecules": 500000,
"diff_coef": 200,
"sim_time": 0.675,
"absorbers": [
[-6.75043,6.80234,-8.78407,4]
],
"reflectors": [
],
"reflector_prisms": [
],
"absorber_prisms": [
[6.04381,-8.0602,-14.004,11.0438,-3.0602,-8.00397],
[-17.6956,-4.67144,-1.55417,-15.6956,-1.67144,2.44583],
[-7.48945,-13.3644,-13.3587,-5.48945,-9.36441,-11.3587],
[-1.6028,-4.99288,-9.74712,1.3972,1.00712,-5.74712],
[-15.0469,10.9468,-9.76908,-9.04686,16.9468,-5.76908]
]
}