{"time_step": 1e-05, "number_of_molecules": 500000, "diff_coef": 250, "sim_time": 0.24, "absorbers": [[4.45479, 7.77151, -0.870864, 4], [1.76917, -4.777, -10.8651, 6]], "reflectors": [], "reflector_prisms": [[9.26, -5.22292, -2.34539, 14.26, -3.22292, 1.65461], [-12.6523, -0.341412, 2.27039, -8.65233, 3.65859, 8.27039], [-6.90898, -2.6266, 0.962674, -4.90898, 0.373396, 3.96267]], "absorber_prisms": [], "line_of_sight": [[0, 0, 0, 0, 0, 501], [0, 0, 0, 0, 0, 498]]}