{
"time_step": 1e-05,
"number_of_molecules": 500000,
"diff_coef": 100,
"sim_time": 3.75,
"absorbers": [
[7.36406,-3.25206,10.2076,7],
[-18.9961,0.367057,-0.114916,4]
],
"reflectors": [
[2.84717,-1.73697,-9.42744,5],
[-8.09405,-3.01399,22.392,7]
],
"reflector_prisms": [
],
"absorber_prisms": [
]
}