{
"time_step": 1e-05,
"number_of_molecules": 500000,
"diff_coef": 350,
"sim_time": 0.933333,
"absorbers": [
[0.425678,0.200536,-16.9935,3]
],
"reflectors": [
],
"reflector_prisms": [
[-12.1395,8.74897,11.2729,-8.13953,10.749,14.2729],
[-8.88933,-4.58942,-13.2997,-5.88933,0.410577,-11.2997],
[-5.28245,9.67594,11.1475,-0.282451,14.6759,16.1475],
[0.0812393,-4.98205,-12.9761,5.08124,0.0179454,-10.9761]
],
"absorber_prisms": [
[17.8692,4.50516,-4.68654,21.8692,7.50516,-1.68654]
]
}