{
"time_step": 1e-05,
"number_of_molecules": 500000,
"diff_coef": 100,
"sim_time": 0.816667,
"absorbers": [
[-3.05579,4.18627,-10.823,5]
],
"reflectors": [
[-4.97721,-9.72168,-4.97155,4],
[-6.89555,2.43018,15.3475,2],
[-4.22521,-17.4909,0.465078,4]
],
"reflector_prisms": [
],
"absorber_prisms": [
[6.46291,12.8251,-1.11569,11.4629,14.8251,2.88431]
]
}