{"time_step": 1e-05, "number_of_molecules": 500000, "diff_coef": 400, "sim_time": 1.50417, "absorbers": [[16.2515, -3.19497, 3.8314, 3], [14.2325, 20.4588, 1.96752, 6], [-0.880403, 3.58211, 20.6735, 3], [-3.78488, 0.947186, -15.517, 2]], "reflectors": [], "reflector_prisms": [], "absorber_prisms": [[-4.76001, 18.8713, -2.38858, 0.239987, 21.8713, 1.61142]], "line_of_sight": [[0, 0, 0, 0, 0, 502], [0, 0, 0, 0, 0, 503], [0, 0, 0, 0, 0, 504], [0, 0, 0, 0, 0, 497]]}