{"time_step": 1e-05, "number_of_molecules": 500000, "diff_coef": 150, "sim_time": 2.84444, "absorbers": [[-17.1224, -3.03284, -4.65031, 2]], "reflectors": [], "reflector_prisms": [], "absorber_prisms": [[7.35602, 0.24005, 11.1396, 11.356, 2.24005, 17.1396], [11.0905, -6.4411, -0.240069, 13.0905, -2.4411, 3.75993], [-2.15612, 2.49749, 9.33857, 2.84388, 5.49749, 14.3386], [-8.59424, 1.60571, -19.5936, -6.59424, 6.60571, -17.5936], [-4.16273, -0.433387, -11.9237, 1.83727, 1.56661, -9.92369]], "line_of_sight": [[0, 0, 0, 0, 0, 499]]}