{"time_step": 1e-05, "number_of_molecules": 500000, "diff_coef": 100, "sim_time": 4.81667, "absorbers": [[6.71792, -4.18819, -6.10972, 2], [-1.52503, -0.532692, 18.9312, 5], [15.1004, 7.00259, -3.45585, 5], [9.74114, -4.97162, -19.0891, 5], [-3.37555, -1.59673, -7.07503, 3], [1.64913, 5.39729, -10.5901, 3], [5.75666, 2.8972, 10.1226, 2]], "reflectors": [[-3.87999, -5.84516, 9.73549, 4], [-8.4175, -6.25705, 3.31588, 2], [14.7339, 0.496847, 2.76842, 4]], "reflector_prisms": [], "absorber_prisms": [], "line_of_sight": [[39, 39, 0, 0, 0, 497], [182, 167, 47, 0, 0, 497], [129, 0, 129, 0, 0, 506], [68, 68, 0, 0, 0, 499], [72, 72, 0, 0, 0, 498], [362, 67, 312, 0, 0, 500], [498, 498, 0, 0, 0, 498]]}