{"time_step": 1e-05, "number_of_molecules": 500000, "diff_coef": 150, "sim_time": 0.9, "absorbers": [[-12.0079, -6.98878, 1.72234, 5]], "reflectors": [], "reflector_prisms": [[-6.47698, -1.04922, -15.3683, -1.47698, 3.95078, -12.3683], [-2.21597, -18.7403, -4.96139, 0.784031, -16.7403, -0.961389], [12.5807, -4.37167, 5.03759, 18.5807, 0.628328, 8.03759], [-1.96531, 10.428, -18.6639, 3.03469, 13.428, -14.6639]], "absorber_prisms": [], "line_of_sight": [[0, 0, 0, 0, 0, 497]]}