{"time_step": 1e-05, "number_of_molecules": 500000, "diff_coef": 400, "sim_time": 0.9375, "absorbers": [[0.614154, 1.09503, 11.9341, 4], [-8.66191, -10.4333, 14.7009, 5]], "reflectors": [[-6.01433, 11.503, -17.7626, 4]], "reflector_prisms": [[6.65044, -0.741385, -8.53342, 9.65044, 5.25862, -5.53342]], "absorber_prisms": [], "line_of_sight": [[0, 0, 0, 0, 0, 501], [0, 0, 0, 0, 0, 500]]}