{
"time_step": 1e-05,
"number_of_molecules": 500000,
"diff_coef": 200,
"sim_time": 2.7,
"absorbers": [
[5.15289,-0.66031,11.9169,5],
[-1.83606,-16.6565,-6.57186,6],
[14.2696,-2.13251,-15.2588,4],
[-2.18994,-2.02134,21.7972,6],
[0.596989,-0.186018,-22.9915,5]
],
"reflectors": [
],
"reflector_prisms": [
],
"absorber_prisms": [
]
}