{"time_step": 1e-05, "number_of_molecules": 500000, "diff_coef": 150, "sim_time": 3.21111, "absorbers": [[4.7826, 3.20212, -22.2682, 6], [-5.72807, -0.876779, -11.637, 7], [8.04765, -5.68551, 1.70597, 5], [13.5136, 2.92726, 2.19389, 4], [-14.9512, -12.1599, 5.3477, 7], [-1.5756, 17.0879, -5.43344, 7]], "reflectors": [[-0.440671, -0.678175, 20.9844, 6], [-6.13006, 13.3549, 8.54799, 5], [-17.8125, -2.66093, -6.0525, 5], [12.8033, 1.97128, 12.4976, 4]], "reflector_prisms": [], "absorber_prisms": [], "line_of_sight": [[235, 122, 235, 0, 0, 500], [147, 56, 154, 0, 0, 500], [65, 47, 18, 0, 0, 501], [236, 19, 217, 0, 0, 498], [14, 14, 0, 0, 0, 501], [56, 56, 0, 0, 0, 496]]}