{
"time_step": 1e-05,
"number_of_molecules": 500000,
"diff_coef": 400,
"sim_time": 1.50417,
"absorbers": [
[-1.27587,-6.78253,-9.8168,2],
[1.45146,0.709518,-11.8907,6],
[1.7611,-14.6388,-14.9534,2],
[-18.8153,-2.76625,11.0604,4],
[-10.3828,-18.9322,7.92276,5],
[-2.93409,-14.695,0.669029,5],
[12.6546,5.32482,17.1903,4]
],
"reflectors": [
[-6.10083,-3.27212,-13.3069,2],
[0.0303346,0.0585065,12.9998,5],
[2.99382,-5.08814,22.2294,4],
[10.2955,-9.20289,-11.546,3],
[9.24429,-20.2226,9.03274,5],
[-6.73016,-5.96591,17.8637,5]
],
"reflector_prisms": [
],
"absorber_prisms": [
]
}