{
"time_step": 1e-05,
"number_of_molecules": 500000,
"diff_coef": 400,
"sim_time": 1.06667,
"absorbers": [
[-10.652,-4.32654,-13.8497,2],
[-4.76405,-6.27577,-4.34954,4]
],
"reflectors": [
[11.7742,9.25426,-0.853296,2]
],
"reflector_prisms": [
[1.34348,-2.0017,12.3486,7.34348,0.998296,16.3486]
],
"absorber_prisms": [
[-13.2178,-8.00601,-17.8266,-11.2178,-4.00601,-12.8266]
]
}