{"time_step": 1e-05, "number_of_molecules": 500000, "diff_coef": 100, "sim_time": 4.26667, "absorbers": [[0.744021, 0.199669, -16.9825, 4], [-1.70979, -17.884, -1.11281, 2]], "reflectors": [[4.31114, 7.85365, 9.41988, 5]], "reflector_prisms": [[-3.71365, -2.58921, -15.7112, -0.713655, -0.589208, -9.71118]], "absorber_prisms": [], "line_of_sight": [[62, 0, 0, 0, 62, 502], [0, 0, 0, 0, 0, 499]]}