{
"time_step": 1e-05,
"number_of_molecules": 500000,
"diff_coef": 200,
"sim_time": 2.7,
"absorbers": [
[-20.5846,-2.55188,7.33239,6],
[-9.19008,-4.12057,4.42306,5],
[-5.1763,20.4782,-6.15223,4]
],
"reflectors": [
],
"reflector_prisms": [
],
"absorber_prisms": [
]
}