{"time_step": 1e-05, "number_of_molecules": 500000, "diff_coef": 50, "sim_time": 9.63333, "absorbers": [[15.9717, 0.2176, 0.926445, 2], [4.84866, -1.78663, 22.412, 6]], "reflectors": [[14.2888, -16.6792, 6.82898, 6], [0.559463, 9.52605, 14.0692, 5]], "reflector_prisms": [[-4.62133, 10.0569, 5.93362, 0.37867, 15.0569, 7.93362]], "absorber_prisms": [], "line_of_sight": [[0, 0, 0, 0, 0, 500], [0, 0, 0, 0, 0, 499]]}