{"time_step": 1e-05, "number_of_molecules": 500000, "diff_coef": 300, "sim_time": 0.355556, "absorbers": [[-7.55015, -5.07084, -7.82827, 4]], "reflectors": [[-0.137075, 0.0906613, -9.99865, 5]], "reflector_prisms": [], "absorber_prisms": [[-14.0202, -9.34861, 0.299156, -9.02022, -7.34861, 5.29916]], "line_of_sight": [[11, 0, 11, 0, 0, 501]]}