{"time_step": 1e-05, "number_of_molecules": 500000, "diff_coef": 50, "sim_time": 4.03333, "absorbers": [[-7.86673, 1.05896, -12.7277, 4]], "reflectors": [], "reflector_prisms": [[-13.0548, -8.9249, -16.7113, -10.0548, -2.9249, -13.7113], [1.43879, 1.49616, 5.51689, 6.43879, 7.49616, 10.5169]], "absorber_prisms": [[-12.0527, 6.72476, 6.50315, -8.05267, 9.72476, 8.50315], [-11.9337, -13.0629, -4.54726, -9.93374, -7.0629, 0.452739]], "line_of_sight": [[0, 0, 0, 0, 0, 499]]}