{
"time_step": 1e-05,
"number_of_molecules": 500000,
"diff_coef": 350,
"sim_time": 1.71905,
"absorbers": [
[-0.0237386,-0.0516184,-12.9999,6],
[-4.42827,5.39716,3.90654,2],
[-11.2201,9.09316,12.346,4],
[-2.07095,0.318668,-21.9,3],
[-6.83062,-14.6122,11.8248,2],
[5.48067,-13.9022,-13.2925,2],
[-10.3912,3.34615,-1.35176,2]
],
"reflectors": [
[-0.129181,5.70001,17.0732,3],
[7.1328,4.46401,8.55545,3],
[-10.0513,12.3518,1.55043,4],
[14.0401,-7.41902,-1.95802,4],
[15.891,0.838783,10.3814,6],
[-2.61562,-8.05594,-7.01858,3],
[9.19806,18.6438,11.9918,5]
],
"reflector_prisms": [
],
"absorber_prisms": [
]
}