{"time_step": 1e-05, "number_of_molecules": 500000, "diff_coef": 50, "sim_time": 10.8, "absorbers": [[-12.4672, -5.06009, -3.86837, 7], [-7.36726, 20.378, 7.71094, 5], [5.03507, -7.06008, 20.2189, 7], [4.24721, 0.76514, -10.1181, 6], [8.12673, 13.5722, 2.39841, 7], [-4.04824, -12.5581, 9.05013, 5], [-7.40333, 7.52011, 3.10463, 5]], "reflectors": [[0.204584, 0.259095, 9.99455, 4]], "reflector_prisms": [], "absorber_prisms": [], "line_of_sight": [[125, 125, 0, 0, 0, 505], [281, 281, 0, 0, 0, 498], [231, 156, 194, 0, 0, 498], [193, 107, 140, 0, 0, 500], [150, 150, 0, 0, 0, 497], [58, 58, 0, 0, 0, 500], [81, 81, 0, 0, 0, 500]]}