{"time_step": 1e-05, "number_of_molecules": 500000, "diff_coef": 200, "sim_time": 2.40833, "absorbers": [[3.18329, -1.67612, -10.3951, 4], [-1.63855, -10.2943, -5.94489, 5], [4.79884, 13.1854, -14.2519, 5], [6.00345, 16.937, -1.04736, 5], [-1.74097, 7.60643, 1.76386, 3], [-12.6606, -5.84116, -1.26146, 6], [19.6198, -7.88501, -6.07364, 5]], "reflectors": [[-14.0909, -3.42732, 16.5439, 6], [5.50328, -1.59396, 18.1155, 5]], "reflector_prisms": [], "absorber_prisms": [], "line_of_sight": [[76, 0, 76, 0, 0, 503], [203, 209, 0, 0, 0, 502], [0, 0, 0, 0, 0, 502], [116, 130, 0, 0, 0, 499], [192, 200, 0, 0, 0, 496], [0, 0, 0, 0, 0, 497], [0, 0, 0, 0, 0, 498]]}