{"time_step": 1e-05, "number_of_molecules": 500000, "diff_coef": 50, "sim_time": 12.0333, "absorbers": [[-3.75308, -2.74403, 20.4789, 3], [9.66671, -10.1254, -0.178657, 3], [18.6078, -4.32411, 14.5276, 5], [-19.0892, 10.0514, -10.5154, 6]], "reflectors": [[6.94179, 6.39955, 23.1486, 6], [-8.39273, 9.29116, 14.2911, 5], [15.3562, -1.38257, -7.16068, 5], [-9.46672, 3.21245, -0.24767, 3], [19.0192, 8.30271, -7.30313, 4]], "reflector_prisms": [], "absorber_prisms": [], "line_of_sight": [[0, 0, 0, 0, 0, 500], [46, 0, 46, 0, 0, 501], [157, 157, 0, 0, 0, 499], [213, 122, 91, 0, 0, 504]]}