{
"time_step": 1e-05,
"number_of_molecules": 500000,
"diff_coef": 350,
"sim_time": 0.685714,
"absorbers": [
[-0.935532,-4.87214,14.1558,3]
],
"reflectors": [
],
"reflector_prisms": [
[-13.7081,14.3021,-4.21873,-8.70807,17.3021,-0.218734],
[-3.52156,-1.12253,11.9327,1.47844,2.87747,14.9327]
],
"absorber_prisms": [
[16.0609,8.00347,-0.882882,20.0609,13.0035,5.11712],
[-6.76701,3.12692,7.98542,-3.76701,7.12692,10.9854]
]
}