{"time_step": 1e-05, "number_of_molecules": 500000, "diff_coef": 50, "sim_time": 2.13333, "absorbers": [[-0.0136887, -9.41162, -8.96779, 5]], "reflectors": [[9.63082, 1.2646, -11.4301, 2], [-3.57374, 9.32613, -9.81079, 5]], "reflector_prisms": [[-6.52351, 14.4947, -5.24104, -1.52351, 18.4947, -3.24104], [12.3516, -6.22671, 13.4253, 15.3516, -3.22671, 19.4253], [-8.70344, -4.66623, -3.37122, -4.70344, -2.66623, -1.37122]], "absorber_prisms": [], "line_of_sight": [[0, 0, 0, 0, 0, 496]]}