{
"time_step": 1e-05,
"number_of_molecules": 500000,
"diff_coef": 400,
"sim_time": 0.504167,
"absorbers": [
[7.52561,5.59015,14.1815,6],
[-12.9302,-0.756875,-1.11168,4]
],
"reflectors": [
],
"reflector_prisms": [
[-5.04547,2.68681,-8.22344,-0.0454694,4.68681,-6.22344],
[-2.51115,4.52233,0.423005,-0.511153,7.52233,3.42301]
],
"absorber_prisms": [
[-2.72758,-1.87405,-8.44542,2.27242,0.125951,-6.44542],
[-1.97926,-2.94172,8.99983,2.02074,3.05828,12.9998]
]
}