{"time_step": 1e-05, "number_of_molecules": 500000, "diff_coef": 200, "sim_time": 0.408333, "absorbers": [[1.37813, 10.854, -1.13655, 4]], "reflectors": [[4.94414, 0.267285, -18.3435, 5], [14.7995, -4.10581, -17.1207, 4]], "reflector_prisms": [[-2.48251, 1.81112, -22.4127, 2.51749, 7.81112, -16.4127], [-6.41147, -0.787936, -10.7429, -0.411474, 4.21206, -7.74287], [-21.4204, -4.54057, 8.00518, -16.4204, 0.459433, 12.0052]], "absorber_prisms": [], "line_of_sight": [[0, 0, 0, 0, 0, 499]]}