{"time_step": 1e-05, "number_of_molecules": 500000, "diff_coef": 350, "sim_time": 1.54286, "absorbers": [[-3.23917, 3.89968, 20.3789, 3]], "reflectors": [], "reflector_prisms": [], "absorber_prisms": [[-12.4959, -2.21546, -3.03975, -7.49587, 2.78454, 2.96025], [-7.07435, 0.259654, 15.9166, -5.07435, 3.25965, 19.9166], [5.53819, -11.5202, -16.7908, 8.53819, -6.52019, -14.7908]], "line_of_sight": [[41, 0, 0, 41, 0, 501]]}