{"time_step": 1e-05, "number_of_molecules": 500000, "diff_coef": 350, "sim_time": 1.71905, "absorbers": [[-0.00322602, -6.65414, 22.0164, 4], [6.64845, 6.74847, -5.59073, 6], [-6.57199, 1.02066, 15.645, 4]], "reflectors": [], "reflector_prisms": [[-8.22032, -5.89617, -9.58069, -3.22032, -3.89617, -3.58069]], "absorber_prisms": [[14.7287, 0.925398, -2.22339, 16.7287, 4.9254, 1.77661]], "line_of_sight": [[0, 0, 0, 0, 0, 502], [0, 0, 0, 0, 0, 503], [0, 0, 0, 0, 0, 501]]}