{"time_step": 1e-05, "number_of_molecules": 500000, "diff_coef": 300, "sim_time": 1.8, "absorbers": [[-10.7027, 9.00544, -18.258, 5], [-3.43008, -8.52901, 7.71301, 6]], "reflectors": [], "reflector_prisms": [[-4.97981, 0.905118, -17.535, -0.979808, 3.90512, -13.535], [3.33785, -8.21671, -2.73747, 5.33785, -5.21671, 3.26253], [-17.4593, 1.95396, -3.41475, -12.4593, 5.95396, 1.58525], [2.70203, -12.2212, -15.9671, 8.70203, -8.22119, -13.9671]], "absorber_prisms": [], "line_of_sight": [[0, 0, 0, 0, 0, 499], [0, 0, 0, 0, 0, 500]]}