{
"time_step": 1e-05,
"number_of_molecules": 500000,
"diff_coef": 250,
"sim_time": 1.92667,
"absorbers": [
[-0.687458,0.696076,-23.9801,7],
[-2.5895,3.86764,16.3504,5],
[19.2926,-0.985402,-5.17918,6],
[-2.48422,-8.93717,-9.108,6],
[3.86693,-1.45408,9.10673,4]
],
"reflectors": [
[19.2392,-6.82207,4.93069,5],
[-4.46638,6.12072,-7.97422,5],
[-19.5013,3.59751,-2.59949,4],
[6.03796,-11.5053,-0.414766,4],
[1.89942,14.3595,15.2052,5]
],
"reflector_prisms": [
],
"absorber_prisms": [
]
}