{"time_step": 1e-05, "number_of_molecules": 500000, "diff_coef": 350, "sim_time": 0.57619, "absorbers": [[11.4709, -0.922925, -9.62119, 4], [-6.53874, 4.44187, 4.30286, 4]], "reflectors": [], "reflector_prisms": [[-1.91131, -3.06987, -12.9458, 4.08869, 2.93013, -8.94577]], "absorber_prisms": [[-8.48742, -10.6941, -5.03522, -5.48742, -5.69408, -3.03522]], "line_of_sight": [[204, 204, 0, 0, 0, 500], [96, 96, 0, 0, 0, 502]]}