{
"time_step": 1e-05,
"number_of_molecules": 500000,
"diff_coef": 350,
"sim_time": 0.233333,
"absorbers": [
[1.50808,7.56822,-9.18954,5]
],
"reflectors": [
],
"reflector_prisms": [
],
"absorber_prisms": [
[-1.12351,-9.55945,-16.4088,1.87649,-4.55945,-13.4088],
[-4.67587,2.70099,11.1231,-1.67587,4.70099,15.1231],
[-10.0484,-9.01244,1.48044,-6.04837,-3.01244,7.48044],
[-16.1499,-4.05239,-12.9234,-13.1499,-0.052393,-10.9234]
]
}