{
"time_step": 1e-05,
"number_of_molecules": 500000,
"diff_coef": 200,
"sim_time": 0.408333,
"absorbers": [
[-2.46748,-1.23143,-12.7041,6]
],
"reflectors": [
],
"reflector_prisms": [
[-7.1017,-23.3478,-8.30986,-2.1017,-18.3478,-2.30986],
[-4.47817,-20.8837,-1.09035,1.52183,-14.8837,3.90965]
],
"absorber_prisms": [
[13.6367,-1.31511,3.59105,15.6367,0.684886,6.59105]
]
}