{
"time_step": 1e-05,
"number_of_molecules": 500000,
"diff_coef": 100,
"sim_time": 4.26667,
"absorbers": [
[19.9245,-1.40772,1.01695,4]
],
"reflectors": [
[-9.76566,0.178609,2.14476,2],
[-20.1558,3.97512,-4.35246,2],
[4.87295,14.613,-4.32599,5]
],
"reflector_prisms": [
],
"absorber_prisms": [
]
}