{
"time_step": 1e-05,
"number_of_molecules": 500000,
"diff_coef": 150,
"sim_time": 2.84444,
"absorbers": [
[8.03545,-13.6637,6.14279,5],
[-8.04217,-14.638,3.17034,2],
[0.774997,-0.485122,17.9768,2],
[-9.08073,2.65136,-5.61344,6],
[3.16304,12.4346,-2.09172,4],
[8.83105,15.0883,4.28447,2],
[-5.08894,4.07232,-16.7785,2],
[-0.00522403,-6.43575,-15.7347,2]
],
"reflectors": [
],
"reflector_prisms": [
],
"absorber_prisms": [
]
}