{"time_step": 1e-05, "number_of_molecules": 500000, "diff_coef": 350, "sim_time": 1.71905, "absorbers": [[-19.1435, 0.831085, 17.5737, 7], [10.3297, 0.381929, 3.76178, 5], [-12.6303, -10.1236, -14.8993, 7], [-0.523765, -5.8189, -8.11579, 4], [4.88221, 9.74103, 8.7907, 6], [-3.17368, 8.67384, -3.83306, 4]], "reflectors": [[11.9319, 0.555539, -9.07309, 6], [-9.17418, 1.18766, 5.95179, 4]], "reflector_prisms": [], "absorber_prisms": [], "line_of_sight": [[502, 0, 856, 0, 0, 502], [64, 64, 0, 0, 0, 499], [366, 483, 0, 0, 0, 501], [216, 303, 0, 0, 0, 501], [317, 333, 0, 0, 0, 501], [0, 0, 0, 0, 0, 500]]}