{"time_step": 1e-05, "number_of_molecules": 500000, "diff_coef": 100, "sim_time": 4.81667, "absorbers": [[-6.97479, -3.80427, -12.7232, 3], [0.266024, 0.201112, 6.99205, 2], [-1.17948, 17.9613, -0.0302045, 6], [7.93699, 3.75024, 20.1728, 5], [4.75122, -0.341535, 9.9151, 2], [-21.8136, 0.176144, -7.28939, 6], [-16.6562, 2.57537, 2.2226, 2], [1.40436, 9.34833, 12.9088, 6]], "reflectors": [[2.3329, -16.3155, 14.5726, 4], [-0.438975, -0.541386, -6.96521, 2], [20.0597, 2.37516, -12.9603, 6], [-10.4697, -7.00854, -6.10458, 5], [0.0298153, -8.95846, -0.863219, 2], [-0.31372, -2.72108, 11.6832, 2], [3.53552, 18.5175, 11.3403, 3]], "reflector_prisms": [], "absorber_prisms": [], "line_of_sight": [[311, 443, 36, 0, 0, 500], [405, 208, 423, 0, 0, 499], [104, 0, 104, 0, 0, 500], [498, 580, 172, 0, 0, 499], [238, 386, 90, 0, 0, 500], [64, 0, 64, 0, 0, 502], [0, 0, 0, 0, 0, 498], [165, 146, 116, 0, 0, 499]]}