{"time_step": 1e-05, "number_of_molecules": 500000, "diff_coef": 100, "sim_time": 6.01667, "absorbers": [[2.75847, 2.25204, -9.34447, 5], [-3.70457, -1.15803, -22.6701, 4], [10.8389, -16.5377, -9.64487, 6], [3.95621, 20.5962, -1.07061, 3], [-7.76048, -0.42652, 20.5814, 4], [-8.64351, -2.50718, 0.0622509, 3], [9.33217, -0.910306, 12.9646, 5], [-15.4394, -5.93501, -7.09932, 6]], "reflectors": [[4.39435, 7.84196, 7.94943, 2], [0.459159, 8.0283, 16.1039, 3], [6.75948, -11.8909, 8.30162, 3], [6.3163, 2.65239, 20.9062, 3], [-10.4411, 5.94317, 7.18761, 4]], "reflector_prisms": [], "absorber_prisms": [], "line_of_sight": [[62, 62, 0, 0, 0, 499], [387, 258, 149, 0, 0, 501], [107, 0, 107, 0, 0, 502], [0, 0, 0, 0, 0, 499], [499, 499, 0, 0, 0, 499], [144, 144, 0, 0, 0, 501], [65, 33, 45, 0, 0, 496], [156, 156, 0, 0, 0, 499]]}