{
"time_step": 1e-05,
"number_of_molecules": 500000,
"diff_coef": 50,
"sim_time": 2.13333,
"absorbers": [
[0.00114884,0.0442,11.9999,4],
[5.61217,2.67787,-7.83151,2]
],
"reflectors": [
],
"reflector_prisms": [
],
"absorber_prisms": [
[-4.5123,6.28447,10.5395,0.487696,10.2845,16.5395],
[-10.6313,-0.34347,-4.73757,-4.6313,3.65653,1.26243],
[-13.8423,-11.4878,-5.56599,-9.84232,-5.48782,-1.56599],
[-4.42922,14.2059,-15.0327,0.570779,17.2059,-11.0327]
]
}