{"time_step": 1e-05, "number_of_molecules": 500000, "diff_coef": 100, "sim_time": 2.01667, "absorbers": [[-0.2551, -1.11259, 16.9616, 6]], "reflectors": [[8.02746, 7.7295, -17.7993, 4]], "reflector_prisms": [[-12.4681, -7.23864, -15.6901, -10.4681, -4.23864, -13.6901], [-3.76714, -15.2721, 5.01324, 0.23286, -13.2721, 9.01324]], "absorber_prisms": [[-6.58188, -1.85091, -8.67916, -4.58188, 1.14909, -6.67916], [-18.4168, 14.2207, 1.32761, -12.4168, 16.2207, 6.32761]], "line_of_sight": [[32, 0, 32, 0, 0, 500]]}