{
"time_step": 1e-05,
"number_of_molecules": 500000,
"diff_coef": 250,
"sim_time": 0.426667,
"absorbers": [
[-2.87322,-3.7922,-9.91785,3]
],
"reflectors": [
[0.415225,-1.81377,-20.9174,4],
[-12.5294,1.11516,-3.28178,5],
[10.9043,-4.993,13.4226,5]
],
"reflector_prisms": [
],
"absorber_prisms": [
[-6.68532,-6.91926,-15.8148,-3.68532,-2.91926,-12.8148]
]
}