{
"time_step": 1e-05,
"number_of_molecules": 500000,
"diff_coef": 50,
"sim_time": 12.0333,
"absorbers": [
[-18.0301,-14.836,5.55064,5],
[6.62973,-3.1208,13.0884,5],
[-7.15161,-9.63663,13.416,7],
[1.55403,-8.3521,-5.27517,5]
],
"reflectors": [
[-9.60895,11.3518,5.89955,7],
[1.74028,7.4658,10.4992,5]
],
"reflector_prisms": [
],
"absorber_prisms": [
]
}