{
"time_step": 1e-05,
"number_of_molecules": 500000,
"diff_coef": 200,
"sim_time": 2.13333,
"absorbers": [
[3.07686,-19.7235,1.23162,4]
],
"reflectors": [
[-0.336722,4.82543,-7.58959,4],
[0.286128,1.23717,20.9616,4],
[-0.604526,-0.819127,-11.9567,3]
],
"reflector_prisms": [
],
"absorber_prisms": [
[-9.3695,6.03414,8.52532,-6.3695,9.03414,13.5253]
]
}