{
"time_step": 1e-05,
"number_of_molecules": 500000,
"diff_coef": 250,
"sim_time": 2.40667,
"absorbers": [
[-5.32812,5.99008,22.6215,6],
[-4.68638,-3.7818,-21.1598,3],
[2.89238,2.50153,15.5363,2],
[-4.59068,-10.3513,-6.38559,5]
],
"reflectors": [
],
"reflector_prisms": [
[-18.6383,1.54883,-10.1781,-13.6383,3.54883,-7.1781]
],
"absorber_prisms": [
]
}