{"time_step": 1e-05, "number_of_molecules": 500000, "diff_coef": 200, "sim_time": 0.675, "absorbers": [[12.7789, -4.54478, 3.47048, 5]], "reflectors": [[-1.67644, -2.09462, 7.53672, 2], [11.6454, -6.93901, -18.5805, 4]], "reflector_prisms": [[-10.1361, -7.35218, -6.80178, -6.13611, -5.35218, -0.801783], [-3.43524, 0.55815, -12.5956, 2.56476, 5.55815, -10.5956]], "absorber_prisms": [[-10.6032, -6.0302, 11.3043, -7.60323, -0.030201, 14.3043]], "line_of_sight": [[0, 0, 0, 0, 0, 499]]}