{"time_step": 1e-05, "number_of_molecules": 500000, "diff_coef": 100, "sim_time": 6.01667, "absorbers": [[19.612, 2.45043, 3.06039, 4], [4.66359, -2.37789, 14.0569, 5], [-5.47815, -1.14145, -24.3657, 6], [-14.8458, -3.34467, -7.57727, 5], [9.82044, -1.28015, -6.77644, 6]], "reflectors": [], "reflector_prisms": [], "absorber_prisms": [], "line_of_sight": [[183, 183, 0, 0, 0, 501], [150, 150, 0, 0, 0, 497], [297, 297, 0, 0, 0, 498], [98, 98, 0, 0, 0, 498], [0, 0, 0, 0, 0, 503]]}