{
"time_step": 1e-05,
"number_of_molecules": 500000,
"diff_coef": 150,
"sim_time": 2.17778,
"absorbers": [
[1.64304,0.611676,18.9189,5],
[-10.5016,1.63042,-2.83877,2]
],
"reflectors": [
],
"reflector_prisms": [
],
"absorber_prisms": [
[-3.61299,-0.854392,-20.4575,1.38701,2.14561,-18.4575],
[-3.69124,13.1334,-5.97693,2.30876,15.1334,-3.97693],
[-7.28136,10.0208,-11.4879,-5.28136,14.0208,-5.48792]
]
}