{"time_step": 1e-05, "number_of_molecules": 500000, "diff_coef": 150, "sim_time": 1.87778, "absorbers": [[-7.61251, 5.35237, 14.2268, 4], [5.53029, -2.2766, -6.72555, 3], [-1.98542, -1.6331, 8.62503, 4]], "reflectors": [], "reflector_prisms": [], "absorber_prisms": [[9.51686, 0.266472, 11.5531, 11.5169, 2.26647, 17.5531]], "line_of_sight": [[385, 465, 0, 0, 0, 503], [222, 261, 0, 0, 0, 498], [92, 136, 0, 0, 0, 498]]}