{
"time_step": 1e-05,
"number_of_molecules": 500000,
"diff_coef": 350,
"sim_time": 1.54286,
"absorbers": [
[5.73037,-12.5903,14.4446,4],
[-13.679,-11.4352,2.474,5],
[9.00526,15.0848,-16.3509,6]
],
"reflectors": [
],
"reflector_prisms": [
[-1.11025,-0.0176531,7.77056,4.88975,1.98235,11.7706],
[-5.19764,10.3867,-13.1382,-3.19764,13.3867,-11.1382]
],
"absorber_prisms": [
]
}