{"time_step": 1e-05, "number_of_molecules": 500000, "diff_coef": 250, "sim_time": 1.70667, "absorbers": [[1.13028, -0.442508, -16.9566, 3], [-10.9151, -15.7015, -8.6789, 5]], "reflectors": [], "reflector_prisms": [[-4.96915, 2.74723, -14.2055, -1.96915, 6.74723, -11.2055], [6.8821, -0.686021, -0.297584, 10.8821, 2.31398, 2.70242]], "absorber_prisms": [], "line_of_sight": [[0, 0, 0, 0, 0, 500], [0, 0, 0, 0, 0, 498]]}