{
"time_step": 1e-05,
"number_of_molecules": 500000,
"diff_coef": 150,
"sim_time": 3.6,
"absorbers": [
[1.11066,-8.64948,21.2827,5],
[-0.700351,2.61016,15.7701,7],
[-14.7372,13.388,1.89102,5],
[3.4641,19.626,1.67977,6],
[-2.05837,6.08523,-8.92934,6]
],
"reflectors": [
[-12.2216,-4.28818,13.9012,5],
[-14.4209,4.35975,-7.87596,5]
],
"reflector_prisms": [
],
"absorber_prisms": [
]
}