{
"time_step": 1e-05,
"number_of_molecules": 500000,
"diff_coef": 300,
"sim_time": 0.2,
"absorbers": [
[0.360973,6.30294,9.00792,5]
],
"reflectors": [
],
"reflector_prisms": [
[-16.8707,8.86011,-7.5546,-13.8707,11.8601,-4.5546]
],
"absorber_prisms": [
[-5.86429,4.33882,3.17116,-0.864294,9.33882,8.17116],
[-13.0723,-10.6911,-6.7898,-8.07229,-6.69105,-2.7898],
[0.349503,-10.2638,-7.24248,6.3495,-7.26383,-4.24248]
]
}