{
"time_step": 1e-05,
"number_of_molecules": 500000,
"diff_coef": 400,
"sim_time": 0.9375,
"absorbers": [
[2.60339,9.56556,13.8102,2]
],
"reflectors": [
[1.39509,-0.661775,20.9432,2]
],
"reflector_prisms": [
],
"absorber_prisms": [
[6.94766,-16.754,-6.94238,11.9477,-12.754,-4.94238]
]
}