{
"time_step": 1e-05,
"number_of_molecules": 500000,
"diff_coef": 250,
"sim_time": 0.96,
"absorbers": [
[-3.9234,-5.0012,14.6831,4],
[2.67561,-7.16683,9.24542,2]
],
"reflectors": [
],
"reflector_prisms": [
[2.28546,4.36001,10.6869,8.28546,10.36,15.6869],
[13.402,-1.32726,2.84504,15.402,4.67274,4.84504],
[-5.92749,3.30983,-11.3555,0.0725111,7.30983,-9.35546]
],
"absorber_prisms": [
]
}