{"time_step": 1e-05, "number_of_molecules": 500000, "diff_coef": 150, "sim_time": 2.84444, "absorbers": [[6.65402, 4.09047, 4.47125, 4], [5.45863, 1.70163, -21.244, 6], [8.73095, 14.4687, 6.19898, 4]], "reflectors": [], "reflector_prisms": [], "absorber_prisms": [[-12.4955, -7.02335, 4.23036, -9.49554, -5.02335, 8.23036], [-6.62008, -0.164815, -7.74393, -1.62008, 5.83519, -4.74393]], "line_of_sight": [[74, 74, 0, 0, 0, 500], [0, 0, 0, 0, 0, 500], [215, 215, 0, 0, 0, 500]]}