{"time_step": 1e-05, "number_of_molecules": 500000, "diff_coef": 100, "sim_time": 4.81667, "absorbers": [[2.78583, -20.5629, -3.2257, 7], [6.41279, -0.234091, -19.9955, 7], [-2.0519, -7.21096, 11.8234, 6], [9.01673, -6.17486, 19.0937, 5]], "reflectors": [[-7.52636, -6.34391, -19.6751, 6], [9.9934, 5.25709, 9.87395, 7], [10.1793, -3.74536, -1.83146, 6], [3.52741, 12.2305, -5.82864, 7]], "reflector_prisms": [], "absorber_prisms": [], "line_of_sight": [[110, 0, 110, 0, 0, 500], [138, 138, 0, 0, 0, 501], [306, 132, 174, 0, 0, 499], [65, 65, 0, 0, 0, 501]]}