{"time_step": 1e-05, "number_of_molecules": 500000, "diff_coef": 300, "sim_time": 1.8, "absorbers": [[-9.00078, -1.85818, 15.4769, 2], [18.9319, -10.8157, -10.0302, 6], [3.19491, 14.9914, 9.43671, 4], [3.219, -9.8602, -3.66257, 3], [2.78162, -18.7526, -1.26595, 5], [-8.59058, -1.70358, -2.07358, 3], [-1.98255, 4.28635, 7.66138, 4], [-8.78562, 16.6595, 6.72863, 5]], "reflectors": [], "reflector_prisms": [], "absorber_prisms": [], "line_of_sight": [[0, 0, 0, 0, 0, 497], [0, 0, 0, 0, 0, 500], [57, 57, 0, 0, 0, 501], [393, 421, 0, 0, 0, 499], [156, 226, 0, 0, 0, 499], [0, 0, 0, 0, 0, 500], [71, 83, 0, 0, 0, 498], [293, 388, 0, 0, 0, 499]]}