{
"time_step": 1e-05,
"number_of_molecules": 500000,
"diff_coef": 100,
"sim_time": 1.06667,
"absorbers": [
[4.96113,13.0336,-1.22965,6]
],
"reflectors": [
[-1.54235,-1.93765,-7.60701,3]
],
"reflector_prisms": [
[-12.4274,-4.20682,-9.40163,-7.42737,0.793175,-5.40163],
[-12.0661,-11.7788,12.5089,-8.06607,-9.77881,14.5089]
],
"absorber_prisms": [
]
}