{
"time_step": 1e-05,
"number_of_molecules": 500000,
"diff_coef": 200,
"sim_time": 3.00833,
"absorbers": [
[2.93959,9.28155,-2.28292,4],
[3.81728,1.25967,13.4105,7],
[-12.2321,-5.17153,12.1503,5],
[11.0098,18.4939,-12.7184,6],
[-5.48895,-11.1998,-18.1228,4],
[-7.32723,-11.9924,-7.64813,5]
],
"reflectors": [
[10.9689,8.6881,0.44618,4]
],
"reflector_prisms": [
],
"absorber_prisms": [
]
}