{
"time_step": 1e-05,
"number_of_molecules": 500000,
"diff_coef": 400,
"sim_time": 0.204167,
"absorbers": [
[0.553833,-8.92723,0.998884,2]
],
"reflectors": [
[5.44868,1.785,18.1142,2]
],
"reflector_prisms": [
],
"absorber_prisms": [
[-16.4915,-11.8091,-13.6017,-12.4915,-5.80907,-7.60167]
]
}