{
"time_step": 1e-05,
"number_of_molecules": 500000,
"diff_coef": 300,
"sim_time": 0.355556,
"absorbers": [
[-2.21166,0.917609,-12.7776,5]
],
"reflectors": [
],
"reflector_prisms": [
[15.0822,-12.5531,-6.33197,17.0822,-6.55311,-0.331968],
[-8.97282,-4.9943,12.8754,-4.97282,1.0057,17.8754],
[8.83618,1.44701,15.9076,12.8362,3.44701,20.9076],
[-15.4792,-2.46484,-0.49529,-10.4792,3.53516,1.50471],
[5.71946,-0.34747,6.21928,7.71946,3.65253,8.21928]
],
"absorber_prisms": [
]
}