{
"time_step": 1e-05,
"number_of_molecules": 500000,
"diff_coef": 100,
"sim_time": 6.01667,
"absorbers": [
[-0.45272,-0.292983,-22.9937,4],
[8.64036,10.861,-1.83905,5],
[3.07056,-19.3926,15.4757,7],
[16.8859,0.0225692,-1.96587,7]
],
"reflectors": [
[5.5485,-10.5049,-14.8277,4],
[2.53664,16.6322,6.39811,5],
[15.4422,-8.22324,-9.69113,4],
[-7.69884,12.4471,-3.28611,7]
],
"reflector_prisms": [
],
"absorber_prisms": [
]
}