{"time_step": 1e-05, "number_of_molecules": 500000, "diff_coef": 50, "sim_time": 6.53333, "absorbers": [[-9.54823, -2.15576, 16.2845, 5], [-15.1302, -0.261241, -9.74719, 7], [0.768234, -4.01488, 11.2823, 5]], "reflectors": [[-4.47942, -8.83741, 1.35464, 5], [-0.696526, 1.32565, -15.9298, 6]], "reflector_prisms": [], "absorber_prisms": [], "line_of_sight": [[100, 70, 72, 0, 0, 498], [0, 0, 0, 0, 0, 501], [226, 43, 203, 0, 0, 501]]}