{"time_step": 1e-05, "number_of_molecules": 500000, "diff_coef": 100, "sim_time": 3.75, "absorbers": [[-9.87175, -13.817, -5.96985, 3], [-10.0097, 4.43278, 1.07553, 4]], "reflectors": [], "reflector_prisms": [], "absorber_prisms": [[3.40952, -5.51812, -6.72825, 7.40952, -0.518117, -1.72825], [-1.71457, 12.6437, 7.63028, 2.28543, 16.6437, 9.63028], [-2.20759, -2.71855, -16.4487, -0.207585, 3.28145, -13.4487]], "line_of_sight": [[0, 0, 0, 0, 0, 503], [0, 0, 0, 0, 0, 497]]}