{"time_step": 1e-05, "number_of_molecules": 500000, "diff_coef": 100, "sim_time": 2.81667, "absorbers": [[-5.65506, 5.59669, 13.8815, 3], [3.6492, -16.6553, 5.76938, 5]], "reflectors": [], "reflector_prisms": [], "absorber_prisms": [[-6.28603, 10.1775, 1.18249, -1.28603, 15.1775, 4.18249], [-11.582, -9.63381, 15.3942, -8.58196, -3.63381, 21.3942], [0.571398, 7.2651, 18.0732, 6.5714, 9.2651, 22.0732], [-1.94546, -3.61561, 13.7701, 2.05454, -1.61561, 15.7701]], "line_of_sight": [[0, 0, 0, 0, 0, 499], [0, 0, 0, 0, 0, 499]]}