{"time_step": 1e-05, "number_of_molecules": 500000, "diff_coef": 100, "sim_time": 6.01667, "absorbers": [[6.90906, -6.14, 14.2676, 6], [0.103987, -5.137, -8.57907, 4], [23.5105, -6.46323, 5.5211, 6], [-1.41957, 6.18403, 16.8447, 5], [-1.98981, -8.0252, -15.9886, 4], [8.27083, -7.27211, -17.8804, 4], [5.78745, 0.787382, -14.8958, 4]], "reflectors": [], "reflector_prisms": [], "absorber_prisms": [], "line_of_sight": [[0, 0, 0, 0, 0, 498], [202, 253, 0, 0, 0, 501], [0, 0, 0, 0, 0, 501], [436, 666, 0, 0, 0, 498], [503, 751, 0, 0, 0, 503], [268, 413, 0, 0, 0, 503], [78, 80, 0, 0, 0, 499]]}