{"time_step": 1e-05, "number_of_molecules": 500000, "diff_coef": 50, "sim_time": 10.8, "absorbers": [[-7.87553, 14.3976, -9.57521, 4], [5.87008, -2.31549, 21.0756, 5], [2.98179, 9.40611, 17.3964, 2], [13.4371, 1.63696, -6.46256, 3], [1.4257, 0.276328, -19.9472, 4], [-6.44192, -9.31956, 9.83094, 2], [3.45999, -2.87206, -6.61663, 2]], "reflectors": [[7.58355, 20.6379, -0.751664, 4], [2.82618, -3.28862, -14.3596, 2], [-3.12208, -8.0246, -20.245, 4], [-0.598147, 6.00291, -14.8192, 3], [-7.98832, -2.22768, 8.67319, 2], [-5.14935, -4.25276, 17.7876, 5], [3.66577, -13.2845, 8.12914, 2]], "reflector_prisms": [], "absorber_prisms": [], "line_of_sight": [[96, 0, 96, 0, 0, 503], [122, 70, 52, 0, 0, 500], [374, 0, 374, 0, 0, 499], [0, 0, 0, 0, 0, 499], [320, 81, 242, 0, 0, 501], [0, 0, 0, 0, 0, 500], [51, 0, 51, 0, 0, 498]]}