{"time_step": 1e-05, "number_of_molecules": 500000, "diff_coef": 300, "sim_time": 1.25, "absorbers": [[8.71102, -2.28529, -18.9709, 6], [1.84512, -1.46476, -10.7448, 2]], "reflectors": [], "reflector_prisms": [[-11.1885, -8.63659, 0.0848132, -5.18853, -2.63659, 2.08481], [-6.50933, 11.8166, 13.4621, -0.50933, 17.8166, 15.4621]], "absorber_prisms": [[-4.16335, -1.33547, 8.86199, 0.836653, 0.664526, 11.862]], "line_of_sight": [[109, 109, 0, 0, 0, 500], [242, 242, 0, 0, 0, 500]]}