{
"time_step": 1e-05,
"number_of_molecules": 500000,
"diff_coef": 250,
"sim_time": 1.5,
"absorbers": [
[-2.24189,-10.9399,4.39242,5],
[-6.67328,-1.71187,-17.707,5],
[1.13762,10.7304,7.25014,4],
[4.12603,-0.716337,-18.5327,4],
[14.3762,1.27629,8.98303,4],
[-9.7613,-0.194854,-5.06745,5]
],
"reflectors": [
[11.7646,15.9263,6.99629,5]
],
"reflector_prisms": [
],
"absorber_prisms": [
]
}