{
"time_step": 1e-05,
"number_of_molecules": 500000,
"diff_coef": 400,
"sim_time": 1.35,
"absorbers": [
[-2.36236,-3.88675,16.3802,4],
[3.13006,5.75218,-13.495,5],
[-6.65499,-5.48653,-9.72672,5],
[11.0097,19.9153,3.34171,5],
[1.9948,-1.75803,-22.8458,5]
],
"reflectors": [
[8.59999,-1.79577,14.5539,7],
[0.584014,-12.4764,6.32452,4],
[-12.1391,-2.95441,14.3148,4],
[1.78353,4.93323,22.3938,5],
[-10.0597,-20.6051,-1.7981,6]
],
"reflector_prisms": [
],
"absorber_prisms": [
]
}