{"time_step": 1e-05, "number_of_molecules": 500000, "diff_coef": 200, "sim_time": 1.40833, "absorbers": [[13.5413, -1.94999, -8.29639, 3]], "reflectors": [], "reflector_prisms": [[-2.34123, -14.9438, -0.102037, 0.658768, -11.9438, 1.89796], [-1.63248, 0.532925, -11.9107, 2.36752, 6.53293, -8.91073], [2.77256, -16.4653, 13.0083, 7.77256, -13.4653, 16.0083], [-1.28987, -9.02536, 1.69128, 1.71013, -4.02536, 5.69128]], "absorber_prisms": [], "line_of_sight": [[0, 0, 0, 0, 0, 499]]}