{
"time_step": 1e-05,
"number_of_molecules": 500000,
"diff_coef": 50,
"sim_time": 5.63333,
"absorbers": [
[13.1762,-1.55238,-10.6291,4]
],
"reflectors": [
],
"reflector_prisms": [
[-14.9661,0.789624,13.1883,-10.9661,5.78962,15.1883]
],
"absorber_prisms": [
[3.1644e-05,-3.20361,-18.9693,2.00003,2.79639,-14.9693],
[-6.60464,-15.3219,1.57094,-2.60464,-12.3219,5.57094],
[-2.91142,-3.5004,7.7106,0.0885808,-0.500402,12.7106],
[6.46331,3.52637,-12.6338,8.46331,5.52637,-6.63385]
]
}