{
"time_step": 1e-05,
"number_of_molecules": 500000,
"diff_coef": 100,
"sim_time": 5.4,
"absorbers": [
[-1.90677,16.2399,11.5165,3],
[-2.16394,9.45246,2.44302,5],
[-5.92424,-2.10981,-10.2202,2],
[-1.58673,-1.96561,13.7702,4],
[8.26392,4.32519,5.83098,5],
[2.54125,-7.93447,-19.2766,3],
[6.78009,-3.2054,-16.3632,2]
],
"reflectors": [
[2.18272,-23.8466,-1.60462,5],
[-18.3347,8.05436,9.1086,3],
[-10.1328,10.0417,4.63578,3],
[-0.158939,15.0788,-5.34838,2],
[-17.1939,10.2053,0.469761,4]
],
"reflector_prisms": [
],
"absorber_prisms": [
]
}