{
"time_step": 1e-05,
"number_of_molecules": 500000,
"diff_coef": 150,
"sim_time": 4.01111,
"absorbers": [
[21.2076,-7.55151,4.71314,4],
[-2.37269,5.29919,22.2551,6],
[-1.1303,-5.67206,-9.35683,5],
[8.85404,-5.49772,3.51868,4],
[-3.76242,-5.09651,18.9702,4]
],
"reflectors": [
],
"reflector_prisms": [
],
"absorber_prisms": [
]
}