{"time_step": 1e-05, "number_of_molecules": 500000, "diff_coef": 250, "sim_time": 2.40667, "absorbers": [[23.988, 3.86291, 5.88691, 6], [12.1589, 2.75728, 3.68211, 5], [8.88322, -18.5099, 12.4287, 5]], "reflectors": [[-8.60668, -11.0982, -14.2392, 4], [2.22568, 0.526892, -15.8357, 4]], "reflector_prisms": [], "absorber_prisms": [], "line_of_sight": [[497, 497, 0, 0, 0, 497], [47, 47, 0, 0, 0, 499], [0, 0, 0, 0, 0, 500]]}