{"time_step": 1e-05, "number_of_molecules": 500000, "diff_coef": 100, "sim_time": 1.66667, "absorbers": [[7.15428, -0.720748, -14.2932, 6]], "reflectors": [], "reflector_prisms": [[-6.90664, -4.71987, 1.65982, -4.90664, -0.719872, 7.65982], [-13.0547, -17.5355, -11.0977, -7.05469, -14.5355, -7.09767], [-2.16382, -3.68856, -8.26078, 0.836182, 0.311441, -5.26078], [-1.6557, -2.78497, -22.4819, 3.3443, 3.21503, -19.4819], [-11.6462, -5.25891, -6.19892, -5.64624, -0.258906, -2.19892]], "absorber_prisms": [], "line_of_sight": [[58, 0, 0, 0, 58, 500]]}