{"time_step": 1e-05, "number_of_molecules": 500000, "diff_coef": 400, "sim_time": 1.35, "absorbers": [[-10.2583, -12.9126, 14.5613, 7], [-6.02681, -12.8554, -4.83896, 4], [6.44765, -11.6254, -18.7691, 5], [7.31439, 17.2058, -11.5957, 4], [-7.35479, 4.52474, 20.2345, 4]], "reflectors": [[11.414, 6.71795, -8.97721, 7]], "reflector_prisms": [], "absorber_prisms": [], "line_of_sight": [[376, 102, 287, 0, 0, 498], [0, 0, 0, 0, 0, 503], [73, 73, 0, 0, 0, 499], [273, 273, 132, 0, 0, 503], [90, 90, 0, 0, 0, 501]]}