{"time_step": 1e-05, "number_of_molecules": 500000, "diff_coef": 300, "sim_time": 1.8, "absorbers": [[2.75255, -19.5305, 3.31434, 6], [8.34824, -5.72925, 12.3888, 4], [4.06852, 8.02817, 17.8605, 2]], "reflectors": [[9.71265, 5.08365, -0.906107, 3]], "reflector_prisms": [], "absorber_prisms": [[-4.91303, 3.34937, 4.72887, -1.91303, 7.34937, 10.7289]], "line_of_sight": [[0, 0, 0, 0, 0, 498], [0, 0, 0, 0, 0, 495], [0, 0, 0, 0, 0, 495]]}