{
"time_step": 1e-05,
"number_of_molecules": 500000,
"diff_coef": 50,
"sim_time": 2.13333,
"absorbers": [
[-2.44862,-9.25494,-5.41759,3],
[-5.99718,0.73459,-5.24349,2]
],
"reflectors": [
],
"reflector_prisms": [
[-2.5688,-3.29375,14.4202,-0.568798,2.70625,17.4202]
],
"absorber_prisms": [
[5.18937,-3.6311,-2.64616,9.18937,-0.631105,2.35384],
[-8.8849,-2.03008,2.67519,-5.8849,0.969924,5.67519]
]
}