{
"time_step": 1e-05,
"number_of_molecules": 500000,
"diff_coef": 150,
"sim_time": 4.01111,
"absorbers": [
[-6.71386,9.39846,7.91158,5],
[0.244737,-0.00783248,-13.9979,4],
[-2.2339,6.27696,22.0138,4]
],
"reflectors": [
[5.5227,8.95196,7.63951,5]
],
"reflector_prisms": [
],
"absorber_prisms": [
]
}