{
"time_step": 1e-05,
"number_of_molecules": 500000,
"diff_coef": 300,
"sim_time": 1.8,
"absorbers": [
[16.4664,-3.77156,1.90592,2],
[-13.3749,-3.65365,5.7238,2],
[-17.2736,-11.9345,-0.437364,3],
[-4.37468,14.2531,-1.64655,2],
[-0.900051,6.42831,13.5228,4],
[-16.7522,-0.649728,-2.81781,2],
[-1.00193,9.91876,-4.64913,4],
[2.61902,-3.60209,-21.5445,5]
],
"reflectors": [
[-4.83617,0.475087,22.4808,4],
[10.1896,2.43574,-17.0364,4],
[-9.62056,5.28016,-0.751559,5]
],
"reflector_prisms": [
],
"absorber_prisms": [
]
}