{"time_step": 1e-05, "number_of_molecules": 500000, "diff_coef": 250, "sim_time": 2.16, "absorbers": [[-10.5293, -1.76931, -2.64629, 4], [7.19966, -6.39726, 2.69071, 5], [0.192929, 10.756, -5.31711, 4], [-10.7521, -5.5068, 7.07591, 4], [14.2451, 10.6701, -2.68805, 7], [0.322928, -1.30248, 23.9625, 6]], "reflectors": [[8.76002, -20.5415, -5.50547, 7]], "reflector_prisms": [], "absorber_prisms": [], "line_of_sight": [[129, 129, 0, 0, 0, 502], [108, 41, 67, 0, 0, 499], [41, 41, 0, 0, 0, 499], [192, 192, 0, 0, 0, 498], [210, 210, 0, 0, 0, 501], [0, 0, 0, 0, 0, 499]]}