{"time_step": 1e-05, "number_of_molecules": 500000, "diff_coef": 50, "sim_time": 2.7, "absorbers": [[-8.33793, -11.1084, 1.75534, 5]], "reflectors": [], "reflector_prisms": [[-3.12634, -1.41891, 13.8153, -1.12634, 3.58109, 16.8153], [-14.4054, 3.86994, 12.9128, -10.4054, 5.86994, 16.9128], [-2.10047, -0.761518, -11.4801, 0.899534, 1.23848, -9.4801]], "absorber_prisms": [], "line_of_sight": [[0, 0, 0, 0, 0, 500]]}