{
"time_step": 1e-05,
"number_of_molecules": 500000,
"diff_coef": 150,
"sim_time": 2.84444,
"absorbers": [
[21.7486,-2.66726,1.97092,6],
[-6.81455,-6.86583,-7.10086,6],
[15.1004,-14.5869,0.446838,6]
],
"reflectors": [
[-6.55818,0.0330292,8.83115,4],
[-10.086,9.70395,-0.326102,6]
],
"reflector_prisms": [
],
"absorber_prisms": [
]
}