{"time_step": 1e-05, "number_of_molecules": 500000, "diff_coef": 50, "sim_time": 10.8, "absorbers": [[7.85081, 13.9668, -5.68272, 5], [-3.48518, -1.12442, 19.6619, 6], [-5.04393, -6.16727, 4.18612, 4], [1.39163, -11.2167, 4.03092, 4], [-11.9694, -16.0602, 9.09964, 7], [24.1613, 6.42115, -0.014549, 7]], "reflectors": [[-5.25562, 8.48513, -21.8262, 7], [22.2582, -5.55935, -1.63282, 5], [13.9555, -11.9453, -4.85329, 5], [7.26285, -11.367, 19.8505, 7]], "reflector_prisms": [], "absorber_prisms": [], "line_of_sight": [[422, 742, 0, 0, 0, 501], [71, 0, 71, 0, 0, 500], [160, 211, 0, 0, 0, 497], [56, 82, 0, 0, 0, 503], [499, 734, 0, 0, 0, 499], [0, 0, 0, 0, 0, 497]]}