{"time_step": 1e-05, "number_of_molecules": 500000, "diff_coef": 150, "sim_time": 3.6, "absorbers": [[0.359814, -17.6766, 3.37749, 3], [0.170872, -5.80478, 19.1383, 6], [8.3023, 7.67615, 4.01852, 2], [2.72839, 10.5026, 21.4068, 6], [-22.8052, 2.96607, -0.355718, 5], [-9.24432, 16.071, -4.15516, 4], [-5.1702, 4.97238, -9.62, 2], [-0.68398, 3.14996, 10.5171, 6]], "reflectors": [[1.52371, 13.97, -11.248, 5], [-3.78729, -9.47172, 4.11618, 6]], "reflector_prisms": [], "absorber_prisms": [], "line_of_sight": [[453, 0, 453, 0, 0, 500], [212, 212, 0, 0, 0, 502], [0, 0, 0, 0, 0, 498], [498, 498, 0, 0, 0, 498], [0, 0, 0, 0, 0, 502], [0, 0, 0, 0, 0, 500], [3, 3, 0, 0, 0, 501], [105, 105, 0, 0, 0, 502]]}