{"time_step": 1e-05, "number_of_molecules": 500000, "diff_coef": 50, "sim_time": 7.5, "absorbers": [[4.72932, -10.8479, -16.1232, 5]], "reflectors": [[13.3197, 10.5518, 5.9369, 2], [-7.20073, -16.7244, 5.42631, 6], [2.08433, -0.927278, -10.7608, 2]], "reflector_prisms": [[-8.19941, 7.42398, -2.20471, -5.19941, 12.424, 3.79529], [12.1041, -12.5652, 7.46815, 16.1041, -6.56516, 13.4682]], "absorber_prisms": [], "line_of_sight": [[0, 0, 0, 0, 0, 498]]}