{"time_step": 1e-05, "number_of_molecules": 500000, "diff_coef": 300, "sim_time": 0.138889, "absorbers": [[0.101438, -4.981, -4.91725, 2]], "reflectors": [[5.67324, -2.73577, -9.01831, 5]], "reflector_prisms": [], "absorber_prisms": [[15.4738, -11.3415, -1.41867, 20.4738, -8.34149, 2.58133], [4.16459, -13.5161, 1.84527, 6.16459, -10.5161, 4.84527]], "line_of_sight": [[52, 0, 52, 0, 0, 497]]}