{"time_step": 1e-05, "number_of_molecules": 500000, "diff_coef": 200, "sim_time": 2.40833, "absorbers": [[10.0799, -9.25185, -13.1833, 2], [-10.9207, 7.923, -10.3424, 3]], "reflectors": [], "reflector_prisms": [[-1.80739, 5.15183, 7.63103, 1.19261, 9.15183, 11.631]], "absorber_prisms": [[4.90513, -0.995489, -5.01109, 8.90513, 4.00451, -0.0110906], [-0.0464841, -1.57303, -12.9503, 1.95352, 2.42697, -8.95027], [-1.72528, 9.90599, -9.63938, 2.27472, 15.906, -5.63938]], "line_of_sight": [[0, 0, 0, 0, 0, 499], [0, 0, 0, 0, 0, 501]]}