{"time_step": 1e-05, "number_of_molecules": 500000, "diff_coef": 400, "sim_time": 1.20417, "absorbers": [[-1.8726, -6.78034, -15.4764, 3], [-19.3146, -5.16552, 0.514959, 6], [-3.5305, -4.43578, 6.98995, 4], [13.4503, 4.66635, -4.72383, 6], [-11.6527, 9.93449, 9.46152, 2], [-5.44884, -11.4668, -5.90106, 2], [-8.47085, 2.69999, -17.9152, 3]], "reflectors": [[-8.75028, 1.08471, -1.80443, 4], [0.156353, 13.3654, -10.5044, 6], [-3.79652, 4.11095, 20.2407, 6], [-5.70423, -5.28854, -6.28436, 3], [16.2591, -4.05541, -8.95524, 2]], "reflector_prisms": [], "absorber_prisms": [], "line_of_sight": [[131, 0, 131, 0, 0, 504], [424, 268, 216, 0, 0, 499], [200, 80, 120, 0, 0, 500], [264, 241, 103, 0, 0, 501], [0, 0, 0, 0, 0, 498], [78, 0, 78, 0, 0, 503], [0, 0, 0, 0, 0, 498]]}