{
"time_step": 1e-05,
"number_of_molecules": 500000,
"diff_coef": 150,
"sim_time": 2.17778,
"absorbers": [
[1.23585,1.56252,19.9005,6],
[14.4655,2.08523,3.37639,3]
],
"reflectors": [
],
"reflector_prisms": [
],
"absorber_prisms": [
[-3.4033,-8.31061,-17.5709,2.5967,-5.31061,-13.5709],
[-9.47481,-5.93395,6.41735,-5.47481,0.0660529,11.4173]
]
}