{
"time_step": 1e-05,
"number_of_molecules": 500000,
"diff_coef": 50,
"sim_time": 9.63333,
"absorbers": [
[-9.11027,-16.507,6.67248,3],
[4.46845,16.3995,0.299163,3],
[6.33639,-11.059,-14.0907,4]
],
"reflectors": [
[-11.6647,-7.54706,1.72503,5]
],
"reflector_prisms": [
[-5.34771,-13.8701,-7.62528,-1.34771,-9.87007,-5.62528]
],
"absorber_prisms": [
]
}