{
"time_step": 1e-05,
"number_of_molecules": 500000,
"diff_coef": 250,
"sim_time": 2.16,
"absorbers": [
[-17.341,1.56129,-4.56639,4],
[-6.68921,7.53747,12.4274,6],
[-14.4975,9.17185,-13.7732,4],
[8.62685,-1.37948,8.22645,5],
[-4.51944,-2.08076,-19.3712,3],
[5.19495,-4.10075,-6.09889,2],
[15.0079,5.11303,2.14933,5]
],
"reflectors": [
[-7.42684,8.78777,-3.40839,3],
[5.94826,-6.40609,-20.1886,4],
[-19.5338,8.66693,5.22652,4],
[-15.1722,-1.60084,-11.3244,3],
[-4.82469,1.76408,-4.75504,2],
[0.545314,4.19786,13.3447,2]
],
"reflector_prisms": [
],
"absorber_prisms": [
]
}