{"time_step": 1e-05, "number_of_molecules": 500000, "diff_coef": 350, "sim_time": 1.07143, "absorbers": [[-2.73137, -0.382056, -6.43379, 2], [9.47773, -6.55807, 3.34132, 3], [0.837563, -9.55065, -14.0386, 2], [-9.36016, -10.0906, -5.9638, 5], [0.181548, -0.111877, -15.9986, 2], [-1.46484, 0.338666, 9.88633, 2], [-7.88748, 2.02743, 11.3876, 2], [-0.000648549, 10.2002, 9.58941, 6]], "reflectors": [[2.98257, 2.76307, 20.6027, 4], [9.69947, 9.86799, -8.03388, 6]], "reflector_prisms": [], "absorber_prisms": [], "line_of_sight": [[114, 0, 114, 0, 0, 501], [0, 0, 0, 0, 0, 502], [497, 497, 0, 0, 0, 497], [64, 64, 0, 0, 0, 498], [436, 324, 196, 0, 0, 500], [154, 126, 85, 0, 0, 501], [0, 0, 0, 0, 0, 498], [58, 58, 0, 0, 0, 504]]}