{"time_step": 1e-05, "number_of_molecules": 500000, "diff_coef": 100, "sim_time": 0.416667, "absorbers": [[5.14884, -3.50901, -3.19002, 2]], "reflectors": [[-19.3034, 5.84337, -11.0559, 4], [14.6228, 3.25892, 0.742915, 3], [3.08689, -20.9254, 6.04967, 4]], "reflector_prisms": [[-11.742, -18.022, -1.63947, -6.74203, -14.022, 2.36053]], "absorber_prisms": [], "line_of_sight": [[0, 0, 0, 0, 0, 497]]}