{"time_step": 1e-05, "number_of_molecules": 500000, "diff_coef": 150, "sim_time": 0.711111, "absorbers": [[-5.62361, -6.33155, -5.3185, 2]], "reflectors": [], "reflector_prisms": [[-1.14091, -2.36158, 9.33791, 4.85909, 3.63842, 14.3379], [13.961, 1.95734, -3.85517, 17.961, 5.95734, 1.14483], [-12.7502, 3.06865, -6.70627, -7.75018, 9.06865, -3.70627]], "absorber_prisms": [[-13.3092, -4.45169, 4.25567, -9.30922, -1.45169, 9.25567]], "line_of_sight": [[0, 0, 0, 0, 0, 498]]}