{
"time_step": 1e-05,
"number_of_molecules": 500000,
"diff_coef": 150,
"sim_time": 3.6,
"absorbers": [
[-20.2578,8.98525,-9.21342,6],
[17.1252,-5.53769,-0.251319,4]
],
"reflectors": [
],
"reflector_prisms": [
[2.43449,-6.87877,-16.0403,8.43449,-0.878766,-13.0403]
],
"absorber_prisms": [
[-7.00221,-6.78589,-6.6933,-5.00221,-0.785893,-0.693301]
]
}