{"time_step": 1e-05, "number_of_molecules": 500000, "diff_coef": 350, "sim_time": 1.71905, "absorbers": [[3.0083, 14.2651, -19.0645, 5]], "reflectors": [], "reflector_prisms": [[-13.1134, -11.1344, -1.83297, -11.1134, -8.13445, 0.167031]], "absorber_prisms": [[-3.09067, -7.718, 6.5925, 1.90933, -2.718, 11.5925]], "line_of_sight": [[0, 0, 0, 0, 0, 499]]}