{
"time_step": 1e-05,
"number_of_molecules": 500000,
"diff_coef": 100,
"sim_time": 1.35,
"absorbers": [
[-1.35046,-9.14533,-5.96148,2]
],
"reflectors": [
],
"reflector_prisms": [
[1.22003,0.210336,10.7166,3.22003,3.21034,16.7166],
[-9.63521,7.80123,-9.49243,-6.63521,13.8012,-3.49243]
],
"absorber_prisms": [
[1.76489,3.52227,16.4827,6.76489,5.52227,20.4827],
[-4.30359,-1.34887,-13.7777,-0.303591,2.65113,-11.7777],
[-5.43842,7.78029,-18.2507,-3.43842,13.7803,-14.2507]
]
}