{"time_step": 1e-05, "number_of_molecules": 500000, "diff_coef": 150, "sim_time": 3.21111, "absorbers": [[-17.0871, 4.69586, 13.0377, 5], [14.0278, -7.54485, 5.94109, 5], [-4.53652, 0.171537, -14.2965, 5], [9.199, -5.45785, -7.38852, 6], [5.43955, 16.0257, -6.13092, 7], [3.86806, 6.04142, 20.7976, 7]], "reflectors": [[11.9484, 11.6288, 12.7675, 5], [-21.9475, -0.482384, -6.86112, 4], [-11.0121, 8.54532, 1.30844, 5]], "reflector_prisms": [], "absorber_prisms": [], "line_of_sight": [[498, 498, 0, 0, 0, 498], [132, 0, 132, 0, 0, 503], [180, 180, 0, 0, 0, 501], [152, 31, 121, 0, 0, 502], [0, 0, 0, 0, 0, 500], [196, 196, 0, 0, 0, 500]]}