{"time_step": 1e-05, "number_of_molecules": 500000, "diff_coef": 250, "sim_time": 0.54, "absorbers": [[-10.2341, -2.5069, -3.15892, 3], [-0.105512, -7.97145, -11.5085, 5]], "reflectors": [], "reflector_prisms": [], "absorber_prisms": [[-6.67176, 10.5519, -18.1317, -0.671763, 14.5519, -12.1317], [15.1916, -10.6048, 0.499503, 17.1916, -4.60482, 3.4995], [7.15314, 8.61023, -7.21698, 11.1531, 13.6102, -1.21698], [-0.461551, 4.96138, -1.41477, 1.53845, 6.96138, 0.585234]], "line_of_sight": [[0, 0, 0, 0, 0, 500], [0, 0, 0, 0, 0, 499]]}