{"time_step": 1e-05, "number_of_molecules": 500000, "diff_coef": 200, "sim_time": 3.00833, "absorbers": [[6.47968, 6.01544, 22.3121, 5]], "reflectors": [[5.2954, -14.7647, -3.15643, 6], [-7.45626, 6.12222, -7.136, 6], [4.39925, -12.0978, 7.7, 5]], "reflector_prisms": [[12.2404, 11.4283, -12.0258, 14.2404, 17.4283, -8.02579]], "absorber_prisms": [[-0.74478, -5.46088, -9.72537, 4.25522, -2.46088, -3.72537]], "line_of_sight": [[0, 0, 0, 0, 0, 501]]}