{
"time_step": 1e-05,
"number_of_molecules": 500000,
"diff_coef": 400,
"sim_time": 1.20417,
"absorbers": [
[-8.12746,-14.9962,-12.2499,4],
[-6.42571,10.3322,-10.3902,4],
[7.79722,-5.10195,3.62952,5],
[0.426445,1.24204,-17.952,6],
[10.5605,-1.09454,-18.1184,4]
],
"reflectors": [
[-0.561711,0.0296387,13.9887,7],
[21.5736,-3.39471,2.65598,6],
[-9.52588,-18.3829,3.51111,6],
[11.7236,5.72314,-5.07968,4],
[10.0421,20.4585,3.0995,5]
],
"reflector_prisms": [
],
"absorber_prisms": [
]
}