{
"time_step": 1e-05,
"number_of_molecules": 500000,
"diff_coef": 150,
"sim_time": 3.6,
"absorbers": [
[-13.3389,1.04134,4.12175,4],
[-13.0187,2.84448,-17.5049,4]
],
"reflectors": [
],
"reflector_prisms": [
[-6.76618,-0.797659,13.2262,-2.76618,3.20234,17.2262],
[-3.5952,-9.39335,17.2406,-1.5952,-6.39335,20.2406],
[9.07985,-1.75049,-13.4171,15.0798,4.24951,-7.4171]
],
"absorber_prisms": [
]
}