{
"time_step": 1e-05,
"number_of_molecules": 500000,
"diff_coef": 50,
"sim_time": 12.0333,
"absorbers": [
[-20.8939,-1.70759,-1.23629,2],
[-2.65954,0.512281,8.5828,2]
],
"reflectors": [
[-1.42223,12.3497,-6.43918,2],
[3.10641,2.21669,-8.15086,2]
],
"reflector_prisms": [
[-2.76671,-10.0986,-5.41904,3.23329,-6.09856,-2.41904]
],
"absorber_prisms": [
]
}