{"time_step": 1e-05, "number_of_molecules": 500000, "diff_coef": 250, "sim_time": 1.30667, "absorbers": [[-6.12948, 6.78032, 15.5067, 4]], "reflectors": [[-12.8556, 11.7811, -4.46543, 6], [-6.83778, -4.36827, 12.616, 3], [-6.14929, -18.6727, -15.444, 6]], "reflector_prisms": [[1.9039, -5.56415, 14.9037, 5.9039, -3.56415, 16.9037], [10.2419, 0.692869, 6.88608, 14.2419, 3.69287, 9.88608]], "absorber_prisms": [], "line_of_sight": [[0, 0, 0, 0, 0, 504]]}