{"time_step": 1e-05, "number_of_molecules": 500000, "diff_coef": 400, "sim_time": 0.6, "absorbers": [[-4.81017, 13.5355, -4.31877, 3]], "reflectors": [[-21.18, -5.94235, -0.311434, 5]], "reflector_prisms": [[-13.6049, -1.22743, -3.81764, -7.60491, 2.77257, -1.81764], [9.56498, 15.6627, 0.171673, 14.565, 19.6627, 4.17167], [4.04592, 17.0134, -7.71518, 9.04592, 22.0134, -4.71518]], "absorber_prisms": [[-1.77927, -4.79586, 6.68109, 2.22073, 0.204136, 9.68109]], "line_of_sight": [[0, 0, 0, 0, 0, 501]]}