{"time_step": 1e-05, "number_of_molecules": 500000, "diff_coef": 200, "sim_time": 2.40833, "absorbers": [[2.20199, 13.88, 16.9262, 5]], "reflectors": [[6.53276, -11.1878, -19.0041, 4]], "reflector_prisms": [], "absorber_prisms": [], "line_of_sight": [[0, 0, 0, 0, 0, 501]]}