{
"time_step": 1e-05,
"number_of_molecules": 500000,
"diff_coef": 350,
"sim_time": 0.804762,
"absorbers": [
[-5.32791,-7.0282,14.5333,4],
[-1.83889,1.7543,17.8197,6]
],
"reflectors": [
],
"reflector_prisms": [
],
"absorber_prisms": [
]
}