{"time_step": 1e-05, "number_of_molecules": 500000, "diff_coef": 100, "sim_time": 1.66667, "absorbers": [[-2.85259, -4.03092, -12.0256, 3]], "reflectors": [], "reflector_prisms": [], "absorber_prisms": [[3.1423, -16.0186, -4.64455, 5.1423, -14.0186, -2.64455], [3.62626, -7.79435, -10.4573, 5.62626, -1.79435, -4.45734], [2.31857, -2.56297, -19.5314, 5.31857, 0.437027, -13.5314], [-10.1426, 10.2598, -9.23625, -8.14262, 15.2598, -6.23625]], "line_of_sight": [[0, 0, 0, 0, 0, 500]]}