{"time_step": 1e-05, "number_of_molecules": 500000, "diff_coef": 100, "sim_time": 0.816667, "absorbers": [[-4.66162, -7.29073, -9.70126, 6]], "reflectors": [[3.61679, 9.51014, 4.18043, 2], [-0.372614, -9.79849, 1.96231, 4]], "reflector_prisms": [[6.23449, 0.226619, -4.69994, 12.2345, 5.22662, -0.699936], [-9.4413, 17.248, -2.25844, -4.4413, 21.248, -0.258439]], "absorber_prisms": [[-5.12233, 10.2997, -11.638, 0.877673, 16.2997, -5.63797]], "line_of_sight": [[58, 0, 58, 0, 0, 507]]}