{"time_step": 1e-05, "number_of_molecules": 500000, "diff_coef": 250, "sim_time": 1.30667, "absorbers": [[6.31614, 14.6953, -0.392466, 2]], "reflectors": [[0.485835, -2.61074, 14.7631, 4]], "reflector_prisms": [], "absorber_prisms": [[-7.5149, -7.7218, -3.91187, -5.5149, -3.7218, -0.911872], [-20.4564, 1.71485, -4.61099, -16.4564, 6.71485, 1.38901], [15.1453, 10.7458, 4.50872, 17.1453, 12.7458, 8.50872], [-13.4397, 2.9969, 9.97536, -8.4397, 8.9969, 15.9754]], "line_of_sight": [[0, 0, 0, 0, 0, 502]]}