{"time_step": 1e-05, "number_of_molecules": 500000, "diff_coef": 100, "sim_time": 1.66667, "absorbers": [[11.6383, 9.4498, -0.500235, 5]], "reflectors": [[-8.69975, -0.777708, -14.5846, 4], [-3.35417, -4.3311, 11.7894, 3]], "reflector_prisms": [[6.47106, -7.9865, -18.5305, 12.4711, -2.9865, -12.5305], [-17.3187, -2.74372, -4.59815, -15.3187, 0.256279, 0.401847]], "absorber_prisms": [[0.196831, -3.33855, -12.8492, 3.19683, 2.66145, -6.84917]], "line_of_sight": [[0, 0, 0, 0, 0, 499]]}