{
"time_step": 1e-05,
"number_of_molecules": 500000,
"diff_coef": 400,
"sim_time": 1.50417,
"absorbers": [
[-0.650955,1.22597,-8.89231,4],
[0.628041,-0.0739907,-20.9905,4],
[-8.59649,-12.5778,15.8713,5],
[1.41434,-8.43163,-12.3251,5],
[-9.0201,18.8423,2.14598,2],
[-2.65572,-5.87801,10.1191,2],
[13.1776,-5.48773,-4.60816,2]
],
"reflectors": [
[3.42536,10.2695,-17.9946,3],
[2.66743,14.8561,11.5404,4],
[0.52589,-0.908551,19.9724,3]
],
"reflector_prisms": [
],
"absorber_prisms": [
]
}