{"time_step": 1e-05, "number_of_molecules": 500000, "diff_coef": 400, "sim_time": 1.35, "absorbers": [[-5.04301, 5.82254, 12.8711, 3], [6.88682, 10.2546, -16.9828, 4], [-5.65881, 3.03797, -19.9937, 3], [10.0602, -9.17655, -8.40139, 4], [15.1914, 1.35917, 4.83455, 3], [-3.15927, -1.59501, 18.6675, 6], [-1.76662, -19.5669, -13.7846, 6]], "reflectors": [[12.2789, -4.42811, 15.1533, 3], [16.1027, 4.3285, -14.3516, 5]], "reflector_prisms": [], "absorber_prisms": [], "line_of_sight": [[0, 0, 0, 0, 0, 505], [53, 53, 0, 0, 0, 496], [39, 39, 0, 0, 0, 500], [0, 0, 0, 0, 0, 501], [0, 0, 0, 0, 0, 501], [44, 44, 0, 0, 0, 501], [0, 0, 0, 0, 0, 499]]}