{
"time_step": 1e-05,
"number_of_molecules": 500000,
"diff_coef": 100,
"sim_time": 6.01667,
"absorbers": [
[3.19552,-8.52036,-7.82253,6],
[-22.2584,5.46833,1.91348,4]
],
"reflectors": [
],
"reflector_prisms": [
[-9.81827,14.8401,3.96609,-7.81827,19.8401,8.96609]
],
"absorber_prisms": [
[-14.2692,1.67014,-10.9165,-10.2692,3.67014,-8.91646],
[2.1268,10.061,-8.23146,6.1268,13.061,-5.23146]
]
}