{"time_step": 1e-05, "number_of_molecules": 500000, "diff_coef": 100, "sim_time": 5.4, "absorbers": [[-10.8282, -20.4677, 6.3105, 6]], "reflectors": [], "reflector_prisms": [[3.06354, 1.29281, -9.35119, 8.06354, 3.29281, -5.35119], [-14.7525, -10.1513, 7.80208, -10.7525, -7.15125, 10.8021], [7.06872, 9.9121, 12.4781, 12.0687, 11.9121, 16.4781]], "absorber_prisms": [[2.67192, -2.03877, 6.23577, 8.67192, 1.96123, 10.2358], [7.93731, -2.32381, -5.52864, 10.9373, 0.676187, -3.52864]], "line_of_sight": [[0, 0, 0, 0, 0, 502]]}