{"time_step": 1e-05, "number_of_molecules": 500000, "diff_coef": 100, "sim_time": 6.01667, "absorbers": [[-1.80382, 0.399438, -20.9186, 2], [17.2693, -2.68372, 7.45441, 5]], "reflectors": [], "reflector_prisms": [], "absorber_prisms": [[-10.3097, -1.41863, 4.23378, -4.30974, 0.581368, 6.23378], [2.57359, 7.47062, 5.55616, 7.57359, 12.4706, 9.55616], [-3.5608, -7.08393, 10.4611, 1.4392, -3.08393, 14.4611], [6.17635, 0.402536, 6.99848, 10.1763, 5.40254, 10.9985]], "line_of_sight": [[0, 0, 0, 0, 0, 502], [1, 0, 0, 1, 0, 503]]}