{
"time_step": 1e-05,
"number_of_molecules": 500000,
"diff_coef": 100,
"sim_time": 6.01667,
"absorbers": [
[-8.25682,-2.10196,22.4367,5],
[-13.7006,-2.43153,-1.54285,3],
[1.98724,21.0308,-6.14453,6],
[0.274537,-2.38236,-20.8626,5],
[7.25455,-18.5356,1.94992,5],
[14.6765,13.5884,13.2649,6],
[0.465962,19.6631,9.8563,3],
[-8.08515,5.39475,2.35095,4]
],
"reflectors": [
[14.7739,1.29649,2.24745,3],
[-11.7397,-3.13337,-13.2801,2],
[1.58508,4.57406,24.5268,6]
],
"reflector_prisms": [
],
"absorber_prisms": [
]
}