{"time_step": 1e-05, "number_of_molecules": 500000, "diff_coef": 150, "sim_time": 4.01111, "absorbers": [[-13.6891, -9.80379, 2.34406, 3], [0.562304, -5.83145, -23.274, 5]], "reflectors": [[4.25253, -0.418477, 16.4542, 3], [-5.44177, -9.72998, -10.0357, 3], [-13.2978, 8.95104, -8.18823, 4], [-2.23346, 1.85621, -18.7767, 4]], "reflector_prisms": [], "absorber_prisms": [], "line_of_sight": [[0, 0, 0, 0, 0, 501], [55, 0, 58, 0, 0, 504]]}