{"time_step": 1e-05, "number_of_molecules": 500000, "diff_coef": 100, "sim_time": 6.01667, "absorbers": [[1.85505, -9.87618, 6.55895, 5], [6.04064, -1.44642, -15.8246, 6], [-0.310356, 2.36483, 23.8812, 5], [-7.30194, -1.24983, -21.7743, 6], [0.632201, 5.77878, 9.33841, 5]], "reflectors": [[-7.08521, 3.32205, 4.44565, 4], [-1.11113, 14.7198, -8.43158, 7]], "reflector_prisms": [], "absorber_prisms": [], "line_of_sight": [[292, 0, 292, 0, 0, 504], [268, 224, 90, 0, 0, 499], [438, 590, 0, 0, 0, 500], [202, 252, 0, 0, 0, 501], [181, 238, 0, 0, 0, 500]]}