{
"time_step": 1e-05,
"number_of_molecules": 500000,
"diff_coef": 150,
"sim_time": 3.6,
"absorbers": [
[1.28147,-0.459169,17.9485,2],
[-2.16055,6.23325,8.80219,2],
[21.7698,8.3494,-5.68895,6],
[-9.26835,1.9223,15.3102,5]
],
"reflectors": [
[-11.193,-17.7678,-0.152534,2],
[7.71301,10.3547,-7.63478,4],
[-2.66445,11.998,-10.2444,2],
[-11.0012,6.81535,7.58451,3],
[-2.15893,18.5553,9.59383,5],
[16.0077,-3.83487,4.24812,6]
],
"reflector_prisms": [
],
"absorber_prisms": [
]
}