{
"time_step": 1e-05,
"number_of_molecules": 500000,
"diff_coef": 150,
"sim_time": 3.21111,
"absorbers": [
[11.3167,2.48883,-13.7745,4],
[2.58662,5.94801,-12.4069,4],
[10.638,-16.8815,1.35975,6],
[-15.9635,-6.13405,13.8398,7],
[-0.12079,12.8975,9.46782,4],
[-0.884295,0.88247,-21.9645,5]
],
"reflectors": [
[9.38867,-8.80633,-7.70075,6]
],
"reflector_prisms": [
],
"absorber_prisms": [
]
}