{"time_step": 1e-05, "number_of_molecules": 500000, "diff_coef": 150, "sim_time": 2.84444, "absorbers": [[-3.99289, -0.857264, -18.5559, 3], [1.99971, -11.7237, 7.38625, 5]], "reflectors": [[-1.80909, 7.67965, -12.7574, 4], [-0.536988, -0.489996, 18.9861, 5], [-16.7233, 6.32781, 2.07146, 4], [4.90506, 2.32842, -20.2859, 2]], "reflector_prisms": [], "absorber_prisms": [], "line_of_sight": [[235, 0, 235, 0, 0, 500], [92, 0, 92, 0, 0, 500]]}