{"time_step": 1e-05, "number_of_molecules": 500000, "diff_coef": 150, "sim_time": 3.21111, "absorbers": [[1.3831, 0.47137, -21.9514, 5]], "reflectors": [[13.9635, 0.623227, 15.6726, 3], [-7.11458, 12.9473, 11.9478, 6], [-1.94654, -14.5832, 14.9847, 3]], "reflector_prisms": [[-14.8805, -2.3983, -16.0389, -9.88046, 0.601697, -14.0389]], "absorber_prisms": [[-7.9298, -3.03662, -19.9854, -3.9298, -0.0366188, -15.9854]], "line_of_sight": [[0, 0, 0, 0, 0, 501]]}