{"time_step": 1e-05, "number_of_molecules": 500000, "diff_coef": 350, "sim_time": 0.57619, "absorbers": [[4.29835, 12.5307, 4.52842, 3]], "reflectors": [], "reflector_prisms": [[8.05762, -9.21159, 3.92834, 14.0576, -3.21159, 7.92834], [14.8492, 7.13071, 1.67045, 18.8492, 13.1307, 5.67045], [-3.87398, -3.1526, -10.5522, -0.87398, 0.8474, -4.5522], [7.67512, -1.13406, -17.4283, 13.6751, 3.86594, -11.4283], [-2.17021, -2.43538, -21.9887, 2.82979, 3.56462, -15.9887]], "absorber_prisms": [], "line_of_sight": [[0, 0, 0, 0, 0, 500]]}