{
"time_step": 1e-05,
"number_of_molecules": 500000,
"diff_coef": 400,
"sim_time": 1.50417,
"absorbers": [
[-0.818985,-10.8322,-1.72974,3],
[-13.5556,5.47284,-3.36066,5],
[-7.18239,-8.15498,-15.5856,3],
[22.7244,-0.768835,-10.3928,6],
[1.55563,-4.59194,13.1337,2],
[-3.42233,9.87843,14.6528,5],
[-3.55384,7.95978,-14.5949,4]
],
"reflectors": [
[10.5728,-2.25769,7.21928,6],
[-11.9974,-0.123824,-17.235,4],
[-18.8737,4.90987,10.1822,3]
],
"reflector_prisms": [
],
"absorber_prisms": [
]
}