{
"time_step": 1e-05,
"number_of_molecules": 500000,
"diff_coef": 250,
"sim_time": 1.5,
"absorbers": [
[-7.46025,-3.36652,17.1468,4],
[2.42615,2.1616,-11.5517,6],
[7.34917,7.61518,-2.99978,4]
],
"reflectors": [
[-14.8075,3.33877,5.05864,5],
[-3.53838,10.8786,6.17542,5]
],
"reflector_prisms": [
],
"absorber_prisms": [
]
}