{
"time_step": 1e-05,
"number_of_molecules": 500000,
"diff_coef": 100,
"sim_time": 6.01667,
"absorbers": [
[-1.90778,-4.43277,-23.5098,5]
],
"reflectors": [
],
"reflector_prisms": [
],
"absorber_prisms": [
[-3.27437,2.48614,7.20808,1.72563,7.48614,11.2081],
[13.3655,5.95242,-2.29561,19.3655,8.95242,0.704389],
[6.64069,-0.901948,4.39145,11.6407,3.09805,9.39145],
[-3.9142,-10.5117,-0.404258,2.0858,-4.51175,5.59574]
]
}