{
"time_step": 1e-05,
"number_of_molecules": 500000,
"diff_coef": 100,
"sim_time": 1.66667,
"absorbers": [
[7.45666,8.22034,6.76936,3]
],
"reflectors": [
],
"reflector_prisms": [
[-1.76199,-1.23481,-12.9674,0.238005,1.76519,-6.9674],
[10.5769,-8.82142,1.75039,16.5769,-5.82142,6.75039],
[6.17057,-3.51649,-20.7739,10.1706,1.48351,-16.7739]
],
"absorber_prisms": [
]
}