{
"time_step": 1e-05,
"number_of_molecules": 500000,
"diff_coef": 150,
"sim_time": 1.87778,
"absorbers": [
[-6.54032,15.8964,-5.34108,5],
[-11.2282,-1.76108,6.31079,4],
[-5.72083,1.99034,-13.7226,2]
],
"reflectors": [
],
"reflector_prisms": [
[13.9656,-1.30752,-2.06333,19.9656,1.69248,-0.063326],
[0.123062,-7.60235,8.87173,5.12306,-1.60235,14.8717]
],
"absorber_prisms": [
]
}