{
"time_step": 1e-05,
"number_of_molecules": 500000,
"diff_coef": 150,
"sim_time": 0.9,
"absorbers": [
[6.25737,-0.925868,8.99934,2]
],
"reflectors": [
[-8.72157,-3.39309,-5.7811,6]
],
"reflector_prisms": [
[4.91071,2.98569,1.69923,6.91071,8.98569,4.69923]
],
"absorber_prisms": [
[-19.7114,0.138048,-2.1779,-15.7114,6.13805,0.8221],
[17.4839,8.20538,3.93922,19.4839,11.2054,9.93922],
[-1.30894,-1.19338,-11.9231,3.69106,0.806616,-6.92306]
]
}