{
"time_step": 1e-05,
"number_of_molecules": 500000,
"diff_coef": 50,
"sim_time": 10.8,
"absorbers": [
[-5.39624,1.14215,-24.3839,7],
[6.54639,-20.8658,-9.88747,6],
[10.3791,7.77728,-0.888283,4],
[1.92837,-11.5134,13.7012,4],
[3.64315,-3.19571,19.404,4],
[-0.517731,10.9789,0.442215,4]
],
"reflectors": [
[0.780808,14.3664,-15.2969,7],
[-1.42509,-14.6175,-21.4546,7],
[0.296428,-3.1215,-11.5831,4]
],
"reflector_prisms": [
],
"absorber_prisms": [
]
}