{
"time_step": 1e-05,
"number_of_molecules": 500000,
"diff_coef": 50,
"sim_time": 8.53333,
"absorbers": [
[-5.85762,14.5958,-15.3834,6]
],
"reflectors": [
],
"reflector_prisms": [
[0.272275,-1.28041,7.31528,2.27228,3.71959,9.31528]
],
"absorber_prisms": [
[-16.2674,-11.8732,-4.74694,-14.2674,-6.87316,1.25306],
[19.189,-4.20375,0.811778,21.189,-1.20375,3.81178]
]
}