{"time_step": 1e-05, "number_of_molecules": 500000, "diff_coef": 50, "sim_time": 5.63333, "absorbers": [[-0.142046, 6.58883, 15.6706, 4], [3.39469, -1.46564, -11.4161, 4], [8.77616, -5.80573, 14.6039, 5], [-11.856, 3.02428, 6.80355, 6], [-1.82489, -11.0971, -8.3381, 6]], "reflectors": [[-21.789, -3.01457, -0.39127, 7], [-2.37934, -12.1281, 11.6725, 5], [-5.5689, 21.4421, -9.23158, 7], [-9.08373, 0.60268, -6.17435, 5], [-14.7568, -8.61487, -13.8572, 7]], "reflector_prisms": [], "absorber_prisms": [], "line_of_sight": [[301, 301, 0, 0, 0, 502], [128, 128, 0, 0, 0, 500], [192, 0, 192, 0, 0, 502], [85, 19, 66, 0, 0, 502], [109, 62, 47, 0, 0, 500]]}