{"time_step": 1e-05, "number_of_molecules": 500000, "diff_coef": 200, "sim_time": 2.7, "absorbers": [[9.58435, -2.77897, 21.827, 6], [-4.3744, 20.1237, -7.73952, 6]], "reflectors": [[10.8175, 18.8143, 3.6058, 3]], "reflector_prisms": [], "absorber_prisms": [[-14.8589, 9.73256, -12.4794, -12.8589, 14.7326, -9.47936], [-10.4382, -1.04718, -9.30642, -5.43818, 2.95282, -4.30642]], "line_of_sight": [[0, 0, 0, 0, 0, 496], [0, 0, 0, 0, 0, 498]]}