{"time_step": 1e-05, "number_of_molecules": 500000, "diff_coef": 100, "sim_time": 3.26667, "absorbers": [[1.13332, -0.52527, 12.9398, 4], [0.621293, -11.8881, 12.1362, 3], [13.2982, -3.30604, 2.86826, 3]], "reflectors": [], "reflector_prisms": [[-4.62349, -1.07114, -19.9215, 1.37651, 1.92886, -15.9215]], "absorber_prisms": [[11.6351, -10.1755, -4.86842, 16.6351, -6.17553, 0.13158]], "line_of_sight": [[0, 0, 0, 0, 0, 501], [0, 0, 0, 0, 0, 501], [0, 0, 0, 0, 0, 498]]}