{
"time_step": 1e-05,
"number_of_molecules": 500000,
"diff_coef": 100,
"sim_time": 3.26667,
"absorbers": [
[-5.38337,-2.56229,-14.8477,3],
[1.68178,-11.6228,-10.8665,2],
[9.62169,-2.05881,-6.86909,3],
[2.08207,-1.57831,13.7541,5]
],
"reflectors": [
],
"reflector_prisms": [
[8.06478,14.3133,-10.3466,12.0648,19.3133,-7.34661]
],
"absorber_prisms": [
]
}