{
"time_step": 1e-05,
"number_of_molecules": 500000,
"diff_coef": 150,
"sim_time": 4.01111,
"absorbers": [
[-8.18139,-0.292363,-19.3385,2]
],
"reflectors": [
[-9.81506,0.225774,6.90026,3],
[-0.878423,-4.93227,16.245,4],
[-2.69565,-1.64578,7.35016,3]
],
"reflector_prisms": [
],
"absorber_prisms": [
]
}