{"time_step": 1e-05, "number_of_molecules": 500000, "diff_coef": 350, "sim_time": 1.54286, "absorbers": [[18.2372, 1.72838, -10.2673, 3], [-17.4318, 2.878, -6.98923, 6]], "reflectors": [], "reflector_prisms": [[-0.694455, -3.89214, -9.24236, 4.30555, 2.10786, -6.24236], [2.75599, 3.45107, 7.9505, 7.75599, 6.45107, 9.9505], [-19.1077, -5.8217, -13.0144, -13.1077, 0.178299, -10.0144]], "absorber_prisms": [], "line_of_sight": [[0, 0, 0, 0, 0, 500], [17, 0, 0, 0, 17, 502]]}