{
"time_step": 1e-05,
"number_of_molecules": 500000,
"diff_coef": 200,
"sim_time": 2.7,
"absorbers": [
[11.8266,-17.0975,7.19779,4]
],
"reflectors": [
[12.4037,11.2295,-6.63679,6],
[1.49575,8.57025,10.9688,3]
],
"reflector_prisms": [
[-7.36576,-2.62984,0.412628,-5.36576,-0.629843,4.41263],
[0.191624,-7.65396,3.674,6.19162,-3.65396,5.674]
],
"absorber_prisms": [
]
}