{
"time_step": 1e-05,
"number_of_molecules": 500000,
"diff_coef": 300,
"sim_time": 2.00556,
"absorbers": [
[11.5853,-5.77471,22.5485,7],
[4.12346,-8.21785,6.03855,6],
[-6.8826,7.7083,-20.5478,7],
[20.5866,-4.28686,9.31739,4],
[6.87915,2.25825,-10.7971,7]
],
"reflectors": [
[-7.86023,-1.6224,20.4838,6],
[-4.14552,-5.7304,-12.0821,4]
],
"reflector_prisms": [
],
"absorber_prisms": [
]
}