{
"time_step": 1e-05,
"number_of_molecules": 500000,
"diff_coef": 200,
"sim_time": 2.40833,
"absorbers": [
[-0.0348584,-0.242955,-22.9987,7],
[-9.65299,-5.78935,-6.5041,6],
[3.37805,11.7619,8.67454,6],
[-11.6533,-16.2214,1.03316,4],
[-17.3293,8.59232,10.4817,5]
],
"reflectors": [
[0.158677,-8.05452,-5.92448,4],
[5.1806,-0.369402,13.001,7]
],
"reflector_prisms": [
],
"absorber_prisms": [
]
}