{
"time_step": 1e-05,
"number_of_molecules": 500000,
"diff_coef": 50,
"sim_time": 10.8,
"absorbers": [
[-3.75291,1.84954,-5.61203,2],
[6.21042,5.04272,-0.0405122,2],
[-3.24377,11.4378,-13.515,2],
[-15.83,6.39385,5.70355,2],
[7.25248,-9.57123,18.4335,6],
[-5.0625,-2.43413,-19.1949,2],
[8.33164,-15.5002,-3.78519,6],
[-8.82021,-9.26491,5.68906,2]
],
"reflectors": [
[-0.114747,-1.21192,7.90684,2],
[2.63312,7.09049,-12.9534,2],
[-0.0970308,0.0345731,-14.9996,2],
[1.60038,7.19938,-21.7855,5]
],
"reflector_prisms": [
],
"absorber_prisms": [
]
}