{
"time_step": 1e-05,
"number_of_molecules": 500000,
"diff_coef": 250,
"sim_time": 1.92667,
"absorbers": [
[2.80064,11.6673,0.176185,7],
[1.23911,-5.68499,10.495,4],
[13.5239,-17.1777,2.45606,5],
[-7.35987,7.19363,3.88381,4],
[6.98463,-3.56715,-10.3678,6]
],
"reflectors": [
],
"reflector_prisms": [
],
"absorber_prisms": [
]
}