{"time_step": 1e-05, "number_of_molecules": 500000, "diff_coef": 50, "sim_time": 7.5, "absorbers": [[-6.78964, -16.0871, -11.6664, 6], [10.7548, 11.8423, -0.307748, 4], [-1.78268, -8.66552, -1.65254, 4], [1.71783, 13.4273, -10.2838, 7]], "reflectors": [[11.6118, -0.215457, -19.8524, 7], [16.9694, -5.63592, -2.06785, 4], [-4.50313, -2.88144, 15.0804, 6], [-6.95226, 1.02787, -9.72674, 6]], "reflector_prisms": [], "absorber_prisms": [], "line_of_sight": [[218, 218, 0, 0, 0, 499], [132, 132, 0, 0, 0, 503], [203, 203, 0, 0, 0, 501], [84, 37, 47, 0, 0, 499]]}