{
"time_step": 1e-05,
"number_of_molecules": 500000,
"diff_coef": 150,
"sim_time": 2.5,
"absorbers": [
[0.229577,-1.90409,-19.9078,5]
],
"reflectors": [
[-2.14843,-15.7349,-15.2248,5],
[-0.367561,9.4721,3.185,2],
[9.79917,-7.50559,-8.52304,3]
],
"reflector_prisms": [
[-17.1134,-10.9455,4.30295,-13.1134,-8.94546,7.30295]
],
"absorber_prisms": [
[-10.535,-11.5581,8.88586,-4.53501,-7.55811,11.8859]
]
}