{"time_step": 1e-05, "number_of_molecules": 500000, "diff_coef": 250, "sim_time": 1.70667, "absorbers": [[-5.78185, 2.62243, -11.3443, 6], [5.22469, -18.2641, 6.25499, 4]], "reflectors": [], "reflector_prisms": [[-8.67252, -13.4588, 4.25514, -4.67252, -8.45881, 9.25514], [0.401086, 7.87267, -2.26526, 6.40109, 10.8727, 0.734743], [-19.3537, -9.01724, -0.267178, -16.3537, -6.01724, 4.73282]], "absorber_prisms": [[1.39762, -11.2465, -7.64847, 6.39762, -5.24651, -4.64847]], "line_of_sight": [[0, 0, 0, 0, 0, 503], [0, 0, 0, 0, 0, 499]]}