{
"time_step": 1e-05,
"number_of_molecules": 500000,
"diff_coef": 350,
"sim_time": 0.304762,
"absorbers": [
[4.82884,-2.86842,-11.7241,5]
],
"reflectors": [
],
"reflector_prisms": [
],
"absorber_prisms": [
[-8.91647,-14.6494,-9.87534,-3.91647,-12.6494,-7.87534],
[-1.54456,10.8351,7.94155,4.45544,14.8351,10.9416],
[-5.43553,-3.53814,-10.8022,-0.435532,-0.538138,-6.8022]
]
}