{"time_step": 1e-05, "number_of_molecules": 500000, "diff_coef": 250, "sim_time": 1.12667, "absorbers": [[12.1382, 11.3915, -3.44946, 7], [5.61991, -10.461, 1.72741, 4], [-9.94018, -10.043, -12.7016, 6], [2.23361, -1.33661, -8.61536, 4], [4.52688, -9.90807, -16.7731, 7]], "reflectors": [], "reflector_prisms": [], "absorber_prisms": [], "line_of_sight": [[0, 0, 0, 0, 0, 500], [0, 0, 0, 0, 0, 503], [0, 0, 0, 0, 0, 501], [158, 158, 0, 0, 0, 501], [244, 244, 0, 0, 0, 501]]}