{"time_step": 1e-05, "number_of_molecules": 500000, "diff_coef": 400, "sim_time": 1.06667, "absorbers": [[-22.8639, 1.43685, -2.04337, 7], [1.68078, -10.405, 5.73679, 7], [9.18579, -4.80095, -20.5322, 7], [10.8797, 4.12958, 2.92888, 4], [0.295545, -0.986961, -14.9646, 4], [3.98306, 5.91659, 19.7517, 5]], "reflectors": [[14.3032, 5.96264, -14.1727, 6], [-4.96264, 1.8821, 7.26842, 4], [17.5566, 14.594, 2.78935, 7], [-6.39082, -15.4168, -11.0217, 6], [-16.0598, -13.6191, -6.37204, 4]], "reflector_prisms": [], "absorber_prisms": [], "line_of_sight": [[130, 130, 0, 0, 0, 501], [0, 0, 0, 0, 0, 501], [495, 102, 447, 0, 0, 500], [284, 118, 241, 0, 0, 500], [263, 255, 120, 0, 0, 499], [159, 159, 0, 0, 0, 497]]}