{
"time_step": 1e-05,
"number_of_molecules": 500000,
"diff_coef": 150,
"sim_time": 3.6,
"absorbers": [
[20.5425,10.0488,-2.45516,5]
],
"reflectors": [
],
"reflector_prisms": [
[-3.15717,-3.88973,6.34076,1.84283,1.11027,8.34076]
],
"absorber_prisms": [
[4.65636,4.43234,-18.4375,8.65636,8.43234,-12.4375],
[5.51815,-13.1757,12.1751,9.51815,-7.17567,16.1751],
[-4.94696,-0.16126,-16.5997,1.05304,5.83874,-12.5997]
]
}