{"time_step": 1e-05, "number_of_molecules": 500000, "diff_coef": 300, "sim_time": 1.8, "absorbers": [[-5.27332, 5.2666, 10.6515, 6], [-0.565367, 0.510981, -8.96768, 3], [10.5315, -8.09074, 13.5878, 3], [-6.69199, -16.9154, -10.4922, 6], [-1.54385, -3.34433, -18.6395, 5], [6.73392, 3.34632, -14.1229, 3], [-1.81682, 19.72, 2.79624, 2]], "reflectors": [[-0.635621, -11.4416, 9.67909, 3], [2.82113, -8.84996, -10.4747, 5], [11.4739, -8.39726, -12.603, 2], [1.18213, 1.0865, 20.9385, 4], [6.67946, -9.24113, 6.24391, 2]], "reflector_prisms": [], "absorber_prisms": [], "line_of_sight": [[271, 151, 192, 0, 0, 501], [212, 261, 48, 0, 0, 502], [0, 0, 0, 0, 0, 502], [42, 0, 42, 0, 0, 499], [376, 427, 207, 0, 0, 500], [67, 67, 0, 0, 0, 503], [0, 0, 0, 0, 0, 500]]}