{"time_step": 1e-05, "number_of_molecules": 500000, "diff_coef": 100, "sim_time": 6.01667, "absorbers": [[18.6643, -12.1762, 5.6907, 4], [-12.5753, -0.367735, -3.27507, 2]], "reflectors": [], "reflector_prisms": [], "absorber_prisms": [[-22.6024, 6.28789, -4.40633, -16.6024, 8.28789, 0.593674], [5.65338, 0.140353, -3.15381, 9.65338, 3.14035, -0.153808], [-5.21146, -2.44833, 4.30631, -1.21146, 3.55167, 10.3063], [-10.5594, 6.82269, -0.868822, -4.55942, 8.82269, 4.13118]], "line_of_sight": [[0, 0, 0, 0, 0, 500], [0, 0, 0, 0, 0, 500]]}