{"time_step": 1e-05, "number_of_molecules": 500000, "diff_coef": 350, "sim_time": 0.804762, "absorbers": [[8.75903, 3.77017, 3.01083, 5], [1.1962, 6.56415, -6.03995, 4], [-0.167575, 2.43358, 19.8507, 7], [-10.9804, -4.77854, -14.7512, 6], [-1.89406, 17.5433, -7.04585, 6], [-1.47229, -0.116266, -15.9317, 4]], "reflectors": [[-10.8821, -2.57948, -4.35042, 4], [7.21689, -14.0584, -6.26712, 6]], "reflector_prisms": [], "absorber_prisms": [], "line_of_sight": [[155, 88, 72, 0, 0, 499], [122, 122, 0, 0, 0, 500], [173, 173, 0, 0, 0, 498], [204, 204, 87, 0, 0, 499], [223, 223, 0, 0, 0, 502], [401, 401, 0, 0, 0, 501]]}