{"time_step": 1e-05, "number_of_molecules": 500000, "diff_coef": 300, "sim_time": 1.42222, "absorbers": [[-9.14694, -11.9541, 13.1694, 4]], "reflectors": [[9.60915, 6.32871, 6.05076, 5]], "reflector_prisms": [[-9.25755, 1.35801, -4.66651, -5.25755, 6.35801, 0.333492], [3.70518, 1.50298, -12.6845, 5.70518, 4.50298, -9.68452]], "absorber_prisms": [[-0.0715125, 5.80309, 14.506, 1.92849, 10.8031, 18.506], [4.33269, 8.79131, -0.935384, 6.33269, 13.7913, 2.06462]], "line_of_sight": [[0, 0, 0, 0, 0, 499]]}