{
"time_step": 1e-05,
"number_of_molecules": 500000,
"diff_coef": 100,
"sim_time": 5.4,
"absorbers": [
[-23.2594,-4.9911,3.17646,6],
[1.61184,-13.4673,-8.48726,2]
],
"reflectors": [
],
"reflector_prisms": [
[-3.21187,-5.63997,-16.6663,-0.211867,0.360035,-12.6663],
[-16.8424,0.048562,-5.66276,-11.8424,6.04856,-0.662764]
],
"absorber_prisms": [
[-10.3685,-21.0714,-1.89951,-4.36855,-16.0714,0.100489],
[-3.13933,-6.7028,6.47182,-0.139326,-3.7028,11.4718]
]
}