{"time_step": 1e-05, "number_of_molecules": 500000, "diff_coef": 100, "sim_time": 3.26667, "absorbers": [[-0.7227, -14.2663, 10.9522, 4], [0.598464, 3.91861, 17.5581, 4]], "reflectors": [[14.0004, -0.984462, -5.29328, 3]], "reflector_prisms": [], "absorber_prisms": [[-4.58541, -5.53501, 4.63368, -0.585409, 0.464986, 9.63368], [-7.46058, -1.28734, -9.93826, -5.46058, 4.71266, -4.93826], [11.5883, -14.609, 2.73425, 14.5883, -8.60897, 5.73425]], "line_of_sight": [[90, 0, 0, 90, 0, 496], [28, 0, 0, 28, 0, 500]]}