{"time_step": 1e-05, "number_of_molecules": 500000, "diff_coef": 350, "sim_time": 1.37619, "absorbers": [[5.30487, 4.09715, -17.7784, 6], [5.58147, 4.37053, 13.2191, 6], [-11.6282, 4.88783, 3.14551, 3], [-7.2574, -10.0418, 18.1794, 5], [16.2928, 1.86031, 4.48166, 5], [-17.6224, 3.62844, -0.534384, 4], [0.370977, -5.5985, -11.7269, 5], [2.63366, 8.21797, -2.55517, 2]], "reflectors": [], "reflector_prisms": [], "absorber_prisms": [], "line_of_sight": [[143, 143, 0, 0, 0, 501], [166, 166, 0, 0, 0, 499], [101, 101, 0, 0, 0, 500], [245, 245, 0, 0, 0, 500], [84, 84, 0, 0, 0, 500], [234, 234, 0, 0, 0, 500], [182, 182, 0, 0, 0, 496], [0, 0, 0, 0, 0, 502]]}