{
"time_step": 1e-05,
"number_of_molecules": 500000,
"diff_coef": 300,
"sim_time": 1.42222,
"absorbers": [
[10.2035,-0.978993,-18.3284,5]
],
"reflectors": [
],
"reflector_prisms": [
],
"absorber_prisms": [
[-15.1231,-13.1726,-7.24475,-10.1231,-8.17261,-4.24475],
[-2.51326,-0.201115,-17.911,-0.513264,1.79889,-14.911],
[2.43525,-2.53759,12.9921,5.43525,2.46241,16.9921],
[3.93404,-5.31522,-6.89553,7.93404,-0.315221,-3.89553]
]
}