{"time_step": 1e-05, "number_of_molecules": 500000, "diff_coef": 100, "sim_time": 4.81667, "absorbers": [[-6.14037, -19.4324, -8.28721, 5], [-2.26604, 0.617092, -14.815, 5], [5.25489, 7.75723, 3.4945, 4], [-2.26514, -1.60848, 13.7216, 6]], "reflectors": [[14.5105, 0.145875, -19.1161, 7]], "reflector_prisms": [], "absorber_prisms": [], "line_of_sight": [[352, 352, 0, 0, 0, 497], [261, 261, 0, 0, 0, 497], [105, 105, 0, 0, 0, 498], [259, 159, 100, 0, 0, 500]]}