{
"time_step": 1e-05,
"number_of_molecules": 500000,
"diff_coef": 250,
"sim_time": 2.40667,
"absorbers": [
[-7.05163,19.5688,2.88734,2]
],
"reflectors": [
],
"reflector_prisms": [
[-1.97105,4.5338,-6.90102,1.02895,10.5338,-2.90102]
],
"absorber_prisms": [
[-3.074,2.17165,15.7315,1.926,8.17165,18.7315],
[-7.78473,3.91065,-4.06574,-2.78473,7.91065,1.93426]
]
}