{
"time_step": 1e-05,
"number_of_molecules": 500000,
"diff_coef": 200,
"sim_time": 2.7,
"absorbers": [
[-20.3575,4.49478,9.71444,5],
[-3.52893,-8.85295,3.02852,4]
],
"reflectors": [
[3.65411,-15.4703,-6.02633,4],
[4.39781,7.17063,13.6103,5],
[1.67884,-4.16344,7.80047,3]
],
"reflector_prisms": [
],
"absorber_prisms": [
]
}