{"time_step": 1e-05, "number_of_molecules": 500000, "diff_coef": 300, "sim_time": 1.8, "absorbers": [[-4.89681, -4.69086, -19.875, 3], [2.42487, -7.43721, 9.09989, 5]], "reflectors": [], "reflector_prisms": [[12.2276, 3.02991, 10.6491, 18.2276, 6.02991, 13.6491], [12.4178, -6.66829, -5.19911, 18.4178, -0.668291, 0.800887], [11.2256, 8.96617, 0.172902, 17.2256, 12.9662, 2.1729]], "absorber_prisms": [], "line_of_sight": [[0, 0, 0, 0, 0, 498], [0, 0, 0, 0, 0, 499]]}