{
"time_step": 1e-05,
"number_of_molecules": 500000,
"diff_coef": 200,
"sim_time": 3.00833,
"absorbers": [
[-8.37562,1.18706,-8.51116,5],
[13.523,-2.20707,-19.7043,5]
],
"reflectors": [
],
"reflector_prisms": [
],
"absorber_prisms": [
[-13.8988,9.14251,11.1618,-11.8988,14.1425,14.1618],
[5.30171,-11.8918,-6.89159,10.3017,-5.8918,-3.89159]
]
}