{"time_step": 1e-05, "number_of_molecules": 500000, "diff_coef": 250, "sim_time": 2.40667, "absorbers": [[-7.85144, 8.57355, -15.0283, 5], [22.7255, 10.2935, -1.61114, 6]], "reflectors": [[1.79907, 2.98839, 19.6935, 6], [7.27075, -8.24393, -0.416892, 5], [-5.63286, -8.34358, -8.2253, 2]], "reflector_prisms": [], "absorber_prisms": [], "line_of_sight": [[0, 0, 0, 0, 0, 504], [0, 0, 0, 0, 0, 500]]}