{"time_step": 1e-05, "number_of_molecules": 500000, "diff_coef": 400, "sim_time": 1.20417, "absorbers": [[-5.06185, 13.5626, 12.3059, 2]], "reflectors": [[1.82659, 1.98602, 11.6927, 3]], "reflector_prisms": [], "absorber_prisms": [[-15.3717, 3.88821, -6.83519, -12.3717, 6.88821, -1.83519]], "line_of_sight": [[0, 0, 0, 0, 0, 505]]}