{
"time_step": 1e-05,
"number_of_molecules": 500000,
"diff_coef": 150,
"sim_time": 3.21111,
"absorbers": [
[-0.164441,2.80854,-21.8194,5],
[10.3861,-12.0549,-10.383,4],
[2.29503,2.04894,16.7193,6],
[-16.456,-3.31579,6.49657,5],
[9.47395,-4.87487,-20.3833,6]
],
"reflectors": [
[-6.92561,11.0164,13.8447,5]
],
"reflector_prisms": [
],
"absorber_prisms": [
]
}