{
"time_step": 1e-05,
"number_of_molecules": 500000,
"diff_coef": 350,
"sim_time": 1.21905,
"absorbers": [
[3.36323,8.53807,19.9947,6],
[2.91972,-2.03199,13.5405,4],
[1.28558,-3.63483,-16.557,6],
[5.33366,12.8766,-5.54485,3]
],
"reflectors": [
],
"reflector_prisms": [
],
"absorber_prisms": [
[-5.35603,-2.62379,11.3602,-2.35603,-0.623788,15.3602]
]
}