{
"time_step": 1e-05,
"number_of_molecules": 500000,
"diff_coef": 300,
"sim_time": 0.45,
"absorbers": [
[-0.316926,8.92667,-6.41982,2]
],
"reflectors": [
],
"reflector_prisms": [
],
"absorber_prisms": [
[-8.61691,-0.232442,-5.58372,-5.61691,1.76756,-3.58372],
[-5.70183,-0.620704,9.95882,-0.701834,3.3793,11.9588],
[6.15262,-2.03427,2.68811,10.1526,3.96573,4.68811],
[-5.10943,-0.74473,5.71266,0.890567,1.25527,9.71266]
]
}