{
"time_step": 1e-05,
"number_of_molecules": 500000,
"diff_coef": 400,
"sim_time": 1.50417,
"absorbers": [
[4.2279,11.5654,20.6001,5],
[8.58992,-6.50502,8.93857,5]
],
"reflectors": [
],
"reflector_prisms": [
],
"absorber_prisms": [
[2.569,-1.61789,16.4674,6.569,2.38211,22.4674],
[-4.04679,-7.55982,8.4718,-1.04679,-3.55982,14.4718]
]
}