{"time_step": 1e-05, "number_of_molecules": 500000, "diff_coef": 150, "sim_time": 3.21111, "absorbers": [[-6.46118, 1.00934, -11.2354, 3], [9.06391, 3.98949, 1.38909, 5], [2.96951, -0.552654, -10.5772, 2], [20.4302, 1.91472, -7.93353, 5], [1.25343, -4.43738, 17.3994, 3], [-7.87897, 0.427761, -1.31865, 2], [1.10189, 4.54468, -7.68971, 4]], "reflectors": [[4.44978, -1.38379, -23.5432, 5], [5.69101, -5.01685, 2.53844, 3], [9.4327, -4.69983, 16.9981, 2], [-19.0951, 5.83208, 1.16865, 3], [-14.9503, -6.56419, 9.71596, 6], [9.26304, -7.11958, 10.932, 4], [8.35951, -15.8493, 10.9507, 4]], "reflector_prisms": [], "absorber_prisms": [], "line_of_sight": [[111, 0, 140, 0, 0, 501], [190, 145, 68, 0, 0, 503], [353, 72, 335, 0, 0, 501], [300, 159, 194, 0, 0, 499], [398, 398, 0, 0, 0, 498], [325, 270, 55, 0, 0, 501], [104, 86, 42, 0, 0, 500]]}