{
"time_step": 1e-05,
"number_of_molecules": 500000,
"diff_coef": 300,
"sim_time": 0.272222,
"absorbers": [
[-0.360573,-3.38952,-8.32953,2]
],
"reflectors": [
],
"reflector_prisms": [
[-6.75422,-6.01513,-9.79044,-3.75422,-2.01513,-7.79044],
[8.83579,-10.3371,7.07358,13.8358,-5.33709,11.0736]
],
"absorber_prisms": [
[-10.8012,-0.253219,-15.6159,-8.80116,5.74678,-11.6159]
]
}