{"time_step": 1e-05, "number_of_molecules": 500000, "diff_coef": 100, "sim_time": 4.26667, "absorbers": [[-4.89332, -5.62581, 18.5582, 4]], "reflectors": [[-19.551, -0.152609, -12.1133, 6], [-0.744771, -0.0987123, 19.9859, 3]], "reflector_prisms": [[-10.1015, -9.2478, -1.78285, -7.1015, -4.2478, 4.21715], [5.63147, -0.181146, 8.36593, 9.63147, 3.81885, 12.3659], [-8.04263, 2.9462, -8.56174, -3.04263, 7.9462, -5.56174]], "absorber_prisms": [], "line_of_sight": [[0, 0, 0, 0, 0, 495]]}