{"time_step": 1e-05, "number_of_molecules": 500000, "diff_coef": 150, "sim_time": 2.84444, "absorbers": [[-19.2642, 6.743, 10.603, 7], [6.46066, -1.02551, -13.4985, 4], [9.40773, 17.9458, -5.51762, 6], [12.3432, -19.1307, -3.26503, 7]], "reflectors": [[1.21193, 1.72125, 23.9075, 5], [-6.743, -9.42977, 5.88314, 6]], "reflector_prisms": [], "absorber_prisms": [], "line_of_sight": [[0, 0, 0, 0, 0, 499], [0, 0, 0, 0, 0, 499], [409, 0, 409, 0, 0, 499], [0, 0, 0, 0, 0, 498]]}