{"time_step": 1e-05, "number_of_molecules": 500000, "diff_coef": 250, "sim_time": 0.806667, "absorbers": [[-0.135422, 8.86685, 12.098, 4]], "reflectors": [[19.0656, 0.793528, 8.76781, 3]], "reflector_prisms": [[-0.62131, -16.6797, 5.73192, 3.37869, -14.6797, 11.7319]], "absorber_prisms": [], "line_of_sight": [[0, 0, 0, 0, 0, 500]]}