{"time_step": 1e-05, "number_of_molecules": 500000, "diff_coef": 250, "sim_time": 1.30667, "absorbers": [[8.63446, 2.37968, -9.42249, 4], [0.643165, -15.8032, 10.5282, 5]], "reflectors": [[13.1212, 13.8551, -12.8402, 5]], "reflector_prisms": [[-12.608, -18.4688, 9.25067, -7.60804, -13.4688, 11.2507], [-10.0183, -1.36354, -14.7561, -4.01826, 1.63646, -11.7561]], "absorber_prisms": [], "line_of_sight": [[48, 0, 48, 0, 0, 501], [0, 0, 0, 0, 0, 500]]}