{
"time_step": 1e-05,
"number_of_molecules": 500000,
"diff_coef": 350,
"sim_time": 1.54286,
"absorbers": [
[-8.80889,1.72599,-0.651509,2],
[-1.34194,1.51181,-9.79355,3],
[-2.89773,0.470585,-18.7718,3],
[3.47611,-9.84036,3.4762,5],
[-19.6102,0.813981,3.84391,6],
[2.40579,-5.52451,-5.26231,2],
[-0.43509,-0.972434,19.9716,2]
],
"reflectors": [
[-7.6102,-0.430469,20.6373,5],
[-1.43598,-4.96845,16.1942,2],
[1.80771,-16.7413,-10.7918,6],
[-1.56368,-3.55084,-6.99617,2],
[13.6815,5.75148,-2.17666,6],
[2.39244,11.3852,12.3957,5],
[6.53631,6.70748,3.50521,3]
],
"reflector_prisms": [
],
"absorber_prisms": [
]
}