{
"time_step": 1e-05,
"number_of_molecules": 500000,
"diff_coef": 350,
"sim_time": 1.37619,
"absorbers": [
[-2.60462,14.2345,-3.94893,4],
[11.1568,0.931203,11.4306,6],
[13.3335,-1.27522,-18.6974,6],
[-2.07324,-3.94685,19.4968,5]
],
"reflectors": [
],
"reflector_prisms": [
],
"absorber_prisms": [
]
}