{
"time_step": 1e-05,
"number_of_molecules": 500000,
"diff_coef": 50,
"sim_time": 8.53333,
"absorbers": [
[-7.35966,-9.27642,-18.5414,6]
],
"reflectors": [
[-6.65215,15.5483,-1.73208,6],
[7.09467,5.4879,-0.740654,4],
[4.6578,3.9653,7.91083,3],
[15.2591,-8.42798,4.48656,6],
[4.7386,12.7513,10.1955,5]
],
"reflector_prisms": [
],
"absorber_prisms": [
]
}