{
"time_step": 1e-05,
"number_of_molecules": 500000,
"diff_coef": 300,
"sim_time": 0.138889,
"absorbers": [
[-0.493583,-3.69104,8.19345,4]
],
"reflectors": [
],
"reflector_prisms": [
[-5.51129,6.62475,-4.30127,-2.51129,11.6248,-2.30127],
[-2.97938,-17.6661,-15.0791,3.02062,-11.6661,-9.07909],
[5.33439,-11.9926,1.45586,7.33439,-8.99258,3.45586]
],
"absorber_prisms": [
]
}