{
"time_step": 1e-05,
"number_of_molecules": 500000,
"diff_coef": 300,
"sim_time": 1.60556,
"absorbers": [
[-3.3047,-4.94233,-20.1408,4],
[-1.29071,-16.5987,-3.43752,2],
[21.8225,2.78897,0.0277317,5],
[4.09056,-16.4969,-0.345153,3],
[-1.79161,0.0578657,-15.8993,2],
[7.99798,-16.4922,8.00255,4],
[6.62279,-4.78201,8.7904,4],
[-14.9957,9.02518,-4.20411,5]
],
"reflectors": [
],
"reflector_prisms": [
],
"absorber_prisms": [
]
}