{
"time_step": 1e-05,
"number_of_molecules": 500000,
"diff_coef": 250,
"sim_time": 1.30667,
"absorbers": [
[-10.7715,4.75954,-7.57105,5],
[17.791,4.06105,-8.18467,7],
[-5.42922,-8.88714,-7.7809,4],
[-14.0166,9.58697,0.790336,4],
[1.98498,-4.98576,16.1308,6],
[5.78609,6.73869,16.7962,5]
],
"reflectors": [
[0.774083,0.240183,-10.9701,4],
[-9.87619,-10.0887,9.4699,4],
[2.03186,4.25323,-22.5118,7],
[0.189213,7.78361,-7.77043,4],
[-4.66272,14.9761,3.15817,6]
],
"reflector_prisms": [
],
"absorber_prisms": [
]
}