{"time_step": 1e-05, "number_of_molecules": 500000, "diff_coef": 50, "sim_time": 4.03333, "absorbers": [[9.05295, -1.32875, -10.5962, 3]], "reflectors": [[5.85997, 2.1751, 10.2435, 4], [1.34591, 3.58337, -10.3125, 3], [13.3086, 13.1164, -7.13023, 3]], "reflector_prisms": [], "absorber_prisms": [[4.4449, -11.3132, -7.49311, 6.4449, -6.31317, -2.49311], [-3.58925, -14.8487, 12.4464, -0.589247, -9.84873, 17.4464]], "line_of_sight": [[0, 0, 0, 0, 0, 500]]}