{"time_step": 1e-05, "number_of_molecules": 500000, "diff_coef": 100, "sim_time": 4.81667, "absorbers": [[-15.7838, 10.9625, 8.46734, 4], [-0.145411, -5.82642, 15.9697, 6], [4.86156, 11.437, -3.81578, 4], [5.3795, -13.4275, -3.97021, 4], [-0.00622598, 12.9398, 7.58686, 6]], "reflectors": [[0.243358, -1.33461, -17.9488, 5], [-3.36118, -16.8645, 5.31898, 5], [-15.7923, -0.642632, -6.26026, 4]], "reflector_prisms": [], "absorber_prisms": [], "line_of_sight": [[0, 0, 0, 0, 0, 498], [112, 0, 112, 0, 0, 502], [210, 0, 210, 0, 0, 500], [188, 188, 0, 0, 0, 501], [101, 101, 0, 0, 0, 499]]}