{
"time_step": 1e-05,
"number_of_molecules": 500000,
"diff_coef": 100,
"sim_time": 2.81667,
"absorbers": [
[-2.2101,2.6934,-13.5595,5],
[17.2938,-1.32152,7.75747,7],
[-3.48831,-0.43717,16.6325,7],
[-10.6208,12.633,-4.07499,4]
],
"reflectors": [
[-0.915695,-15.0353,16.0344,5]
],
"reflector_prisms": [
],
"absorber_prisms": [
]
}