{
"time_step": 1e-05,
"number_of_molecules": 500000,
"diff_coef": 100,
"sim_time": 1.06667,
"absorbers": [
[9.66669,2.63292,-4.54123,3]
],
"reflectors": [
],
"reflector_prisms": [
[8.20684,15.2134,-6.13257,12.2068,17.2134,-1.13257]
],
"absorber_prisms": [
[-11.5004,6.23382,12.5234,-7.50045,9.23382,16.5234],
[-3.31743,-2.52929,-14.9958,2.68257,2.47071,-8.99577],
[-12.5248,2.54231,-15.2324,-6.52477,8.54231,-13.2324],
[-10.9273,-4.08052,1.04552,-5.92735,-1.08052,6.04552]
]
}