{"time_step": 1e-05, "number_of_molecules": 500000, "diff_coef": 350, "sim_time": 1.71905, "absorbers": [[-10.1729, 19.1178, 10.3451, 7], [-15.6524, -16.7809, 1.55012, 7], [-3.41235, -3.2483, 22.5123, 4], [-5.92782, 2.67654, -6.2207, 4]], "reflectors": [[0.550073, -1.82506, -14.8784, 7], [10.1415, -19.1875, 14.3175, 7]], "reflector_prisms": [], "absorber_prisms": [], "line_of_sight": [[0, 0, 0, 0, 0, 501], [0, 0, 0, 0, 0, 498], [498, 0, 498, 0, 0, 498], [118, 0, 118, 0, 0, 503]]}