{"time_step": 1e-05, "number_of_molecules": 500000, "diff_coef": 50, "sim_time": 12.0333, "absorbers": [[-3.94911, 20.4487, -2.6936, 2], [8.12056, -3.14342, 2.27496, 3]], "reflectors": [], "reflector_prisms": [], "absorber_prisms": [[-18.1165, 2.87563, -6.91112, -15.1165, 6.87563, -2.91112], [0.764519, 0.586304, 4.51091, 2.76452, 2.5863, 6.51091], [1.13714, 7.55597, 4.76231, 4.13714, 11.556, 8.76231]], "line_of_sight": [[0, 0, 0, 0, 0, 499], [0, 0, 0, 0, 0, 501]]}