{"time_step": 1e-05, "number_of_molecules": 500000, "diff_coef": 150, "sim_time": 2.17778, "absorbers": [[-13.1282, 10.6965, 8.61597, 5], [-5.18721, -2.46245, -9.38238, 3], [6.28962, 15.114, -4.58354, 4]], "reflectors": [[6.54401, -3.62243, 15.2661, 3]], "reflector_prisms": [], "absorber_prisms": [[-22.6633, -8.16898, 4.50526, -18.6633, -2.16898, 6.50526]], "line_of_sight": [[0, 0, 0, 0, 0, 501], [1, 0, 1, 0, 0, 499], [0, 0, 0, 0, 0, 499]]}