{
"time_step": 1e-05,
"number_of_molecules": 500000,
"diff_coef": 50,
"sim_time": 12.0333,
"absorbers": [
[6.85247,-3.44002,21.6843,4],
[1.89318,-5.26797,-11.733,5]
],
"reflectors": [
],
"reflector_prisms": [
],
"absorber_prisms": [
]
}