{"time_step": 1e-05, "number_of_molecules": 500000, "diff_coef": 350, "sim_time": 0.933333, "absorbers": [[-7.19095, 0.614222, 15.392, 7], [-9.04247, 2.88487, -15.2942, 4], [7.98179, 9.52301, 10.0798, 6], [12.8188, -13.8598, 6.60194, 7], [-10.1459, -6.67853, -13.2838, 5]], "reflectors": [[-0.3104, 15.3372, -9.41662, 6], [-17.8481, 4.93304, -4.25552, 7], [-8.65885, 15.3063, -3.83957, 4], [0.532991, 2.21186, -14.8264, 4]], "reflector_prisms": [], "absorber_prisms": [], "line_of_sight": [[99, 0, 99, 0, 0, 499], [0, 0, 0, 0, 0, 503], [153, 153, 0, 0, 0, 498], [245, 0, 245, 0, 0, 501], [288, 288, 0, 0, 0, 496]]}