{"time_step": 1e-05, "number_of_molecules": 500000, "diff_coef": 150, "sim_time": 1.34444, "absorbers": [[0.119311, -0.291675, -10.9955, 2], [10.9899, 9.21615, 7.09123, 5]], "reflectors": [[3.67875, 14.5264, -0.670274, 5]], "reflector_prisms": [[-8.20946, 3.68728, -2.67032, -3.20946, 8.68728, 0.32968]], "absorber_prisms": [[3.11064, 2.58627, -5.60258, 7.11064, 5.58627, -3.60258]], "line_of_sight": [[0, 0, 0, 0, 0, 499], [0, 0, 0, 0, 0, 498]]}