{
"time_step": 1e-05,
"number_of_molecules": 500000,
"diff_coef": 300,
"sim_time": 1.8,
"absorbers": [
[-17.0377,-7.43275,-13.5452,5],
[-10.7705,-6.31902,14.3201,3]
],
"reflectors": [
],
"reflector_prisms": [
[4.0343,-10.579,8.79092,9.0343,-4.57897,10.7909],
[6.02004,0.422706,-14.5481,9.02004,5.42271,-9.5481],
[-0.465119,-10.5581,-0.485212,4.53488,-7.55814,4.51479]
],
"absorber_prisms": [
[3.83834,-5.80791,16.9868,9.83834,-1.80791,21.9868]
]
}