{
"time_step": 1e-05,
"number_of_molecules": 500000,
"diff_coef": 50,
"sim_time": 4.03333,
"absorbers": [
[-0.380755,2.33721,-15.8238,5]
],
"reflectors": [
[-7.22561,11.875,17.0521,5]
],
"reflector_prisms": [
[-2.01427,11.1108,-5.99923,3.98573,14.1108,0.000767156],
[-8.88544,-2.24068,-1.09259,-5.88544,-0.240684,1.90741]
],
"absorber_prisms": [
]
}