{
"time_step": 1e-05,
"number_of_molecules": 500000,
"diff_coef": 200,
"sim_time": 2.40833,
"absorbers": [
[-0.049578,-0.598058,-19.991,3],
[7.6892,6.09924,-1.91713,4],
[-0.0775491,0.299381,-9.99522,2]
],
"reflectors": [
],
"reflector_prisms": [
[-12.0247,1.73405,-21.2132,-6.02469,5.73405,-18.2132],
[-6.65394,6.34364,0.471114,-3.65394,9.34364,2.47111]
],
"absorber_prisms": [
]
}