{"time_step": 1e-05, "number_of_molecules": 500000, "diff_coef": 400, "sim_time": 1.50417, "absorbers": [[0.754772, 0.486359, 18.9788, 2], [10.9643, -11.6046, 1.05712, 5], [-5.53486, -3.92094, 7.34789, 5], [-4.06479, -9.15285, -6.61082, 2], [-0.545023, -4.02622, 21.6216, 3], [-4.84196, 3.69195, -21.1406, 5], [-3.52542, 0.57141, -9.3405, 2]], "reflectors": [[16.1187, -12.7728, -7.81296, 3], [7.94865, -2.45723, -19.2816, 4], [6.75898, -11.7741, 16.0215, 3], [15.558, -3.17753, -13.7424, 2]], "reflector_prisms": [], "absorber_prisms": [], "line_of_sight": [[171, 190, 0, 0, 0, 502], [2, 0, 2, 0, 0, 498], [69, 10, 59, 0, 0, 496], [0, 0, 0, 0, 0, 500], [260, 274, 0, 0, 0, 501], [311, 316, 0, 0, 0, 498], [239, 239, 0, 0, 0, 501]]}