{
"time_step": 1e-05,
"number_of_molecules": 500000,
"diff_coef": 350,
"sim_time": 1.37619,
"absorbers": [
[1.27651,1.97526,-18.8539,7],
[7.57326,-4.85432,15.5911,7],
[-11.4089,3.65763,-0.677899,5],
[9.652,6.95192,-7.38307,5],
[0.380054,-8.20007,3.68977,4],
[-0.625164,-20.2055,5.68736,4],
[0.116947,9.87082,1.59788,5]
],
"reflectors": [
[-7.1561,-1.27825,9.54758,7]
],
"reflector_prisms": [
],
"absorber_prisms": [
]
}