{
"time_step": 1e-05,
"number_of_molecules": 500000,
"diff_coef": 400,
"sim_time": 1.35,
"absorbers": [
[0.103484,1.31326,6.87493,2],
[10.1962,-11.8425,14.0283,3]
],
"reflectors": [
[1.11743,-14.9388,-0.763252,5]
],
"reflector_prisms": [
],
"absorber_prisms": [
[-15.0284,0.730944,-10.8951,-13.0284,3.73094,-5.89505],
[8.32762,-0.546858,0.6092,14.3276,5.45314,5.6092]
]
}