{"time_step": 1e-05, "number_of_molecules": 500000, "diff_coef": 400, "sim_time": 0.9375, "absorbers": [[16.6973, 6.81026, 5.98509, 4]], "reflectors": [], "reflector_prisms": [[-9.88587, 2.22548, -5.15633, -4.88587, 7.22548, -2.15633], [-6.89183, -18.4001, 6.57116, -4.89183, -14.4001, 8.57116], [-3.63961, -3.85258, -15.4562, 2.36039, 2.14742, -10.4562]], "absorber_prisms": [[7.58941, 8.20794, 4.19882, 11.5894, 14.2079, 8.19882]], "line_of_sight": [[0, 0, 0, 0, 0, 503]]}