{"time_step": 1e-05, "number_of_molecules": 500000, "diff_coef": 250, "sim_time": 0.326667, "absorbers": [[-1.48439, 8.4447, 5.14622, 3]], "reflectors": [], "reflector_prisms": [], "absorber_prisms": [[-6.26093, -6.27303, -15.6588, -0.260928, -4.27303, -11.6588], [-4.06134, -2.51259, -19.7593, -1.06134, -0.512592, -16.7593], [-14.092, 1.6364, 0.941632, -9.09195, 5.6364, 4.94163]], "line_of_sight": [[0, 0, 0, 0, 0, 498]]}