{
"time_step": 1e-05,
"number_of_molecules": 500000,
"diff_coef": 300,
"sim_time": 1.8,
"absorbers": [
[-13.6579,2.44857,17.0723,4],
[6.54559,-3.20547,5.28018,2],
[-9.5711,14.2762,-10.2267,2],
[8.31547,1.74519,-5.27327,5]
],
"reflectors": [
],
"reflector_prisms": [
],
"absorber_prisms": [
[-19.2445,-11.0737,-14.4066,-14.2445,-6.07374,-8.40663]
]
}