{
"time_step": 1e-05,
"number_of_molecules": 500000,
"diff_coef": 300,
"sim_time": 1.8,
"absorbers": [
[15.5027,2.34764,-18.1702,6],
[1.78679,0.393033,-11.8597,3]
],
"reflectors": [
[1.8642,-0.612418,14.8711,3]
],
"reflector_prisms": [
],
"absorber_prisms": [
[-4.21589,-12.2875,-8.89011,0.784107,-8.28747,-4.89011],
[-2.45982,-9.81694,11.2479,2.54018,-7.81694,14.2479]
]
}