{
"time_step": 1e-05,
"number_of_molecules": 500000,
"diff_coef": 50,
"sim_time": 9.63333,
"absorbers": [
[4.58274,-6.16591,11.7038,7],
[8.93635,-0.974694,-6.33968,4],
[6.10872,10.0117,-14.9482,5],
[-1.76697,-7.07661,-20.7557,5],
[-19.9922,5.89581,-9.72376,6],
[-4.36711,-12.8753,-3.33976,4]
],
"reflectors": [
[16.1632,11.5885,9.40525,5],
[18.9247,6.50784,-13.2477,6],
[-12.5834,11.1696,-2.42856,5],
[-2.23629,10.506,7.32279,5],
[-1.43367,20.5398,-4.13075,7]
],
"reflector_prisms": [
],
"absorber_prisms": [
]
}