{"time_step": 1e-05, "number_of_molecules": 500000, "diff_coef": 400, "sim_time": 1.50417, "absorbers": [[14.318, 14.9551, -12.1383, 5], [14.9235, -1.51265, 0.010402, 7], [-22.7293, 2.32763, 2.63827, 5], [-0.822605, 1.22816, -17.9392, 7], [-0.714165, 9.24634, -5.91567, 6]], "reflectors": [[6.82605, -17.1706, -13.6959, 7]], "reflector_prisms": [], "absorber_prisms": [], "line_of_sight": [[92, 92, 0, 0, 0, 504], [18, 18, 0, 0, 0, 500], [499, 499, 0, 0, 0, 499], [36, 36, 0, 0, 0, 498], [50, 50, 0, 0, 0, 500]]}