{"time_step": 1e-05, "number_of_molecules": 500000, "diff_coef": 300, "sim_time": 1.8, "absorbers": [[-13.7554, 2.41455, -0.978718, 6], [16.1053, -10.0193, 1.11019, 3], [5.79587, -4.23058, 10.8402, 2], [7.93127, -3.98643, -6.49641, 5], [-1.93416, -5.37589, -9.39994, 4], [-3.36119, 0.733236, 18.686, 2], [-3.6895, -17.1974, -11.4733, 3]], "reflectors": [[-3.19994, 1.83019, -10.3639, 3], [-2.04084, -2.37173, -18.7406, 3], [-2.08353, 8.91541, 13.1215, 6], [-21.2854, 9.61731, 5.51714, 6], [0.600719, 12.1639, -14.5835, 3], [-20.7297, -7.12169, -1.88747, 4], [0.361725, -3.51066, 7.17944, 3]], "reflector_prisms": [], "absorber_prisms": [], "line_of_sight": [[217, 147, 150, 0, 0, 500], [330, 314, 125, 0, 0, 500], [301, 0, 420, 0, 0, 499], [207, 87, 184, 0, 0, 502], [289, 33, 265, 0, 0, 497], [0, 0, 0, 0, 0, 500], [127, 99, 63, 0, 0, 498]]}