{
"time_step": 1e-05,
"number_of_molecules": 500000,
"diff_coef": 300,
"sim_time": 0.938889,
"absorbers": [
[12.3529,-0.809651,-14.4136,6],
[-15.8189,-5.40231,-3.09476,5],
[4.28053,8.19564,-7.64909,3]
],
"reflectors": [
[-5.47067,10.3202,-17.4518,3]
],
"reflector_prisms": [
],
"absorber_prisms": [
[-2.27769,-8.11152,5.22005,1.72231,-6.11152,10.2201]
]
}