{"time_step": 1e-05, "number_of_molecules": 500000, "diff_coef": 150, "sim_time": 3.6, "absorbers": [[-0.0527591, 0.81158, -19.9835, 2]], "reflectors": [[1.82338, 10.6547, -5.21072, 6], [-1.99845, -10.5485, -5.36062, 4]], "reflector_prisms": [[-7.03456, 2.74284, -5.63226, -2.03456, 6.74284, -1.63226]], "absorber_prisms": [[-4.89118, -20.4531, 3.8322, 0.108816, -16.4531, 7.8322]], "line_of_sight": [[0, 0, 0, 0, 0, 502]]}