{"time_step": 1e-05, "number_of_molecules": 500000, "diff_coef": 300, "sim_time": 1.8, "absorbers": [[-1.8525, -12.4932, 19.2221, 5], [18.8548, -8.57528, 3.45859, 7], [-15.3235, -10.8789, -9.37234, 7]], "reflectors": [[-5.12175, 3.6568, 10.2174, 5]], "reflector_prisms": [], "absorber_prisms": [], "line_of_sight": [[0, 0, 0, 0, 0, 498], [0, 0, 0, 0, 0, 500], [0, 0, 0, 0, 0, 500]]}