{
"time_step": 1e-05,
"number_of_molecules": 500000,
"diff_coef": 300,
"sim_time": 1.08889,
"absorbers": [
[-5.02728,16.8607,-3.80043,4]
],
"reflectors": [
],
"reflector_prisms": [
[-7.02492,-15.5109,13.116,-1.02492,-12.5109,17.116]
],
"absorber_prisms": [
[-13.5027,-3.44488,-4.70893,-8.50272,1.55512,-1.70893],
[15.8696,-3.51927,0.873119,18.8696,1.48073,2.87312],
[-5.47295,10.3025,-8.60681,-2.47295,14.3025,-6.60681]
]
}