{"time_step": 1e-05, "number_of_molecules": 500000, "diff_coef": 50, "sim_time": 10.8, "absorbers": [[-10.6875, 13.307, 10.426, 2]], "reflectors": [[-13.3311, 15.853, -9.99827, 4], [0.376607, -3.4558, 7.20525, 3], [-17.7844, 8.95869, 1.859, 2]], "reflector_prisms": [[-7.93466, -5.39805, 10.0559, -3.93466, -1.39805, 12.0559]], "absorber_prisms": [[-5.91447, -15.127, -1.65478, 0.0855252, -12.127, 4.34522]], "line_of_sight": [[0, 0, 0, 0, 0, 499]]}