{
"time_step": 1e-05,
"number_of_molecules": 500000,
"diff_coef": 150,
"sim_time": 3.6,
"absorbers": [
[-0.576103,-0.835274,-9.94839,5],
[-7.93026,0.705745,-16.1435,4],
[-22.331,5.6893,-6.70518,6],
[3.78061,-1.02013,21.6487,5]
],
"reflectors": [
[1.19316,-4.82213,9.81445,6],
[4.70015,-16.3317,-5.93171,6]
],
"reflector_prisms": [
],
"absorber_prisms": [
]
}