{
"time_step": 1e-05,
"number_of_molecules": 500000,
"diff_coef": 200,
"sim_time": 0.408333,
"absorbers": [
[-8.46137,-4.06332,-5.73538,4]
],
"reflectors": [
[-1.56173,-3.50133,-20.6471,5],
[-0.335867,1.22375,7.89871,3],
[-3.59342,11.8032,-4.09534,4],
[13.7532,-5.74365,-17.5174,4],
[6.14299,-3.33263,16.5879,3]
],
"reflector_prisms": [
],
"absorber_prisms": [
]
}