{
"time_step": 1e-05,
"number_of_molecules": 500000,
"diff_coef": 400,
"sim_time": 1.35,
"absorbers": [
[-3.24068,-11.7252,-18.3308,5],
[7.37866,-11.4373,-14.6542,2],
[7.50337,8.96509,2.70678,4]
],
"reflectors": [
],
"reflector_prisms": [
[-8.43525,-8.77563,11.1275,-4.43525,-3.77563,14.1275]
],
"absorber_prisms": [
]
}