{"time_step": 1e-05, "number_of_molecules": 500000, "diff_coef": 100, "sim_time": 4.81667, "absorbers": [[-1.12669, 2.72819, 13.6853, 3], [-3.52927, 13.0323, 17.3696, 5]], "reflectors": [[-2.43716, -16.7433, -6.14183, 4], [-6.72182, 10.5671, -9.95755, 5], [15.1874, -10.5901, -16.7986, 6], [-3.88688, -3.02003, -16.2718, 4]], "reflector_prisms": [], "absorber_prisms": [], "line_of_sight": [[129, 0, 129, 0, 0, 499], [0, 0, 0, 0, 0, 498]]}