{
"time_step": 1e-05,
"number_of_molecules": 500000,
"diff_coef": 100,
"sim_time": 5.4,
"absorbers": [
[5.75138,-4.72977,-5.05479,3],
[-10.7412,5.94507,17.0377,3],
[3.18354,6.78616,12.9928,4],
[1.78621,-8.81866,4.36357,3],
[10.0415,-9.31263,-10.0719,5],
[9.29512,17.2356,4.06646,4],
[7.66376,-17.439,14.5996,6],
[-1.71936,-12.2714,-3.93135,5]
],
"reflectors": [
],
"reflector_prisms": [
],
"absorber_prisms": [
]
}