{"time_step": 1e-05, "number_of_molecules": 500000, "diff_coef": 150, "sim_time": 2.5, "absorbers": [[0.159859, -0.654525, 19.9886, 5], [-3.80415, -6.17014, 13.1323, 2]], "reflectors": [[6.29673, 10.2519, -18.4187, 3]], "reflector_prisms": [], "absorber_prisms": [[-18.2193, 5.14606, -12.7635, -14.2193, 9.14606, -9.76354], [11.715, -18.2142, 1.13727, 17.715, -14.2142, 3.13727]], "line_of_sight": [[0, 0, 0, 0, 0, 500], [274, 0, 274, 0, 0, 500]]}