{
"time_step": 1e-05,
"number_of_molecules": 500000,
"diff_coef": 50,
"sim_time": 9.63333,
"absorbers": [
[16.023,2.75646,13.2915,4]
],
"reflectors": [
[-8.45694,-0.409914,21.3849,6],
[-6.56016,-5.30863,-3.12774,2]
],
"reflector_prisms": [
[7.79257,-4.22415,-16.0322,9.79257,0.775852,-14.0322],
[-2.00893,-6.34643,14.3353,1.99107,-3.34643,20.3353],
[1.01359,-0.469528,-15.7339,4.01359,2.53047,-11.7339]
],
"absorber_prisms": [
]
}