{"time_step": 1e-05, "number_of_molecules": 500000, "diff_coef": 400, "sim_time": 1.35, "absorbers": [[3.04268, 7.32358, 18.3605, 2], [12.1937, -4.37933, 17.7802, 6]], "reflectors": [], "reflector_prisms": [], "absorber_prisms": [[-6.86022, 3.51507, 4.48281, -2.86022, 5.51507, 10.4828], [-0.103107, -0.548247, 16.2871, 3.89689, 4.45175, 18.2871]], "line_of_sight": [[0, 0, 0, 0, 0, 500], [0, 0, 0, 0, 0, 500]]}