{"time_step": 1e-05, "number_of_molecules": 500000, "diff_coef": 300, "sim_time": 1.60556, "absorbers": [[8.09985, 16.5359, -7.80748, 3]], "reflectors": [], "reflector_prisms": [], "absorber_prisms": [[-1.66877, 1.01486, -8.86949, 3.33123, 7.01486, -4.86949], [1.53747, -4.39625, 15.4097, 5.53747, -1.39625, 19.4097], [5.37526, 2.41657, -7.60462, 9.37526, 8.41657, -4.60462]], "line_of_sight": [[36, 0, 0, 36, 0, 498]]}