{
"time_step": 1e-05,
"number_of_molecules": 500000,
"diff_coef": 200,
"sim_time": 2.13333,
"absorbers": [
[5.10795,7.77741,-3.66343,5],
[-3.39687,8.70261,16.5447,4],
[4.87665,-5.56756,-3.03655,2],
[-4.09949,0.548317,-16.4892,4],
[4.36712,0.154997,10.0948,6],
[-4.60793,-12.1522,0.300365,2],
[3.07285,16.6717,10.6118,4]
],
"reflectors": [
[-2.28752,-17.1107,-10.099,3],
[10.6868,-0.919239,-10.4856,5],
[-5.03901,16.7406,-11.6345,2]
],
"reflector_prisms": [
],
"absorber_prisms": [
]
}