{"time_step": 1e-05, "number_of_molecules": 500000, "diff_coef": 250, "sim_time": 1.30667, "absorbers": [[-0.532754, 12.2978, 14.4734, 5]], "reflectors": [[5.36325, -3.61226, 12.4172, 5], [8.32111, 12.2697, -2.28329, 5], [-0.621646, 4.29622, 9.00867, 2], [-11.6665, -3.83011, -10.2578, 5]], "reflector_prisms": [], "absorber_prisms": [[5.26137, -14.3725, 5.59876, 9.26137, -8.3725, 11.5988]], "line_of_sight": [[127, 0, 127, 0, 0, 497]]}