{"time_step": 1e-05, "number_of_molecules": 500000, "diff_coef": 50, "sim_time": 9.63333, "absorbers": [[12.7096, -2.32257, 1.43934, 7], [9.51722, 7.08101, 16.1022, 5], [0.0702419, -0.102371, 12.9994, 7], [-8.49094, -2.93414, 0.542931, 4], [-8.12723, -12.9112, 9.55249, 7], [7.57059, 20.7602, 6.37959, 6]], "reflectors": [[-0.284739, 0.00235364, -10.9963, 5], [2.05171, -8.23343, 5.29161, 4], [-16.9306, 15.4204, -2.13677, 4], [-8.84271, 13.408, 16.4631, 6], [-10.7426, 1.45516, 10.3672, 4], [17.1985, 12.0322, -0.663296, 4]], "reflector_prisms": [], "absorber_prisms": [], "line_of_sight": [[196, 148, 48, 0, 0, 501], [172, 172, 105, 0, 0, 501], [158, 60, 102, 0, 0, 499], [298, 243, 55, 0, 0, 503], [122, 42, 80, 0, 0, 500], [0, 0, 0, 0, 0, 499]]}