{
"time_step": 1e-05,
"number_of_molecules": 500000,
"diff_coef": 350,
"sim_time": 0.385714,
"absorbers": [
[-7.91502,12.6886,1.16311,6]
],
"reflectors": [
],
"reflector_prisms": [
[-16.4815,6.68804,8.0173,-11.4815,11.688,12.0173]
],
"absorber_prisms": [
[-11.3244,-3.7033,-18.8066,-5.32444,-0.703299,-12.8066],
[1.77425,-8.01807,12.9373,3.77425,-2.01807,16.9373]
]
}