{"time_step": 1e-05, "number_of_molecules": 500000, "diff_coef": 350, "sim_time": 0.171429, "absorbers": [[1.28376, 1.36362, -10.8394, 5]], "reflectors": [], "reflector_prisms": [[-8.2171, -7.18635, -12.6705, -6.2171, -2.18635, -10.6705], [-6.59604, -4.72291, -7.45501, -2.59604, -0.722908, -4.45501]], "absorber_prisms": [[-6.87035, -5.09658, -21.7795, -2.87035, -0.0965815, -19.7795], [-10.6711, -18.8813, -1.78814, -4.6711, -15.8813, 2.21186]], "line_of_sight": [[0, 0, 0, 0, 0, 501]]}