{
"time_step": 1e-05,
"number_of_molecules": 500000,
"diff_coef": 150,
"sim_time": 1.34444,
"absorbers": [
[7.96908,-13.2134,-7.13443,6]
],
"reflectors": [
],
"reflector_prisms": [
[-0.178697,-2.64386,16.7895,5.8213,1.35614,22.7895],
[0.226458,-10.5268,6.92861,4.22646,-5.52684,8.92861],
[-6.23373,-1.41482,4.26123,-4.23373,3.58518,6.26123]
],
"absorber_prisms": [
[-11.53,-4.63396,2.74607,-5.53002,-2.63396,4.74607],
[-1.60676,-2.45964,-14.8954,0.393239,-0.459643,-8.89543]
]
}