{"time_step": 1e-05, "number_of_molecules": 500000, "diff_coef": 50, "sim_time": 12.0333, "absorbers": [[-3.42689, 4.67179, -21.2234, 3]], "reflectors": [], "reflector_prisms": [[-22.5416, -3.58221, -8.84266, -17.5416, -1.58221, -5.84266], [4.47939, -2.92336, 5.02641, 7.47939, 2.07664, 7.02641]], "absorber_prisms": [[7.51929, -11.6977, -0.0770014, 12.5193, -8.69769, 4.923], [-6.57997, -3.49353, -14.2743, -1.57997, 2.50647, -8.27432]], "line_of_sight": [[226, 0, 0, 226, 0, 499]]}