{"time_step": 1e-05, "number_of_molecules": 500000, "diff_coef": 50, "sim_time": 4.8, "absorbers": [[0.386386, 2.13734, 13.8305, 2]], "reflectors": [[7.51347, -13.5114, -9.21902, 4], [-1.80703, -0.574573, -21.9181, 6]], "reflector_prisms": [[-11.907, 4.71407, 3.29564, -8.907, 6.71407, 7.29564], [-8.87013, -5.70544, 14.9688, -3.87013, -1.70544, 18.9688]], "absorber_prisms": [[-14.0533, -12.4359, 11.8429, -10.0533, -10.4359, 13.8429]], "line_of_sight": [[483, 0, 483, 0, 0, 502]]}