{
"time_step": 1e-05,
"number_of_molecules": 500000,
"diff_coef": 300,
"sim_time": 1.25,
"absorbers": [
[-3.88297,-3.28976,-16.2204,2]
],
"reflectors": [
],
"reflector_prisms": [
[-0.515078,-1.20444,13.471,1.48492,2.79556,16.471],
[-0.989334,-13.9703,4.95694,4.01067,-8.97035,8.95694]
],
"absorber_prisms": [
[3.35178,0.407683,7.097,7.35178,4.40768,9.097],
[-7.26299,2.49301,5.34421,-1.26299,4.49301,11.3442]
]
}