{
"time_step": 1e-05,
"number_of_molecules": 500000,
"diff_coef": 100,
"sim_time": 3.75,
"absorbers": [
[7.77213,-9.80788,-3.52128,7],
[-11.5617,11.0471,0.536374,7],
[6.47365,12.4677,12.7926,4],
[0.290344,0.785891,-9.96484,5],
[-3.78068,-2.51747,10.0184,6]
],
"reflectors": [
[-5.45984,10.5488,13.5245,6],
[7.76616,16.2269,-0.610936,7],
[-10.5276,-4.91615,-5.83104,4],
[-10.5139,0.92382,18.155,5]
],
"reflector_prisms": [
],
"absorber_prisms": [
]
}