{"time_step": 1e-05, "number_of_molecules": 500000, "diff_coef": 400, "sim_time": 1.06667, "absorbers": [[1.59636, 6.59577, -20.9272, 6]], "reflectors": [], "reflector_prisms": [[-1.85348, -2.2987, -10.9149, 4.14652, 2.7013, -4.91486], [-1.15973, 0.366747, -18.5331, 4.84027, 6.36675, -12.5331], [-8.80429, 6.61525, -2.92786, -6.80429, 11.6153, 3.07214], [-0.183251, -1.33204, 8.29278, 2.81675, 4.66796, 13.2928]], "absorber_prisms": [[-10.4249, 2.81359, -20.5583, -6.42488, 6.81359, -15.5583]], "line_of_sight": [[406, 0, 0, 0, 678, 497]]}