{
"time_step": 1e-05,
"number_of_molecules": 500000,
"diff_coef": 400,
"sim_time": 1.20417,
"absorbers": [
[-3.92704,4.89753,17.933,4],
[0.884889,3.67954,-7.04826,2],
[5.9924,-5.9837,5.3185,3],
[-8.73062,-17.6476,-11.8886,6],
[-3.88135,10.6784,-8.17969,4],
[-2.88103,-0.897483,-8.47904,4],
[7.3414,6.09255,-5.47583,4],
[13.9115,0.400707,-17.0385,6]
],
"reflectors": [
[-11.7142,-0.158964,-5.63489,2],
[5.83914,-18.778,9.86358,4],
[9.87003,-9.45593,-14.6003,2],
[0.953247,-4.04585,14.4126,2],
[7.41183,-10.4424,-5.65878,6]
],
"reflector_prisms": [
],
"absorber_prisms": [
]
}