{"time_step": 1e-05, "number_of_molecules": 500000, "diff_coef": 50, "sim_time": 5.63333, "absorbers": [[-0.818683, -0.21359, -16.9789, 4]], "reflectors": [[10.9548, 4.17775, -10.8876, 6], [4.51907, -11.4155, -6.72789, 5]], "reflector_prisms": [[-4.1836, -9.00846, -10.9516, -0.183602, -3.00846, -6.95155]], "absorber_prisms": [], "line_of_sight": [[0, 0, 0, 0, 0, 499]]}