{"time_step": 1e-05, "number_of_molecules": 500000, "diff_coef": 350, "sim_time": 1.71905, "absorbers": [[3.45477, 3.5986, -20.3989, 3], [1.85103, 5.26224, 5.73432, 2], [-1.42369, -8.91103, -17.8484, 6], [9.71905, -5.61358, 4.24591, 6], [-13.8829, 1.5179, 0.979848, 2], [-5.07555, 16.3595, -13.806, 3], [8.56382, 8.44478, -8.96363, 6]], "reflectors": [[15.739, 6.43791, 5.90222, 3], [16.7128, 13.9557, 3.14992, 5]], "reflector_prisms": [], "absorber_prisms": [], "line_of_sight": [[0, 0, 0, 0, 0, 503], [186, 186, 0, 0, 0, 501], [134, 134, 0, 0, 0, 498], [26, 26, 0, 0, 0, 500], [125, 125, 0, 0, 0, 499], [0, 0, 0, 0, 0, 502], [0, 0, 0, 0, 0, 502]]}