{
"time_step": 1e-05,
"number_of_molecules": 500000,
"diff_coef": 350,
"sim_time": 1.54286,
"absorbers": [
[-10.6853,-17.2484,-12.8187,6],
[8.47341,2.74782,-1.2848,4],
[7.57798,-6.55085,6.60761,4],
[2.94837,3.54249,14.2744,5],
[8.58219,-5.58301,-10.9625,6],
[-0.0159745,-13.784,5.91613,6]
],
"reflectors": [
[-15.1861,-9.27068,-2.72726,4],
[-7.93504,10.5046,-16.3612,4],
[3.47419,22.663,1.82129,6]
],
"reflector_prisms": [
],
"absorber_prisms": [
]
}