{"time_step": 1e-05, "number_of_molecules": 500000, "diff_coef": 100, "sim_time": 3.75, "absorbers": [[10.7913, -5.89853, -17.0222, 6], [-2.43257, -15.6432, -8.56584, 3]], "reflectors": [], "reflector_prisms": [], "absorber_prisms": [[-7.59723, 0.0163758, 1.74745, -4.59723, 2.01638, 6.74745], [-16.8164, -13.2491, -14.5151, -13.8164, -7.24913, -9.51514], [-2.7458, -3.17546, -17.9804, 1.2542, 2.82454, -11.9804]], "line_of_sight": [[0, 0, 0, 0, 0, 498], [0, 0, 0, 0, 0, 499]]}