{
"time_step": 1e-05,
"number_of_molecules": 500000,
"diff_coef": 50,
"sim_time": 12.0333,
"absorbers": [
[0.133669,-0.0963359,17.9992,7],
[-2.59065,11.6584,-1.17086,7],
[-3.29425,12.4979,-21.3997,6],
[10.1243,12.1134,-15.322,7]
],
"reflectors": [
[-7.23411,-3.59777,7.46483,5]
],
"reflector_prisms": [
],
"absorber_prisms": [
]
}