{
"time_step": 1e-05,
"number_of_molecules": 500000,
"diff_coef": 150,
"sim_time": 3.21111,
"absorbers": [
[-4.71855,-8.39881,-10.1585,6],
[-7.45157,-2.26988,18.4207,6],
[8.98515,-15.6186,-6.02704,2]
],
"reflectors": [
],
"reflector_prisms": [
[3.33232,-9.01971,-16.3184,9.33232,-7.01971,-13.3184]
],
"absorber_prisms": [
]
}