{
"time_step": 1e-05,
"number_of_molecules": 500000,
"diff_coef": 200,
"sim_time": 2.13333,
"absorbers": [
[-0.502154,5.69039,-6.95466,4],
[-10.325,-4.1143,16.6273,4],
[1.5809,-2.46615,-10.6028,3],
[7.24582,-1.40942,15.3138,5],
[13.5048,4.2953,7.4277,6],
[-8.00229,-0.0660456,-7.54712,2],
[-6.74605,-1.56688,7.21358,4],
[-1.04399,-8.76055,-13.3478,3]
],
"reflectors": [
[1.62276,-13.7797,20.7963,6],
[8.52668,-0.0216606,-19.191,2],
[-8.10843,2.94523,13.4751,2]
],
"reflector_prisms": [
],
"absorber_prisms": [
]
}