{
"time_step": 1e-05,
"number_of_molecules": 500000,
"diff_coef": 350,
"sim_time": 1.07143,
"absorbers": [
[2.09117,0.327156,-19.8877,5]
],
"reflectors": [
],
"reflector_prisms": [
[-12.8155,-8.75096,-13.9293,-8.81547,-5.75096,-7.92928],
[-16.7291,-15.4628,-9.09381,-10.7291,-10.4628,-4.09381],
[-7.11399,17.0244,-10.4908,-4.11399,19.0244,-5.49077]
],
"absorber_prisms": [
]
}