{
"time_step": 1e-05,
"number_of_molecules": 500000,
"diff_coef": 200,
"sim_time": 2.7,
"absorbers": [
[-12.7018,2.75848,-0.233183,6],
[10.4258,2.40379,16.8975,2],
[-2.06407,-2.31847,11.5916,2]
],
"reflectors": [
[9.28168,-17.8722,-5.95261,3]
],
"reflector_prisms": [
[-4.80837,-11.0315,0.481801,-2.80837,-7.03154,3.4818]
],
"absorber_prisms": [
]
}