{
"time_step": 1e-05,
"number_of_molecules": 500000,
"diff_coef": 250,
"sim_time": 2.16,
"absorbers": [
[-18.965,10.7955,-2.79013,4]
],
"reflectors": [
],
"reflector_prisms": [
],
"absorber_prisms": [
[1.26794,-2.52391,-17.8313,3.26794,3.47609,-13.8313],
[-10.6976,4.42265,16.5735,-4.69757,10.4226,19.5735],
[-6.27602,-11.8043,-4.43685,-3.27602,-7.80434,1.56315]
]
}