{
"time_step": 1e-05,
"number_of_molecules": 500000,
"diff_coef": 200,
"sim_time": 2.13333,
"absorbers": [
[-14.7256,0.754555,-13.5125,4],
[8.45946,-0.141097,5.33081,2]
],
"reflectors": [
],
"reflector_prisms": [
],
"absorber_prisms": [
[-3.60003,-21.1587,4.70996,1.39997,-17.1587,9.70996],
[7.34615,-8.38008,11.0049,13.3461,-3.38008,16.0049],
[-9.16345,4.76489,6.90276,-7.16345,10.7649,12.9028],
[-0.747995,-12.8607,-1.90458,3.25201,-6.86066,4.09542]
]
}