{"time_step": 1e-05, "number_of_molecules": 500000, "diff_coef": 150, "sim_time": 1.87778, "absorbers": [[-8.13416, -12.8353, 5.00915, 3]], "reflectors": [], "reflector_prisms": [[-2.28893, -2.1327, 16.4768, 1.71107, 3.8673, 19.4768], [-3.57228, -6.84673, 4.12222, 1.42772, -2.84673, 7.12222], [-15.4128, -15.2066, 7.09432, -10.4128, -10.2066, 12.0943]], "absorber_prisms": [[-10.3632, -3.52766, 1.23059, -6.36323, -1.52766, 6.23059]], "line_of_sight": [[0, 0, 0, 0, 0, 501]]}