{"time_step": 1e-05, "number_of_molecules": 500000, "diff_coef": 200, "sim_time": 1.2, "absorbers": [[5.66815, -11.5432, -11.1188, 5]], "reflectors": [], "reflector_prisms": [[-5.77465, -5.7631, 9.39623, 0.225354, 0.236899, 15.3962], [16.445, 6.09155, -2.27123, 19.445, 9.09155, 0.728766], [-9.33015, 8.3536, -3.15819, -3.33015, 14.3536, 2.84181], [-4.66235, 2.22738, -10.1474, -1.66235, 8.22738, -8.14735], [-6.52694, -1.67755, 7.3276, -4.52694, 2.32245, 9.3276]], "absorber_prisms": [], "line_of_sight": [[0, 0, 0, 0, 0, 499]]}