{"time_step": 1e-05, "number_of_molecules": 500000, "diff_coef": 100, "sim_time": 6.01667, "absorbers": [[3.3991, 13.5028, -17.0329, 4], [0.882913, 0.0851354, 11.9672, 5], [-4.09423, -1.58849, -15.3855, 5], [-19.5583, 3.47624, 6.81086, 6], [-11.2466, -12.9651, 19.53, 7], [-0.169338, -11.9262, 1.31831, 7]], "reflectors": [[10.411, -6.85453, 14.3397, 5], [5.1131, 7.86558, 5.7436, 4], [13.7461, -4.46301, -19.1606, 6], [5.85318, -0.373849, -9.30594, 6], [-1.64028, 18.8904, 11.1563, 5], [-15.9901, -0.470099, 17.8912, 5]], "reflector_prisms": [], "absorber_prisms": [], "line_of_sight": [[186, 186, 0, 0, 0, 501], [362, 159, 205, 0, 0, 498], [348, 348, 67, 0, 0, 497], [149, 0, 149, 0, 0, 499], [330, 94, 236, 0, 0, 499], [113, 2, 112, 0, 0, 500]]}