{"time_step": 1e-05, "number_of_molecules": 500000, "diff_coef": 50, "sim_time": 9.63333, "absorbers": [[-17.6884, 3.33422, 0.0443917, 4], [7.97716, -8.58942, -12.3121, 7], [9.07819, 2.02543, 10.4635, 5], [13.4737, -13.7951, 5.30604, 6], [0.0966176, 0.0464643, -10.9995, 4], [-6.70956, 8.66733, 12.9946, 7], [-16.2208, -9.77551, -9.07339, 4]], "reflectors": [[-2.73504, -5.36457, -18.0206, 4]], "reflector_prisms": [], "absorber_prisms": [], "line_of_sight": [[0, 0, 0, 0, 0, 500], [310, 340, 0, 0, 0, 500], [59, 50, 9, 0, 0, 505], [0, 0, 0, 0, 0, 500], [171, 107, 100, 0, 0, 501], [371, 368, 7, 0, 0, 500], [105, 105, 0, 0, 0, 503]]}