{"time_step": 1e-05, "number_of_molecules": 500000, "diff_coef": 200, "sim_time": 1.2, "absorbers": [[-0.250533, -0.15421, -16.9975, 5], [-1.76159, -10.0938, -13.5651, 5], [-2.09877, 3.00143, 16.6008, 5], [10.6093, 9.54711, -10.9679, 6]], "reflectors": [[7.4748, -3.00205, 10.2037, 4]], "reflector_prisms": [], "absorber_prisms": [], "line_of_sight": [[225, 225, 0, 0, 0, 499], [65, 65, 0, 0, 0, 500], [287, 287, 0, 0, 0, 502], [0, 0, 0, 0, 0, 501]]}