{
"time_step": 1e-05,
"number_of_molecules": 500000,
"diff_coef": 200,
"sim_time": 3.00833,
"absorbers": [
[-13.2777,4.94899,11.1,6],
[-0.52325,-0.319132,-9.9812,4],
[1.03544,-2.03991,-18.8618,3],
[-1.72977,4.87598,6.10186,2],
[-0.177558,-0.0593739,21.9992,3],
[9.90111,0.692598,-4.74218,5],
[3.56902,9.27438,4.71678,3]
],
"reflectors": [
[-1.79903,-15.8134,-1.64301,2],
[4.31159,19.5279,-0.269536,6]
],
"reflector_prisms": [
],
"absorber_prisms": [
]
}