{
"time_step": 1e-05,
"number_of_molecules": 500000,
"diff_coef": 300,
"sim_time": 2.00556,
"absorbers": [
[12.5589,-15.2922,2.9021,4],
[3.2252,6.99836,-2.14966,2],
[16.2289,-2.22266,-7.46206,3],
[2.2869,-14.1697,17.9719,5],
[-0.983476,-6.89088,-19.8128,2],
[-3.86993,2.87904,-8.75984,5],
[-6.8152,-7.72388,-3.85937,3]
],
"reflectors": [
[-20.3844,7.58769,3.30208,6],
[8.54013,2.60703,-10.7828,4],
[9.2854,-8.52821,-3.17033,5],
[7.63218,-1.63984,7.74989,5]
],
"reflector_prisms": [
],
"absorber_prisms": [
]
}