{"time_step": 1e-05, "number_of_molecules": 500000, "diff_coef": 200, "sim_time": 1.40833, "absorbers": [[4.18942, 7.30338, 5.39532, 3], [-1.62802, -5.33095, -14.9977, 3]], "reflectors": [[-15.4483, 2.77371, -8.81234, 4], [-6.94522, -6.18103, 13.0215, 2], [0.13464, 11.5884, -9.52312, 3], [1.94629, -1.32324, 16.8363, 2]], "reflector_prisms": [], "absorber_prisms": [], "line_of_sight": [[0, 0, 0, 0, 0, 502], [0, 0, 0, 0, 0, 501]]}