{
"time_step": 1e-05,
"number_of_molecules": 500000,
"diff_coef": 350,
"sim_time": 1.54286,
"absorbers": [
[-20.2587,0.587502,5.49909,3],
[9.82123,-1.38805,16.2055,2],
[-2.75092,-9.1371,-22.0215,6]
],
"reflectors": [
[6.973,13.8861,-3.81503,2]
],
"reflector_prisms": [
[-9.80742,-8.4427,13.9228,-4.80742,-3.4427,17.9228]
],
"absorber_prisms": [
]
}