{
"time_step": 1e-05,
"number_of_molecules": 500000,
"diff_coef": 300,
"sim_time": 0.938889,
"absorbers": [
[0.88022,-0.138451,-11.9669,6],
[-5.74419,-2.71731,17.9059,6]
],
"reflectors": [
],
"reflector_prisms": [
],
"absorber_prisms": [
[13.1821,-4.19199,2.3661,15.1821,-0.191987,6.3661],
[-8.25712,-13.974,-13.3643,-2.25712,-10.974,-10.3643],
[16.5255,-6.59924,0.975218,18.5255,-0.599244,2.97522],
[16.631,1.97588,0.323896,21.631,3.97588,4.3239]
]
}