{
"time_step": 1e-05,
"number_of_molecules": 500000,
"diff_coef": 250,
"sim_time": 1.70667,
"absorbers": [
[15.4064,-0.728793,-9.27966,4],
[7.81033,-5.46942,3.01399,2],
[3.62725,2.47151,-21.5577,6],
[-3.82039,-0.9484,6.96456,3]
],
"reflectors": [
],
"reflector_prisms": [
[-6.81643,7.97244,-21.9861,-0.816433,10.9724,-16.9861]
],
"absorber_prisms": [
]
}