{
"time_step": 1e-05,
"number_of_molecules": 500000,
"diff_coef": 150,
"sim_time": 0.277778,
"absorbers": [
[-3.62995,5.46696,8.82813,6]
],
"reflectors": [
[-10.7791,10.7822,17.2208,6]
],
"reflector_prisms": [
[-4.38626,-8.88576,-1.78876,-1.38626,-4.88576,3.21124],
[14.18,7.73954,2.68922,18.18,12.7395,4.68922],
[9.56839,1.68296,0.958914,15.5684,3.68296,2.95891]
],
"absorber_prisms": [
[4.00438,11.618,-8.02944,7.00438,16.618,-5.02944]
]
}