{
"time_step": 1e-05,
"number_of_molecules": 500000,
"diff_coef": 300,
"sim_time": 1.8,
"absorbers": [
[-7.56161,7.28691,-12.0716,4],
[5.36958,4.1707,9.88802,5],
[1.58371,-7.11103,16.4598,7],
[20.823,11.8634,1.29019,6],
[-14.233,-2.79393,-15.186,4],
[-2.09901,7.99529,3.55943,4]
],
"reflectors": [
[7.02946,-8.58662,-6.77175,7],
[-0.110554,-21.9948,-0.466507,4],
[-12.7669,9.70178,8.17816,4],
[-15.5071,0.00305228,3.94064,5]
],
"reflector_prisms": [
],
"absorber_prisms": [
]
}