{
"time_step": 1e-05,
"number_of_molecules": 500000,
"diff_coef": 350,
"sim_time": 0.171429,
"absorbers": [
[-5.37863,4.37109,8.54189,5]
],
"reflectors": [
],
"reflector_prisms": [
],
"absorber_prisms": [
[10.7576,0.991001,-0.660638,12.7576,2.991,3.33936],
[10.9821,5.53745,11.4813,15.9821,8.53745,17.4813],
[0.514796,7.30321,-16.6196,4.5148,9.30321,-12.6196]
]
}