{
"time_step": 1e-05,
"number_of_molecules": 500000,
"diff_coef": 200,
"sim_time": 1.2,
"absorbers": [
[7.69654,0.833091,-9.16893,2],
[14.6666,-2.17958,6.01168,4]
],
"reflectors": [
],
"reflector_prisms": [
[-13.1561,-0.937909,4.01003,-8.15615,2.06209,9.01003]
],
"absorber_prisms": [
[2.19258,-0.794129,-9.78336,4.19258,4.20587,-7.78336],
[-6.4096,11.884,14.439,-3.4096,17.884,16.439]
]
}