{
"time_step": 1e-05,
"number_of_molecules": 500000,
"diff_coef": 300,
"sim_time": 0.938889,
"absorbers": [
[3.41865,-13.2553,-2.93406,6],
[-10.4958,0.570443,14.6121,5],
[-10.9984,0.0225098,-10.1997,4],
[1.24156,15.4873,6.89946,5],
[-9.9411,15.8524,-3.2978,6]
],
"reflectors": [
[19.0119,-10.4662,-3.60639,5],
[-22.2317,8.70052,2.46029,6],
[12.2976,11.0952,-3.82941,4],
[9.69205,-5.13362,-16.7245,5]
],
"reflector_prisms": [
],
"absorber_prisms": [
]
}