{
"time_step": 1e-05,
"number_of_molecules": 500000,
"diff_coef": 250,
"sim_time": 2.40667,
"absorbers": [
[-18.6212,13.4837,0.663298,4]
],
"reflectors": [
[-8.25675,-3.15444,-14.5216,6]
],
"reflector_prisms": [
],
"absorber_prisms": [
]
}