{"time_step": 1e-05, "number_of_molecules": 500000, "diff_coef": 350, "sim_time": 0.57619, "absorbers": [[-6.3931, 11.4287, -9.1931, 5]], "reflectors": [], "reflector_prisms": [[10.1392, 7.33887, 12.2698, 14.1392, 12.3389, 14.2698], [2.36937, -7.059, -6.87993, 7.36937, -1.059, -2.87993], [4.42064, -4.45527, -11.6065, 6.42064, 1.54473, -9.60655], [0.56473, 2.10989, 2.59564, 4.56473, 8.10989, 8.59564]], "absorber_prisms": [], "line_of_sight": [[0, 0, 0, 0, 0, 498]]}