{"time_step": 1e-05, "number_of_molecules": 500000, "diff_coef": 150, "sim_time": 1.87778, "absorbers": [[-10.6253, -11.9314, -5.80892, 4]], "reflectors": [[2.85727, 0.894807, 9.54124, 2], [1.94451, -10.5401, -2.47498, 2]], "reflector_prisms": [], "absorber_prisms": [[-3.03401, -1.03428, 10.9999, 2.96599, 0.96572, 12.9999]], "line_of_sight": [[0, 0, 0, 0, 0, 499]]}