{
"time_step": 1e-05,
"number_of_molecules": 500000,
"diff_coef": 100,
"sim_time": 2.81667,
"absorbers": [
[-14.2558,1.27647,9.17299,4]
],
"reflectors": [
],
"reflector_prisms": [
[1.72016,-6.21151,-24.3632,5.72016,-1.21151,-18.3632],
[-7.62251,-6.31772,4.67688,-4.62251,-0.317723,9.67688],
[2.43703,2.68917,-22.8655,7.43703,6.68917,-16.8655],
[-4.9001,-12.6164,-5.16377,1.0999,-8.61639,0.836226],
[-6.83815,3.14257,-8.74541,-4.83815,5.14257,-3.74541]
],
"absorber_prisms": [
]
}