{"time_step": 1e-05, "number_of_molecules": 500000, "diff_coef": 400, "sim_time": 1.20417, "absorbers": [[2.70878, 3.26886, -18.5196, 2]], "reflectors": [[10.6877, -8.83724, -12.9876, 6]], "reflector_prisms": [[0.37836, 5.40372, 6.95212, 2.37836, 7.40372, 11.9521]], "absorber_prisms": [[-17.6107, -4.98438, -2.73524, -12.6107, -0.984381, -0.735236], [-9.11264, 2.75195, -9.34017, -3.11264, 4.75195, -7.34017], [1.57666, -0.250363, -8.92084, 6.57666, 1.74964, -5.92084]], "line_of_sight": [[146, 0, 0, 146, 0, 500]]}