{
"time_step": 1e-05,
"number_of_molecules": 500000,
"diff_coef": 400,
"sim_time": 0.6,
"absorbers": [
[-4.31194,8.20434,-15.4304,6]
],
"reflectors": [
],
"reflector_prisms": [
[9.7353,-10.2074,-6.46127,12.7353,-5.20738,-3.46127]
],
"absorber_prisms": [
]
}