{"time_step": 1e-05, "number_of_molecules": 500000, "diff_coef": 300, "sim_time": 1.42222, "absorbers": [[8.74659, -18.2748, 5.52519, 5], [-3.6992, 7.62466, -12.3766, 2], [-0.0142649, -0.10094, -7.99935, 2]], "reflectors": [[-12.8144, 9.07428, -6.51525, 2], [12.2185, -11.9229, 15.4127, 6], [-0.941726, -0.253019, -19.9762, 4], [1.21806, -0.240111, 22.9665, 5]], "reflector_prisms": [], "absorber_prisms": [], "line_of_sight": [[0, 0, 0, 0, 0, 499], [120, 0, 120, 0, 0, 499], [236, 0, 373, 0, 0, 500]]}