{"time_step": 1e-05, "number_of_molecules": 500000, "diff_coef": 350, "sim_time": 1.54286, "absorbers": [[8.28639, 3.00412, -9.55568, 7], [-14.6263, 10.4964, 8.71199, 6], [5.59109, 10.3636, 13.6138, 6], [20.5933, -7.05616, -3.18194, 4], [-8.65297, -10.4229, -8.5141, 4]], "reflectors": [[0.515481, 0.154577, 14.9903, 4]], "reflector_prisms": [], "absorber_prisms": [], "line_of_sight": [[39, 14, 25, 0, 0, 502], [83, 83, 0, 0, 0, 499], [124, 124, 0, 0, 0, 499], [91, 91, 0, 0, 0, 497], [208, 208, 0, 0, 0, 501]]}