{
"time_step": 1e-05,
"number_of_molecules": 500000,
"diff_coef": 50,
"sim_time": 2.7,
"absorbers": [
[-0.89458,0.872645,-11.9347,3],
[-6.05107,-7.87167,1.19222,4]
],
"reflectors": [
],
"reflector_prisms": [
[-13.2705,1.18908,-11.9636,-7.27051,5.18908,-5.96362]
],
"absorber_prisms": [
[12.885,13.1344,2.09305,15.885,19.1344,6.09305],
[-15.5921,5.61839,10.49,-11.5921,11.6184,16.49]
]
}