{"time_step": 1e-05, "number_of_molecules": 500000, "diff_coef": 300, "sim_time": 1.08889, "absorbers": [[10.3654, 6.91573, -10.0365, 2]], "reflectors": [[-0.0675138, -0.0195862, -9.99975, 5], [2.19346, -0.942762, 8.67755, 3]], "reflector_prisms": [], "absorber_prisms": [[-4.93432, -5.79875, -9.61449, 0.0656847, -2.79875, -6.61449]], "line_of_sight": [[0, 0, 0, 0, 0, 502]]}