{"time_step": 1e-05, "number_of_molecules": 500000, "diff_coef": 250, "sim_time": 2.16, "absorbers": [[17.8059, 0.258131, 12.9183, 4]], "reflectors": [[2.79392, -4.95954, 9.4126, 3], [-4.72242, -2.42497, -8.47457, 5]], "reflector_prisms": [[1.79652, 2.30309, -10.2935, 6.79652, 5.30309, -7.29354]], "absorber_prisms": [[0.785023, 0.115143, -18.6924, 4.78502, 3.11514, -14.6924]], "line_of_sight": [[275, 0, 275, 0, 0, 501]]}