{"time_step": 1e-05, "number_of_molecules": 500000, "diff_coef": 350, "sim_time": 1.71905, "absorbers": [[4.707, -8.41538, 12.7681, 3], [-14.3011, 16.5867, 2.0879, 3], [14.0702, -1.42632, 11.1353, 3], [-0.364837, -2.44476, 11.7427, 2], [17.7416, 2.0497, -6.48351, 3], [4.30885, 6.69737, -7.58808, 5], [-9.88626, 3.87599, -7.49924, 6]], "reflectors": [[-4.98568, 4.32447, -16.7464, 3], [-15.756, 9.13896, 10.4512, 2]], "reflector_prisms": [], "absorber_prisms": [], "line_of_sight": [[169, 123, 46, 0, 0, 498], [0, 0, 0, 0, 0, 499], [502, 502, 0, 0, 0, 502], [58, 27, 31, 0, 0, 504], [0, 0, 0, 0, 0, 502], [7, 7, 0, 0, 0, 501], [75, 57, 18, 0, 0, 498]]}