{
"time_step": 1e-05,
"number_of_molecules": 500000,
"diff_coef": 350,
"sim_time": 1.37619,
"absorbers": [
[14.4144,-14.5111,-10.5192,6]
],
"reflectors": [
[-9.59276,-0.681541,-5.3399,2],
[-3.4861,1.89411,-18.5812,4],
[-0.127867,-0.05822,17.9995,4]
],
"reflector_prisms": [
[13.3034,10.2327,-2.42735,15.3034,13.2327,2.57265],
[5.38981,6.34567,-16.7591,10.3898,10.3457,-14.7591]
],
"absorber_prisms": [
]
}