{"time_step": 1e-05, "number_of_molecules": 500000, "diff_coef": 300, "sim_time": 1.8, "absorbers": [[1.00819, -2.39007, 14.774, 2], [5.54962, -11.8178, -5.05392, 3], [-10.4868, 0.643824, -20.46, 5], [-0.990392, -10.7897, -21.415, 6], [-2.63163, 8.09605, -8.45746, 4], [-11.9276, 13.5173, -12.6101, 5], [10.3576, -1.09288, 3.53909, 3], [9.40204, 3.61311, 8.2187, 3]], "reflectors": [[14.1086, -4.4251, -6.1127, 6], [0.692922, -4.67081, -6.45782, 2], [-20.5441, -7.58677, -7.02719, 6], [-3.7127, -12.4369, -0.734432, 5], [-1.78569, -20.0904, 14.7711, 6]], "reflector_prisms": [], "absorber_prisms": [], "line_of_sight": [[0, 0, 0, 0, 0, 501], [0, 0, 0, 0, 0, 502], [0, 0, 0, 0, 0, 500], [210, 0, 210, 0, 0, 499], [225, 105, 120, 0, 0, 502], [190, 190, 0, 0, 0, 497], [82, 0, 82, 0, 0, 503], [106, 0, 106, 0, 0, 501]]}