{"time_step": 1e-05, "number_of_molecules": 500000, "diff_coef": 100, "sim_time": 1.66667, "absorbers": [[6.98404, -10.5384, -3.02744, 3], [-6.95384, 4.61186, 3.37267, 4]], "reflectors": [], "reflector_prisms": [], "absorber_prisms": [[11.9317, -11.853, 7.78769, 13.9317, -8.85303, 12.7877], [-1.16148, 1.2666, 16.8613, 1.83852, 3.2666, 20.8613], [-11.1545, 15.8521, 3.95324, -7.15448, 20.8521, 8.95324]], "line_of_sight": [[265, 265, 0, 0, 0, 498], [88, 88, 0, 0, 0, 496]]}