{
"time_step": 1e-05,
"number_of_molecules": 500000,
"diff_coef": 250,
"sim_time": 2.16,
"absorbers": [
[19.7422,-2.71732,9.31992,4],
[5.48026,-0.538983,11.7761,4],
[-1.76571,-9.20462,14.183,5]
],
"reflectors": [
[15.0521,-11.5876,16.2531,7]
],
"reflector_prisms": [
],
"absorber_prisms": [
]
}