{
"time_step": 1e-05,
"number_of_molecules": 500000,
"diff_coef": 300,
"sim_time": 0.355556,
"absorbers": [
[-3.38688,-13.5784,0.393617,6]
],
"reflectors": [
],
"reflector_prisms": [
[7.74282,-0.53061,10.1706,9.74282,5.46939,16.1706]
],
"absorber_prisms": [
[10.1504,-12.1775,5.3033,12.1504,-10.1775,7.3033],
[5.30643,-17.3738,-11.287,8.30643,-15.3738,-9.28699]
]
}