{
"time_step": 1e-05,
"number_of_molecules": 500000,
"diff_coef": 200,
"sim_time": 2.7,
"absorbers": [
[-4.13131,9.63068,-21.5913,6],
[3.49942,6.96646,22.6985,7],
[7.28474,6.27069,-2.75882,5]
],
"reflectors": [
[-0.787376,-1.16401,-11.9174,7]
],
"reflector_prisms": [
],
"absorber_prisms": [
]
}