{
"time_step": 1e-05,
"number_of_molecules": 500000,
"diff_coef": 100,
"sim_time": 0.816667,
"absorbers": [
[-2.13808,-4.32134,-12.0729,6]
],
"reflectors": [
],
"reflector_prisms": [
],
"absorber_prisms": [
[-8.54913,-18.8873,-1.46703,-3.54913,-12.8873,1.53297],
[-15.7944,-5.06182,-10.1066,-9.79437,-1.06182,-8.10656],
[6.68812,-21.9605,-4.83835,10.6881,-16.9605,-0.838346],
[5.3997,-3.32978,10.1927,8.3997,-0.32978,16.1927]
]
}