{"time_step": 1e-05, "number_of_molecules": 500000, "diff_coef": 200, "sim_time": 0.675, "absorbers": [[3.24198, 13.5327, -1.53484, 5]], "reflectors": [[0.0779656, 2.95062, -21.8011, 6], [-6.89058, -1.55007, -5.57828, 2], [-12.7153, 5.44519, 14.4455, 3], [8.58231, -8.36904, -0.55064, 3], [-16.1856, -0.594927, 9.93345, 5]], "reflector_prisms": [], "absorber_prisms": [], "line_of_sight": [[0, 0, 0, 0, 0, 500]]}