{"time_step": 1e-05, "number_of_molecules": 500000, "diff_coef": 150, "sim_time": 3.6, "absorbers": [[13.3255, -0.745445, 18.7317, 5], [-20.4542, 0.232038, 10.5153, 7], [18.3667, 1.49202, 4.63002, 6]], "reflectors": [[3.6805, 10.811, -17.6232, 6], [-2.09288, 3.15942, -13.4773, 4]], "reflector_prisms": [], "absorber_prisms": [], "line_of_sight": [[13, 0, 13, 0, 0, 498], [0, 0, 0, 0, 0, 501], [0, 0, 0, 0, 0, 504]]}