{"time_step": 1e-05, "number_of_molecules": 500000, "diff_coef": 350, "sim_time": 0.685714, "absorbers": [[-14.0724, 5.26614, -5.49856, 4]], "reflectors": [[-1.34904, 3.90681, 14.4193, 3], [5.57111, -9.92423, 19.9868, 5], [6.76563, 12.9155, -3.5236, 4]], "reflector_prisms": [[-7.62705, -3.32555, 4.22918, -2.62705, 1.67445, 9.22918]], "absorber_prisms": [], "line_of_sight": [[0, 0, 0, 0, 0, 498]]}