{
"time_step": 1e-05,
"number_of_molecules": 500000,
"diff_coef": 300,
"sim_time": 0.138889,
"absorbers": [
[0.930913,1.1592,9.88886,5]
],
"reflectors": [
[-9.19624,19.2491,5.37608,6],
[6.09587,1.5683,3.0628,2]
],
"reflector_prisms": [
[12.4821,-7.74906,10.7379,18.4821,-4.74906,14.7379],
[0.797028,-10.0885,0.615668,4.79703,-5.08847,4.61567],
[-15.9754,5.59868,0.350435,-12.9754,11.5987,4.35043]
],
"absorber_prisms": [
]
}