{
"time_step": 1e-05,
"number_of_molecules": 500000,
"diff_coef": 50,
"sim_time": 5.63333,
"absorbers": [
[-8.91784,13.7702,4.45563,4]
],
"reflectors": [
[0.345652,-2.41859,-19.8502,4],
[-6.90169,-15.2049,-3.19034,3]
],
"reflector_prisms": [
[-0.840718,-15.7431,0.536719,2.15928,-10.7431,4.53672],
[10.7482,-6.91306,-1.50908,14.7482,-1.91306,0.490921]
],
"absorber_prisms": [
[11.785,5.97415,2.21173,15.785,10.9742,8.21173]
]
}