{
"time_step": 1e-05,
"number_of_molecules": 500000,
"diff_coef": 150,
"sim_time": 0.544444,
"absorbers": [
[0.256428,-12.9939,-0.304387,6],
[-5.63248,-0.0425998,4.15612,2]
],
"reflectors": [
],
"reflector_prisms": [
[-9.27773,15.2837,-8.59516,-6.27773,20.2837,-4.59516]
],
"absorber_prisms": [
[-5.93528,-7.88916,16.9897,-1.93528,-1.88916,20.9897],
[12.6427,-9.08204,3.23461,14.6427,-3.08204,8.23461],
[-1.09275,0.276575,-16.8808,1.90725,3.27658,-10.8808]
]
}