{
"time_step": 1e-05,
"number_of_molecules": 500000,
"diff_coef": 300,
"sim_time": 1.08889,
"absorbers": [
[-1.91442,10.7024,-15.5818,5],
[-9.49356,5.23652,-10.3659,5]
],
"reflectors": [
],
"reflector_prisms": [
[16.3869,-11.1466,5.15818,19.3869,-7.14663,10.1582]
],
"absorber_prisms": [
[3.34717,-0.734322,6.44614,7.34717,1.26568,10.4461],
[-1.95759,-1.35092,4.99107,2.04241,0.649081,8.99107],
[5.94806,-9.13988,3.56735,9.94806,-3.13988,9.56735]
]
}