{
"time_step": 1e-05,
"number_of_molecules": 500000,
"diff_coef": 300,
"sim_time": 1.60556,
"absorbers": [
[0.0136376,-0.0334226,15,2],
[2.51299,-8.48632,15.6738,3],
[2.59634,-0.862005,8.57414,2],
[0.67077,-4.67073,-21.488,5],
[-13.5801,3.60942,-5.24903,3],
[-9.34589,7.47364,-0.893835,2],
[-1.26878,9.32518,-16.5055,5],
[-7.04083,-4.018,21.524,6]
],
"reflectors": [
[-6.62661,-7.92262,6.10902,4],
[6.09518,10.8481,-6.4162,5],
[5.34188,6.44284,3.3097,4],
[4.35778,-0.0831603,-10.0996,6],
[-1.81943,-18.5371,-15.1349,5],
[18.6195,-7.16744,1.39386,2],
[-4.03589,-6.72933,-16.1996,2]
],
"reflector_prisms": [
],
"absorber_prisms": [
]
}