{"time_step": 1e-05, "number_of_molecules": 500000, "diff_coef": 50, "sim_time": 9.63333, "absorbers": [[-5.51552, -8.68468, -18.3072, 7], [-9.57741, -7.35832, 17.1793, 4], [10.02, -3.41131, -5.65352, 7]], "reflectors": [[6.93071, 19.6093, 2.90557, 6], [-2.77434, 7.26477, -7.77985, 4], [-12.0515, 4.44249, -2.0065, 5]], "reflector_prisms": [], "absorber_prisms": [], "line_of_sight": [[0, 0, 0, 0, 0, 496], [0, 0, 0, 0, 0, 498], [107, 0, 107, 0, 0, 503]]}