{"time_step": 1e-05, "number_of_molecules": 500000, "diff_coef": 400, "sim_time": 1.35, "absorbers": [[2.73838, -2.04857, -15.6302, 2], [-13.1589, 14.7592, -9.64417, 4]], "reflectors": [], "reflector_prisms": [], "absorber_prisms": [[-8.23229, -3.41873, 4.63418, -6.23229, -0.418733, 8.63418], [-7.91268, -2.7166, -8.77428, -2.91268, 1.2834, -6.77428], [-5.52616, 1.72441, 4.56266, -3.52616, 7.72441, 10.5627], [-1.89175, -18.3467, 10.9856, 4.10825, -16.3467, 15.9856]], "line_of_sight": [[0, 0, 0, 0, 0, 500], [0, 0, 0, 0, 0, 498]]}