{
"time_step": 1e-05,
"number_of_molecules": 500000,
"diff_coef": 350,
"sim_time": 1.54286,
"absorbers": [
[-2.08841,-10.6742,-7.12041,5],
[4.33858,9.79547,21.4762,6],
[-16.4568,8.26794,-4.67073,6]
],
"reflectors": [
[-12.2567,1.24095,-14.4649,4]
],
"reflector_prisms": [
],
"absorber_prisms": [
]
}