{
"time_step": 1e-05,
"number_of_molecules": 500000,
"diff_coef": 150,
"sim_time": 4.01111,
"absorbers": [
[-3.39093,20.6569,-1.67098,2],
[-3.23266,-10.4934,-0.66142,5]
],
"reflectors": [
[10.658,2.31407,11.7069,6]
],
"reflector_prisms": [
],
"absorber_prisms": [
[2.14837,-1.17611,9.8822,5.14837,3.82389,13.8822],
[-8.77635,-22.7036,-1.97964,-2.77635,-19.7036,4.02036],
[-8.88633,-0.527763,15.7177,-4.88633,2.47224,20.7177]
]
}