{"time_step": 1e-05, "number_of_molecules": 500000, "diff_coef": 100, "sim_time": 4.26667, "absorbers": [[21.0037, 6.52852, -0.472463, 6]], "reflectors": [[5.26919, -8.09579, -2.58725, 5]], "reflector_prisms": [[-3.89092, -1.62331, -15.9441, 2.10908, 3.37669, -11.9441], [0.846153, 2.68742, 16.8173, 5.84615, 4.68742, 18.8173], [-3.54767, -8.34842, 3.09867, 2.45233, -5.34842, 5.09867], [-5.01201, -19.7751, -3.60876, 0.987995, -17.7751, -0.608755]], "absorber_prisms": [], "line_of_sight": [[0, 0, 0, 0, 0, 499]]}