{"time_step": 1e-05, "number_of_molecules": 500000, "diff_coef": 100, "sim_time": 5.4, "absorbers": [[2.13689, 1.26949, 23.8709, 6]], "reflectors": [], "reflector_prisms": [[-4.11591, 16.0235, -8.1423, -2.11591, 20.0235, -2.1423]], "absorber_prisms": [[-10.8199, -7.68814, 9.42391, -7.81992, -5.68814, 11.4239], [-15.5724, -8.17755, -5.39434, -13.5724, -6.17755, -0.394339]], "line_of_sight": [[0, 0, 0, 0, 0, 501]]}