{
"time_step": 1e-05,
"number_of_molecules": 500000,
"diff_coef": 300,
"sim_time": 0.8,
"absorbers": [
[-4.69028,-10.3139,-6.37374,4],
[-2.27925,-2.91555,12.4621,7],
[1.12363,-1.16879,-13.9058,6],
[-14.3652,2.52494,-3.50209,6],
[-7.17071,15.374,1.10532,5],
[8.55284,12.2464,8.11625,7]
],
"reflectors": [
],
"reflector_prisms": [
],
"absorber_prisms": [
]
}