{"time_step": 1e-05, "number_of_molecules": 500000, "diff_coef": 350, "sim_time": 1.71905, "absorbers": [[0.0704593, 4.06969, -9.13415, 5], [-6.15465, -1.46352, 8.9988, 6], [-9.6434, 18.9843, -5.53182, 5], [10.6837, -2.26895, 7.05056, 4], [4.05356, -17.5354, -0.281933, 6], [1.7267, 0.476279, 23.9331, 5]], "reflectors": [[-9.28612, 3.33192, -16.2378, 6], [-9.69037, -4.46992, -2.66769, 6], [4.85982, 4.40004, 6.16619, 4]], "reflector_prisms": [], "absorber_prisms": [], "line_of_sight": [[322, 245, 95, 0, 0, 499], [153, 184, 0, 0, 0, 497], [186, 186, 0, 0, 0, 498], [283, 0, 304, 0, 0, 503], [102, 102, 0, 0, 0, 499], [326, 428, 55, 0, 0, 501]]}