{
"time_step": 1e-05,
"number_of_molecules": 500000,
"diff_coef": 150,
"sim_time": 1.6,
"absorbers": [
[-9.73739,-8.17225,-5.86493,2]
],
"reflectors": [
[-5.65863,-11.0831,-13.0056,3]
],
"reflector_prisms": [
],
"absorber_prisms": [
[-0.905456,-2.03936,-10.966,2.09454,0.960638,-7.96602],
[-13.5265,9.79406,-12.3953,-8.52653,14.7941,-6.39531],
[-7.50916,6.32215,8.18957,-5.50916,8.32215,13.1896],
[1.24698,-13.0585,6.76407,4.24698,-7.05849,8.76407]
]
}