{
"time_step": 1e-05,
"number_of_molecules": 500000,
"diff_coef": 50,
"sim_time": 4.03333,
"absorbers": [
[12.2791,6.0902,-6.09374,4]
],
"reflectors": [
],
"reflector_prisms": [
[-1.80116,-0.945046,-11.9199,0.198843,3.05495,-9.91995]
],
"absorber_prisms": [
]
}