{"time_step": 1e-05, "number_of_molecules": 500000, "diff_coef": 100, "sim_time": 5.4, "absorbers": [[5.21163, 12.9712, 0.766434, 2], [-8.55785, 0.110126, 6.91021, 3], [0.844615, 9.15524, -10.5579, 3], [-12.665, -8.84173, -18.369, 6], [-3.01592, -5.26634, -18.0047, 4], [-8.22108, -1.31679, -3.41758, 4], [-2.55604, -10.1456, -3.39623, 4]], "reflectors": [[17.5077, -3.12674, 2.77565, 2], [13.3779, 1.34292, 8.67341, 2], [9.60128, 5.68441, -11.4675, 6], [-0.0510824, -0.096198, 10.9995, 6]], "reflector_prisms": [], "absorber_prisms": [], "line_of_sight": [[357, 357, 0, 0, 0, 496], [180, 0, 180, 0, 0, 500], [104, 0, 104, 0, 0, 502], [229, 148, 121, 0, 0, 500], [501, 48, 501, 0, 0, 501], [97, 52, 45, 0, 0, 502], [63, 63, 0, 0, 0, 500]]}