{"time_step": 1e-05, "number_of_molecules": 500000, "diff_coef": 150, "sim_time": 0.544444, "absorbers": [[-7.64751, 3.84908, -2.77493, 2]], "reflectors": [[-13.7141, 2.02037, -1.95985, 2], [14.1269, 2.45637, -12.4658, 3]], "reflector_prisms": [[-0.310167, -15.8603, -4.65975, 2.68983, -13.8603, 1.34025], [-8.87234, -14.0542, -12.9618, -5.87234, -12.0542, -6.96177]], "absorber_prisms": [[-3.93868, -1.26672, 11.6607, -1.93868, 0.733277, 13.6607]], "line_of_sight": [[14, 0, 14, 0, 0, 499]]}