{
"time_step": 1e-05,
"number_of_molecules": 500000,
"diff_coef": 300,
"sim_time": 1.42222,
"absorbers": [
[-16.3827,6.50934,-3.63821,2]
],
"reflectors": [
[1.98478,8.72432,9.43117,5]
],
"reflector_prisms": [
[-9.59518,8.87544,12.9507,-7.59518,11.8754,17.9507],
[8.00698,-6.02277,12.081,14.007,-1.02277,18.081],
[-13.4859,-16.3745,-2.59042,-7.48592,-10.3745,3.40958],
[-17.9593,0.0499391,-11.1044,-13.9593,4.04994,-9.10438]
],
"absorber_prisms": [
]
}