{"time_step": 1e-05, "number_of_molecules": 500000, "diff_coef": 200, "sim_time": 1.63333, "absorbers": [[-1.78888, 0.825842, -16.8854, 3], [-12.9595, 10.6409, 2.79687, 4]], "reflectors": [], "reflector_prisms": [[-8.17544, -8.41554, -22.0503, -3.17544, -5.41554, -17.0503], [-5.34598, 4.49074, -5.20045, -1.34598, 10.4907, -2.20045], [6.64544, -16.4985, -1.73924, 8.64544, -11.4985, 4.26076]], "absorber_prisms": [], "line_of_sight": [[0, 0, 0, 0, 0, 499], [0, 0, 0, 0, 0, 500]]}