{"time_step": 1e-05, "number_of_molecules": 500000, "diff_coef": 400, "sim_time": 1.20417, "absorbers": [[2.90984, 3.8247, 9.89467, 2], [2.30323, -3.71313, 13.3007, 5], [-5.113, -0.291083, 21.3956, 5]], "reflectors": [[-3.20413, 7.63371, -11.2898, 4]], "reflector_prisms": [], "absorber_prisms": [[10.8317, -18.1688, -4.58191, 15.8317, -15.1688, -0.581907]], "line_of_sight": [[0, 0, 0, 0, 0, 502], [212, 64, 148, 0, 0, 498], [114, 114, 0, 0, 0, 498]]}