{
"time_step": 1e-05,
"number_of_molecules": 500000,
"diff_coef": 250,
"sim_time": 0.426667,
"absorbers": [
[-6.7965,-7.11075,1.80138,2]
],
"reflectors": [
[0.564201,-0.843146,-13.9632,6]
],
"reflector_prisms": [
],
"absorber_prisms": [
[9.46609,-5.19262,-17.6974,15.4661,-2.19262,-12.6974],
[-1.23188,6.78959,-9.66524,1.76812,10.7896,-6.66524],
[-12.967,4.89743,5.63167,-9.96696,6.89743,7.63167]
]
}