{
"time_step": 1e-05,
"number_of_molecules": 500000,
"diff_coef": 350,
"sim_time": 1.54286,
"absorbers": [
[15.9615,-7.79644,11.2002,5],
[17.9281,4.62781,-13.6443,5],
[5.24244,4.56012,-17.684,6],
[5.00653,9.75883,17.9081,6],
[-7.25101,6.23379,12.8282,5]
],
"reflectors": [
[-6.46942,-7.40534,-9.96532,4],
[-14.9681,1.3756,-14.665,4]
],
"reflector_prisms": [
],
"absorber_prisms": [
]
}