{
"time_step": 1e-05,
"number_of_molecules": 500000,
"diff_coef": 50,
"sim_time": 12.0333,
"absorbers": [
[-10.8352,1.77083,-15.5069,4],
[7.61656,-20.9634,-11.2926,6],
[-18.1344,-7.32348,10.0752,4],
[-8.68953,-7.97828,-2.19981,7],
[-13.5252,5.32086,-3.70902,5]
],
"reflectors": [
],
"reflector_prisms": [
],
"absorber_prisms": [
]
}