{"time_step": 1e-05, "number_of_molecules": 500000, "diff_coef": 150, "sim_time": 3.6, "absorbers": [[-8.33109, -8.52808, 7.33927, 3], [-11.3169, 16.2174, 7.06558, 3]], "reflectors": [], "reflector_prisms": [], "absorber_prisms": [[5.60204, 12.2012, -1.86509, 9.60204, 18.2012, 1.13491], [14.2433, -0.996753, -14.9874, 19.2433, 1.00325, -11.9874], [-2.97248, -1.36862, 12.923, 1.02752, 3.63138, 15.923], [-4.71949, -11.6795, -22.3766, 0.280507, -8.67951, -16.3766]], "line_of_sight": [[0, 0, 0, 0, 0, 496], [0, 0, 0, 0, 0, 502]]}