{"time_step": 1e-05, "number_of_molecules": 500000, "diff_coef": 400, "sim_time": 0.816667, "absorbers": [[8.71925, 3.2928, -14.2173, 3], [8.45, -5.17647, -1.34226, 4], [0.804219, 0.473406, -10.9603, 4]], "reflectors": [], "reflector_prisms": [[0.635153, 8.34755, 15.5518, 3.63515, 10.3476, 19.5518]], "absorber_prisms": [[-5.44671, 7.71959, -13.9714, -0.446708, 9.71959, -10.9714]], "line_of_sight": [[74, 74, 0, 0, 0, 499], [0, 0, 0, 0, 0, 500], [32, 32, 0, 0, 0, 501]]}