{"time_step": 1e-05, "number_of_molecules": 500000, "diff_coef": 150, "sim_time": 0.4, "absorbers": [[8.11078, -5.76699, -0.978241, 4]], "reflectors": [[6.07576, 1.11298, 16.907, 2]], "reflector_prisms": [], "absorber_prisms": [[0.04628, -1.88605, 11.957, 2.04628, 1.11395, 16.957], [-4.26933, -5.59706, -12.9454, -0.269332, 0.40294, -7.94535], [-10.1997, -4.56507, 8.18787, -7.19974, -2.56507, 11.1879]], "line_of_sight": [[0, 0, 0, 0, 0, 498]]}