{
"time_step": 1e-05,
"number_of_molecules": 500000,
"diff_coef": 250,
"sim_time": 1.92667,
"absorbers": [
[7.18397,-12.016,0.0722511,2],
[-0.0541462,-0.198402,7.99736,2],
[-0.457498,5.96783,-12.6561,4],
[1.84224,-11.2232,-16.4513,3]
],
"reflectors": [
[2.84047,4.57089,12.9243,2],
[-17.7433,1.02003,9.17258,3],
[7.91894,6.27874,-18.4084,3],
[3.67704,12.2801,2.16303,5],
[4.13559,-2.58655,-7.56351,3],
[-5.26033,2.1642,5.6254,2]
],
"reflector_prisms": [
],
"absorber_prisms": [
]
}