{"time_step": 1e-05, "number_of_molecules": 500000, "diff_coef": 350, "sim_time": 1.07143, "absorbers": [[-0.495801, -5.46261, 17.1439, 3]], "reflectors": [[-13.9346, 11.1759, -8.99591, 4]], "reflector_prisms": [[3.87627, 3.94089, 1.34748, 8.87627, 8.94089, 4.34748]], "absorber_prisms": [[3.97629, 8.87938, -10.6341, 6.97629, 11.8794, -4.63405], [-7.76217, 7.2471, 1.44778, -3.76217, 9.2471, 7.44778], [-16.4293, 2.18924, 6.87675, -10.4293, 5.18924, 8.87675]], "line_of_sight": [[0, 0, 0, 0, 0, 499]]}