{"time_step": 1e-05, "number_of_molecules": 500000, "diff_coef": 50, "sim_time": 12.0333, "absorbers": [[5.20532, 2.53891, 15.9831, 4], [-15.8627, -6.18812, -15.4623, 6], [11.2867, -9.87733, 0.21874, 7], [1.54258, -19.9517, 16.5997, 7]], "reflectors": [[-14.0371, 4.6075, 13.4807, 4]], "reflector_prisms": [], "absorber_prisms": [], "line_of_sight": [[18, 18, 0, 0, 0, 499], [15, 15, 0, 0, 0, 501], [0, 0, 0, 0, 0, 500], [0, 0, 0, 0, 0, 502]]}