{"time_step": 1e-05, "number_of_molecules": 500000, "diff_coef": 300, "sim_time": 1.42222, "absorbers": [[-21.0769, 3.71643, 5.0943, 6], [0.634523, 11.2417, 6.49782, 2]], "reflectors": [[-7.74663, -1.04356, -4.46102, 3]], "reflector_prisms": [[-0.390819, 4.60111, 0.101245, 5.60918, 9.60111, 5.10124]], "absorber_prisms": [], "line_of_sight": [[0, 0, 0, 0, 0, 501], [436, 0, 0, 0, 436, 500]]}