{
"time_step": 1e-05,
"number_of_molecules": 500000,
"diff_coef": 200,
"sim_time": 3.00833,
"absorbers": [
[0.528451,-1.53734,20.937,2],
[4.74117,5.9937,-7.91182,3],
[-14.9969,-4.2113,3.65474,3],
[-4.05691,-13.7845,7.03765,5],
[7.39605,1.02898,-17.4711,4],
[-4.05345,-7.34305,17.0484,4],
[-2.66156,7.72974,19.3434,3]
],
"reflectors": [
[3.5434,-8.31434,-17.8414,3],
[0.778248,0.377444,-7.9531,2],
[7.64285,0.913659,-4.66391,3],
[-1.88634,6.04533,-17.9136,6],
[4.24578,-8.9265,4.82607,3],
[12.6602,-10.1612,9.87262,6]
],
"reflector_prisms": [
],
"absorber_prisms": [
]
}