{"time_step": 1e-05, "number_of_molecules": 500000, "diff_coef": 50, "sim_time": 12.0333, "absorbers": [[3.08177, 8.99779, -7.31727, 5], [-12.9445, 11.4692, 7.8674, 5], [11.6403, -16.9046, -10.3796, 6], [-1.21349, -8.02073, 21.522, 4], [11.712, 11.9715, 6.59632, 5], [0.635301, -8.88481, -19.0173, 4], [-1.45031, -13.9121, -0.592467, 7]], "reflectors": [], "reflector_prisms": [], "absorber_prisms": [], "line_of_sight": [[145, 145, 0, 0, 0, 507], [206, 206, 0, 0, 0, 505], [206, 206, 0, 0, 0, 503], [60, 60, 0, 0, 0, 499], [69, 69, 0, 0, 0, 498], [0, 0, 0, 0, 0, 497], [135, 135, 0, 0, 0, 500]]}