{"time_step": 1e-05, "number_of_molecules": 500000, "diff_coef": 400, "sim_time": 0.204167, "absorbers": [[-2.16685, 8.5659, 4.68295, 3], [-2.55999, -7.54297, 0.741623, 3]], "reflectors": [[-3.82476, 0.239479, 12.4223, 2], [-1.26522, -1.19295, -20.9279, 6], [-14.1328, -1.98223, -4.61886, 2], [9.19609, 16.147, 3.96296, 4]], "reflector_prisms": [], "absorber_prisms": [], "line_of_sight": [[0, 0, 0, 0, 0, 501], [89, 0, 89, 0, 0, 496]]}