{"time_step": 1e-05, "number_of_molecules": 500000, "diff_coef": 100, "sim_time": 6.01667, "absorbers": [[-7.15746, -4.3799, -3.25381, 4], [-4.27061, 2.19401, -21.4697, 3]], "reflectors": [], "reflector_prisms": [[12.1448, -2.90196, -14.3693, 17.1448, 2.09804, -11.3693], [-19.6747, 4.12783, 5.40868, -14.6747, 8.12783, 8.40868]], "absorber_prisms": [], "line_of_sight": [[0, 0, 0, 0, 0, 500], [0, 0, 0, 0, 0, 499]]}