{"time_step": 1e-05, "number_of_molecules": 500000, "diff_coef": 350, "sim_time": 0.233333, "absorbers": [[-0.0230234, 0.0575222, 8.99979, 2]], "reflectors": [], "reflector_prisms": [[-0.460944, -6.04016, -23.1785, 4.53906, -0.0401633, -18.1785], [-5.3446, 2.71173, -12.4799, -3.3446, 4.71173, -7.47986], [-4.0139, -1.71936, -16.9447, 1.9861, 0.280642, -10.9447], [2.5749, -1.80229, 7.02223, 5.5749, 2.19771, 9.02223]], "absorber_prisms": [], "line_of_sight": [[0, 0, 0, 0, 0, 500]]}