{
"time_step": 1e-05,
"number_of_molecules": 500000,
"diff_coef": 100,
"sim_time": 5.4,
"absorbers": [
[-4.89791,19.3209,-1.64747,2],
[-16.9516,6.71446,-5.34416,3]
],
"reflectors": [
[0.438333,-9.995,-8.30107,5]
],
"reflector_prisms": [
[-9.49351,-18.1373,3.62839,-3.49351,-14.1373,5.62839]
],
"absorber_prisms": [
[6.58854,-3.16618,-6.43779,9.58854,1.83382,-3.43779]
]
}