{"time_step": 1e-05, "number_of_molecules": 500000, "diff_coef": 50, "sim_time": 7.5, "absorbers": [[5.23641, -5.99849, 18.3466, 5]], "reflectors": [[-2.1249, -8.02352, 5.57745, 5], [6.62603, -0.550904, -8.76312, 4]], "reflector_prisms": [[-3.15967, 3.43983, 11.7636, -0.159672, 8.43983, 17.7636]], "absorber_prisms": [[-7.34226, -2.49637, -9.46822, -2.34226, 1.50363, -4.46822], [-2.32821, -16.4436, -9.44637, 0.671789, -13.4436, -4.44637]], "line_of_sight": [[0, 0, 0, 0, 0, 500]]}