{"time_step": 1e-05, "number_of_molecules": 500000, "diff_coef": 350, "sim_time": 1.37619, "absorbers": [[-14.1188, 15.3787, -11.8387, 7], [-1.19969, 12.9888, 16.4576, 7], [6.12535, 0.622892, 14.7679, 4]], "reflectors": [[4.40942, -10.1896, -8.52814, 4]], "reflector_prisms": [], "absorber_prisms": [], "line_of_sight": [[0, 0, 0, 0, 0, 498], [149, 0, 149, 0, 0, 502], [0, 0, 0, 0, 0, 500]]}