{"time_step": 1e-05, "number_of_molecules": 500000, "diff_coef": 400, "sim_time": 0.9375, "absorbers": [[12.6723, -13.0831, 5.40777, 4], [-5.11533, -14.4854, -9.38115, 4]], "reflectors": [], "reflector_prisms": [[-17.4567, -9.91952, -3.98657, -13.4567, -3.91952, 1.01343], [4.03834, -1.46633, -6.9483, 8.03834, 1.53367, -1.9483]], "absorber_prisms": [[7.05562, 11.7901, -9.80296, 9.05562, 15.7901, -6.80296], [0.915943, 1.51689, 5.28997, 6.91594, 4.51689, 7.28997]], "line_of_sight": [[0, 0, 0, 0, 0, 503], [0, 0, 0, 0, 0, 499]]}