{
"time_step": 1e-05,
"number_of_molecules": 500000,
"diff_coef": 300,
"sim_time": 1.8,
"absorbers": [
[11.8164,11.365,-14.6701,4],
[-8.56311,-5.63149,9.53727,6],
[-3.30021,3.17272,-17.4081,5],
[-1.94688,-12.0664,-13.2141,3],
[5.61466,10.5673,-0.898196,3],
[-10.9287,-8.39483,-11.5798,6],
[6.83959,0.346516,1.4491,2]
],
"reflectors": [
[-0.582385,-0.46981,-7.96493,3],
[2.4268,2.70798,15.5813,2],
[-21.3986,8.42535,-0.337573,6],
[9.36627,4.50721,14.6955,2]
],
"reflector_prisms": [
],
"absorber_prisms": [
]
}