{
"time_step": 1e-05,
"number_of_molecules": 500000,
"diff_coef": 50,
"sim_time": 12.0333,
"absorbers": [
[-0.637844,19.6884,15.3934,6]
],
"reflectors": [
[1.5696,-3.01483,16.6567,4]
],
"reflector_prisms": [
[-13.0111,-1.68628,6.4621,-10.0111,2.31372,9.4621]
],
"absorber_prisms": [
[-9.12408,-11.8801,-12.923,-3.12408,-5.88012,-7.92301],
[-2.52859,-5.77369,11.0864,1.47141,-0.77369,15.0864]
]
}