{"time_step": 1e-05, "number_of_molecules": 500000, "diff_coef": 400, "sim_time": 1.06667, "absorbers": [[13.4008, -5.91859, -10.4589, 5], [19.485, 4.50482, 0.2021, 6], [6.17484, -18.5705, -7.61628, 5], [-1.54818, 0.790707, 10.8618, 4], [6.13088, 13.1265, -8.89418, 4]], "reflectors": [[-11.608, -3.54064, 19.5376, 5], [-21.0509, -5.53403, 3.19938, 6], [7.50876, 1.04756, -14.0898, 4]], "reflector_prisms": [], "absorber_prisms": [], "line_of_sight": [[0, 0, 0, 0, 0, 500], [225, 0, 225, 0, 0, 503], [0, 0, 0, 0, 0, 501], [110, 0, 180, 0, 0, 501], [0, 0, 0, 0, 0, 503]]}