{"time_step": 1e-05, "number_of_molecules": 500000, "diff_coef": 300, "sim_time": 0.938889, "absorbers": [[-11.1841, -4.54897, -7.08681, 3], [-9.4908, 7.58319, 4.62817, 2], [9.41441, -14.8491, -3.85671, 5]], "reflectors": [], "reflector_prisms": [[-4.33583, 0.739269, -8.6334, -2.33583, 4.73927, -3.6334]], "absorber_prisms": [[-0.725823, -3.37314, -10.6725, 3.27418, -0.373136, -4.67254]], "line_of_sight": [[0, 0, 0, 0, 0, 498], [123, 123, 0, 0, 0, 498], [55, 55, 0, 0, 0, 497]]}