{
"time_step": 1e-05,
"number_of_molecules": 500000,
"diff_coef": 50,
"sim_time": 12.0333,
"absorbers": [
[-14.4302,18.9268,3.08982,5],
[-3.07691,-7.34191,19.4327,7],
[6.67106,7.32777,15.0267,4],
[8.76229,9.98014,-4.42933,6]
],
"reflectors": [
[0.0369417,0.318902,-14.9966,6],
[14.5347,2.78494,-16.2784,4],
[6.5861,-0.21386,8.80781,5],
[-9.28329,-14.3448,8.30946,4]
],
"reflector_prisms": [
],
"absorber_prisms": [
]
}