{"time_step": 1e-05, "number_of_molecules": 500000, "diff_coef": 100, "sim_time": 1.06667, "absorbers": [[3.79612, -2.56882, 11.0901, 4]], "reflectors": [], "reflector_prisms": [[-3.7275, -1.36655, -14.1053, -1.7275, 4.63345, -11.1053], [-0.00461646, -12.2048, 15.9378, 5.99538, -8.20483, 17.9378]], "absorber_prisms": [[-12.8897, -3.86848, -13.1451, -8.8897, 0.131525, -7.14511]], "line_of_sight": [[0, 0, 0, 0, 0, 500]]}