{
"time_step": 1e-05,
"number_of_molecules": 500000,
"diff_coef": 400,
"sim_time": 1.50417,
"absorbers": [
[-0.0705868,0.0976912,-21.9997,3]
],
"reflectors": [
[-3.31536,-0.318746,10.4836,5],
[-6.90407,-12.0295,-1.90405,3]
],
"reflector_prisms": [
],
"absorber_prisms": [
[4.97898,-0.0113794,-20.4815,6.97898,3.98862,-17.4815]
]
}