{
"time_step": 1e-05,
"number_of_molecules": 500000,
"diff_coef": 250,
"sim_time": 1.5,
"absorbers": [
[12.3918,5.83845,2.89084,4],
[-0.552502,-0.91972,6.91729,2],
[-2.22009,-16.2539,4.45881,5],
[8.82712,1.79189,-17.857,5]
],
"reflectors": [
],
"reflector_prisms": [
[-10.0548,9.81609,4.92434,-5.05482,12.8161,9.92434]
],
"absorber_prisms": [
]
}