{"time_step": 1e-05, "number_of_molecules": 500000, "diff_coef": 150, "sim_time": 2.17778, "absorbers": [[-12.8264, -8.95926, 3.34889, 2]], "reflectors": [[10.3978, 7.37224, -2.55644, 3], [-1.66453, -8.83663, -14.4272, 5], [-6.65088, 3.73927, 9.26195, 5], [-0.376692, 16.2295, -5.04597, 6], [-6.68096, -9.60504, 14.9702, 4]], "reflector_prisms": [], "absorber_prisms": [], "line_of_sight": [[498, 0, 498, 0, 0, 498]]}