{"time_step": 1e-05, "number_of_molecules": 500000, "diff_coef": 50, "sim_time": 12.0333, "absorbers": [[2.2778, 9.23437, 16.448, 6], [-13.5207, -0.0496431, 11.8823, 5], [8.63682, 20.5341, 8.93059, 5], [9.47134, 19.0827, -8.66857, 7], [-2.47566, -0.131721, 10.717, 5]], "reflectors": [], "reflector_prisms": [], "absorber_prisms": [], "line_of_sight": [[119, 119, 0, 0, 0, 499], [106, 106, 0, 0, 0, 499], [0, 0, 0, 0, 0, 500], [0, 0, 0, 0, 0, 498], [134, 134, 0, 0, 0, 500]]}