{
"time_step": 1e-05,
"number_of_molecules": 500000,
"diff_coef": 100,
"sim_time": 6.01667,
"absorbers": [
[-12.1124,-17.1426,-0.648438,5],
[-5.14827,-2.17597,7.05411,4],
[-3.74533,-0.429108,-17.6008,6],
[3.58324,6.46903,-13.0504,5],
[-20.7445,-9.22605,-7.78113,5]
],
"reflectors": [
[3.32945,-15.3155,-16.833,4],
[11.8532,16.0526,-6.54324,4]
],
"reflector_prisms": [
],
"absorber_prisms": [
]
}