{
"time_step": 1e-05,
"number_of_molecules": 500000,
"diff_coef": 150,
"sim_time": 3.6,
"absorbers": [
[-6.0636,1.54387,-10.2396,4],
[-0.22721,-5.97401,12.6594,4],
[2.54225,0.513087,19.8311,5],
[-13.2834,-12.2722,14.2107,6],
[3.07484,-3.53992,-9.95059,5],
[-11.8655,-1.59963,0.8064,5],
[-17.9254,-2.76645,12.4509,4],
[17.9574,-10.3084,-10.0133,5]
],
"reflectors": [
],
"reflector_prisms": [
],
"absorber_prisms": [
]
}