{"time_step": 1e-05, "number_of_molecules": 500000, "diff_coef": 300, "sim_time": 2.00556, "absorbers": [[18.041, 11.4381, -5.26224, 3]], "reflectors": [[9.46035, -5.34273, -13.0751, 3]], "reflector_prisms": [], "absorber_prisms": [[6.01435, -10.2572, 10.3581, 10.0144, -7.25721, 15.3581], [-5.73662, -13.9778, -9.7837, -3.73662, -7.9778, -4.7837]], "line_of_sight": [[0, 0, 0, 0, 0, 500]]}