{"time_step": 1e-05, "number_of_molecules": 500000, "diff_coef": 200, "sim_time": 0.833333, "absorbers": [[-5.1065, -0.248261, -14.1018, 5]], "reflectors": [[5.60568, 8.69369, -6.08244, 2], [-2.88841, 14.9136, 14.4997, 5]], "reflector_prisms": [], "absorber_prisms": [[10.2114, -0.488768, -12.2498, 13.2114, 3.51123, -6.24981], [-5.80804, 6.7581, -11.9898, -1.80804, 11.7581, -8.98982]], "line_of_sight": [[0, 0, 0, 0, 0, 499]]}