{
"time_step": 1e-05,
"number_of_molecules": 500000,
"diff_coef": 350,
"sim_time": 1.37619,
"absorbers": [
[-12.6993,-9.70934,-10.2692,2]
],
"reflectors": [
],
"reflector_prisms": [
[-13.1862,8.8243,-13.5827,-8.18616,14.8243,-10.5827]
],
"absorber_prisms": [
[2.70625,16.2629,-7.85826,5.70625,19.2629,-5.85826],
[11.9299,-10.9009,-2.66381,13.9299,-7.90086,1.33619],
[-16.7663,-1.28369,12.0055,-10.7663,0.716311,17.0055],
[-0.220707,-23.5403,-10.2754,2.77929,-17.5403,-5.27545]
]
}