{"time_step": 1e-05, "number_of_molecules": 500000, "diff_coef": 200, "sim_time": 0.675, "absorbers": [[2.7467, 0.927629, -11.6445, 3]], "reflectors": [], "reflector_prisms": [[-1.71849, -0.454774, -11.6027, 0.281506, 5.54523, -5.60265], [-2.13024, -3.50154, -20.4692, 2.86976, 1.49846, -16.4692], [-10.4677, 7.69605, -15.5283, -8.46769, 13.6961, -9.52826], [8.80778, -6.19134, -3.13658, 11.8078, -0.191339, -1.13658], [-15.2459, 1.54828, 12.8043, -13.2459, 3.54828, 14.8043]], "absorber_prisms": [], "line_of_sight": [[88, 0, 0, 0, 88, 497]]}