{"time_step": 1e-05, "number_of_molecules": 500000, "diff_coef": 200, "sim_time": 2.7, "absorbers": [[-3.36747, 0.0955885, 14.6168, 6], [2.20054, -21.6663, 3.11928, 6], [-10.5042, 17.7667, -3.87367, 4], [11.7349, -10.5417, 12.295, 3], [-4.60742, 7.70769, 0.602617, 2], [-12.7381, -2.97865, -16.4277, 3], [-3.74519, 0.504896, -12.4386, 3], [19.1485, 1.9929, -5.41872, 4]], "reflectors": [[4.18973, 4.74533, 7.74132, 3], [-10.8157, 4.99515, -1.43851, 3], [14.3278, -13.3668, -7.55264, 6], [-9.00357, 4.31523, -11.1944, 2], [6.71753, 13.3901, -0.760929, 3]], "reflector_prisms": [], "absorber_prisms": [], "line_of_sight": [[60, 60, 0, 0, 0, 498], [51, 51, 0, 0, 0, 499], [216, 216, 0, 0, 0, 503], [17, 0, 17, 0, 0, 502], [251, 150, 101, 0, 0, 499], [103, 0, 103, 0, 0, 500], [122, 122, 0, 0, 0, 498], [0, 0, 0, 0, 0, 499]]}