{
"time_step": 1e-05,
"number_of_molecules": 500000,
"diff_coef": 300,
"sim_time": 2.00556,
"absorbers": [
[-18.4012,4.63652,0.947041,7],
[-0.0713852,-2.8797,-12.6768,5],
[-3.41705,21.3288,-12.5859,7],
[-16.5781,9.14808,14.7472,5],
[-1.05558,-13.0145,-13.8024,4],
[2.88988,4.7121,7.10245,4]
],
"reflectors": [
[3.06063,-2.75521,12.3305,5],
[7.7075,-6.77226,-23.89,7],
[5.65634,19.1276,1.46337,6],
[7.2815,-15.3788,16.9255,6],
[-7.6172,-6.32485,1.40523,4]
],
"reflector_prisms": [
],
"absorber_prisms": [
]
}