{"time_step": 1e-05, "number_of_molecules": 500000, "diff_coef": 200, "sim_time": 2.7, "absorbers": [[10.8404, 7.2378, 12.4137, 6], [-11.0366, -12.9931, -18.2859, 7], [1.84759, 13.7436, 19.5882, 7]], "reflectors": [[-2.52273, -1.49542, -19.7838, 5], [5.70524, 5.48205, -23.7149, 6]], "reflector_prisms": [], "absorber_prisms": [], "line_of_sight": [[187, 236, 0, 0, 0, 498], [416, 423, 0, 0, 0, 502], [144, 181, 16, 0, 0, 498]]}