{"time_step": 1e-05, "number_of_molecules": 500000, "diff_coef": 250, "sim_time": 2.40667, "absorbers": [[4.61936, 13.3377, 7.53448, 2], [4.77297, -2.48588, -10.7256, 3], [-0.693977, -1.18871, -18.9501, 2], [-4.87745, 23.3984, -2.17354, 5], [-5.89016, 7.34779, 5.68471, 3], [17.3487, -7.7658, -11.0776, 4], [-6.17734, -12.2309, -2.87136, 5]], "reflectors": [[-7.83729, 1.82125, -12.6594, 5], [-21.7168, -8.41617, 5.79198, 6], [-6.70139, -10.4339, 6.49814, 4], [3.97187, 6.36826, 16.3606, 3], [-13.2864, -15.1183, -8.88296, 3]], "reflector_prisms": [], "absorber_prisms": [], "line_of_sight": [[333, 333, 0, 0, 0, 501], [0, 0, 0, 0, 0, 501], [0, 0, 0, 0, 0, 498], [0, 0, 0, 0, 0, 503], [42, 42, 0, 0, 0, 500], [68, 68, 0, 0, 0, 504], [117, 56, 61, 0, 0, 501]]}