{"time_step": 1e-05, "number_of_molecules": 500000, "diff_coef": 250, "sim_time": 0.96, "absorbers": [[9.61161, -5.10162, 10.3243, 3], [5.28135, -12.2321, 6.89073, 6]], "reflectors": [[0.493102, 1.00494, -13.9552, 2]], "reflector_prisms": [], "absorber_prisms": [[-1.69681, -3.03219, -8.97851, 1.30319, 1.96781, -5.97851]], "line_of_sight": [[4, 4, 0, 0, 0, 499], [0, 0, 0, 0, 0, 501]]}