{
"time_step": 1e-05,
"number_of_molecules": 500000,
"diff_coef": 50,
"sim_time": 7.5,
"absorbers": [
[-12.2871,-12.1156,11.9683,6]
],
"reflectors": [
],
"reflector_prisms": [
],
"absorber_prisms": [
[5.13974,9.36674,-7.06699,11.1397,15.3667,-5.06699],
[-0.0902868,-10.9388,-2.95679,1.90971,-5.93882,2.04321],
[-5.24103,-2.57779,4.80188,-1.24103,3.42221,9.80188],
[0.948328,10.905,15.3977,2.94833,12.905,21.3977]
]
}