{
"time_step": 1e-05,
"number_of_molecules": 500000,
"diff_coef": 350,
"sim_time": 0.47619,
"absorbers": [
[1.00146,-6.36055,-11.2934,3]
],
"reflectors": [
[7.87639,-9.41648,8.6193,6],
[-1.81719,1.38557,-17.8544,4],
[0.571128,7.01706,12.101,6],
[9.34029,-1.73706,-5.5445,4],
[12.0674,13.0741,-2.72845,2]
],
"reflector_prisms": [
],
"absorber_prisms": [
]
}