{
"time_step": 1e-05,
"number_of_molecules": 500000,
"diff_coef": 300,
"sim_time": 2.00556,
"absorbers": [
[16.1053,-11.777,1.38687,4],
[-0.367958,1.12358,-16.9588,6],
[-8.63536,-0.736535,6.77408,3],
[3.02947,-7.40408,-0.0438654,3],
[11.5867,-3.91948,18.2862,3],
[-6.40632,10.3649,-15.8597,4],
[14.0722,-7.14114,6.32266,2]
],
"reflectors": [
[-10.8063,-0.804812,-1.89127,4],
[0.537535,-2.17399,8.71693,2]
],
"reflector_prisms": [
],
"absorber_prisms": [
]
}