{"time_step": 1e-05, "number_of_molecules": 500000, "diff_coef": 200, "sim_time": 1.40833, "absorbers": [[2.9331, 10.7564, -14.1314, 5]], "reflectors": [[15.0256, 10.9223, -3.99176, 2]], "reflector_prisms": [], "absorber_prisms": [[-4.4013, -6.56149, 0.203621, -1.4013, -4.56149, 3.20362], [-3.75766, -6.65996, -21.0479, 2.24234, -1.65996, -18.0479], [-0.17668, -6.05966, -8.74474, 4.82332, -4.05966, -2.74474], [0.671143, -13.6539, -11.7156, 4.67114, -7.65394, -8.71561]], "line_of_sight": [[0, 0, 0, 0, 0, 502]]}