{"time_step": 1e-05, "number_of_molecules": 500000, "diff_coef": 250, "sim_time": 2.40667, "absorbers": [[1.09545, 3.2608, 20.7164, 2], [-17.4223, 5.9801, -10.0847, 2]], "reflectors": [[0.417348, -20.9934, 0.320692, 5]], "reflector_prisms": [[-3.46751, 1.82103, 7.87619, 2.53249, 7.82103, 11.8762]], "absorber_prisms": [[-11.3168, -15.6317, -3.26295, -8.31683, -9.63174, 2.73705]], "line_of_sight": [[258, 0, 0, 0, 258, 497], [0, 0, 0, 0, 0, 499]]}