{
"time_step": 1e-05,
"number_of_molecules": 500000,
"diff_coef": 50,
"sim_time": 0.833333,
"absorbers": [
[-0.589372,0.826184,-6.92604,2]
],
"reflectors": [
[0.0313799,8.4059,-17.0394,4],
[8.0488,3.70629,-1.57486,3]
],
"reflector_prisms": [
[-0.647288,-17.3577,0.927223,4.35271,-11.3577,6.92722],
[-6.68825,-20.1308,-12.1954,-2.68825,-14.1308,-6.19539]
],
"absorber_prisms": [
]
}