{"time_step": 1e-05, "number_of_molecules": 500000, "diff_coef": 150, "sim_time": 3.21111, "absorbers": [[-16.5311, -1.92285, -12.8073, 5], [-9.14767, -11.8594, -9.98376, 4], [-13.6558, 2.74809, 1.40214, 7], [5.62133, 7.21195, -20.0097, 7], [4.03329, -1.6799, 7.86832, 4], [2.33708, -17.8492, -10.8141, 4]], "reflectors": [], "reflector_prisms": [], "absorber_prisms": [], "line_of_sight": [[170, 170, 0, 0, 0, 498], [0, 0, 0, 0, 0, 505], [0, 0, 0, 0, 0, 501], [44, 44, 0, 0, 0, 499], [105, 105, 0, 0, 0, 497], [0, 0, 0, 0, 0, 503]]}