{"time_step": 1e-05, "number_of_molecules": 500000, "diff_coef": 100, "sim_time": 3.75, "absorbers": [[11.3516, -13.6246, 3.08441, 3]], "reflectors": [[-0.327942, 0.333489, -23.9954, 5], [1.72871, 3.72844, 11.2743, 5]], "reflector_prisms": [[10.6836, -2.08282, 1.90147, 16.6836, 0.917182, 3.90147], [-16.4339, -4.48675, 9.17373, -12.4339, -2.48675, 11.1737], [-1.95673, -8.07822, 7.89559, 2.04327, -3.07822, 9.89559]], "absorber_prisms": [], "line_of_sight": [[0, 0, 0, 0, 0, 500]]}