{"time_step": 1e-05, "number_of_molecules": 500000, "diff_coef": 100, "sim_time": 1.66667, "absorbers": [[-7.96955, -3.41301, 9.68699, 3]], "reflectors": [], "reflector_prisms": [], "absorber_prisms": [[11.2349, -12.8003, 2.21815, 15.2349, -6.80025, 6.21815], [-20.7632, 1.97372, -13.269, -14.7632, 6.97372, -7.26904], [-1.19803, -0.205165, 12.7149, 1.80197, 5.79484, 14.7149]], "line_of_sight": [[0, 0, 0, 0, 0, 504]]}