{"time_step": 1e-05, "number_of_molecules": 500000, "diff_coef": 300, "sim_time": 1.60556, "absorbers": [[-0.59455, 1.34296, 14.9279, 6], [-16.2615, -15.1253, 9.09896, 7], [12.2273, -0.44415, 13.2021, 4]], "reflectors": [[-0.972573, -1.1262, -12.9146, 4], [6.57134, 3.21763, -13.0944, 4]], "reflector_prisms": [], "absorber_prisms": [], "line_of_sight": [[224, 0, 224, 0, 0, 499], [0, 0, 0, 0, 0, 496], [0, 0, 0, 0, 0, 502]]}