{"time_step": 1e-05, "number_of_molecules": 500000, "diff_coef": 200, "sim_time": 1.00833, "absorbers": [[-4.15515, 2.08327, -6.51112, 3], [5.42562, -0.403987, 13.9785, 4]], "reflectors": [], "reflector_prisms": [[-7.74205, -5.0306, 15.2496, -5.74205, -3.0306, 18.2496], [-12.7959, 14.0664, -12.3035, -10.7959, 16.0664, -7.30349]], "absorber_prisms": [], "line_of_sight": [[133, 133, 0, 0, 0, 500], [257, 257, 0, 0, 0, 500]]}