{"time_step": 1e-05, "number_of_molecules": 500000, "diff_coef": 350, "sim_time": 0.385714, "absorbers": [[-0.457023, -6.92651, -8.53315, 2], [2.32865, -9.1672, 3.24651, 4]], "reflectors": [], "reflector_prisms": [[9.91926, -12.9499, -2.48083, 15.9193, -8.94987, -0.480827]], "absorber_prisms": [[-2.38343, 2.18274, 6.40971, 1.61657, 4.18274, 10.4097]], "line_of_sight": [[0, 0, 0, 0, 0, 499], [0, 0, 0, 0, 0, 498]]}