{
"time_step": 1e-05,
"number_of_molecules": 500000,
"diff_coef": 400,
"sim_time": 0.416667,
"absorbers": [
[14.8669,1.71288,-1.02033,5]
],
"reflectors": [
[-16.1598,15.2308,-5.99032,4],
[-0.502585,3.91522,17.5618,6],
[0.00707158,-10.978,-19.0652,5],
[6.82815,13.2578,1.61486,6]
],
"reflector_prisms": [
],
"absorber_prisms": [
]
}