{"time_step": 1e-05, "number_of_molecules": 500000, "diff_coef": 100, "sim_time": 0.6, "absorbers": [[-0.490017, -0.878882, -8.94357, 4], [-3.65744, 1.21411, 9.22762, 4]], "reflectors": [], "reflector_prisms": [], "absorber_prisms": [[-13.1638, 4.37992, -1.08533, -9.16381, 8.37992, 4.91467], [-11.0946, -19.5827, -0.147421, -7.09456, -15.5827, 5.85258], [-6.84189, -9.53001, -4.02478, -2.84189, -6.53001, 0.975219]], "line_of_sight": [[165, 165, 0, 0, 0, 499], [197, 197, 0, 0, 0, 496]]}