{
"time_step": 1e-05,
"number_of_molecules": 500000,
"diff_coef": 250,
"sim_time": 1.92667,
"absorbers": [
[-7.97036,8.38027,3.20069,5],
[-10.4552,20.0652,4.1322,6]
],
"reflectors": [
],
"reflector_prisms": [
[2.89321,-0.440464,-18.3945,5.89321,1.55954,-13.3945],
[-17.5259,4.22768,-16.7254,-14.5259,8.22768,-10.7254]
],
"absorber_prisms": [
]
}