{
"time_step": 1e-05,
"number_of_molecules": 500000,
"diff_coef": 400,
"sim_time": 1.35,
"absorbers": [
[2.79133,-19.2187,10.3368,4],
[-5.12225,-4.19251,4.49282,3]
],
"reflectors": [
],
"reflector_prisms": [
[0.077117,-3.17828,15.3856,3.07712,0.821715,18.3856]
],
"absorber_prisms": [
[1.22046,7.94637,-15.7215,3.22046,10.9464,-9.72146],
[1.41905,8.56535,-0.510182,6.41905,13.5653,5.48982]
]
}