{"time_step": 1e-05, "number_of_molecules": 500000, "diff_coef": 50, "sim_time": 12.0333, "absorbers": [[14.4184, 11.0292, 14.1233, 4], [-19.0155, 2.97302, 5.43814, 4]], "reflectors": [], "reflector_prisms": [[-8.42829, -0.0608783, 3.40727, -5.42829, 3.93912, 7.40727], [-1.65324, -4.00201, -18.4117, 4.34676, 1.99799, -13.4117]], "absorber_prisms": [], "line_of_sight": [[0, 0, 0, 0, 0, 503], [129, 0, 0, 0, 129, 498]]}