{"time_step": 1e-05, "number_of_molecules": 500000, "diff_coef": 350, "sim_time": 0.685714, "absorbers": [[1.19291, 1.81488, -14.8419, 3]], "reflectors": [[-1.17282, 6.25684, 6.36211, 4]], "reflector_prisms": [[-9.05148, -6.05418, -20.3678, -4.05148, -2.05418, -14.3678]], "absorber_prisms": [[-8.31651, -18.3637, -6.33324, -4.31651, -13.3637, -1.33324]], "line_of_sight": [[0, 0, 0, 0, 0, 501]]}