{"time_step": 1e-05, "number_of_molecules": 500000, "diff_coef": 100, "sim_time": 5.4, "absorbers": [[-14.8467, 1.91361, -0.955647, 5], [-4.57694, -13.9573, 18.9801, 6], [14.3765, 6.28342, 10.7161, 4]], "reflectors": [], "reflector_prisms": [[-8.54111, 13.5102, 3.8512, -3.54111, 17.5102, 9.8512]], "absorber_prisms": [[6.47906, -8.68304, -2.85423, 10.4791, -3.68304, 2.14577]], "line_of_sight": [[0, 0, 0, 0, 0, 500], [0, 0, 0, 0, 0, 497], [0, 0, 0, 0, 0, 503]]}