{
"time_step": 1e-05,
"number_of_molecules": 500000,
"diff_coef": 100,
"sim_time": 4.81667,
"absorbers": [
[0.508847,6.46509,12.4074,4],
[-1.2498,1.04371,-20.9368,4],
[1.61023,14.2893,-19.2152,7],
[-2.20556,-11.3562,5.93052,5],
[0.463607,1.59522,20.9342,4],
[-6.82103,-0.348109,-14.469,4]
],
"reflectors": [
[11.2951,-0.427381,12.6979,5],
[-16.1167,-11.3386,-13.7,6],
[-3.86828,-12.5805,17.6286,4],
[9.52874,-9.53715,-3.77437,4],
[-3.25169,19.1667,10.2987,7],
[17.2236,3.97238,-11.3388,4]
],
"reflector_prisms": [
],
"absorber_prisms": [
]
}