{
"time_step": 1e-05,
"number_of_molecules": 500000,
"diff_coef": 100,
"sim_time": 5.4,
"absorbers": [
[10.0758,2.72282,15.8765,6],
[-1.86222,21.8273,9.80302,7],
[17.1293,7.42108,-9.61845,6],
[-9.49791,6.0618,21.1907,6],
[12.2303,-2.94308,3.27993,6],
[7.77841,-0.334519,-19.5034,4],
[6.20828,-7.88045,-4.51175,5]
],
"reflectors": [
],
"reflector_prisms": [
],
"absorber_prisms": [
]
}