{
"time_step": 1e-05,
"number_of_molecules": 500000,
"diff_coef": 150,
"sim_time": 3.21111,
"absorbers": [
[-5.47191,-2.31543,-16.9911,4],
[18.5034,-8.78362,-4.6338,4],
[-6.50009,10.0176,-17.2741,6],
[7.06281,14.1521,-2.41576,5],
[-0.864817,-3.5063,21.7016,6],
[-9.69909,6.64073,-5.55233,6]
],
"reflectors": [
[6.06645,-2.29647,-12.4066,7]
],
"reflector_prisms": [
],
"absorber_prisms": [
]
}