{
"time_step": 1e-05,
"number_of_molecules": 500000,
"diff_coef": 200,
"sim_time": 3.00833,
"absorbers": [
[0.0174005,-0.0249939,17,4],
[-20.5652,4.01693,1.39206,2],
[16.7721,-6.50809,-10.8324,6],
[-9.07311,4.38715,12.427,5],
[-14.7697,-7.57892,3.66279,5],
[-11.0974,-14.3732,-5.591,2],
[-1.55183,-10.956,14.1971,4],
[5.64581,-7.61897,-11.6222,2]
],
"reflectors": [
[11.1336,3.99419,7.48923,2],
[-0.974856,8.29694,-13.6459,5],
[-5.88427,-20.6711,-8.1904,6],
[7.77769,20.5497,-1.10355,5]
],
"reflector_prisms": [
],
"absorber_prisms": [
]
}