{"time_step": 1e-05, "number_of_molecules": 500000, "diff_coef": 350, "sim_time": 1.54286, "absorbers": [[6.6055, 11.8299, 16.0443, 3], [-1.06192, 6.11251, 9.08347, 2], [-13.0877, 7.04292, -2.02709, 2]], "reflectors": [], "reflector_prisms": [[-5.49407, -3.90568, -8.73238, -0.494067, -1.90568, -3.73238]], "absorber_prisms": [], "line_of_sight": [[0, 0, 0, 0, 0, 501], [0, 0, 0, 0, 0, 497], [0, 0, 0, 0, 0, 498]]}