{
"time_step": 1e-05,
"number_of_molecules": 500000,
"diff_coef": 400,
"sim_time": 0.266667,
"absorbers": [
[0.582855,-3.6355,-12.4677,5]
],
"reflectors": [
[-17.2245,-6.12019,-10.3374,6],
[1.72815,-0.885503,20.91,2]
],
"reflector_prisms": [
[-7.39624,0.647676,-9.63245,-4.39624,3.64768,-4.63245],
[-9.36628,4.48167,0.15557,-5.36628,7.48167,6.15557],
[-0.260657,5.19815,-13.3602,4.73934,11.1982,-11.3602]
],
"absorber_prisms": [
]
}