{"time_step": 1e-05, "number_of_molecules": 500000, "diff_coef": 100, "sim_time": 5.4, "absorbers": [[22.1447, 2.17962, 5.81922, 7], [4.57613, -4.26065, 16.8792, 4], [-5.61795, 11.5197, 2.17597, 4], [-13.493, 3.87888, 11.2647, 5], [11.5209, -20.8343, 3.03336, 6], [6.31369, 0.0419855, -24.1896, 7]], "reflectors": [[4.26278, 4.19859, 8.01252, 5], [-7.33591, 2.31249, -16.2738, 7]], "reflector_prisms": [], "absorber_prisms": [], "line_of_sight": [[0, 0, 0, 0, 0, 500], [462, 0, 517, 0, 0, 502], [143, 143, 0, 0, 0, 499], [0, 0, 0, 0, 0, 501], [205, 205, 0, 0, 0, 499], [0, 0, 0, 0, 0, 501]]}