{"time_step": 1e-05, "number_of_molecules": 500000, "diff_coef": 50, "sim_time": 8.53333, "absorbers": [[-16.1386, 1.53502, 7.82237, 2], [-1.49157, -3.14479, 18.6785, 3]], "reflectors": [[15.5634, 15.5468, 0.281572, 5], [14.6563, 9.55738, 13.336, 4]], "reflector_prisms": [], "absorber_prisms": [[4.07473, 1.35932, 7.2886, 7.07473, 6.35932, 11.2886]], "line_of_sight": [[0, 0, 0, 0, 0, 498], [0, 0, 0, 0, 0, 499]]}