{"time_step": 1e-05, "number_of_molecules": 500000, "diff_coef": 150, "sim_time": 2.5, "absorbers": [[-11.8769, -14.725, 1.76421, 4]], "reflectors": [[-3.36663, -3.01364, 12.1895, 4]], "reflector_prisms": [[4.05404, -3.97249, 8.72167, 6.05404, 2.02751, 10.7217], [15.893, 6.71233, -4.70817, 18.893, 9.71233, -1.70817]], "absorber_prisms": [[-3.67037, 8.08686, 14.5145, 0.32963, 12.0869, 17.5145], [6.31287, 15.1383, -0.622282, 10.3129, 21.1383, 3.37772]], "line_of_sight": [[0, 0, 0, 0, 0, 502]]}