{
"time_step": 1e-05,
"number_of_molecules": 500000,
"diff_coef": 100,
"sim_time": 1.66667,
"absorbers": [
[9.65677,8.20162,-2.91208,3]
],
"reflectors": [
],
"reflector_prisms": [
[-9.77997,-7.97617,6.24885,-3.77997,-2.97617,10.2489]
],
"absorber_prisms": [
[2.93852,12.5746,-9.88048,6.93852,14.5746,-3.88048]
]
}