{"time_step": 1e-05, "number_of_molecules": 500000, "diff_coef": 200, "sim_time": 0.533333, "absorbers": [[2.36511, -9.76582, 4.47605, 3]], "reflectors": [], "reflector_prisms": [], "absorber_prisms": [[8.45441, -15.6002, -9.3618, 13.4544, -13.6002, -4.3618], [-3.45438, -6.40269, -14.3883, 1.54562, -1.40269, -11.3883], [1.70308, 14.5327, 3.27082, 5.70308, 17.5327, 5.27082]], "line_of_sight": [[0, 0, 0, 0, 0, 500]]}