{"time_step": 1e-05, "number_of_molecules": 500000, "diff_coef": 300, "sim_time": 0.355556, "absorbers": [[0.523516, 0.663301, -6.94881, 2], [11.7042, -2.54156, -0.743432, 4]], "reflectors": [[4.16645, -16.2263, 2.88929, 4], [-0.241032, -2.78732, 14.7368, 6], [0.702945, -7.00309, -8.45356, 2]], "reflector_prisms": [], "absorber_prisms": [], "line_of_sight": [[499, 0, 499, 0, 0, 499], [0, 0, 0, 0, 0, 499]]}