{
"time_step": 1e-05,
"number_of_molecules": 500000,
"diff_coef": 400,
"sim_time": 1.06667,
"absorbers": [
[14.5107,2.10394,-12.0835,3],
[-12.6116,-0.542575,3.10713,4],
[0.521423,-10.8039,2.00084,5]
],
"reflectors": [
[-7.48327,-0.578466,-9.36302,4],
[-0.322368,-0.915023,10.9571,2],
[-17.1436,1.4387,-5.29393,2],
[-3.53733,1.73051,-14.4739,2]
],
"reflector_prisms": [
],
"absorber_prisms": [
]
}