{"time_step": 1e-05, "number_of_molecules": 500000, "diff_coef": 350, "sim_time": 0.57619, "absorbers": [[2.12145, -12.134, 8.55951, 4]], "reflectors": [[0.0208812, -0.0112388, -12, 2], [5.59233, 4.20943, -0.0808686, 2], [5.58041, 3.78162, 12.2702, 3]], "reflector_prisms": [], "absorber_prisms": [], "line_of_sight": [[0, 0, 0, 0, 0, 499]]}