{
"time_step": 1e-05,
"number_of_molecules": 500000,
"diff_coef": 150,
"sim_time": 4.01111,
"absorbers": [
[1.4358,-11.4864,18.7083,3],
[-3.72167,9.47493,-20.6246,6],
[4.22651,-6.3241,-9.28129,4]
],
"reflectors": [
[22.1083,7.57417,8.87994,6]
],
"reflector_prisms": [
],
"absorber_prisms": [
[8.76713,12.1203,-1.14573,14.7671,15.1203,0.854267]
]
}