{
"time_step": 1e-05,
"number_of_molecules": 500000,
"diff_coef": 300,
"sim_time": 0.272222,
"absorbers": [
[8.70534,-8.98932,3.52266,6]
],
"reflectors": [
],
"reflector_prisms": [
],
"absorber_prisms": [
[1.3331,-13.0442,12.3408,7.3331,-9.04417,17.3408],
[1.04315,12.8619,-9.98714,4.04315,17.8619,-5.98714],
[-7.97342,-11.6757,-7.8812,-1.97342,-8.67573,-4.8812],
[2.47979,8.82428,15.3219,6.47979,13.8243,21.3219],
[-1.63541,2.6729,5.85651,4.36459,5.6729,9.85651]
]
}