{"time_step": 1e-05, "number_of_molecules": 500000, "diff_coef": 100, "sim_time": 4.81667, "absorbers": [[16.1925, 13.2548, -9.54527, 6], [-7.33461, 1.52874, -14.1374, 5]], "reflectors": [[-7.80527, -1.11801, 9.04588, 2], [14.2551, -12.0403, -7.19889, 5], [-0.231044, -9.34277, 11.7328, 6]], "reflector_prisms": [], "absorber_prisms": [], "line_of_sight": [[0, 0, 0, 0, 0, 497], [0, 0, 0, 0, 0, 501]]}