{
"time_step": 1e-05,
"number_of_molecules": 500000,
"diff_coef": 150,
"sim_time": 2.84444,
"absorbers": [
[-3.51487,7.08087,9.02812,6],
[-6.38706,2.97541,-3.78845,3],
[10.9465,1.426,-4.70532,2],
[6.75684,-0.541326,13.381,2],
[-12.3743,-6.22567,15.7834,5],
[-8.5148,-13.5378,0.47636,2],
[-10.8941,2.62805,-17.7599,6]
],
"reflectors": [
[0.562326,-9.41801,20.9758,5],
[-3.58731,5.31813,-12.4438,3]
],
"reflector_prisms": [
],
"absorber_prisms": [
]
}