{"time_step": 1e-05, "number_of_molecules": 500000, "diff_coef": 150, "sim_time": 4.01111, "absorbers": [[-3.20208, 3.34138, -14.2682, 6], [6.97933, 18.6112, -6.77596, 2], [6.27665, -9.4599, 6.33355, 2], [-14.5074, -3.58425, 1.29919, 4], [13.3829, 2.47631, 17.2849, 4], [5.18356, 4.91902, 6.99529, 5], [9.56266, -9.23773, -4.38404, 2]], "reflectors": [[-6.47878, 7.12196, 5.32006, 6], [13.9077, 17.0099, -9.65604, 5], [4.59418, -17.7739, -16.97, 6], [-0.186345, -3.72888, 11.4044, 4]], "reflector_prisms": [], "absorber_prisms": [], "line_of_sight": [[258, 92, 183, 0, 0, 502], [0, 0, 0, 0, 0, 502], [0, 0, 0, 0, 0, 499], [0, 0, 0, 0, 0, 498], [418, 450, 0, 0, 0, 502], [102, 105, 4, 0, 0, 499], [499, 0, 499, 0, 0, 499]]}