{
"time_step": 1e-05,
"number_of_molecules": 500000,
"diff_coef": 200,
"sim_time": 1.875,
"absorbers": [
[-8.78764,-1.80384,4.41854,4],
[-0.015929,0.485141,-8.9869,2],
[-2.23121,1.76808,19.7964,5],
[0.803275,11.7076,7.63462,6]
],
"reflectors": [
],
"reflector_prisms": [
],
"absorber_prisms": [
[-15.4936,-1.53664,2.79835,-12.4936,1.46336,4.79835]
]
}