{"time_step": 1e-05, "number_of_molecules": 500000, "diff_coef": 150, "sim_time": 2.84444, "absorbers": [[-7.05321, 2.82447, 9.28841, 3], [2.35141, -11.3682, -18.6878, 6]], "reflectors": [[-1.33879, 5.99973, 19.0318, 3], [1.21278, -2.76512, -13.6705, 4], [7.29736, -7.37224, 3.66043, 4], [4.65685, -4.19116, -4.97473, 2]], "reflector_prisms": [], "absorber_prisms": [], "line_of_sight": [[135, 0, 135, 0, 0, 499], [151, 0, 243, 0, 0, 499]]}