{
"time_step": 1e-05,
"number_of_molecules": 500000,
"diff_coef": 100,
"sim_time": 1.66667,
"absorbers": [
[-10.0054,6.57507,0.813281,2]
],
"reflectors": [
[-12.8056,-0.026075,-14.0362,3]
],
"reflector_prisms": [
[6.15788,-2.37011,14.901,11.1579,3.62989,18.901],
[-17.2437,-0.28589,-12.6729,-12.2437,5.71411,-10.6729]
],
"absorber_prisms": [
[-3.38873,-2.29425,-16.3639,-0.388729,3.70575,-13.3639]
]
}