{
"time_step": 1e-05,
"number_of_molecules": 500000,
"diff_coef": 50,
"sim_time": 12.0333,
"absorbers": [
[17.4296,0.365099,-15.0025,4]
],
"reflectors": [
[12.8389,1.93661,-0.641342,2]
],
"reflector_prisms": [
[10.4246,-4.80252,-1.58662,14.4246,-2.80252,2.41338]
],
"absorber_prisms": [
]
}