{"time_step": 1e-05, "number_of_molecules": 500000, "diff_coef": 400, "sim_time": 0.816667, "absorbers": [[-5.83575, 17.7976, -3.19234, 6], [13.299, -7.16582, 7.79664, 7], [0.580095, -0.559748, -19.9837, 6], [9.79987, -5.66078, -9.8447, 5], [-18.7154, 0.915951, 3.14579, 7]], "reflectors": [[-4.10776, -14.3644, 1.33841, 5], [1.75519, -2.27604, 15.7397, 6]], "reflector_prisms": [], "absorber_prisms": [], "line_of_sight": [[53, 0, 53, 0, 0, 504], [21, 21, 0, 0, 0, 495], [300, 0, 300, 0, 0, 500], [26, 26, 0, 0, 0, 500], [47, 47, 0, 0, 0, 500]]}