{"time_step": 1e-05, "number_of_molecules": 500000, "diff_coef": 50, "sim_time": 8.53333, "absorbers": [[-14.3853, 6.50318, 2.60231, 7], [0.44201, 8.85962, 16.8021, 4], [-6.33461, -1.34703, 16.7946, 4], [-8.8988, 18.33, -5.08171, 7], [-11.1537, 10.5943, -14.2953, 5], [-9.16813, -14.2648, 1.20912, 7]], "reflectors": [[14.6922, -14.7127, -7.18859, 7], [13.6673, 4.25945, 13.9665, 6], [7.39188, 0.17961, -21.7791, 4], [-7.14104, -3.64559, -13.8461, 6], [-0.952568, 16.1298, 5.28429, 5], [3.42144, -5.82569, -9.91741, 5]], "reflector_prisms": [], "absorber_prisms": [], "line_of_sight": [[134, 0, 134, 0, 0, 503], [450, 0, 452, 0, 0, 498], [205, 0, 271, 0, 0, 503], [0, 0, 0, 0, 0, 502], [0, 0, 0, 0, 0, 503], [0, 0, 0, 0, 0, 498]]}