{
"time_step": 1e-05,
"number_of_molecules": 500000,
"diff_coef": 400,
"sim_time": 0.15,
"absorbers": [
[0.771613,-1.66526,-8.81088,3]
],
"reflectors": [
],
"reflector_prisms": [
[-10.4494,-2.56075,11.7134,-6.44937,0.439254,17.7134],
[0.658072,1.98258,4.89384,6.65807,6.98258,8.89384],
[-1.82418,5.601,-15.2739,1.17582,8.601,-12.2739]
],
"absorber_prisms": [
]
}