{"time_step": 1e-05, "number_of_molecules": 500000, "diff_coef": 250, "sim_time": 0.24, "absorbers": [[-1.76583, 7.66051, 4.38159, 3]], "reflectors": [], "reflector_prisms": [], "absorber_prisms": [[-3.7975, -1.86355, -8.60222, -0.797503, 1.13645, -4.60222], [-2.11943, -3.00331, 19.4715, -0.119431, 2.99669, 24.4715], [4.89131, -18.1635, -11.6728, 10.8913, -16.1635, -6.67284], [-1.89611, -2.75811, 9.47335, 2.10389, 1.24189, 12.4734], [-16.3036, -8.70101, -4.6458, -14.3036, -4.70101, -1.6458]], "line_of_sight": [[0, 0, 0, 0, 0, 503]]}