{
"time_step": 1e-05,
"number_of_molecules": 500000,
"diff_coef": 350,
"sim_time": 1.07143,
"absorbers": [
[-10.3665,10.4696,-8.48072,2],
[-10.6535,4.01323,9.76713,3]
],
"reflectors": [
],
"reflector_prisms": [
],
"absorber_prisms": [
[14.1357,-7.03943,-15.7851,18.1357,-3.03943,-10.7851],
[-4.89127,14.8398,3.95354,-0.891275,16.8398,6.95354],
[7.48059,-9.80204,-4.80191,11.4806,-3.80204,-0.80191],
[-5.92951,19.2044,3.41918,0.0704947,21.2044,6.41918]
]
}