{"time_step": 1e-05, "number_of_molecules": 500000, "diff_coef": 100, "sim_time": 2.81667, "absorbers": [[0.0855963, -2.69459, 17.797, 5]], "reflectors": [], "reflector_prisms": [[-12.9368, 1.02487, 7.34376, -8.93678, 6.02487, 10.3438], [-12.985, 8.96016, -10.561, -7.98496, 13.9602, -5.56103]], "absorber_prisms": [[-12.6862, -3.8536, -10.1616, -10.6862, -1.8536, -4.1616]], "line_of_sight": [[0, 0, 0, 0, 0, 502]]}