{
"time_step": 1e-05,
"number_of_molecules": 500000,
"diff_coef": 300,
"sim_time": 2.00556,
"absorbers": [
[-5.60522,12.2523,6.5927,4],
[-14.8587,14.4628,-13.966,6],
[1.87701,1.28062,18.8636,5],
[2.15032,15.5251,15.4385,4],
[18.7751,-13.2302,1.2068,5]
],
"reflectors": [
[3.10087,-0.600412,-16.704,4],
[0.865209,-15.6987,-6.46543,6],
[-21.485,-4.06574,9.89264,7]
],
"reflector_prisms": [
],
"absorber_prisms": [
]
}