{
"time_step": 1e-05,
"number_of_molecules": 500000,
"diff_coef": 100,
"sim_time": 1.06667,
"absorbers": [
[7.58764,-0.675696,-9.27206,4]
],
"reflectors": [
[-11.9696,2.06273,-6.96235,5],
[-3.65635,4.32969,-10.5776,4],
[5.90694,17.5072,7.65546,2]
],
"reflector_prisms": [
],
"absorber_prisms": [
[-5.12422,-1.10794,18.1486,-2.12422,2.89206,21.1486],
[12.5934,2.36767,-12.557,15.5934,8.36767,-10.557]
]
}