{
"time_step": 1e-05,
"number_of_molecules": 500000,
"diff_coef": 300,
"sim_time": 0.938889,
"absorbers": [
[1.58501,6.01909,-10.2595,4],
[9.09184,12.9137,8.6356,5]
],
"reflectors": [
],
"reflector_prisms": [
],
"absorber_prisms": [
[0.152345,-13.8225,2.8343,5.15234,-10.8225,6.8343],
[-10.7903,-7.88778,1.92544,-8.79028,-1.88778,7.92544],
[0.142565,-1.81792,-17.2991,4.14257,4.18208,-12.2991]
]
}