{
"time_step": 1e-05,
"number_of_molecules": 500000,
"diff_coef": 350,
"sim_time": 1.21905,
"absorbers": [
[-6.21423,1.52189,-17.8904,5],
[-13.5327,5.36328,3.61965,6],
[18.1255,10.2956,-7.03328,6]
],
"reflectors": [
],
"reflector_prisms": [
],
"absorber_prisms": [
[3.04949,6.17758,6.03438,5.04949,11.1776,10.0344]
]
}