{"time_step": 1e-05, "number_of_molecules": 500000, "diff_coef": 400, "sim_time": 0.816667, "absorbers": [[14.5457, 6.14519, -2.5803, 6], [5.311, -9.19583, 15.7553, 5], [-4.69264, 4.61055, -6.14181, 4]], "reflectors": [[11.1016, -16.288, 7.24266, 5]], "reflector_prisms": [[2.0896, -18.7621, -1.84206, 8.0896, -15.7621, 1.15794]], "absorber_prisms": [], "line_of_sight": [[0, 0, 0, 0, 0, 501], [360, 360, 0, 0, 0, 500], [197, 111, 86, 0, 0, 502]]}