{"time_step": 1e-05, "number_of_molecules": 500000, "diff_coef": 350, "sim_time": 0.233333, "absorbers": [[-4.0521, 1.3327, -11.2163, 5]], "reflectors": [[9.01185, -3.9747, -9.94928, 4]], "reflector_prisms": [], "absorber_prisms": [[-11.7525, -10.1758, -13.8669, -8.75254, -8.17578, -10.8669], [14.4194, -15.3107, 1.72478, 17.4194, -11.3107, 4.72478]], "line_of_sight": [[0, 0, 0, 0, 0, 500]]}