{"time_step": 1e-05, "number_of_molecules": 500000, "diff_coef": 250, "sim_time": 1.30667, "absorbers": [[3.38204, -9.90161, 3.39411, 4], [-1.41993, 7.68831, 4.45799, 2], [-7.74559, 5.71634, 16.3808, 5]], "reflectors": [], "reflector_prisms": [], "absorber_prisms": [[-16.2521, -2.22176, 9.17799, -10.2521, 2.77824, 15.178]], "line_of_sight": [[0, 0, 0, 0, 0, 502], [0, 0, 0, 0, 0, 498], [15, 0, 0, 15, 0, 500]]}