{
"time_step": 1e-05,
"number_of_molecules": 500000,
"diff_coef": 200,
"sim_time": 1.875,
"absorbers": [
[14.9009,10.9703,-4.31445,4]
],
"reflectors": [
[-10.9429,-12.1415,9.68685,2],
[1.4785,9.22485,-10.4267,2]
],
"reflector_prisms": [
[5.59585,1.08095,-8.45444,8.59585,3.08095,-6.45444]
],
"absorber_prisms": [
[1.32992,-12.3015,5.31125,5.32992,-6.30153,8.31125]
]
}