{
"time_step": 1e-05,
"number_of_molecules": 500000,
"diff_coef": 50,
"sim_time": 10.8,
"absorbers": [
[19.9069,8.49784,7.77838,5],
[-4.88134,-4.42009,-12.3546,5],
[16.0066,-13.5879,-0.397039,3],
[2.34826,0.463193,-6.57808,2]
],
"reflectors": [
],
"reflector_prisms": [
],
"absorber_prisms": [
[8.58146,-9.5625,9.85196,11.5815,-5.5625,15.852]
]
}