{
"time_step": 1e-05,
"number_of_molecules": 500000,
"diff_coef": 200,
"sim_time": 2.7,
"absorbers": [
[-0.215158,0.0498412,15.9985,5],
[6.58617,-5.40226,16.9835,3],
[6.83011,-8.4345,1.79133,4],
[-4.12605,-10.7378,-19.9167,5],
[18.3686,-7.78191,1.42639,4],
[-2.84852,12.4569,-2.39,2],
[-9.92041,-6.29275,17.4065,5]
],
"reflectors": [
[2.78278,7.24437,13.992,2],
[-16.8399,0.652338,-2.23467,2],
[14.5088,3.26863,-1.9518,3],
[-0.530708,-6.54319,-11.2207,3],
[7.75875,-0.0433961,-13.9928,5]
],
"reflector_prisms": [
],
"absorber_prisms": [
]
}