{"time_step": 1e-05, "number_of_molecules": 500000, "diff_coef": 400, "sim_time": 1.35, "absorbers": [[9.10218, -4.89852, -9.44218, 4], [-15.7613, -5.3504, -9.16261, 7], [-2.15769, -10.9463, -10.0261, 7], [1.33827, -2.7196, 11.6109, 5], [-0.649668, 16.5443, 15.9645, 5], [21.1996, 5.87522, 0.238245, 6]], "reflectors": [[-3.43074, -15.8784, 14.836, 4], [0.904323, -21.2387, 5.66577, 4], [0.105826, 3.94349, -19.6071, 6], [9.31924, 7.25416, -5.43405, 4]], "reflector_prisms": [], "absorber_prisms": [], "line_of_sight": [[0, 0, 0, 0, 0, 503], [86, 86, 0, 0, 0, 499], [20, 20, 0, 0, 0, 502], [96, 0, 96, 0, 0, 501], [504, 504, 0, 0, 0, 504], [133, 123, 10, 0, 0, 498]]}