{"time_step": 1e-05, "number_of_molecules": 500000, "diff_coef": 300, "sim_time": 1.60556, "absorbers": [[-7.57334, 16.8646, 4.38529, 2]], "reflectors": [[-16.7038, 11.6263, 10.7151, 4]], "reflector_prisms": [[-2.8332, -1.02142, -16.9962, 2.1668, 0.978583, -11.9962], [5.76593, -8.25265, -19.2584, 9.76593, -4.25265, -14.2584]], "absorber_prisms": [[-1.66925, 5.51681, 13.7443, 2.33075, 9.51681, 16.7443], [-7.65591, 3.38014, 10.3648, -4.65591, 7.38014, 12.3648]], "line_of_sight": [[0, 0, 0, 0, 0, 499]]}