{
"time_step": 1e-05,
"number_of_molecules": 500000,
"diff_coef": 150,
"sim_time": 2.17778,
"absorbers": [
[18.4535,4.26055,6.42771,7],
[-5.59061,5.26493,6.40512,5],
[-6.06711,6.29379,-19.0939,7]
],
"reflectors": [
[3.61612,0.0276492,12.4869,4]
],
"reflector_prisms": [
],
"absorber_prisms": [
]
}