{"time_step": 1e-05, "number_of_molecules": 500000, "diff_coef": 200, "sim_time": 2.40833, "absorbers": [[-0.239036, 7.98866, -0.352442, 2], [-12.4091, -6.22908, -11.4548, 4], [6.03811, -17.1994, 8.2294, 3]], "reflectors": [], "reflector_prisms": [[-8.26141, 5.29243, -2.55059, -5.26141, 9.29243, 0.449412], [-18.7416, 3.45113, 5.3173, -15.7416, 9.45113, 10.3173]], "absorber_prisms": [], "line_of_sight": [[0, 0, 0, 0, 0, 501], [0, 0, 0, 0, 0, 501], [0, 0, 0, 0, 0, 499]]}