{
"time_step": 1e-05,
"number_of_molecules": 500000,
"diff_coef": 50,
"sim_time": 6.53333,
"absorbers": [
[-5.41632,-5.30817,18.5064,6],
[-10.688,0.681279,-2.5103,6]
],
"reflectors": [
],
"reflector_prisms": [
[-21.2505,-3.34033,-5.45625,-16.2505,-0.340335,0.543749],
[4.60325,-9.60325,1.07689,8.60325,-3.60325,6.07689]
],
"absorber_prisms": [
]
}