{"time_step": 1e-05, "number_of_molecules": 500000, "diff_coef": 200, "sim_time": 3.00833, "absorbers": [[-8.25217, -7.98468, -23.3269, 7], [3.05813, -12.5876, -1.09568, 6], [14.6827, 14.0388, 8.44578, 7], [10.2004, 8.02971, -0.689872, 4], [-2.13835, 15.9329, -11.8983, 7]], "reflectors": [[-2.31331, -8.58974, 12.0775, 7], [-4.05913, 2.96787, -9.78342, 6], [13.8345, -5.52081, 1.76817, 7], [13.3568, -1.21826, -13.4578, 5]], "reflector_prisms": [], "absorber_prisms": [], "line_of_sight": [[211, 0, 211, 0, 0, 498], [58, 58, 0, 0, 0, 499], [111, 111, 0, 0, 0, 501], [115, 115, 0, 0, 0, 500], [377, 79, 404, 0, 0, 498]]}