{
"time_step": 1e-05,
"number_of_molecules": 500000,
"diff_coef": 300,
"sim_time": 1.60556,
"absorbers": [
[3.502,-0.721636,15.5954,2],
[-3.37103,5.4571,-11.3074,3],
[-3.87316,-11.3201,-13.4482,5],
[1.9705,1.80858,6.46886,2],
[11.8015,-17.3125,1.41585,4],
[11.4102,-5.94135,-7.71411,2],
[8.78276,-14.5347,-10.5643,3]
],
"reflectors": [
[0.292626,-13.1092,7.28451,4],
[-0.343738,-2.71393,-18.802,2]
],
"reflector_prisms": [
],
"absorber_prisms": [
]
}