{
"time_step": 1e-05,
"number_of_molecules": 500000,
"diff_coef": 200,
"sim_time": 0.833333,
"absorbers": [
[8.66369,0.72764,-6.73877,6],
[-1.7748,-10.5203,10.5439,6],
[-12.6077,-1.28816,2.89595,3]
],
"reflectors": [
[-3.56566,2.03821,16.4964,5],
[9.30169,21.5074,5.18755,5],
[5.16082,-1.41277,8.44808,5],
[-7.18477,11.3901,-11.9434,5]
],
"reflector_prisms": [
],
"absorber_prisms": [
]
}