{"time_step": 1e-05, "number_of_molecules": 500000, "diff_coef": 300, "sim_time": 0.672222, "absorbers": [[-3.29514, -0.825412, 14.6103, 4]], "reflectors": [[8.69668, 15.4625, 3.04597, 2], [-2.02628, 1.08433, -12.7953, 4], [5.15214, -20.5854, 5.80496, 5], [-11.7746, 13.791, -5.67147, 6]], "reflector_prisms": [], "absorber_prisms": [], "line_of_sight": [[147, 0, 147, 0, 0, 499]]}