{"time_step": 1e-05, "number_of_molecules": 500000, "diff_coef": 300, "sim_time": 2.00556, "absorbers": [[-0.102231, -1.03634, -11.9547, 4], [6.27337, 18.0163, -14.5622, 5], [3.08763, 5.71393, 15.7104, 6], [-7.78106, -9.29826, -4.69015, 6], [20.5646, -2.60841, 13.9747, 6], [8.38353, 6.46659, -18.1356, 6]], "reflectors": [[-18.3239, 1.26603, -4.8611, 4], [13.9409, 8.92793, -3.86548, 5]], "reflector_prisms": [], "absorber_prisms": [], "line_of_sight": [[236, 236, 0, 0, 0, 498], [0, 0, 0, 0, 0, 505], [204, 204, 0, 0, 0, 501], [67, 14, 53, 0, 0, 499], [94, 0, 94, 0, 0, 500], [37, 37, 0, 0, 0, 499]]}