{
"time_step": 1e-05,
"number_of_molecules": 500000,
"diff_coef": 250,
"sim_time": 0.54,
"absorbers": [
[0.128575,-0.363419,10.9932,2]
],
"reflectors": [
[-0.399599,-7.07961,10.8958,2]
],
"reflector_prisms": [
],
"absorber_prisms": [
[-11.9511,-11.0501,-5.8199,-6.95112,-7.05012,-0.819898],
[-7.72438,-1.96357,-19.1742,-2.72438,0.0364334,-14.1742]
]
}