{"time_step": 1e-05, "number_of_molecules": 500000, "diff_coef": 400, "sim_time": 1.06667, "absorbers": [[4.8718, 4.51967, -11.1731, 5], [1.86922, 15.722, 13.7958, 5], [17.6927, 3.48936, 5.98257, 5], [2.58865, 5.79243, 8.98591, 6]], "reflectors": [[-16.6451, -2.55377, 6.3577, 6]], "reflector_prisms": [], "absorber_prisms": [], "line_of_sight": [[0, 0, 0, 0, 0, 500], [502, 502, 0, 0, 0, 502], [0, 0, 0, 0, 0, 500], [31, 31, 0, 0, 0, 500]]}