{
"time_step": 1e-05,
"number_of_molecules": 500000,
"diff_coef": 100,
"sim_time": 4.26667,
"absorbers": [
[-14.4436,-6.60262,8.47282,2]
],
"reflectors": [
],
"reflector_prisms": [
[-6.93487,10.3484,-13.6458,-3.93487,14.3484,-8.64577],
[0.724366,-12.4772,1.78049,2.72437,-7.47725,3.78049],
[-1.68427,-1.29239,5.48979,2.31573,1.70761,8.48979],
[1.53453,-9.82457,8.39238,4.53453,-3.82457,10.3924]
],
"absorber_prisms": [
[-5.62464,-9.9563,-1.17257,-2.62464,-5.9563,2.82743]
]
}