{
"time_step": 1e-05,
"number_of_molecules": 500000,
"diff_coef": 250,
"sim_time": 1.70667,
"absorbers": [
[7.08986,-14.9368,-9.36086,3]
],
"reflectors": [
],
"reflector_prisms": [
[1.08462,3.63901,1.00795,5.08462,8.63901,5.00795]
],
"absorber_prisms": [
[0.479454,-9.46837,-3.82347,6.47945,-6.46837,-0.82347]
]
}