{"time_step": 1e-05, "number_of_molecules": 500000, "diff_coef": 250, "sim_time": 2.40667, "absorbers": [[2.9585, 1.67318, 14.6099, 5], [-4.88988, -6.21012, 1.2343, 3], [-2.86446, -6.6557, -6.89177, 2], [-4.9156, -16.2696, 0.369315, 5], [-1.56411, 5.07218, -15.0939, 2], [-9.55067, 20.1967, 5.46605, 5], [3.17109, 6.26557, -3.83234, 2], [-11.6768, 16.2411, -13.262, 5]], "reflectors": [[1.50554, -9.66509, -6.95121, 2]], "reflector_prisms": [], "absorber_prisms": [], "line_of_sight": [[16, 16, 0, 0, 0, 502], [225, 227, 0, 0, 0, 500], [0, 0, 0, 0, 0, 497], [197, 231, 0, 0, 0, 503], [46, 46, 0, 0, 0, 499], [0, 0, 0, 0, 0, 499], [203, 246, 0, 0, 0, 497], [0, 0, 0, 0, 0, 499]]}