{
"time_step": 1e-05,
"number_of_molecules": 500000,
"diff_coef": 150,
"sim_time": 1.87778,
"absorbers": [
[3.27781,1.70557,-9.29231,4],
[-1.77144,12.7029,2.12095,7],
[-9.94996,-0.397538,8.35705,7],
[13.1064,-0.708751,12.3174,5],
[0.0279232,9.00676,-11.9949,4],
[7.88197,-11.4959,9.73239,6]
],
"reflectors": [
[-20.4132,3.36639,3.60117,4],
[-1.74178,-14.1457,4.67609,5],
[-0.254778,-0.746163,18.9836,7]
],
"reflector_prisms": [
],
"absorber_prisms": [
]
}