{"time_step": 1e-05, "number_of_molecules": 500000, "diff_coef": 150, "sim_time": 3.21111, "absorbers": [[11.5606, -5.89538, 0.772241, 3], [-16.2026, 3.80941, 15.8734, 6], [-2.0547, -0.569391, -17.8733, 5]], "reflectors": [], "reflector_prisms": [], "absorber_prisms": [[-8.28208, 4.63703, -19.1446, -3.28208, 6.63703, -14.1446], [4.24307, 0.756411, 1.40162, 7.24307, 4.75641, 4.40162]], "line_of_sight": [[0, 0, 0, 0, 0, 498], [0, 0, 0, 0, 0, 500], [0, 0, 0, 0, 0, 500]]}