{"time_step": 1e-05, "number_of_molecules": 500000, "diff_coef": 300, "sim_time": 1.8, "absorbers": [[16.8166, 8.02213, 7.26954, 2]], "reflectors": [], "reflector_prisms": [], "absorber_prisms": [[2.18336, -1.12593, 19.3468, 8.18336, 1.87407, 21.3468], [5.50884, -5.28467, -4.914, 10.5088, -1.28467, -2.914], [-2.58836, -11.7285, -8.01716, 0.41164, -7.72849, -2.01716], [-2.4623, -1.6413, -19.9618, 0.537705, 0.358701, -14.9618]], "line_of_sight": [[0, 0, 0, 0, 0, 497]]}