{
"time_step": 1e-05,
"number_of_molecules": 500000,
"diff_coef": 150,
"sim_time": 4.01111,
"absorbers": [
[4.79601,-20.2291,2.9633,2],
[1.10712,5.09524,-8.53305,3],
[3.92924,4.98554,-21.0643,6],
[4.25523,-12.6435,14.9009,6],
[-1.45101,-3.41836,9.2849,4],
[6.12278,-3.30615,-12.1483,4],
[-6.78732,-14.4715,5.78858,4]
],
"reflectors": [
[4.88321,-16.5431,-15.2145,6],
[-11.5006,13.478,-6.86156,6],
[8.67917,-9.43417,2.16066,2],
[-7.81479,2.82875,-12.4871,4],
[9.23927,9.88197,8.54298,5],
[-1.14973,9.04863,15.5177,3],
[-2.45946,15.0565,-11.3248,2]
],
"reflector_prisms": [
],
"absorber_prisms": [
]
}