{"time_step": 1e-05, "number_of_molecules": 500000, "diff_coef": 100, "sim_time": 5.4, "absorbers": [[-4.5387, -14.4707, -17.2916, 5]], "reflectors": [[-2.46761, 7.0993, 22.7928, 6], [4.18283, 1.58311, -8.94415, 2]], "reflector_prisms": [[-11.1675, -4.39935, 3.16215, -5.16754, -2.39935, 6.16215], [-13.2942, 3.8654, -12.437, -10.2942, 7.8654, -7.43697], [-12.5079, -10.5165, -8.03752, -7.50792, -8.51655, -6.03752]], "absorber_prisms": [], "line_of_sight": [[0, 0, 0, 0, 0, 498]]}