{"time_step": 1e-05, "number_of_molecules": 500000, "diff_coef": 50, "sim_time": 12.0333, "absorbers": [[5.56995, 17.0203, -8.90413, 6], [15.6431, -3.00294, -19.2686, 6], [14.2821, 2.24925, 13.8189, 4], [1.35871, 10.7507, 15.607, 5], [6.26223, 10.4283, 6.93074, 4], [0.859098, 0.482251, 22.9789, 6], [13.5635, 3.0309, 1.68637, 4], [-1.97082, 0.698608, -11.8164, 6]], "reflectors": [[0.472053, -16.9399, 1.34787, 5], [23.2392, 5.92548, 0.90909, 6], [4.78068, 0.764813, 12.0648, 5], [18.2027, -7.11678, 4.24411, 3], [-11.5765, -4.98396, -8.13298, 4], [-0.576071, -19.1489, -8.60162, 3]], "reflector_prisms": [], "absorber_prisms": [], "line_of_sight": [[74, 0, 74, 0, 0, 501], [0, 0, 0, 0, 0, 496], [369, 86, 383, 0, 0, 501], [141, 138, 57, 0, 0, 498], [50, 22, 28, 0, 0, 501], [498, 498, 244, 0, 0, 498], [291, 0, 291, 0, 0, 497], [217, 106, 158, 0, 0, 499]]}