{
"time_step": 1e-05,
"number_of_molecules": 500000,
"diff_coef": 100,
"sim_time": 6.01667,
"absorbers": [
[-8.43321,5.83793,9.52888,3],
[-0.319191,8.61448,-5.06842,4],
[-0.0332646,-0.234561,17.9984,4],
[6.86429,2.03482,-13.1811,6],
[-5.43198,-1.22361,-10.63,2],
[8.67752,-9.02574,3.49811,3],
[-3.1793,-11.8063,4.41632,5],
[14.0052,-16.8774,1.73438,3]
],
"reflectors": [
[12.7673,-4.79185,10.1506,2],
[-1.03486,14.3297,7.04187,4],
[4.87326,11.388,-20.5564,5],
[1.04736,-6.77699,-17.7194,4],
[-7.47538,-0.873532,6.58449,3]
],
"reflector_prisms": [
],
"absorber_prisms": [
]
}