{"time_step": 1e-05, "number_of_molecules": 500000, "diff_coef": 350, "sim_time": 1.71905, "absorbers": [[0.258395, 6.07059, 12.6127, 5], [-9.63396, -5.9226, 4.01368, 4], [13.0295, -15.7124, 14.4345, 7], [11.0422, 4.27072, -18.5427, 7], [-12.961, -5.38715, -19.4677, 5], [-2.24833, 9.59969, -20.7796, 7]], "reflectors": [[-10.6684, 6.65848, 21.6067, 6], [4.14494, -22.0201, -5.18984, 4], [7.17833, -1.37117, -6.8258, 4]], "reflector_prisms": [], "absorber_prisms": [], "line_of_sight": [[68, 0, 68, 0, 0, 500], [10, 0, 10, 0, 0, 500], [13, 13, 0, 0, 0, 502], [196, 0, 248, 0, 0, 498], [0, 0, 0, 0, 0, 501], [9, 9, 0, 0, 0, 500]]}