{"time_step": 1e-05, "number_of_molecules": 500000, "diff_coef": 300, "sim_time": 2.00556, "absorbers": [[11.7846, -9.2518, 0.72662, 5], [-5.06575, 10.798, -5.17127, 7], [23.5927, -7.80899, 2.72097, 6], [-6.24962, 6.62359, 13.1556, 6], [-1.69916, -5.65774, 12.6926, 7]], "reflectors": [[5.37449, -2.87902, -16.9359, 6], [-5.2124, 4.69246, -14.381, 4], [-12.6207, -1.69996, -2.61284, 4]], "reflector_prisms": [], "absorber_prisms": [], "line_of_sight": [[321, 321, 0, 0, 0, 498], [205, 193, 28, 0, 0, 499], [289, 197, 92, 0, 0, 500], [181, 13, 181, 0, 0, 497], [278, 118, 180, 0, 0, 504]]}