{"time_step": 1e-05, "number_of_molecules": 500000, "diff_coef": 100, "sim_time": 5.4, "absorbers": [[9.26853, 0.98712, 9.06201, 6], [9.15285, -0.461648, -4.00153, 4], [-17.5983, -12.5787, 10.396, 6], [-2.53163, 3.56809, -11.1741, 6], [-2.13609, 6.83762, 9.62726, 6], [1.8899, 12.4233, -6.17173, 2], [17.3079, -13.068, -7.65929, 6]], "reflectors": [[-2.31956, 0.315104, 15.8278, 2], [7.35326, -5.39711, -17.7989, 2], [-10.7884, 5.18374, 0.859296, 4], [15.5831, 6.79449, 0.0582304, 4], [-0.00838749, -9.96526, 0.832819, 5], [-4.97704, -7.27516, 21.2438, 4]], "reflector_prisms": [], "absorber_prisms": [], "line_of_sight": [[140, 140, 0, 0, 0, 496], [198, 95, 140, 0, 0, 503], [59, 59, 0, 0, 0, 501], [246, 157, 93, 0, 0, 502], [62, 41, 25, 0, 0, 502], [449, 0, 449, 0, 0, 499], [279, 135, 203, 0, 0, 496]]}