{"time_step": 1e-05, "number_of_molecules": 500000, "diff_coef": 250, "sim_time": 2.40667, "absorbers": [[2.9666, 8.14084, -21.3055, 4]], "reflectors": [], "reflector_prisms": [[-12.0705, -2.22905, 8.18882, -7.07045, 3.77095, 12.1888], [-5.46517, -17.4489, 12.9352, -2.46517, -12.4489, 16.9352], [14.174, 9.99146, 4.95445, 17.174, 12.9915, 10.9544], [1.1288, -18.6069, -4.62307, 5.1288, -12.6069, 1.37693]], "absorber_prisms": [[8.42383, 0.92231, -7.52272, 11.4238, 4.92231, -2.52272]], "line_of_sight": [[0, 0, 0, 0, 0, 502]]}