{
"time_step": 1e-05,
"number_of_molecules": 500000,
"diff_coef": 300,
"sim_time": 1.42222,
"absorbers": [
[2.05143,1.03688,-13.81,3],
[4.86433,-10.3015,-6.26241,2],
[-10.683,-3.85528,-11.2699,6],
[7.23865,-9.42713,-12.1545,3],
[-1.11582,-1.98761,14.8258,5],
[-5.17165,12.3345,4.13698,4],
[14.7382,-9.53122,9.58866,4],
[-12.5918,2.26385,2.30687,3]
],
"reflectors": [
[-8.11758,7.38205,-0.781149,3]
],
"reflector_prisms": [
],
"absorber_prisms": [
]
}