{"time_step": 1e-05, "number_of_molecules": 500000, "diff_coef": 300, "sim_time": 0.672222, "absorbers": [[7.69663, -0.0619431, 12.8747, 4]], "reflectors": [], "reflector_prisms": [[-0.572191, 14.7935, 12.0241, 5.42781, 17.7935, 14.0241]], "absorber_prisms": [[1.11618, -12.6361, 0.13326, 3.11618, -6.63609, 3.13326], [2.17163, 11.1861, 1.17332, 6.17163, 15.1861, 3.17332], [-4.39335, 3.79422, -10.4365, 0.606654, 8.79422, -8.43653], [-10.2566, 12.5015, -7.16784, -6.25661, 14.5015, -2.16784]], "line_of_sight": [[0, 0, 0, 0, 0, 501]]}