{
"time_step": 1e-05,
"number_of_molecules": 500000,
"diff_coef": 200,
"sim_time": 2.7,
"absorbers": [
[7.20236,3.77019,-20.4429,4]
],
"reflectors": [
],
"reflector_prisms": [
[2.26125,-3.14767,-11.1087,4.26125,-1.14767,-5.10875]
],
"absorber_prisms": [
[-4.43951,4.74059,-16.3473,-1.43951,10.7406,-13.3473]
]
}