{
"time_step": 1e-05,
"number_of_molecules": 500000,
"diff_coef": 300,
"sim_time": 1.25,
"absorbers": [
[18.8634,4.61584,4.78197,5],
[-6.01415,2.98945,1.97313,2]
],
"reflectors": [
[12.7273,13.8651,-6.76563,4],
[16.2682,-4.46235,2.10531,3]
],
"reflector_prisms": [
[7.2709,-12.0147,-14.5214,11.2709,-6.01468,-10.5214]
],
"absorber_prisms": [
]
}