{"time_step": 1e-05, "number_of_molecules": 500000, "diff_coef": 100, "sim_time": 6.01667, "absorbers": [[-8.84574, -9.26552, 11.176, 3], [0.513218, 6.46892, -10.094, 5], [-11.3474, 11.3474, 16.4765, 4]], "reflectors": [], "reflector_prisms": [[-2.50143, 0.270565, 16.4509, 3.49857, 2.27056, 21.4509]], "absorber_prisms": [], "line_of_sight": [[121, 121, 0, 0, 0, 503], [43, 43, 0, 0, 0, 502], [0, 0, 0, 0, 0, 499]]}