{
"time_step": 1e-05,
"number_of_molecules": 500000,
"diff_coef": 50,
"sim_time": 5.63333,
"absorbers": [
[-3.40215,0.207753,15.6327,3]
],
"reflectors": [
[8.73035,-2.03831,-0.791356,3]
],
"reflector_prisms": [
[5.0497,-8.41386,-11.9902,11.0497,-4.41386,-6.99024]
],
"absorber_prisms": [
]
}