{"time_step": 1e-05, "number_of_molecules": 500000, "diff_coef": 200, "sim_time": 2.7, "absorbers": [[0.56978, 6.49547, 14.6111, 5], [0.0687517, 1.87293, -19.912, 5], [-5.02429, -14.3237, 18.59, 6], [-16.9146, -1.89757, 12.3002, 7]], "reflectors": [[-9.57469, 7.65069, 10.2855, 5], [-2.30728, 15.5626, -2.91232, 4], [12.4819, -0.259524, 12.9667, 7]], "reflector_prisms": [], "absorber_prisms": [], "line_of_sight": [[44, 44, 0, 0, 0, 500], [57, 57, 0, 0, 0, 498], [0, 0, 0, 0, 0, 499], [32, 0, 32, 0, 0, 503]]}