{"time_step": 1e-05, "number_of_molecules": 500000, "diff_coef": 200, "sim_time": 2.7, "absorbers": [[13.7687, -5.77718, 1.43113, 5], [6.36802, -12.8848, -9.07917, 3], [4.25807, -1.59498, 10.0162, 5], [0.693984, 10.294, -20.5561, 5], [-15.4499, 1.82256, 12.569, 6], [9.1554, 3.91846, -6.6951, 5], [1.49663, 6.16809, -2.95207, 2], [8.10733, 12.5919, 0.846386, 4]], "reflectors": [[-11.5393, 1.82141, -10.9329, 6], [0.219785, -0.744384, -20.9857, 3], [-7.42004, -8.5196, 22.3016, 6], [1.38617, 11.2151, 11.327, 5]], "reflector_prisms": [], "absorber_prisms": [], "line_of_sight": [[31, 0, 31, 0, 0, 500], [0, 0, 0, 0, 0, 498], [265, 64, 201, 0, 0, 498], [329, 175, 154, 0, 0, 501], [206, 206, 0, 0, 0, 497], [167, 120, 47, 0, 0, 496], [0, 0, 0, 0, 0, 499], [0, 0, 0, 0, 0, 500]]}