{
"time_step": 1e-05,
"number_of_molecules": 500000,
"diff_coef": 400,
"sim_time": 1.35,
"absorbers": [
[-1.48465,-23.9123,1.4129,6],
[18.8206,-1.03393,6.6871,2],
[11.7051,-10.2491,10.9063,2]
],
"reflectors": [
[7.72259,1.1052,-6.25621,5]
],
"reflector_prisms": [
],
"absorber_prisms": [
[-10.2804,9.66766,3.63191,-6.2804,12.6677,7.63191]
]
}