{"time_step": 1e-05, "number_of_molecules": 500000, "diff_coef": 200, "sim_time": 1.00833, "absorbers": [[-11.6412, 8.67972, 6.71898, 5], [1.15587, 9.44789, 8.85445, 6]], "reflectors": [[-5.5169, 0.968917, 24.3644, 6], [7.01292, -9.45726, -5.51174, 4]], "reflector_prisms": [], "absorber_prisms": [[14.8194, -1.96734, -4.82438, 20.8194, 4.03266, 0.175622]], "line_of_sight": [[200, 0, 200, 0, 0, 497], [53, 0, 53, 0, 0, 503]]}