{"time_step": 1e-05, "number_of_molecules": 500000, "diff_coef": 300, "sim_time": 1.08889, "absorbers": [[-4.59827, -2.70773, 17.1908, 4]], "reflectors": [[2.5907, -8.76239, 9.2471, 4], [6.16412, 2.13042, 22.0559, 5], [2.76203, 7.40089, 17.28, 2], [17.1229, 2.16184, -7.94556, 6], [-13.5804, 0.60765, -6.34054, 2]], "reflector_prisms": [], "absorber_prisms": [], "line_of_sight": [[0, 0, 0, 0, 0, 498]]}