{"time_step": 1e-05, "number_of_molecules": 500000, "diff_coef": 50, "sim_time": 7.5, "absorbers": [[-1.73039, -18.8217, 1.93656, 4], [2.03704, -0.569392, 10.7947, 3]], "reflectors": [[-10.8056, 4.28553, -2.97864, 4]], "reflector_prisms": [], "absorber_prisms": [[-4.70525, 1.87637, 4.00289, -0.70525, 4.87637, 7.00289], [9.65367, -2.21922, -12.1172, 14.6537, 1.78078, -7.11719], [-17.551, -4.9408, 7.91639, -11.551, 1.0592, 12.9164]], "line_of_sight": [[0, 0, 0, 0, 0, 496], [0, 0, 0, 0, 0, 497]]}