{
"time_step": 1e-05,
"number_of_molecules": 500000,
"diff_coef": 350,
"sim_time": 0.933333,
"absorbers": [
[2.51233,-0.568995,-17.8147,4]
],
"reflectors": [
],
"reflector_prisms": [
[8.31503,-8.33529,-5.88177,11.315,-2.33529,-2.88177]
],
"absorber_prisms": [
[-3.91343,-7.77535,11.6089,0.0865684,-3.77535,13.6089],
[-3.36547,-5.56129,-13.4279,0.634534,-1.56129,-11.4279],
[-13.9422,-8.51952,16.7481,-7.9422,-5.51952,18.7481]
]
}