{"time_step": 1e-05, "number_of_molecules": 500000, "diff_coef": 250, "sim_time": 2.40667, "absorbers": [[-9.41903, 9.12933, -9.16173, 5], [6.90211, 3.07686, 22.7792, 5]], "reflectors": [[11.1023, -5.90949, -6.14945, 6], [-3.43822, 1.85188, 10.2834, 6]], "reflector_prisms": [], "absorber_prisms": [], "line_of_sight": [[0, 0, 0, 0, 0, 501], [196, 0, 196, 0, 0, 501]]}