{
"time_step": 1e-05,
"number_of_molecules": 500000,
"diff_coef": 100,
"sim_time": 1.66667,
"absorbers": [
[11.4156,-11.488,-5.16816,7],
[-8.65091,-6.43522,2.17937,5]
],
"reflectors": [
],
"reflector_prisms": [
],
"absorber_prisms": [
]
}