{"time_step": 1e-05, "number_of_molecules": 500000, "diff_coef": 300, "sim_time": 2.00556, "absorbers": [[-1.75143, -4.59306, -20.4166, 2], [0.658758, -0.454795, -11.9733, 6], [0.957239, 3.57146, -23.7135, 6], [4.9184, -14.2978, -7.77057, 3], [-13.3107, 2.41576, 8.54344, 6], [2.49466, 4.70645, 21.3454, 3], [12.9162, 4.15984, -14.6924, 4], [-9.81961, 10.3658, -4.59631, 4]], "reflectors": [[-6.48712, 1.677, -4.37092, 3], [9.59679, -7.77749, -11.6796, 4], [-9.6092, -17.0649, -10.0226, 5]], "reflector_prisms": [], "absorber_prisms": [], "line_of_sight": [[497, 994, 0, 0, 0, 497], [44, 40, 7, 0, 0, 501], [500, 500, 0, 0, 0, 500], [0, 0, 0, 0, 0, 501], [148, 64, 84, 0, 0, 501], [497, 617, 0, 0, 0, 497], [175, 175, 0, 0, 0, 500], [80, 0, 80, 0, 0, 498]]}