{"time_step": 1e-05, "number_of_molecules": 500000, "diff_coef": 400, "sim_time": 1.50417, "absorbers": [[0.376644, 4.51678, 10.0228, 6], [11.2996, -2.21967, 6.03267, 4], [2.68226, -12.5032, 5.69869, 4], [-7.45617, -1.69441, -6.44473, 4], [5.43093, -21.2183, 9.81261, 5], [-11.3159, -1.27199, -19.9833, 6]], "reflectors": [[0.112705, -8.90743, -6.45329, 5], [-7.7376, -8.0227, 4.44588, 5], [1.88415, 1.83817, -16.795, 6], [5.61185, 7.65075, -7.34664, 5]], "reflector_prisms": [], "absorber_prisms": [], "line_of_sight": [[359, 139, 259, 0, 0, 500], [202, 202, 0, 0, 0, 499], [89, 89, 0, 0, 0, 500], [294, 345, 0, 0, 0, 496], [498, 498, 0, 0, 0, 498], [398, 463, 0, 0, 0, 499]]}