{"time_step": 1e-05, "number_of_molecules": 500000, "diff_coef": 100, "sim_time": 3.26667, "absorbers": [[-5.23582, 16.0287, 2.16061, 3], [3.99353, 7.01192, -7.47561, 2]], "reflectors": [[0.306767, 0.0114471, 19.9976, 5], [-7.25282, 7.34613, 19.4276, 5], [2.31596, -6.45825, -9.84517, 6]], "reflector_prisms": [], "absorber_prisms": [], "line_of_sight": [[0, 0, 0, 0, 0, 503], [0, 0, 0, 0, 0, 502]]}