{"time_step": 1e-05, "number_of_molecules": 500000, "diff_coef": 50, "sim_time": 4.03333, "absorbers": [[0.837851, 3.05438, 16.7024, 6]], "reflectors": [[2.97481, -14.4253, 2.83899, 6], [-3.93448, -6.54092, -10.5231, 6]], "reflector_prisms": [], "absorber_prisms": [], "line_of_sight": [[212, 0, 212, 0, 0, 498]]}