{
"time_step": 1e-05,
"number_of_molecules": 500000,
"diff_coef": 350,
"sim_time": 0.804762,
"absorbers": [
[10.939,-1.79732,12.8883,4]
],
"reflectors": [
[3.10241,5.69614,-21.0221,3],
[-1.303,-7.3501,13.0107,6],
[10.2306,-12.5427,7.87499,5]
],
"reflector_prisms": [
],
"absorber_prisms": [
[-1.81554,-0.962412,11.9866,1.18446,2.03759,16.9866],
[-7.54679,0.120849,-6.28939,-4.54679,4.12085,-3.28939]
]
}