{
"time_step": 1e-05,
"number_of_molecules": 500000,
"diff_coef": 100,
"sim_time": 3.75,
"absorbers": [
[-10.5971,1.83651,-7.3026,5],
[-7.69956,13.6489,-3.22866,7],
[-18.9874,-10.668,-3.10976,7]
],
"reflectors": [
[19.1514,1.17915,10.7625,7],
[-0.292184,0.201918,-13.9955,4],
[-12.1156,5.65446,12.0516,5]
],
"reflector_prisms": [
],
"absorber_prisms": [
]
}