{"time_step": 1e-05, "number_of_molecules": 500000, "diff_coef": 200, "sim_time": 0.208333, "absorbers": [[6.35224, -1.64839, 2.43555, 2]], "reflectors": [[14.0957, -15.9806, -8.65626, 5]], "reflector_prisms": [[11.0424, -4.47236, 10.373, 15.0424, -2.47236, 16.373], [-14.1163, -6.61029, -1.73936, -9.11628, -2.61029, 1.26064]], "absorber_prisms": [], "line_of_sight": [[0, 0, 0, 0, 0, 497]]}