{
"time_step": 1e-05,
"number_of_molecules": 500000,
"diff_coef": 200,
"sim_time": 2.40833,
"absorbers": [
[-0.375169,-0.101208,-14.995,5],
[0.0428456,-0.16342,10.9987,5],
[14.995,0.154234,-13.2335,4],
[-18.8241,-2.00739,-9.0898,5],
[6.32333,11.064,-9.6749,6],
[-16.2344,14.5294,-7.3716,6]
],
"reflectors": [
[12.7481,20.7514,5.64489,6],
[-1.58531,12.8275,-1.39339,5],
[-2.27649,-21.5529,-3.78031,6]
],
"reflector_prisms": [
],
"absorber_prisms": [
]
}