{"time_step": 1e-05, "number_of_molecules": 500000, "diff_coef": 200, "sim_time": 3.00833, "absorbers": [[17.3547, -12.6212, 4.84987, 7], [-11.7784, -14.2444, -11.9318, 7], [0.97897, -9.55121, -20.9001, 4], [0.242431, 1.10755, -14.9571, 6]], "reflectors": [[-7.32017, 2.53966, 20.5904, 6]], "reflector_prisms": [], "absorber_prisms": [], "line_of_sight": [[0, 0, 0, 0, 0, 501], [0, 0, 0, 0, 0, 498], [135, 114, 42, 0, 0, 496], [154, 41, 118, 0, 0, 496]]}