{
"time_step": 1e-05,
"number_of_molecules": 500000,
"diff_coef": 250,
"sim_time": 2.16,
"absorbers": [
[-4.78033,-1.24568,-20.4107,3],
[-7.49209,-2.58583,-11.5405,3]
],
"reflectors": [
[14.8152,1.70035,11.7736,5]
],
"reflector_prisms": [
],
"absorber_prisms": [
[3.73122,-4.9999,-15.4399,9.73122,-1.9999,-10.4399],
[-19.7823,-3.15157,4.17067,-16.7823,2.84843,6.17067],
[-12.7461,-2.07671,-17.9056,-10.7461,3.92329,-11.9056]
]
}