{"time_step": 1e-05, "number_of_molecules": 500000, "diff_coef": 50, "sim_time": 4.03333, "absorbers": [[-10.2154, 2.12997, 5.92528, 2], [0.65747, 2.04574, 14.8453, 4], [-1.98121, 9.32977, -11.5771, 4]], "reflectors": [[10.3343, 5.29277, -12.4173, 5]], "reflector_prisms": [[6.55511, -1.16923, -17.7082, 10.5551, 3.83077, -12.7082]], "absorber_prisms": [], "line_of_sight": [[0, 0, 0, 0, 0, 501], [0, 0, 0, 0, 0, 498], [0, 0, 0, 0, 0, 497]]}