{
"time_step": 1e-05,
"number_of_molecules": 500000,
"diff_coef": 200,
"sim_time": 2.13333,
"absorbers": [
[8.0108,5.38191,2.61955,3],
[9.62236,1.96644,-1.88238,2],
[8.8492,-2.36562,-4.01193,2],
[-6.2591,-8.62809,-19.2453,6]
],
"reflectors": [
],
"reflector_prisms": [
[-16.8921,-14.3493,0.227626,-12.8921,-8.34932,6.22763]
],
"absorber_prisms": [
]
}