{
"time_step": 1e-05,
"number_of_molecules": 500000,
"diff_coef": 50,
"sim_time": 10.8,
"absorbers": [
[3.58625,18.8956,10.6815,4],
[-4.14924,-0.138814,6.83846,2],
[-9.06592,-9.27844,0.848303,3],
[11.9712,0.463896,0.688583,2],
[-0.109598,-0.419164,-13.9933,3],
[10.0532,7.87804,-14.0666,4],
[9.68841,6.07768,6.18034,5]
],
"reflectors": [
[-4.10297,6.42373,17.4041,3],
[0.962389,-11.957,-0.322229,4],
[1.92983,-6.12365,13.5564,5],
[-5.95906,5.68505,5.67184,2]
],
"reflector_prisms": [
],
"absorber_prisms": [
]
}