{"time_step": 1e-05, "number_of_molecules": 500000, "diff_coef": 350, "sim_time": 1.07143, "absorbers": [[9.8654, -4.20346, 2.45047, 4], [-11.7228, 7.19311, -9.99171, 4], [-7.2912, -8.50064, -8.40104, 4], [15.9339, -12.9855, -4.30001, 6]], "reflectors": [], "reflector_prisms": [], "absorber_prisms": [], "line_of_sight": [[170, 170, 0, 0, 0, 505], [165, 165, 0, 0, 0, 500], [0, 0, 0, 0, 0, 499], [110, 110, 0, 0, 0, 499]]}