{"time_step": 1e-05, "number_of_molecules": 500000, "diff_coef": 100, "sim_time": 6.01667, "absorbers": [[-0.210646, 8.43078, 5.37379, 2], [8.30091, 7.576, -22.3316, 6]], "reflectors": [[-7.06221, 18.1878, 4.39647, 3], [-0.386343, 6.63223, -9.99321, 5], [4.58391, -10.4812, -13.8972, 3]], "reflector_prisms": [], "absorber_prisms": [], "line_of_sight": [[0, 0, 0, 0, 0, 500], [196, 0, 196, 0, 0, 502]]}