{"time_step": 1e-05, "number_of_molecules": 500000, "diff_coef": 250, "sim_time": 0.96, "absorbers": [[6.09182, 10.4481, -7.05166, 2], [-16.2738, 4.32083, -2.3439, 6], [-4.95742, -13.003, 1.53156, 3]], "reflectors": [], "reflector_prisms": [], "absorber_prisms": [[-9.27832, 0.984232, -17.6901, -5.27832, 4.98423, -14.6901], [1.44926, 4.58526, -1.27605, 3.44926, 9.58526, 1.72395]], "line_of_sight": [[0, 0, 0, 0, 0, 500], [0, 0, 0, 0, 0, 502], [0, 0, 0, 0, 0, 500]]}