{
"time_step": 1e-05,
"number_of_molecules": 500000,
"diff_coef": 400,
"sim_time": 1.50417,
"absorbers": [
[-0.34357,-0.750954,7.95726,3],
[8.83043,3.98516,-15.1704,2],
[-2.20903,15.5953,-2.81163,4],
[-8.58956,3.94825,23.1437,6],
[-5.40554,-3.9458,12.2968,3],
[1.20616,-1.2156,-16.9135,2],
[-0.341852,1.232,15.9488,4],
[-6.44526,-4.12758,-20.6258,6]
],
"reflectors": [
[-12.9701,0.385152,-0.793044,2],
[-0.373215,-13.7831,-8.11702,2],
[-5.58471,-7.95556,2.34947,3],
[-1.12938,-19.6735,3.41705,4],
[-9.63727,16.5612,-5.73144,4],
[4.15642,-6.55908,7.79119,4],
[5.23832,-1.93094,-8.29647,5]
],
"reflector_prisms": [
],
"absorber_prisms": [
]
}