{"time_step": 1e-05, "number_of_molecules": 500000, "diff_coef": 250, "sim_time": 2.40667, "absorbers": [[21.6289, 10.2659, -1.67365, 5], [-6.4213, 1.10805, -19.9634, 5], [-9.65189, 3.70448, 18.2789, 4], [14.9075, 4.47205, -19.5644, 7]], "reflectors": [[-13.1554, -4.67807, -1.0247, 5]], "reflector_prisms": [], "absorber_prisms": [], "line_of_sight": [[448, 0, 448, 0, 0, 500], [0, 0, 0, 0, 0, 501], [96, 96, 0, 0, 0, 502], [57, 57, 0, 0, 0, 501]]}