{"time_step": 1e-05, "number_of_molecules": 500000, "diff_coef": 300, "sim_time": 1.25, "absorbers": [[1.96887, -6.45666, 7.37801, 4], [7.05427, -6.55459, 15.2077, 3]], "reflectors": [], "reflector_prisms": [[-7.1287, -14.7453, -0.822064, -3.1287, -8.74534, 5.17794], [-14.871, -7.53152, -5.47268, -12.871, -1.53152, -1.47268]], "absorber_prisms": [], "line_of_sight": [[67, 67, 0, 0, 0, 498], [292, 292, 0, 0, 0, 500]]}