{"time_step": 1e-05, "number_of_molecules": 500000, "diff_coef": 100, "sim_time": 5.4, "absorbers": [[-1.12791, -14.5288, -8.75458, 6], [-0.498878, 0.0372639, 20.994, 7], [13.1086, 12.0773, -12.8959, 4], [-3.05552, -1.78007, -21.7139, 4], [-13.4146, -13.4542, 0.180212, 6], [-12.6708, 15.9696, -14.4715, 7]], "reflectors": [[11.6227, 2.90713, 0.679481, 4], [-9.34721, 7.47677, 0.852967, 4], [-16.5881, -2.04798, 3.10488, 6]], "reflector_prisms": [], "absorber_prisms": [], "line_of_sight": [[0, 0, 0, 0, 0, 500], [93, 93, 0, 0, 0, 500], [0, 0, 0, 0, 0, 498], [435, 435, 0, 0, 0, 498], [83, 0, 83, 0, 0, 501], [0, 0, 0, 0, 0, 497]]}