{"time_step": 1e-05, "number_of_molecules": 500000, "diff_coef": 50, "sim_time": 5.63333, "absorbers": [[-9.13926, -1.38363, 11.8135, 5], [-3.09094, 3.62174, 16.3196, 4], [3.63427, -11.478, 8.94694, 5], [-6.83365, -2.65053, -14.2224, 7]], "reflectors": [[14.5506, -3.83116, 19.965, 7], [15.1987, 8.4893, -13.4511, 7]], "reflector_prisms": [], "absorber_prisms": [], "line_of_sight": [[177, 15, 162, 0, 0, 499], [94, 94, 0, 0, 0, 500], [0, 0, 0, 0, 0, 501], [154, 36, 118, 0, 0, 498]]}