{
"time_step": 1e-05,
"number_of_molecules": 500000,
"diff_coef": 400,
"sim_time": 1.35,
"absorbers": [
[0.0298759,-0.0435555,16.9999,7],
[7.25223,2.67515,-6.3442,5],
[-14.1074,4.378,-17.6299,5]
],
"reflectors": [
[0.794988,-1.54297,-15.9056,6],
[-12.9395,-6.99435,17.6819,4],
[-5.74054,-23.5995,5.92541,6]
],
"reflector_prisms": [
],
"absorber_prisms": [
]
}