{"time_step": 1e-05, "number_of_molecules": 500000, "diff_coef": 250, "sim_time": 1.92667, "absorbers": [[-15.7019, -5.75125, -6.6613, 6], [-2.74257, -4.59634, 18.2305, 4], [1.27223, -5.59574, 9.38451, 4], [15.0874, 7.581, -15.6172, 7], [14.8446, -7.10577, -16.0669, 6]], "reflectors": [], "reflector_prisms": [], "absorber_prisms": [], "line_of_sight": [[0, 0, 0, 0, 0, 499], [197, 197, 0, 0, 0, 497], [86, 86, 0, 0, 0, 502], [0, 0, 0, 0, 0, 500], [0, 0, 0, 0, 0, 499]]}