{
"time_step": 1e-05,
"number_of_molecules": 500000,
"diff_coef": 400,
"sim_time": 0.3375,
"absorbers": [
[-4.31922,13.2998,0.678473,5]
],
"reflectors": [
[2.31405,-4.63677,13.0056,5]
],
"reflector_prisms": [
[-9.85565,-1.90791,15.2102,-3.85565,3.09209,20.2102],
[7.5845,-4.29701,-7.50328,13.5845,1.70299,-3.50328]
],
"absorber_prisms": [
[-5.2116,-3.40339,6.49598,-0.211597,0.596609,11.496]
]
}