{
"time_step": 1e-05,
"number_of_molecules": 500000,
"diff_coef": 100,
"sim_time": 6.01667,
"absorbers": [
[4.57341,1.85382,8.69755,4],
[-5.58868,0.242401,13.9179,5],
[7.89654,-10.0652,-21.4787,6],
[-3.69629,3.43992,-19.3521,3],
[-14.9121,5.57084,13.6965,5],
[-5.99967,-6.40637,-17.9712,5],
[-20.9915,-1.29824,-6.45521,6]
],
"reflectors": [
[2.59394,-19.849,-13.2397,5],
[-14.5491,12.8216,-12.3666,6],
[10.7856,2.814,15.3867,2],
[11.9039,-1.35357,-12.0609,5],
[2.66822,1.07035,15.7396,3],
[-6.43318,-15.0609,7.46875,5]
],
"reflector_prisms": [
],
"absorber_prisms": [
]
}