{
"time_step": 1e-05,
"number_of_molecules": 500000,
"diff_coef": 50,
"sim_time": 7.5,
"absorbers": [
[2.65067,-1.26952,-17.7584,6],
[-8.01209,4.05887,13.2413,6],
[3.26957,13.7136,-14.1861,5],
[9.41525,5.33348,-7.20465,7],
[17.838,1.37964,6.39543,7]
],
"reflectors": [
[0.707881,19.9121,-1.73455,6]
],
"reflector_prisms": [
],
"absorber_prisms": [
]
}