{
"time_step": 1e-05,
"number_of_molecules": 500000,
"diff_coef": 100,
"sim_time": 1.35,
"absorbers": [
[8.42985,-6.27642,-3.24718,2],
[3.45982,2.02806,6.92218,2]
],
"reflectors": [
],
"reflector_prisms": [
[-2.44978,-12.3786,-6.52515,-0.449777,-10.3786,-0.525147],
[-13.35,-15.7937,-6.51043,-10.35,-10.7937,-3.51043],
[-0.0217053,-11.2261,4.02973,3.97829,-5.22613,10.0297],
[-0.861899,-1.438,14.3898,3.1381,4.562,19.3898]
],
"absorber_prisms": [
]
}