{"time_step": 1e-05, "number_of_molecules": 500000, "diff_coef": 300, "sim_time": 1.60556, "absorbers": [[-1.38514, 1.22104, -20.9187, 4], [13.5405, 1.57068, -6.26008, 2], [4.57761, -6.2813, -11.6443, 6]], "reflectors": [], "reflector_prisms": [], "absorber_prisms": [[-7.09196, 4.41581, 9.49342, -2.09196, 9.41581, 15.4934], [-2.44391, -15.8329, -6.99797, 2.55609, -13.8329, -1.99797]], "line_of_sight": [[0, 0, 0, 0, 0, 500], [0, 0, 0, 0, 0, 499], [0, 0, 0, 0, 0, 499]]}