{
"time_step": 1e-05,
"number_of_molecules": 500000,
"diff_coef": 250,
"sim_time": 0.666667,
"absorbers": [
[2.63162,-0.985233,14.7344,5]
],
"reflectors": [
],
"reflector_prisms": [
[-3.63214,-9.01932,-4.61156,-1.63214,-4.01932,-0.611564]
],
"absorber_prisms": [
[2.00831,4.16861,11.4531,8.00831,7.16861,14.4531],
[-5.51416,16.4607,-10.8176,-3.51416,21.4607,-4.81763],
[-4.09565,0.37274,7.38796,-2.09565,3.37274,13.388]
]
}