{
"time_step": 1e-05,
"number_of_molecules": 500000,
"diff_coef": 200,
"sim_time": 1.875,
"absorbers": [
[12.9039,-5.25942,5.55228,5],
[12.0105,-8.31041,-8.69977,2],
[-14.7919,-11.9237,-0.155672,4]
],
"reflectors": [
],
"reflector_prisms": [
[-1.3292,8.97268,-8.24889,0.670801,14.9727,-6.24889],
[-8.94279,8.42234,-2.25916,-2.94279,12.4223,2.74084]
],
"absorber_prisms": [
]
}