{"time_step": 1e-05, "number_of_molecules": 500000, "diff_coef": 100, "sim_time": 4.26667, "absorbers": [[-6.56814, -2.60605, -5.57387, 3], [-2.34215, 9.2553, -8.82348, 5], [-2.90721, -18.6898, 1.80033, 5], [-0.563532, -5.53368, 16.0643, 3], [12.1504, 8.58872, -10.1292, 4], [-2.68668, 8.52702, 15.6228, 2], [-1.19559, -5.26047, 9.58635, 3], [-0.185764, -2.08392, -21.9003, 6]], "reflectors": [], "reflector_prisms": [], "absorber_prisms": [], "line_of_sight": [[0, 0, 0, 0, 0, 498], [109, 140, 0, 0, 0, 500], [0, 0, 0, 0, 0, 498], [363, 436, 0, 0, 0, 505], [0, 0, 0, 0, 0, 503], [0, 0, 0, 0, 0, 501], [310, 316, 0, 0, 0, 500], [24, 24, 0, 0, 0, 501]]}