{
"time_step": 1e-05,
"number_of_molecules": 500000,
"diff_coef": 400,
"sim_time": 1.20417,
"absorbers": [
[-8.35632,-0.0174204,-15.9428,6],
[-1.37867,-1.2779,15.8892,5],
[-5.23065,-17.8489,13.5299,6]
],
"reflectors": [
],
"reflector_prisms": [
[4.25209,0.49263,-11.2437,6.25209,4.49263,-6.2437]
],
"absorber_prisms": [
[5.69967,-2.41828,-4.46263,8.69967,1.58172,-2.46263]
]
}