{"time_step": 1e-05, "number_of_molecules": 500000, "diff_coef": 350, "sim_time": 0.304762, "absorbers": [[9.5265, -6.82035, -9.36635, 7], [-1.65733, 11.7639, 1.69266, 7]], "reflectors": [[-12.9247, -15.8506, 8.10619, 7], [-3.63657, -5.75753, -11.0737, 5]], "reflector_prisms": [], "absorber_prisms": [], "line_of_sight": [[108, 108, 0, 0, 0, 500], [82, 82, 0, 0, 0, 499]]}