{"time_step": 1e-05, "number_of_molecules": 500000, "diff_coef": 100, "sim_time": 4.81667, "absorbers": [[0.494271, -9.04524, 16.7015, 2]], "reflectors": [], "reflector_prisms": [[5.94074, -2.3217, -10.4965, 9.94074, -0.321701, -4.49652], [-2.27873, -3.59018, 6.9142, 3.72127, 1.40982, 12.9142], [2.78315, 6.7173, -1.23991, 5.78315, 8.7173, 4.76009], [9.86775, -4.69532, 2.72963, 14.8677, -1.69532, 8.72963]], "absorber_prisms": [], "line_of_sight": [[210, 0, 0, 0, 210, 498]]}