{
"time_step": 1e-05,
"number_of_molecules": 500000,
"diff_coef": 250,
"sim_time": 1.70667,
"absorbers": [
[-7.01059,6.22125,-15.3671,2]
],
"reflectors": [
],
"reflector_prisms": [
],
"absorber_prisms": [
[-4.25093,5.72137,-16.9219,-1.25093,7.72137,-14.9219],
[-14.1534,-1.91841,-7.29335,-8.15335,4.08159,-1.29335],
[-4.68193,-5.2918,6.38613,-2.68193,0.7082,9.38613]
]
}