{
"time_step": 1e-05,
"number_of_molecules": 500000,
"diff_coef": 50,
"sim_time": 12.0333,
"absorbers": [
[9.07365,-3.46496,-2.37968,5],
[0.0406019,2.71853,-12.7125,5],
[8.35865,-9.34167,-21.6302,6],
[-5.25025,5.86625,9.0566,5],
[-10.5022,-8.90417,-2.53359,4]
],
"reflectors": [
[-5.22204,7.83919,-5.68132,5],
[-5.77197,-9.12397,-15.6345,4]
],
"reflector_prisms": [
],
"absorber_prisms": [
]
}