{"time_step": 1e-05, "number_of_molecules": 500000, "diff_coef": 350, "sim_time": 0.685714, "absorbers": [[-9.58332, 9.79186, -6.1057, 3]], "reflectors": [[7.77397, 0.309593, -1.86266, 3], [0.185389, -0.743707, 20.986, 6], [-2.96462, 3.8729, -8.72993, 3]], "reflector_prisms": [], "absorber_prisms": [[-6.37548, 7.0352, -18.8467, -4.37548, 10.0352, -16.8467]], "line_of_sight": [[0, 0, 0, 0, 0, 500]]}