{"time_step": 1e-05, "number_of_molecules": 500000, "diff_coef": 400, "sim_time": 1.06667, "absorbers": [[-12.3193, 17.5884, -4.78354, 6], [-13.8461, -4.43217, -10.6133, 6], [-7.20863, 10.4246, -9.7654, 4]], "reflectors": [], "reflector_prisms": [[-1.99228, -7.57346, -5.07518, 3.00772, -5.57346, -2.07518]], "absorber_prisms": [[-2.4931, -13.2318, -5.95189, -0.493099, -9.23179, -1.95189]], "line_of_sight": [[73, 73, 0, 0, 0, 499], [0, 0, 0, 0, 0, 500], [77, 77, 0, 0, 0, 500]]}