{
"time_step": 1e-05,
"number_of_molecules": 500000,
"diff_coef": 300,
"sim_time": 1.42222,
"absorbers": [
[9.12415,-4.06126,6.65252,6],
[-8.44275,9.53533,16.6972,5]
],
"reflectors": [
[1.61124,5.57613,13.8315,5],
[4.60824,-17.3597,14.3668,4]
],
"reflector_prisms": [
],
"absorber_prisms": [
]
}