{"time_step": 1e-05, "number_of_molecules": 500000, "diff_coef": 150, "sim_time": 2.17778, "absorbers": [[-12.4168, -13.8387, -7.3697, 6]], "reflectors": [], "reflector_prisms": [[-1.75501, -0.488628, 5.81957, 0.244994, 3.51137, 9.81957]], "absorber_prisms": [[-19.2889, -7.38579, 4.81206, -13.2889, -4.38579, 10.8121], [-14.127, 5.78963, -7.2788, -12.127, 11.7896, -5.2788], [2.38667, -22.2543, 5.35988, 7.38667, -17.2543, 11.3599]], "line_of_sight": [[0, 0, 0, 0, 0, 500]]}