{"time_step": 1e-05, "number_of_molecules": 500000, "diff_coef": 350, "sim_time": 0.385714, "absorbers": [[-5.96554, 4.5766, -10.6051, 4]], "reflectors": [[-9.14008, -19.3069, 5.26327, 5]], "reflector_prisms": [[3.5936, -6.08096, -12.7646, 5.5936, -0.080958, -10.7646], [10.4461, 0.876588, -4.79463, 13.4461, 4.87659, 0.205374]], "absorber_prisms": [[-1.46785, 0.402244, -13.3674, 3.53215, 2.40224, -9.36743]], "line_of_sight": [[0, 0, 0, 0, 0, 499]]}