{
"time_step": 1e-05,
"number_of_molecules": 500000,
"diff_coef": 150,
"sim_time": 4.01111,
"absorbers": [
[-7.49595,12.6135,-8.58551,2],
[4.72531,-1.2831,-20.4212,2]
],
"reflectors": [
],
"reflector_prisms": [
],
"absorber_prisms": [
[7.13412,4.15491,2.83072,13.1341,8.15491,7.83072],
[-4.37375,8.7164,-15.2367,1.62625,11.7164,-9.23674]
]
}