{
"time_step": 1e-05,
"number_of_molecules": 500000,
"diff_coef": 50,
"sim_time": 2.13333,
"absorbers": [
[-4.93148,-5.17605,8.35996,3]
],
"reflectors": [
[-7.99282,17.9592,9.87835,4]
],
"reflector_prisms": [
[-1.70397,3.49925,-18.4821,3.29603,8.49925,-16.4821],
[2.33353,5.71507,7.73559,5.33353,9.71507,11.7356]
],
"absorber_prisms": [
[4.31164,2.88851,-19.6276,7.31164,4.88851,-14.6276],
[-10.8369,-0.202109,-4.42842,-4.83695,5.79789,-2.42842]
]
}