{"time_step": 1e-05, "number_of_molecules": 500000, "diff_coef": 200, "sim_time": 3.00833, "absorbers": [[-7.99376, 10.0625, 5.55384, 3], [18.1328, -2.3604, 13.951, 4]], "reflectors": [], "reflector_prisms": [[3.17389, 0.592695, -6.22144, 5.17389, 2.59269, -3.22144]], "absorber_prisms": [[10.6415, -7.00359, -7.15723, 12.6415, -3.00359, -2.15723]], "line_of_sight": [[0, 0, 0, 0, 0, 504], [0, 0, 0, 0, 0, 500]]}