{
"time_step": 1e-05,
"number_of_molecules": 500000,
"diff_coef": 50,
"sim_time": 2.13333,
"absorbers": [
[8.97718,0.456467,0.449355,3],
[-0.0362458,0.0987524,-13.9996,6]
],
"reflectors": [
[6.3401,-8.4891,2.95605,5],
[4.52643,14.2636,-14.733,6],
[1.84088,1.39219,8.69902,2],
[-14.9761,-5.08543,2.41948,6]
],
"reflector_prisms": [
],
"absorber_prisms": [
]
}