{
"time_step": 1e-05,
"number_of_molecules": 500000,
"diff_coef": 50,
"sim_time": 9.63333,
"absorbers": [
[9.84783,18.5059,1.24543,4],
[2.71264,2.60563,9.26565,5]
],
"reflectors": [
],
"reflector_prisms": [
[-2.87752,-0.666232,18.7951,-0.877516,5.33377,24.7951],
[-15.3532,8.96366,6.77404,-9.35317,13.9637,10.774],
[-7.24188,-8.79142,-5.19103,-2.24188,-3.79142,-1.19103],
[-4.07024,5.94175,4.53546,1.92976,9.94175,10.5355]
],
"absorber_prisms": [
]
}