{
"time_step": 1e-05,
"number_of_molecules": 500000,
"diff_coef": 100,
"sim_time": 1.35,
"absorbers": [
[7.5216,10.0604,6.18169,5]
],
"reflectors": [
[0.249425,-0.134988,-24.9984,6],
[7.43874,-7.58662,-2.84752,3],
[-7.32633,17.4358,-9.12794,4]
],
"reflector_prisms": [
],
"absorber_prisms": [
[-21.1928,0.192481,-1.08553,-18.1928,6.19248,3.91447]
]
}