{"time_step": 1e-05, "number_of_molecules": 500000, "diff_coef": 200, "sim_time": 3.00833, "absorbers": [[-21.04, 0.375437, -9.28328, 4], [-1.36553, 3.7722, -13.4129, 4], [20.0116, 6.36411, -0.189012, 4], [-1.21639, 4.68161, -23.5075, 5], [-9.22145, 1.7479, 7.47729, 4], [13.3617, 4.82398, -15.4659, 7]], "reflectors": [[0.754834, -5.42202, -12.8853, 5], [13.365, -11.6794, -11.2235, 7], [0.382704, -0.115293, 13.9943, 7]], "reflector_prisms": [], "absorber_prisms": [], "line_of_sight": [[0, 0, 0, 0, 0, 500], [424, 143, 424, 0, 0, 500], [0, 0, 0, 0, 0, 497], [499, 460, 499, 0, 0, 499], [283, 149, 134, 0, 0, 501], [225, 147, 78, 0, 0, 502]]}