{
"time_step": 1e-05,
"number_of_molecules": 500000,
"diff_coef": 300,
"sim_time": 1.60556,
"absorbers": [
[5.99758,4.4397,15.2748,4],
[-0.315198,-0.629652,14.9835,4],
[6.24765,2.7246,-16.6596,2],
[-17.9815,-0.469061,-0.667162,6],
[-6.69496,5.98367,-0.61088,2],
[-2.3725,-19.7722,1.85247,3],
[-3.07735,18.5261,11.4593,5],
[1.80804,-11.2375,3.80128,3]
],
"reflectors": [
],
"reflector_prisms": [
],
"absorber_prisms": [
]
}