{"time_step": 1e-05, "number_of_molecules": 500000, "diff_coef": 400, "sim_time": 1.35, "absorbers": [[-2.19683, -8.70868, -7.95819, 6], [13.0472, 5.06722, -0.304918, 5], [-7.76749, 9.06899, -1.19137, 4], [15.9323, -2.55339, -5.35193, 4], [5.20085, 1.34332, 15.0714, 7], [13.2565, -7.14549, -14.6358, 5], [-11.0762, -15.1268, 16.5378, 7]], "reflectors": [], "reflector_prisms": [], "absorber_prisms": [], "line_of_sight": [[104, 104, 0, 0, 0, 502], [4, 4, 0, 0, 0, 501], [0, 0, 0, 0, 0, 507], [5, 5, 0, 0, 0, 501], [121, 121, 0, 0, 0, 502], [0, 0, 0, 0, 0, 499], [0, 0, 0, 0, 0, 499]]}