{
"time_step": 1e-05,
"number_of_molecules": 500000,
"diff_coef": 350,
"sim_time": 1.37619,
"absorbers": [
[6.75119,4.33258,-4.08046,4],
[-0.744818,6.04722,-23.2137,7],
[10.1575,-6.56431,14.6539,4],
[-14.5085,-7.24632,14.8659,6],
[-0.492564,0.927835,16.9675,6]
],
"reflectors": [
[5.71101,14.8747,13.6795,5],
[-19.5402,1.10468,-4.11806,5],
[-8.41179,2.34848,2.17405,4]
],
"reflector_prisms": [
],
"absorber_prisms": [
]
}