{
"time_step": 1e-05,
"number_of_molecules": 500000,
"diff_coef": 150,
"sim_time": 2.84444,
"absorbers": [
[-11.9372,-11.7216,-10.9594,4]
],
"reflectors": [
],
"reflector_prisms": [
],
"absorber_prisms": [
[-4.44989,1.003,12.4174,-1.44989,5.003,17.4174],
[-2.26978,-8.53384,13.8312,3.73022,-6.53384,18.8312],
[9.39376,1.02922,-3.36905,14.3938,5.02922,-1.36905],
[12.4665,9.31765,-5.79535,14.4665,11.3176,-2.79535]
]
}