{
"time_step": 1e-05,
"number_of_molecules": 500000,
"diff_coef": 400,
"sim_time": 0.504167,
"absorbers": [
[10.4311,-5.5918,9.21543,4],
[6.94421,-0.0932618,7.19508,2]
],
"reflectors": [
],
"reflector_prisms": [
[-1.08702,4.54922,-12.431,1.91298,7.54922,-9.43098]
],
"absorber_prisms": [
[-5.90693,9.98933,4.80749,0.0930733,11.9893,7.80749],
[16.3845,-6.01869,8.08453,19.3845,-0.0186934,13.0845],
[0.503491,10.0557,-6.06528,5.50349,16.0557,-2.06528]
]
}