{"time_step": 1e-05, "number_of_molecules": 500000, "diff_coef": 350, "sim_time": 0.171429, "absorbers": [[-3.06484, 9.0388, 7.27371, 6]], "reflectors": [], "reflector_prisms": [[-16.2022, -2.212, -13.8067, -13.2022, 2.788, -11.8067], [-10.5211, -2.21075, -13.1769, -7.52112, 3.78925, -8.17692], [-4.98404, -4.70875, -21.6505, 0.0159579, -0.708746, -16.6505], [9.49163, -2.80482, -1.68447, 13.4916, 2.19518, 2.31553]], "absorber_prisms": [], "line_of_sight": [[0, 0, 0, 0, 0, 503]]}