{"time_step": 1e-05, "number_of_molecules": 500000, "diff_coef": 250, "sim_time": 1.92667, "absorbers": [[5.59214, 5.44854, -6.24831, 5], [6.85528, -10.9315, 7.64902, 6], [-4.12421, -10.3023, 6.77149, 3], [-2.32126, 11.5476, 12.2583, 2], [-18.2762, 0.956838, -10.2989, 4], [-0.110696, -11.9965, -0.265735, 2], [0.688696, -2.50824, 17.8111, 5]], "reflectors": [[9.35612, -5.16745, 13.2197, 2], [2.37949, -3.8898, -7.75935, 3], [-15.9462, -15.4428, 6.01985, 6], [-11.5234, -18.0886, -10.771, 6], [-5.65131, -4.62303, -16.4527, 5], [-10.8151, -1.23424, 14.3356, 4], [-16.1925, 13.6698, 8.94091, 4]], "reflector_prisms": [], "absorber_prisms": [], "line_of_sight": [[237, 76, 162, 0, 0, 500], [7, 0, 7, 0, 0, 497], [381, 381, 25, 0, 0, 498], [285, 0, 285, 0, 0, 501], [0, 0, 0, 0, 0, 500], [0, 0, 0, 0, 0, 502], [60, 0, 60, 0, 0, 499]]}