{
"time_step": 1e-05,
"number_of_molecules": 500000,
"diff_coef": 200,
"sim_time": 0.533333,
"absorbers": [
[9.49088,-4.19972,9.39604,6]
],
"reflectors": [
],
"reflector_prisms": [
[2.18002,5.89417,-15.1368,8.18002,9.89417,-13.1368]
],
"absorber_prisms": [
[-9.37055,-6.68287,16.1385,-4.37055,-2.68287,19.1385]
]
}