{
"time_step": 1e-05,
"number_of_molecules": 500000,
"diff_coef": 250,
"sim_time": 1.5,
"absorbers": [
[8.73308,-0.886805,-9.5889,2],
[-0.285288,0.41703,-13.9909,3],
[0.975306,-2.38298,10.6944,6],
[3.82622,-9.67694,3.56608,3],
[7.07254,12.8125,8.64983,3],
[1.57789,-9.04743,-6.05427,5],
[13.3519,-6.82342,-0.411001,2],
[-7.19696,-2.06497,19.6199,6]
],
"reflectors": [
[-6.60565,-2.73454,-8.35989,5],
[-6.64733,3.70953,10.5381,3],
[-3.22484,14.314,3.11589,4],
[-3.21896,13.1495,-3.56781,2],
[7.65758,1.02762,2.07495,3]
],
"reflector_prisms": [
],
"absorber_prisms": [
]
}