{
"time_step": 1e-05,
"number_of_molecules": 500000,
"diff_coef": 200,
"sim_time": 2.13333,
"absorbers": [
[-1.38355,20.8609,-6.84907,6],
[7.55787,1.38675,15.1643,2]
],
"reflectors": [
],
"reflector_prisms": [
],
"absorber_prisms": [
[5.89076,-2.33167,-3.0219,9.89076,0.668327,0.978097],
[-1.79988,-1.48723,-16.9969,1.20012,1.51277,-11.9969],
[-10.0043,-15.9363,-11.622,-6.00434,-9.93627,-7.62203]
]
}