{"time_step": 1e-05, "number_of_molecules": 500000, "diff_coef": 100, "sim_time": 4.26667, "absorbers": [[8.23064, 1.74694, 15.9124, 5], [6.38237, 6.32729, -10.7346, 7], [-8.61184, -7.30088, -16.5086, 4], [-12.4904, -11.4354, -1.49058, 5], [13.6543, -8.74595, -5.10576, 5]], "reflectors": [[7.61189, 7.6347, 2.18414, 5], [7.88474, 14.5316, 17.3972, 7], [-0.00365903, -21.7578, -10.1291, 7]], "reflector_prisms": [], "absorber_prisms": [], "line_of_sight": [[116, 116, 24, 0, 0, 499], [0, 0, 0, 0, 0, 500], [422, 206, 219, 0, 0, 501], [502, 0, 502, 0, 0, 502], [0, 0, 0, 0, 0, 502]]}