{
"time_step": 1e-05,
"number_of_molecules": 500000,
"diff_coef": 50,
"sim_time": 4.03333,
"absorbers": [
[2.19178,8.47836,9.60799,2]
],
"reflectors": [
[1.1426,0.0628255,-12.9495,4],
[-1.35429,-14.9615,-16.0723,4]
],
"reflector_prisms": [
],
"absorber_prisms": [
[11.9892,-10.1491,1.56616,14.9892,-8.1491,3.56616],
[-9.8764,-7.27015,7.74808,-6.8764,-5.27015,13.7481]
]
}