{"time_step": 1e-05, "number_of_molecules": 500000, "diff_coef": 400, "sim_time": 1.50417, "absorbers": [[14.0599, 11.9129, -13.7623, 6], [22.7479, 0.254972, 3.38652, 5], [-3.22784, 6.44149, 14.2859, 5], [13.1772, -9.10953, 5.69022, 7], [23.3537, -2.73457, -11.0963, 7], [-0.990061, -11.7851, 10.7764, 4]], "reflectors": [[11.8498, 0.26975, -5.33953, 5], [0.806596, 0.227999, -11.9707, 4], [-0.99592, -5.34927, -23.3751, 6], [-19.0589, -12.3318, -3.69949, 6], [-2.14445, -8.87287, -7.78933, 6], [2.44323, 2.60672, 21.708, 5]], "reflector_prisms": [], "absorber_prisms": [], "line_of_sight": [[43, 0, 43, 0, 0, 501], [78, 26, 52, 0, 0, 501], [322, 0, 513, 0, 0, 499], [10, 10, 0, 0, 0, 502], [484, 0, 484, 0, 0, 500], [0, 0, 0, 0, 0, 501]]}