{"time_step": 1e-05, "number_of_molecules": 500000, "diff_coef": 400, "sim_time": 0.204167, "absorbers": [[-11.6951, 0.569712, 2.6268, 5]], "reflectors": [[-10.9399, -8.01008, 8.49449, 5]], "reflector_prisms": [[-2.41821, -12.375, 14.6475, 1.58179, -10.375, 20.6475]], "absorber_prisms": [[4.08648, -1.63655, -15.5452, 6.08648, 4.36345, -12.5452]], "line_of_sight": [[27, 0, 27, 0, 0, 499]]}