{
"time_step": 1e-05,
"number_of_molecules": 500000,
"diff_coef": 350,
"sim_time": 0.171429,
"absorbers": [
[-0.708938,0.524214,-9.96105,4]
],
"reflectors": [
[11.7963,14.7418,9.1939,5]
],
"reflector_prisms": [
[-5.89419,4.55569,6.94747,0.105814,7.55569,12.9475]
],
"absorber_prisms": [
[-16.0396,-6.75821,1.29119,-12.0396,-2.75821,3.29119],
[10.4765,-1.34227,7.37785,13.4765,4.65773,10.3779],
[4.41004,10.9433,6.90051,10.41,15.9433,11.9005]
]
}