{
"time_step": 1e-05,
"number_of_molecules": 500000,
"diff_coef": 50,
"sim_time": 9.63333,
"absorbers": [
[-12.0523,4.27256,14.053,2]
],
"reflectors": [
[1.66119,2.03259,7.55705,2],
[5.06448,-5.86553,18.4376,2]
],
"reflector_prisms": [
[-5.08243,-14.2315,-17.2088,-1.08243,-10.2315,-11.2088],
[-1.75022,6.85054,-14.3438,3.24978,8.85054,-12.3438],
[8.97952,1.48242,-11.0674,11.9795,4.48242,-8.06738]
],
"absorber_prisms": [
]
}