{
"time_step": 1e-05,
"number_of_molecules": 500000,
"diff_coef": 100,
"sim_time": 3.75,
"absorbers": [
[-11.5566,-10.9381,10.3829,4]
],
"reflectors": [
[1.54324,1.57239,17.8647,4],
[5.59659,7.01352,-9.40684,2]
],
"reflector_prisms": [
],
"absorber_prisms": [
[-4.01632,7.4229,4.76636,-0.0163181,10.4229,10.7664]
]
}