{"time_step": 1e-05, "number_of_molecules": 500000, "diff_coef": 300, "sim_time": 1.60556, "absorbers": [[15.4495, -8.19369, -4.26328, 5], [5.00802, 7.77093, -11.8124, 6], [-5.03596, 14.1262, -0.297747, 5], [9.56559, -2.57141, -6.77401, 2], [-0.557718, -12.5962, 16.7936, 4], [-12.2898, 16.4758, -7.84291, 5], [7.64974, -0.964288, 2.13345, 2]], "reflectors": [[11.4933, 7.98604, 0.355019, 2], [10.0923, 22.8168, -1.59363, 6]], "reflector_prisms": [], "absorber_prisms": [], "line_of_sight": [[31, 31, 0, 0, 0, 499], [81, 81, 0, 0, 0, 500], [69, 69, 0, 0, 0, 495], [52, 52, 0, 0, 0, 504], [330, 330, 0, 0, 0, 501], [112, 112, 0, 0, 0, 498], [0, 0, 0, 0, 0, 500]]}