{
"time_step": 1e-05,
"number_of_molecules": 500000,
"diff_coef": 100,
"sim_time": 4.81667,
"absorbers": [
[3.34007,-9.12442,-17.4811,3]
],
"reflectors": [
[-9.53133,-13.0203,-5.35039,3]
],
"reflector_prisms": [
[-4.0449,-2.68614,13.7944,-1.0449,1.31386,19.7944],
[-1.70927,-1.47541,-13.4506,2.29073,3.52459,-9.45058],
[-1.43748,-2.21741,-18.4727,2.56252,3.78259,-15.4727]
],
"absorber_prisms": [
]
}