{
"time_step": 1e-05,
"number_of_molecules": 500000,
"diff_coef": 350,
"sim_time": 0.685714,
"absorbers": [
[4.97443,12.2267,-7.12477,3]
],
"reflectors": [
[-3.32499,22.404,4.0005,4],
[-1.97421,-2.35231,-11.6004,5],
[-4.61194,15.9552,-9.2283,4]
],
"reflector_prisms": [
],
"absorber_prisms": [
[-8.39024,-7.8368,-11.3124,-4.39024,-3.8368,-5.31243]
]
}