{"time_step": 1e-05, "number_of_molecules": 500000, "diff_coef": 350, "sim_time": 0.933333, "absorbers": [[-0.0335078, -8.32704, 8.64056, 6], [-1.24596, 1.8874, -18.8649, 5]], "reflectors": [[-2.7163, -6.67366, -5.39296, 4]], "reflector_prisms": [[8.9997, -11.2555, 4.81163, 12.9997, -8.25551, 7.81163]], "absorber_prisms": [], "line_of_sight": [[51, 51, 0, 0, 0, 496], [109, 109, 0, 0, 0, 497]]}