{
"time_step": 1e-05,
"number_of_molecules": 500000,
"diff_coef": 150,
"sim_time": 2.17778,
"absorbers": [
[4.67002,6.44217,-12.7157,5],
[-3.81124,12.8505,-10.4565,3]
],
"reflectors": [
],
"reflector_prisms": [
[3.17687,-12.6473,15.2341,9.17687,-8.64733,21.2341],
[-15.9183,-4.40627,8.82709,-11.9183,1.59373,13.8271]
],
"absorber_prisms": [
[-7.48379,16.2417,-14.3379,-2.48379,18.2417,-9.33795]
]
}