{"time_step": 1e-05, "number_of_molecules": 500000, "diff_coef": 250, "sim_time": 2.16, "absorbers": [[-4.40858, 5.75288, -16.4763, 2], [-3.65305, 18.6484, -14.6592, 6]], "reflectors": [], "reflector_prisms": [[-9.86581, -2.53445, -0.692626, -4.86581, 1.46555, 3.30737], [10.4869, 12.7693, -4.65688, 15.4869, 14.7693, 1.34312], [-4.67567, -6.0247, -12.6905, -0.675666, -1.0247, -10.6905]], "absorber_prisms": [[-9.741, 13.0172, 4.07018, -7.741, 16.0172, 8.07018]], "line_of_sight": [[0, 0, 0, 0, 0, 503], [0, 0, 0, 0, 0, 498]]}