{
"time_step": 1e-05,
"number_of_molecules": 500000,
"diff_coef": 50,
"sim_time": 10.8,
"absorbers": [
[-11.6153,0.203873,21.001,6]
],
"reflectors": [
[4.71007,9.40124,3.22986,5],
[-3.43681,-1.13366,9.32219,2],
[-6.27317,-11.6195,-7.1158,3]
],
"reflector_prisms": [
[-21.6774,-4.09371,2.00014,-19.6774,1.90629,5.00014]
],
"absorber_prisms": [
[-1.23825,-8.45554,5.28512,3.76175,-6.45554,9.28512]
]
}