{"time_step": 1e-05, "number_of_molecules": 500000, "diff_coef": 400, "sim_time": 0.266667, "absorbers": [[7.07706, -7.00521, -0.917755, 2]], "reflectors": [[14.6412, -10.3553, -1.5505, 4], [-16.3357, 4.50339, 14.0308, 4], [-4.64823, -9.13292, -14.7981, 2], [-13.2142, -2.45737, -16.1353, 5]], "reflector_prisms": [], "absorber_prisms": [], "line_of_sight": [[247, 0, 247, 0, 0, 502]]}