{"time_step": 1e-05, "number_of_molecules": 500000, "diff_coef": 200, "sim_time": 3.00833, "absorbers": [[3.29998, 13.5171, -19.555, 5], [-1.63189, -8.23325, -15.9233, 5]], "reflectors": [[4.1811, -4.91857, 6.27104, 2], [1.67959, 0.237879, -20.9314, 4]], "reflector_prisms": [], "absorber_prisms": [[-3.79518, -3.13832, -9.37646, 1.20482, 1.86168, -7.37646]], "line_of_sight": [[0, 0, 0, 0, 0, 500], [183, 0, 0, 183, 0, 498]]}