{
"time_step": 1e-05,
"number_of_molecules": 500000,
"diff_coef": 250,
"sim_time": 0.24,
"absorbers": [
[-3.97999,10.8027,3.38531,6]
],
"reflectors": [
[-9.86928,0.922302,-1.3216,4],
[11.617,-7.43494,19.6409,6]
],
"reflector_prisms": [
[-5.47923,4.46042,-12.556,-2.47923,8.46042,-8.55598],
[4.77219,-3.67786,18.9064,10.7722,-1.67786,21.9064]
],
"absorber_prisms": [
[4.3072,-10.5029,11.2791,10.3072,-6.5029,14.2791]
]
}