{"time_step": 1e-05, "number_of_molecules": 500000, "diff_coef": 300, "sim_time": 0.2, "absorbers": [[-4.75873, -2.4702, 10.7356, 6]], "reflectors": [[5.80298, 12.8406, 7.57926, 4], [8.62199, -3.57478, -18.8118, 6], [-3.1824, 3.76919, -14.1656, 4]], "reflector_prisms": [[2.55584, 5.12324, 11.7058, 8.55584, 9.12324, 14.7058]], "absorber_prisms": [], "line_of_sight": [[172, 0, 172, 0, 0, 497]]}