{"time_step": 1e-05, "number_of_molecules": 500000, "diff_coef": 350, "sim_time": 1.71905, "absorbers": [[-6.56307, -1.86557, 12.2248, 2], [-7.60743, 6.3177, 13.828, 5], [-5.40063, 2.3309, -21.1991, 5], [-0.310246, 0.333737, -10.9906, 5], [5.19971, 4.12407, 7.48031, 4], [9.34174, 7.86987, 17.0821, 2], [16.4805, 5.59866, 7.61884, 4], [-17.734, -1.98918, -2.35568, 4]], "reflectors": [[-7.65722, -8.82673, -17.4487, 3], [14.8277, -0.455483, -2.22059, 5], [-5.70101, -2.09082, -5.20835, 3], [0.235917, 8.44358, -18.1287, 2], [-8.32373, -7.33247, -4.57716, 2], [5.26823, -10.193, -9.66171, 2], [6.61886, -7.01247, -2.64877, 4]], "reflector_prisms": [], "absorber_prisms": [], "line_of_sight": [[143, 143, 0, 0, 0, 496], [154, 90, 64, 0, 0, 500], [502, 510, 0, 0, 0, 502], [250, 217, 48, 0, 0, 502], [345, 155, 278, 0, 0, 499], [500, 500, 690, 0, 0, 500], [389, 208, 322, 0, 0, 497], [312, 81, 231, 0, 0, 500]]}