{"time_step": 1e-05, "number_of_molecules": 500000, "diff_coef": 300, "sim_time": 2.00556, "absorbers": [[-4.27269, -1.12949, 11.1565, 6], [19.8065, -11.5622, -1.73779, 6], [8.93715, 15.5792, 1.18931, 6], [23.8072, 1.584, 2.58978, 7], [6.46612, -9.79451, -5.59077, 4], [-16.3449, 8.61921, 15.3151, 5]], "reflectors": [[-5.28763, -13.954, -14.7759, 5], [6.18887, -6.0697, -15.7752, 5]], "reflector_prisms": [], "absorber_prisms": [], "line_of_sight": [[125, 38, 96, 0, 0, 500], [3, 3, 0, 0, 0, 503], [0, 0, 0, 0, 0, 499], [0, 0, 0, 0, 0, 499], [33, 33, 0, 0, 0, 504], [197, 157, 83, 0, 0, 503]]}