{
"time_step": 1e-05,
"number_of_molecules": 500000,
"diff_coef": 300,
"sim_time": 0.672222,
"absorbers": [
[-4.28074,-5.27423,-14.4865,5]
],
"reflectors": [
[8.26481,9.72448,-5.75563,5]
],
"reflector_prisms": [
[-15.6037,-4.17922,-0.165894,-10.6037,-1.17922,3.83411],
[3.79393,-8.96639,1.37331,9.79393,-6.96639,5.37331],
[-11.6408,-17.1667,-13.1392,-7.64076,-11.1667,-11.1392]
],
"absorber_prisms": [
[-12.3964,4.39894,18.1457,-6.39642,6.39894,20.1457]
]
}