{
"time_step": 1e-05,
"number_of_molecules": 500000,
"diff_coef": 350,
"sim_time": 1.37619,
"absorbers": [
[6.67752,13.5352,5.31114,7],
[-14.2382,10.8982,-6.28517,5],
[13.2579,-2.01728,-18.6858,6],
[8.09382,-4.83419,8.95101,7],
[-3.49081,2.31598,10.1711,6]
],
"reflectors": [
[-1.43878,1.38896,-20.9046,6],
[0.0303135,-15.3878,-11.1452,5],
[8.24645,15.4813,-9.60857,7],
[-13.7217,-2.77505,-0.118521,5],
[7.04586,-17.4565,2.57386,4]
],
"reflector_prisms": [
],
"absorber_prisms": [
]
}