{
"time_step": 1e-05,
"number_of_molecules": 500000,
"diff_coef": 300,
"sim_time": 1.25,
"absorbers": [
[7.8983,-1.41006,19.4069,6]
],
"reflectors": [
],
"reflector_prisms": [
],
"absorber_prisms": [
[-15.7745,3.67219,9.26406,-12.7745,8.67219,14.2641],
[0.151132,3.88348,3.65647,5.15113,9.88348,6.65647],
[-4.03806,4.13751,0.711153,-1.03806,8.13751,3.71115],
[14.8125,-15.5316,-3.63972,18.8125,-9.53163,1.36028],
[-17.4286,-1.39921,-0.932822,-15.4286,3.60079,3.06718]
]
}