{
"time_step": 1e-05,
"number_of_molecules": 500000,
"diff_coef": 100,
"sim_time": 0.6,
"absorbers": [
[-9.53228,-6.42221,3.44833,6]
],
"reflectors": [
[6.19723,-0.832086,12.5261,5],
[-6.90006,-2.16602,11.9874,3],
[8.63218,-10.2158,4.13797,5]
],
"reflector_prisms": [
[-13.958,6.80422,-5.37523,-7.95796,8.80422,-2.37523]
],
"absorber_prisms": [
]
}