{
"time_step": 1e-05,
"number_of_molecules": 500000,
"diff_coef": 250,
"sim_time": 2.40667,
"absorbers": [
[-1.01429,3.64879,13.478,7],
[3.66418,8.53904,-24.2829,7],
[2.26993,-9.52818,2.01524,4],
[-4.39797,-14.161,6.01041,4],
[10.7736,9.0806,-12.7465,6],
[3.19824,-22.4141,10.6009,7]
],
"reflectors": [
[5.82551,22.1703,-1.88158,5],
[17.7413,-2.54876,-1.65875,6],
[-14.7512,-4.47656,12.7421,4]
],
"reflector_prisms": [
],
"absorber_prisms": [
]
}