{
"time_step": 1e-05,
"number_of_molecules": 500000,
"diff_coef": 400,
"sim_time": 0.204167,
"absorbers": [
[0.251487,8.60003,-6.85392,4]
],
"reflectors": [
],
"reflector_prisms": [
[11.8113,1.92812,2.48537,13.8113,4.92812,6.48537],
[-3.30857,-1.87244,6.98699,2.69143,1.12756,10.987]
],
"absorber_prisms": [
[-10.8856,3.1353,2.77824,-5.88557,5.1353,6.77824]
]
}