{"time_step": 1e-05, "number_of_molecules": 500000, "diff_coef": 300, "sim_time": 2.00556, "absorbers": [[14.2291, 1.49382, 7.16242, 7], [-6.85631, -3.23645, 21.7144, 4], [0.779539, 15.2423, 11.3165, 7], [-4.14228, -10.0525, -1.67011, 5], [0.921217, -5.69237, 8.16996, 5], [9.72082, -12.047, -15.6325, 4], [1.09726, -9.44374, -16.4503, 5]], "reflectors": [[-1.48325, 24.7309, -3.34407, 6]], "reflector_prisms": [], "absorber_prisms": [], "line_of_sight": [[0, 0, 0, 0, 0, 502], [127, 127, 0, 0, 0, 497], [257, 257, 0, 0, 0, 500], [181, 112, 69, 0, 0, 504], [35, 35, 0, 0, 0, 498], [39, 39, 0, 0, 0, 497], [198, 198, 0, 0, 0, 498]]}