{"time_step": 1e-05, "number_of_molecules": 500000, "diff_coef": 250, "sim_time": 0.666667, "absorbers": [[-1.55448, -2.38255, -15.7451, 6]], "reflectors": [], "reflector_prisms": [[-11.0848, 1.42215, 7.04872, -7.08477, 4.42215, 12.0487]], "absorber_prisms": [[-8.39075, -15.3179, 12.2124, -3.39075, -9.31792, 14.2124], [-8.36549, -9.51462, 9.15368, -6.36549, -7.51462, 12.1537], [-13.1817, 2.12766, 12.7973, -10.1817, 4.12766, 17.7973], [6.53984, 1.75331, 1.61232, 9.53984, 5.75331, 7.61232]], "line_of_sight": [[0, 0, 0, 0, 0, 499]]}