{"time_step": 1e-05, "number_of_molecules": 500000, "diff_coef": 350, "sim_time": 1.07143, "absorbers": [[-5.61433, -3.26981, -19.9697, 6]], "reflectors": [[-13.4947, -15.4753, 7.90002, 6]], "reflector_prisms": [[3.18654, -1.13783, -6.19903, 7.18654, 0.862173, -3.19903], [-15.354, 1.46338, -6.02647, -11.354, 6.46338, -2.02647]], "absorber_prisms": [], "line_of_sight": [[0, 0, 0, 0, 0, 504]]}