{
"time_step": 1e-05,
"number_of_molecules": 500000,
"diff_coef": 300,
"sim_time": 1.8,
"absorbers": [
[15.5919,14.0007,-1.36839,3]
],
"reflectors": [
[16.6497,-15.9727,6.60747,6]
],
"reflector_prisms": [
[-3.30515,-2.9843,-10.4942,2.69485,3.0157,-5.49416]
],
"absorber_prisms": [
[-2.03606,-3.01604,8.49993,1.96394,2.98396,13.4999],
[-14.1917,-8.74592,-8.59958,-9.19172,-6.74592,-4.59958],
[2.80134,16.8985,-0.356422,5.80134,20.8985,4.64358]
]
}