{"time_step": 1e-05, "number_of_molecules": 500000, "diff_coef": 300, "sim_time": 1.8, "absorbers": [[-0.00067844, 2.01356e-05, 14, 5], [-1.43355, -0.516581, -20.9446, 3]], "reflectors": [], "reflector_prisms": [[8.12206, -5.82179, -10.3109, 14.1221, -1.82179, -8.31095], [-14.2438, -13.1418, -7.09641, -12.2438, -10.1418, -4.09641]], "absorber_prisms": [], "line_of_sight": [[18, 18, 0, 0, 0, 499], [498, 498, 0, 0, 0, 498]]}