{"time_step": 1e-05, "number_of_molecules": 500000, "diff_coef": 200, "sim_time": 1.00833, "absorbers": [[-6.31661, 10.2486, 8.94804, 4]], "reflectors": [], "reflector_prisms": [[-0.527059, 5.51737, 0.740038, 2.47294, 11.5174, 4.74004], [-9.3786, 3.09179, -0.53776, -4.3786, 6.09179, 4.46224], [-1.14179, -3.06449, 6.99865, 0.858215, 2.93551, 10.9987], [-8.26895, -8.81624, 8.73916, -6.26895, -6.81624, 13.7392]], "absorber_prisms": [[-11.0258, -9.627, 1.40686, -5.02576, -4.627, 3.40686]], "line_of_sight": [[107, 0, 0, 0, 107, 499]]}