{"time_step": 1e-05, "number_of_molecules": 500000, "diff_coef": 100, "sim_time": 2.81667, "absorbers": [[-7.62611, 8.96241, -14.917, 6]], "reflectors": [[13.202, -16.2692, 1.42121, 4]], "reflector_prisms": [], "absorber_prisms": [[5.74297, -4.47081, 17.6336, 10.743, -1.47081, 21.6336]], "line_of_sight": [[0, 0, 0, 0, 0, 501]]}