{
"time_step": 1e-05,
"number_of_molecules": 500000,
"diff_coef": 250,
"sim_time": 0.96,
"absorbers": [
[-8.03906,11.243,8.06024,4]
],
"reflectors": [
[-10.9851,-16.9799,5.65775,2],
[-13.9884,2.78881,4.64185,3],
[15.4602,-2.24717,6.70315,2],
[0.00290492,-8.12862,-5.82456,3]
],
"reflector_prisms": [
],
"absorber_prisms": [
]
}