{"time_step": 1e-05, "number_of_molecules": 500000, "diff_coef": 350, "sim_time": 1.71905, "absorbers": [[13.4838, -21.5419, 5.48922, 7], [0.403654, -11.047, 4.66925, 7], [-5.94178, -0.545478, -9.24109, 5], [-4.4505, 7.93782, -21.1231, 5], [15.8646, 4.10776, -7.44576, 5], [10.0588, 0.360477, 16.1149, 7], [-4.06387, -2.85514, 19.3735, 6]], "reflectors": [[-13.1472, -10.6228, -10.6915, 5]], "reflector_prisms": [], "absorber_prisms": [], "line_of_sight": [[295, 295, 0, 0, 0, 503], [86, 86, 0, 0, 0, 499], [191, 137, 57, 0, 0, 498], [266, 362, 0, 0, 0, 499], [0, 0, 0, 0, 0, 500], [502, 550, 4, 0, 0, 502], [49, 49, 0, 0, 0, 500]]}