{"time_step": 1e-05, "number_of_molecules": 500000, "diff_coef": 300, "sim_time": 1.8, "absorbers": [[22.9135, 7.11726, 0.563108, 6]], "reflectors": [], "reflector_prisms": [], "absorber_prisms": [[8.38021, 7.4024, -13.1477, 11.3802, 11.4024, -7.14773]], "line_of_sight": [[0, 0, 0, 0, 0, 499]]}