{
"time_step": 1e-05,
"number_of_molecules": 500000,
"diff_coef": 50,
"sim_time": 5.63333,
"absorbers": [
[9.4375,0.98082,11.6177,2]
],
"reflectors": [
],
"reflector_prisms": [
[-3.35157,-2.56357,-8.37521,1.64843,0.436435,-6.37521]
],
"absorber_prisms": [
[-2.05423,-1.43551,-11.9997,1.94577,1.56449,-9.99968],
[-1.70019,-9.03671,2.50217,3.29981,-7.03671,7.50217]
]
}