{"time_step": 1e-05, "number_of_molecules": 500000, "diff_coef": 50, "sim_time": 5.63333, "absorbers": [[-14.8663, 6.22075, -5.41242, 4], [2.18682, 3.57782, 14.402, 5], [4.88668, -19.3377, -1.47387, 7]], "reflectors": [[-3.44619, 9.72755, 23.8642, 7], [-2.25763, -0.45415, -11.777, 5], [-24.5769, 4.57159, 0.276566, 6]], "reflector_prisms": [], "absorber_prisms": [], "line_of_sight": [[75, 0, 75, 0, 0, 498], [417, 0, 474, 0, 0, 502], [0, 0, 0, 0, 0, 501]]}