{
"time_step": 1e-05,
"number_of_molecules": 500000,
"diff_coef": 200,
"sim_time": 0.675,
"absorbers": [
[0.514597,-0.108443,-13.9901,5]
],
"reflectors": [
[-4.98333,7.24176,4.7669,5]
],
"reflector_prisms": [
],
"absorber_prisms": [
[-16.0753,5.01202,4.23369,-13.0753,9.01202,6.23369],
[-12.1628,-4.85806,15.6514,-10.1628,-0.858057,20.6514],
[13.4291,-3.00964,4.28457,19.4291,0.990356,10.2846],
[-7.04383,-2.53727,-20.3491,-2.04383,-0.537267,-14.3491]
]
}