{
"time_step": 1e-05,
"number_of_molecules": 500000,
"diff_coef": 300,
"sim_time": 2.00556,
"absorbers": [
[-7.07365,3.77715,-10.2321,6],
[-9.9958,-0.256326,0.13506,4],
[-12.4804,3.31195,20.2305,7],
[0.129667,-7.92591,20.5223,6],
[8.99633,-12.5066,-11.1198,7],
[-7.81438,18.6198,-11.0109,4]
],
"reflectors": [
],
"reflector_prisms": [
],
"absorber_prisms": [
]
}