{"time_step": 1e-05, "number_of_molecules": 500000, "diff_coef": 250, "sim_time": 1.92667, "absorbers": [[3.71747, -3.4262, 19.3505, 7], [-5.96939, -0.952265, -14.8142, 5], [0.842349, -12.7869, -16.6369, 4], [6.6921, -7.85284, 6.1277, 7], [-13.9739, 7.41339, 2.40235, 6], [4.16989, 3.60588, -9.51891, 4]], "reflectors": [[21.9569, 6.79333, -6.90968, 6], [-12.0369, -12.0672, -16.8967, 7], [-3.32517, 23.2313, -5.02481, 6], [-8.81876, -21.7184, -5.15196, 7], [23.5221, -6.36979, -5.58021, 6]], "reflector_prisms": [], "absorber_prisms": [], "line_of_sight": [[374, 391, 0, 0, 0, 498], [307, 281, 68, 0, 0, 500], [0, 0, 0, 0, 0, 501], [228, 178, 68, 0, 0, 498], [269, 139, 130, 0, 0, 501], [77, 77, 0, 0, 0, 501]]}