{
"time_step": 1e-05,
"number_of_molecules": 500000,
"diff_coef": 200,
"sim_time": 1.40833,
"absorbers": [
[5.21655,-8.1796,-13.96,5],
[13.8547,6.94883,-6.98297,4]
],
"reflectors": [
[-1.103,6.83532,-4.00772,3],
[-8.67508,-15.7329,12.6972,4]
],
"reflector_prisms": [
[-13.1253,15.803,0.661909,-10.1253,17.803,2.66191]
],
"absorber_prisms": [
]
}