{
"time_step": 1e-05,
"number_of_molecules": 500000,
"diff_coef": 300,
"sim_time": 2.00556,
"absorbers": [
[-1.96216,-9.33691,16.4308,6],
[-0.984938,5.33925,18.2078,5],
[1.07951,0.467877,-11.9422,5],
[4.46498,14.8615,-9.12142,5],
[4.39004,-9.55088,-21.5756,5],
[-6.57918,6.17631,-13.2124,4]
],
"reflectors": [
[-14.5932,-4.71012,-12.8395,6],
[8.88806,5.86686,-16.9287,5]
],
"reflector_prisms": [
],
"absorber_prisms": [
]
}