{"time_step": 1e-05, "number_of_molecules": 500000, "diff_coef": 400, "sim_time": 1.06667, "absorbers": [[-4.74594, 8.76422, 16.1761, 3]], "reflectors": [[-1.36816, 9.72467, -16.2653, 2]], "reflector_prisms": [[-11.9559, -2.66049, -1.27045, -9.95589, 1.33951, 2.72955], [9.6928, 4.24521, -13.6003, 11.6928, 9.24521, -10.6003], [-11.7559, -3.90257, -16.9115, -6.75594, 2.09743, -13.9115]], "absorber_prisms": [], "line_of_sight": [[0, 0, 0, 0, 0, 502]]}