{"time_step": 1e-05, "number_of_molecules": 500000, "diff_coef": 300, "sim_time": 1.08889, "absorbers": [[-5.99044, -9.42326, 16.5927, 6]], "reflectors": [[3.12897, -8.40232, 0.781359, 3]], "reflector_prisms": [[7.13589, -5.13812, 0.248074, 12.1359, -1.13812, 5.24807], [2.60509, 0.204461, -11.9095, 5.60509, 4.20446, -6.9095]], "absorber_prisms": [[7.36155, -1.38454, 13.8869, 13.3616, 3.61546, 17.8869], [0.0595581, -11.0461, -11.7651, 3.05956, -5.04614, -5.76513]], "line_of_sight": [[0, 0, 0, 0, 0, 501]]}