{
"time_step": 1e-05,
"number_of_molecules": 500000,
"diff_coef": 300,
"sim_time": 1.60556,
"absorbers": [
[8.30714,-4.51667,-11.6444,3],
[-2.03084,17.6044,6.85283,2],
[-3.76635,-11.8154,3.90016,4]
],
"reflectors": [
[-10.6755,6.73065,-9.83529,5]
],
"reflector_prisms": [
],
"absorber_prisms": [
[-4.106,3.34141,-18.9673,-2.106,7.34141,-16.9673]
]
}