{"time_step": 1e-05, "number_of_molecules": 500000, "diff_coef": 300, "sim_time": 1.8, "absorbers": [[-10.4598, -19.7205, 8.81443, 6]], "reflectors": [[-6.15403, -16.908, -10.828, 6]], "reflector_prisms": [], "absorber_prisms": [[-0.0678797, -1.67173, -10.6194, 4.93212, 1.32827, -4.6194], [4.77488, -8.19212, -2.54088, 8.77488, -6.19212, -0.540877], [-18.0676, -13.7401, -10.861, -12.0676, -8.7401, -7.86104], [17.7712, -0.428663, -1.5754, 19.7712, 5.57134, 4.4246]], "line_of_sight": [[0, 0, 0, 0, 0, 501]]}