{"time_step": 1e-05, "number_of_molecules": 500000, "diff_coef": 50, "sim_time": 9.63333, "absorbers": [[-10.5857, -1.72469, 8.9983, 3], [-7.5416, 11.2661, 10.2566, 4], [1.31276, -3.73819, 18.5823, 6], [-1.67153, -3.40124, -13.4773, 4], [-9.89821, -17.2441, -2.16054, 4], [1.46709, 3.87215, 5.64394, 2], [19.5455, -1.79952, 11.989, 6], [-5.56873, -15.83, 2.72029, 2]], "reflectors": [[-3.96207, 8.5302, -3.39671, 4], [13.6409, 1.09646, 2.95344, 3], [9.96041, -11.4797, -19.8496, 6], [-1.44486, -14.7569, -11.8805, 2], [5.80047, 3.63744, -15.5603, 6], [2.72804, -6.43628, 10.9605, 2], [-8.3014, -9.54274, 14.1783, 4]], "reflector_prisms": [], "absorber_prisms": [], "line_of_sight": [[73, 0, 73, 0, 0, 498], [153, 0, 153, 0, 0, 499], [325, 104, 221, 0, 0, 502], [260, 260, 0, 0, 0, 498], [0, 0, 0, 0, 0, 500], [184, 143, 41, 0, 0, 498], [82, 0, 82, 0, 0, 500], [0, 0, 0, 0, 0, 501]]}