{"time_step": 1e-05, "number_of_molecules": 500000, "diff_coef": 300, "sim_time": 1.42222, "absorbers": [[-9.54306, -8.56336, -14.0214, 4], [-5.58152, 6.52488, 15.82, 5], [2.0271, 3.8056, -9.02266, 4], [5.89029, -8.66068, -7.70046, 6], [0.132349, 0.962156, -21.9786, 6], [-16.1537, -1.85482, -7.72129, 6]], "reflectors": [[12.0965, 2.32955, 18.2276, 7]], "reflector_prisms": [], "absorber_prisms": [], "line_of_sight": [[170, 0, 170, 0, 0, 500], [266, 266, 0, 0, 0, 500], [113, 113, 0, 0, 0, 503], [101, 101, 0, 0, 0, 498], [239, 239, 0, 0, 0, 499], [83, 0, 83, 0, 0, 498]]}