{
"time_step": 1e-05,
"number_of_molecules": 500000,
"diff_coef": 350,
"sim_time": 1.71905,
"absorbers": [
[1.30657,-0.852738,-8.86373,4],
[7.88253,-23.6926,-1.23602,7],
[-0.716319,-17.8084,9.07451,5],
[-12.741,7.15547,-20.2846,6]
],
"reflectors": [
[2.56439,-0.803509,22.8425,6],
[-7.88548,2.55424,13.6856,5],
[-8.674,-2.92001,-6.10207,5],
[7.18701,7.52723,-20.5107,5]
],
"reflector_prisms": [
],
"absorber_prisms": [
]
}