{
"time_step": 1e-05,
"number_of_molecules": 500000,
"diff_coef": 100,
"sim_time": 2.4,
"absorbers": [
[-0.313447,-0.15554,-17.9966,6]
],
"reflectors": [
[6.43467,7.82364,17.2449,2],
[5.89833,1.61268,-9.14379,3]
],
"reflector_prisms": [
[-8.76228,-17.3871,-5.53884,-6.76228,-13.3871,-0.538843],
[-3.82903,15.2347,5.07753,2.17097,18.2347,8.07753],
[-2.90096,-11.4991,-1.92582,3.09904,-6.49915,2.07418]
],
"absorber_prisms": [
]
}