{
"time_step": 1e-05,
"number_of_molecules": 500000,
"diff_coef": 300,
"sim_time": 1.08889,
"absorbers": [
[0.387769,1.76092,-11.8638,4],
[7.65304,-8.28489,16.5164,6],
[7.23726,-8.01732,2.08442,4]
],
"reflectors": [
[-1.93841,13.8645,0.130897,6]
],
"reflector_prisms": [
],
"absorber_prisms": [
]
}