{
"time_step": 1e-05,
"number_of_molecules": 500000,
"diff_coef": 400,
"sim_time": 1.06667,
"absorbers": [
[2.05209,-1.94977,18.788,3],
[-14.166,10.9267,-1.98325,2]
],
"reflectors": [
[11.9434,-5.1243,0.312282,6],
[-15.8381,-1.94083,-1.17837,6],
[-1.49155,13.9045,12.8624,3]
],
"reflector_prisms": [
],
"absorber_prisms": [
]
}