{"time_step": 1e-05, "number_of_molecules": 500000, "diff_coef": 400, "sim_time": 0.504167, "absorbers": [[6.70081, -12.6304, -4.53555, 4]], "reflectors": [[7.20303, 11.7084, -6.00257, 5]], "reflector_prisms": [[-3.9591, -5.11402, 14.4137, 0.040896, -3.11402, 20.4137], [-7.04943, -17.3793, 5.94697, -5.04943, -12.3793, 7.94697]], "absorber_prisms": [[-0.654046, -1.37247, 7.98707, 1.34595, 0.627528, 11.9871]], "line_of_sight": [[0, 0, 0, 0, 0, 499]]}