{"time_step": 1e-05, "number_of_molecules": 500000, "diff_coef": 250, "sim_time": 0.54, "absorbers": [[-3.01608, 3.68238, 11.0156, 3]], "reflectors": [], "reflector_prisms": [[-6.79877, -0.854376, -11.5508, -3.79877, 5.14562, -9.5508], [7.63317, -6.16128, -4.07289, 13.6332, -4.16128, -0.0728914], [3.81017, -6.23205, 2.75818, 6.81017, -1.23205, 4.75818]], "absorber_prisms": [[-9.20775, 14.6297, -7.3402, -4.20775, 17.6297, -1.3402], [-4.11592, -1.68528, -8.91553, 1.88408, 2.31472, -6.91553]], "line_of_sight": [[0, 0, 0, 0, 0, 501]]}