{
"time_step": 1e-05,
"number_of_molecules": 500000,
"diff_coef": 200,
"sim_time": 2.40833,
"absorbers": [
[4.71415,0.632026,18.395,2]
],
"reflectors": [
[-9.76705,-2.91994,-17.2069,2]
],
"reflector_prisms": [
[-2.34091,-18.8617,-4.18996,2.65909,-15.8617,-0.189965]
],
"absorber_prisms": [
[-10.3637,0.24143,-3.2019,-5.36372,5.24143,-0.201896],
[-20.0554,4.86733,-2.23291,-17.0554,6.86733,-0.232907]
]
}