{"time_step": 1e-05, "number_of_molecules": 500000, "diff_coef": 150, "sim_time": 0.711111, "absorbers": [[3.19502, -8.34508, -9.44201, 5]], "reflectors": [[-0.187904, -3.56887, -18.6609, 2], [3.40212, -2.12175, 11.3103, 3], [4.36057, -13.9882, -17.7289, 4]], "reflector_prisms": [], "absorber_prisms": [[-9.05881, -7.92928, 14.5026, -5.05881, -4.92928, 19.5026]], "line_of_sight": [[22, 0, 22, 0, 0, 498]]}