{"time_step": 1e-05, "number_of_molecules": 500000, "diff_coef": 100, "sim_time": 1.06667, "absorbers": [[1.95827, 6.15151, -7.63702, 2], [-5.53646, 5.76161, 0.389249, 2]], "reflectors": [], "reflector_prisms": [], "absorber_prisms": [[-5.56928, -10.819, 7.75311, -1.56928, -4.81902, 11.7531], [9.81915, 6.81003, -6.22572, 13.8191, 11.81, -1.22572], [-11.7055, 0.0927961, -6.00119, -9.70553, 4.0928, -4.00119], [-2.88879, -6.00267, 4.335, 0.111211, -3.00267, 7.335]], "line_of_sight": [[0, 0, 0, 0, 0, 500], [0, 0, 0, 0, 0, 503]]}