{
"time_step": 1e-05,
"number_of_molecules": 500000,
"diff_coef": 300,
"sim_time": 1.8,
"absorbers": [
[6.8696,-2.54132,5.22976,3],
[-17.4809,1.82146,-11.4936,3],
[-15.5876,7.38951,-5.14011,3],
[8.75507,6.90024,15.3862,4]
],
"reflectors": [
[-1.1848,5.02011,-9.71569,4],
[-3.5973,5.39857,11.2657,5],
[3.23841,10.6752,-8.45884,3],
[-6.95996,-4.45947,-14.855,5],
[0.496305,-6.94231,10.9799,2]
],
"reflector_prisms": [
],
"absorber_prisms": [
]
}