{"time_step": 1e-05, "number_of_molecules": 500000, "diff_coef": 50, "sim_time": 9.63333, "absorbers": [[-0.375911, -9.84596, -6.8495, 6], [-21.1808, 6.32948, 6.34897, 6], [12.7952, 6.78689, 3.90143, 4]], "reflectors": [[12.9444, -19.1698, -11.8727, 7], [13.0531, -4.05132, -8.31884, 7]], "reflector_prisms": [], "absorber_prisms": [], "line_of_sight": [[79, 0, 79, 0, 0, 498], [371, 0, 371, 0, 0, 499], [0, 0, 0, 0, 0, 500]]}