{
"time_step": 1e-05,
"number_of_molecules": 500000,
"diff_coef": 250,
"sim_time": 1.70667,
"absorbers": [
[-4.28767,-2.76848,19.3378,4]
],
"reflectors": [
[6.04157,12.9756,4.48689,5]
],
"reflector_prisms": [
],
"absorber_prisms": [
]
}