{
"time_step": 1e-05,
"number_of_molecules": 500000,
"diff_coef": 150,
"sim_time": 3.21111,
"absorbers": [
[-16.8392,-12.5566,6.54021,5],
[1.6409,13.5928,-10.0768,4]
],
"reflectors": [
],
"reflector_prisms": [
],
"absorber_prisms": [
[-3.69911,5.87432,18.5891,0.300893,8.87432,20.5891],
[-9.31195,-17.3005,-5.64932,-6.31195,-14.3005,-1.64932],
[13.6624,0.835702,-14.4152,15.6624,5.8357,-10.4152]
]
}