{
"time_step": 1e-05,
"number_of_molecules": 500000,
"diff_coef": 50,
"sim_time": 4.03333,
"absorbers": [
[0.856016,14.6118,-3.28066,5],
[-8.81221,-1.10543,-4.59597,5],
[0.248297,-5.83627,-13.8158,4]
],
"reflectors": [
],
"reflector_prisms": [
[7.34959,-5.84921,18.6536,9.34959,0.150791,21.6536]
],
"absorber_prisms": [
[-0.00947526,1.60492,-13.3929,4.99052,3.60492,-7.39287]
]
}