{"time_step": 1e-05, "number_of_molecules": 500000, "diff_coef": 100, "sim_time": 4.26667, "absorbers": [[7.23725, 15.753, 7.77593, 3]], "reflectors": [[2.60477, -0.422269, -21.8412, 3]], "reflector_prisms": [[-5.63887, 4.04919, -10.8429, -0.638871, 7.04919, -5.8429], [-7.64916, -10.3954, -9.69768, -2.64916, -6.39535, -5.69768]], "absorber_prisms": [], "line_of_sight": [[0, 0, 0, 0, 0, 499]]}