{
"time_step": 1e-05,
"number_of_molecules": 500000,
"diff_coef": 350,
"sim_time": 0.233333,
"absorbers": [
[1.31045,-2.63764,12.662,6]
],
"reflectors": [
[-6.06138,0.364831,19.0559,2]
],
"reflector_prisms": [
[-8.77271,-0.101201,2.339,-3.77271,4.8988,4.339],
[-2.94352,11.5467,-16.2134,3.05648,15.5467,-13.2134],
[7.71337,-5.58285,2.17206,9.71337,0.417145,6.17206]
],
"absorber_prisms": [
[-11.7764,4.14171,15.2834,-8.77636,9.14171,21.2834]
]
}