{"time_step": 1e-05, "number_of_molecules": 500000, "diff_coef": 150, "sim_time": 0.4, "absorbers": [[-0.0184746, -7.77685, -1.87624, 3], [-1.2516, -2.11938, -11.7449, 6]], "reflectors": [], "reflector_prisms": [], "absorber_prisms": [[-1.46374, 4.38098, -22.8352, 0.536264, 9.38098, -16.8352], [-7.98283, -8.36044, 4.80355, -5.98283, -3.36044, 10.8035], [6.10708, -2.90307, -17.4626, 12.1071, 0.096931, -13.4626], [6.36373, 1.02336, -4.79059, 11.3637, 7.02336, 0.209412]], "line_of_sight": [[0, 0, 0, 0, 0, 500], [0, 0, 0, 0, 0, 500]]}