{
"time_step": 1e-05,
"number_of_molecules": 500000,
"diff_coef": 50,
"sim_time": 10.8,
"absorbers": [
[-2.95027,2.33914,16.5778,6],
[10.0152,-8.44837,-10.8315,7],
[-22.9191,-3.78845,-6.03008,6]
],
"reflectors": [
[-3.12994,-6.60583,-20.7501,4]
],
"reflector_prisms": [
],
"absorber_prisms": [
]
}