{"time_step": 1e-05, "number_of_molecules": 500000, "diff_coef": 50, "sim_time": 12.0333, "absorbers": [[-0.126904, -0.511658, 7.98261, 3], [-1.61736, 9.67847, 1.92651, 2], [22.5703, 0.907195, -4.33121, 4], [7.38326, -1.8775, -7.93489, 6], [18.13, 2.83725, 12.1347, 3], [0.993121, -0.52155, -22.9726, 4], [-10.9896, 4.84023, -12.0333, 2], [9.10008, -7.91478, 13.3621, 6]], "reflectors": [[3.22278, 5.40574, -13.6159, 2]], "reflector_prisms": [], "absorber_prisms": [], "line_of_sight": [[212, 162, 52, 0, 0, 500], [0, 0, 0, 0, 0, 502], [125, 125, 0, 0, 0, 501], [105, 117, 0, 0, 0, 499], [0, 0, 0, 0, 0, 499], [502, 557, 0, 0, 0, 502], [504, 504, 0, 0, 0, 504], [47, 47, 0, 0, 0, 501]]}