{
"time_step": 1e-05,
"number_of_molecules": 500000,
"diff_coef": 100,
"sim_time": 5.4,
"absorbers": [
[-13.0152,9.52548,-13.4488,3]
],
"reflectors": [
[1.63069,-1.72709,8.6809,2],
[15.1148,-3.0836,7.14374,2],
[-14.0176,9.44059,1.83896,5],
[-2.01262,-12.6072,-16.6735,6]
],
"reflector_prisms": [
],
"absorber_prisms": [
]
}