{"time_step": 1e-05, "number_of_molecules": 500000, "diff_coef": 300, "sim_time": 1.25, "absorbers": [[14.5261, -13.745, -0.257899, 5], [-6.73976, 10.7792, 2.71763, 6], [-11.3942, -11.0178, 8.5312, 4], [-0.0289286, -0.00941433, -16, 5]], "reflectors": [[3.19922, -9.59211, 11.0796, 7], [-10.4969, 14.2665, -11.2819, 5], [13.7542, 17.5844, 8.80962, 5], [-4.91267, -10.5788, -2.82049, 7]], "reflector_prisms": [], "absorber_prisms": [], "line_of_sight": [[358, 358, 0, 0, 0, 499], [174, 95, 79, 0, 0, 500], [48, 0, 48, 0, 0, 500], [58, 0, 58, 0, 0, 501]]}