{"time_step": 1e-05, "number_of_molecules": 500000, "diff_coef": 200, "sim_time": 1.875, "absorbers": [[-4.17392, 3.60646, -9.51692, 6], [-1.78419, 0.367222, 14.889, 4], [11.0722, -10.1382, -16.0817, 7]], "reflectors": [[16.4291, -6.37976, 9.4543, 6], [7.02729, 12.9694, 6.19765, 5], [-24.4712, -4.50063, -2.43019, 7]], "reflector_prisms": [], "absorber_prisms": [], "line_of_sight": [[150, 69, 81, 0, 0, 502], [179, 179, 0, 0, 0, 498], [0, 0, 0, 0, 0, 500]]}