{
"time_step": 1e-05,
"number_of_molecules": 500000,
"diff_coef": 100,
"sim_time": 6.01667,
"absorbers": [
[1.19224,-0.704471,-6.86165,2],
[8.5294,-14.7052,-0.0806013,2],
[-9.05401,-2.279,-11.7401,4],
[-0.316786,10.0303,19.5779,3],
[-4.54526,5.13891,-5.82513,4],
[-1.26608,-3.28017,-13.5513,2],
[12.1522,5.70577,-10.4292,2],
[0.35314,-0.298618,-19.9947,2]
],
"reflectors": [
],
"reflector_prisms": [
],
"absorber_prisms": [
]
}