{"time_step": 1e-05, "number_of_molecules": 500000, "diff_coef": 50, "sim_time": 10.8, "absorbers": [[-0.528843, 17.5699, 7.21237, 6], [-0.470278, -5.1124, 23.4444, 6], [-0.270445, -0.00540683, -16.9978, 4]], "reflectors": [[1.2574, 9.79868, -1.55077, 4], [13.4992, 0.0324206, 11.9067, 5], [10.1051, -15.1831, 15.6, 7]], "reflector_prisms": [], "absorber_prisms": [], "line_of_sight": [[113, 0, 113, 0, 0, 498], [192, 192, 0, 0, 0, 502], [212, 212, 0, 0, 0, 500]]}