{
"time_step": 1e-05,
"number_of_molecules": 500000,
"diff_coef": 50,
"sim_time": 9.63333,
"absorbers": [
[3.90739,21.4222,3.13418,5],
[6.04579,0.125136,-15.8881,6],
[-13.8729,0.66786,5.66539,7],
[3.92131,-8.38068,10.5065,5],
[-8.66155,10.2475,-3.99585,7]
],
"reflectors": [
[0.0479926,11.3182,9.84352,7],
[-3.96318,-5.79001,-20.8511,5],
[-16.684,-0.571837,-6.73187,5],
[10.7251,6.7996,11.3021,4],
[14.8678,14.8705,-6.46657,5]
],
"reflector_prisms": [
],
"absorber_prisms": [
]
}