{
"time_step": 1e-05,
"number_of_molecules": 500000,
"diff_coef": 300,
"sim_time": 0.45,
"absorbers": [
[4.22954,1.72796,10.0063,3],
[8.6856,10.3165,-3.75899,5]
],
"reflectors": [
],
"reflector_prisms": [
[-11.33,-9.79522,-12.4883,-7.32999,-4.79522,-10.4883]
],
"absorber_prisms": [
[-15.2045,-1.55527,-10.9185,-10.2045,3.44473,-4.91855]
]
}