{"time_step": 1e-05, "number_of_molecules": 500000, "diff_coef": 350, "sim_time": 0.119048, "absorbers": [[1.62312, 9.53651, -2.53385, 5]], "reflectors": [[16.6563, -2.37133, 10.8141, 5], [8.26165, -5.4276, -1.51203, 2], [1.51929, 8.64034, 12.167, 5], [-12.2926, 3.95002, 17.8126, 6]], "reflector_prisms": [], "absorber_prisms": [], "line_of_sight": [[0, 0, 0, 0, 0, 497]]}