{
"time_step": 1e-05,
"number_of_molecules": 500000,
"diff_coef": 50,
"sim_time": 4.8,
"absorbers": [
[-0.382684,-6.32731,16.8469,6]
],
"reflectors": [
],
"reflector_prisms": [
[5.83961,0.851905,15.8732,9.83961,6.8519,17.8732],
[5.74311,-9.95425,11.0191,9.74311,-4.95425,14.0191],
[-12.6936,-9.89594,2.4047,-9.69364,-6.89594,8.4047],
[14.4768,6.91839,4.56067,17.4768,8.91839,8.56067]
],
"absorber_prisms": [
]
}