{"time_step": 1e-05, "number_of_molecules": 500000, "diff_coef": 300, "sim_time": 0.672222, "absorbers": [[4.69332, 11.3074, -10.3012, 5]], "reflectors": [], "reflector_prisms": [[-1.51668, 8.86193, -21.4687, 4.48332, 14.8619, -15.4687], [-9.55116, 3.37639, -9.68183, -6.55116, 8.37639, -3.68183]], "absorber_prisms": [[-16.216, -3.65547, 6.59399, -14.216, 2.34453, 12.594], [-12.7674, -9.51996, -1.01122, -10.7674, -5.51996, 2.98878], [-1.38557, -1.97087, -23.9711, 3.61443, 2.02913, -18.9711]], "line_of_sight": [[0, 0, 0, 0, 0, 499]]}