{
"time_step": 1e-05,
"number_of_molecules": 500000,
"diff_coef": 300,
"sim_time": 1.42222,
"absorbers": [
[-3.89525,-4.21308,19.1593,4],
[-8.27863,5.47331,-6.7459,7]
],
"reflectors": [
[-0.421541,21.9737,-0.990399,7]
],
"reflector_prisms": [
],
"absorber_prisms": [
]
}