{"time_step": 1e-05, "number_of_molecules": 500000, "diff_coef": 150, "sim_time": 2.17778, "absorbers": [[13.2435, 7.28182, -9.77671, 4], [7.10867, -11.9494, 1.63697, 5]], "reflectors": [[-13.4345, 4.43431, -9.42611, 5], [2.05505, 7.94902, -11.3397, 4], [-20.0492, 8.24789, 3.74187, 3], [1.5272, 15.9204, -0.458023, 5]], "reflector_prisms": [], "absorber_prisms": [], "line_of_sight": [[0, 0, 0, 0, 0, 498], [37, 0, 37, 0, 0, 504]]}