{
"time_step": 1e-05,
"number_of_molecules": 500000,
"diff_coef": 100,
"sim_time": 2.01667,
"absorbers": [
[3.69961,-1.15348,14.4908,4]
],
"reflectors": [
[-3.11959,-11.5328,5.12472,3],
[-0.161764,-11.5048,-21.0621,5]
],
"reflector_prisms": [
],
"absorber_prisms": [
[-14.7855,12.0962,-3.49561,-8.78548,15.0962,2.50439],
[10.7049,-4.39814,-11.2837,14.7049,-1.39814,-7.28367],
[-20.652,-4.07003,5.13838,-16.652,1.92997,9.13838]
]
}