{
"time_step": 1e-05,
"number_of_molecules": 500000,
"diff_coef": 300,
"sim_time": 1.25,
"absorbers": [
[-2.74504,-11.8039,14.6333,4]
],
"reflectors": [
[13.7775,-1.64219,-1.86639,3]
],
"reflector_prisms": [
[-13.5799,1.87592,-12.4624,-8.57991,7.87592,-8.46236],
[-4.67757,5.03933,-18.1441,1.32243,10.0393,-12.1441]
],
"absorber_prisms": [
]
}