{
"time_step": 1e-05,
"number_of_molecules": 500000,
"diff_coef": 250,
"sim_time": 1.92667,
"absorbers": [
[-11.7453,11.0328,10.0661,2]
],
"reflectors": [
[0.543774,-8.64973,-9.68951,5]
],
"reflector_prisms": [
[-1.31034,-1.362,9.43747,3.68966,1.638,13.4375],
[-0.37036,-17.3092,12.0144,4.62964,-12.3092,16.0144],
[-22.8142,-8.72532,2.95201,-16.8142,-2.72532,4.95201]
],
"absorber_prisms": [
[-6.29817,-3.02715,7.97217,-2.29817,-1.02715,12.9722]
]
}