{"time_step": 1e-05, "number_of_molecules": 500000, "diff_coef": 50, "sim_time": 10.8, "absorbers": [[4.82662, 2.36512, 11.8368, 2], [-23.461, -4.99273, 0.809679, 6]], "reflectors": [[-12.7982, 0.977279, -11.1468, 3], [1.43977, 7.6523, -12.8207, 5]], "reflector_prisms": [[-7.31864, 16.6958, 4.39174, -2.31864, 20.6958, 9.39174]], "absorber_prisms": [], "line_of_sight": [[0, 0, 0, 0, 0, 500], [0, 0, 0, 0, 0, 504]]}