{
"time_step": 1e-05,
"number_of_molecules": 500000,
"diff_coef": 100,
"sim_time": 1.35,
"absorbers": [
[-6.95046,-7.54607,-6.22478,3]
],
"reflectors": [
[10.0285,17.1866,-2.01244,4],
[0.692502,-2.37973,-22.8661,4],
[-1.17258,0.545331,13.9401,5]
],
"reflector_prisms": [
[-12.5922,5.78826,-0.161788,-10.5922,7.78826,2.83821]
],
"absorber_prisms": [
]
}