{
"time_step": 1e-05,
"number_of_molecules": 500000,
"diff_coef": 250,
"sim_time": 1.92667,
"absorbers": [
[11.9585,0.38968,10.6227,7],
[3.09891,-1.94075,-10.3745,4],
[0.231332,0.00175113,12.9979,4],
[2.04358,-1.40982,20.8527,4],
[-11.9639,-17.7589,5.04832,6]
],
"reflectors": [
[10.3479,2.40226,-2.85477,5],
[-4.41454,-0.934537,-24.5894,6],
[14.2514,-11.5507,7.96738,5]
],
"reflector_prisms": [
],
"absorber_prisms": [
]
}