{"time_step": 1e-05, "number_of_molecules": 500000, "diff_coef": 250, "sim_time": 1.92667, "absorbers": [[-18.7604, 6.27712, -7.04586, 4], [-7.13526, -7.00033, -4.59168, 6], [9.79712, 1.98092, 0.303933, 4], [-0.431044, 4.21289, 14.3898, 2]], "reflectors": [[-13.1026, -14.3979, 15.6851, 6], [-8.34679, 1.48862, 15.8781, 5], [4.64697, 0.925072, -6.44592, 2], [-0.805156, -7.40786, 19.6335, 3], [-0.493385, -0.142415, -18.9931, 5], [-6.44885, -19.4447, 8.01982, 4]], "reflector_prisms": [], "absorber_prisms": [], "line_of_sight": [[10, 10, 0, 0, 0, 502], [103, 103, 0, 0, 0, 497], [163, 163, 0, 0, 0, 500], [194, 0, 194, 0, 0, 501]]}