{"time_step": 1e-05, "number_of_molecules": 500000, "diff_coef": 50, "sim_time": 12.0333, "absorbers": [[6.76109, -1.80437, 19.7998, 2], [4.73544, 8.48988, 2.34471, 4], [-8.56938, 4.52136, -2.47448, 3], [-2.15727, 6.1063, 11.2721, 4], [-4.29318, -6.42574, -6.34654, 3], [7.14587, 8.93918, -12.5709, 2], [2.06419, 17.9145, 12.6019, 6], [-8.17157, 2.43725, 20.2802, 6]], "reflectors": [[-8.44447, 0.492953, 9.87157, 4], [12.0325, 8.74398, -8.23177, 4], [21.5196, 4.774, -6.56642, 6]], "reflector_prisms": [], "absorber_prisms": [], "line_of_sight": [[0, 0, 0, 0, 0, 501], [161, 193, 0, 0, 0, 502], [0, 0, 0, 0, 0, 501], [154, 154, 0, 0, 0, 499], [252, 295, 0, 0, 0, 497], [0, 0, 0, 0, 0, 498], [272, 328, 0, 0, 0, 498], [301, 126, 175, 0, 0, 498]]}