{"time_step": 1e-05, "number_of_molecules": 500000, "diff_coef": 400, "sim_time": 1.35, "absorbers": [[-2.68611, 7.68347, -10.1365, 2], [-9.90862, -1.89714, -8.19879, 4], [16.6777, 4.3261, 15.2361, 5]], "reflectors": [], "reflector_prisms": [], "absorber_prisms": [[2.60867, -1.1591, -6.92627, 7.60867, 2.8409, -3.92627], [3.7622, 5.29846, -1.29581, 6.7622, 9.29846, 1.70419]], "line_of_sight": [[0, 0, 0, 0, 0, 501], [87, 87, 0, 0, 0, 500], [500, 500, 0, 0, 0, 500]]}