{"time_step": 1e-05, "number_of_molecules": 500000, "diff_coef": 400, "sim_time": 0.9375, "absorbers": [[2.44449, -0.145709, 16.8227, 2], [-4.03356, -1.55687, 7.89345, 4], [4.34565, -15.3287, 1.46461, 4]], "reflectors": [[-13.9652, -6.14115, -15.8512, 5], [2.12574, 0.415826, 22.8978, 4], [-0.441826, -1.70206, -7.80434, 2], [-18.75, 3.22431, 16.2186, 6]], "reflector_prisms": [], "absorber_prisms": [], "line_of_sight": [[489, 0, 736, 0, 0, 498], [124, 0, 132, 0, 0, 504], [0, 0, 0, 0, 0, 500]]}