{
"time_step": 1e-05,
"number_of_molecules": 500000,
"diff_coef": 250,
"sim_time": 2.40667,
"absorbers": [
[9.24866,-5.37922,-2.55467,6],
[-1.73013,17.7654,-6.51135,7],
[18.5854,-12.6889,-13.0222,7],
[-3.13746,4.70207,-13.8941,6],
[-7.61215,2.02429,9.05304,4]
],
"reflectors": [
],
"reflector_prisms": [
],
"absorber_prisms": [
]
}