{"time_step": 1e-05, "number_of_molecules": 500000, "diff_coef": 300, "sim_time": 0.8, "absorbers": [[-5.81142, -0.649287, 13.8132, 3]], "reflectors": [[-13.9534, 0.370799, -1.0788, 4]], "reflector_prisms": [[-7.80865, -11.7641, -2.26035, -5.80865, -6.76415, 1.73965]], "absorber_prisms": [[-17.85, 10.8064, -0.957786, -11.85, 12.8064, 3.04221]], "line_of_sight": [[0, 0, 0, 0, 0, 501]]}