{
"time_step": 1e-05,
"number_of_molecules": 500000,
"diff_coef": 50,
"sim_time": 10.8,
"absorbers": [
[-12.106,10.679,5.32952,4],
[11.8802,-20.5639,3.46202,7],
[4.71994,10.0472,16.6366,7],
[-23.6304,-4.14107,-0.673414,6],
[-2.39378,-13.8043,-11.3009,7]
],
"reflectors": [
],
"reflector_prisms": [
],
"absorber_prisms": [
]
}