{"time_step": 1e-05, "number_of_molecules": 500000, "diff_coef": 200, "sim_time": 1.40833, "absorbers": [[1.15461, 17.9629, -0.015708, 5]], "reflectors": [[-3.20197, -10.4243, -5.00806, 3], [-6.21462, -8.38667, 12.1261, 6], [-0.887763, -7.5477, 21.7082, 4]], "reflector_prisms": [[13.1763, 0.0162643, -12.489, 19.1763, 5.01626, -10.489]], "absorber_prisms": [[-7.27764, -2.26394, 3.87435, -2.27764, 3.73606, 8.87435]], "line_of_sight": [[42, 0, 42, 0, 0, 499]]}