{"time_step": 1e-05, "number_of_molecules": 500000, "diff_coef": 350, "sim_time": 1.54286, "absorbers": [[-5.62561, -9.22226, -19.1651, 4], [5.68059, -0.65615, 9.39683, 5]], "reflectors": [], "reflector_prisms": [], "absorber_prisms": [[-7.29872, -0.0178968, 8.54594, -3.29872, 4.9821, 13.5459], [-9.49857, 7.74148, 7.29518, -3.49857, 9.74148, 10.2952]], "line_of_sight": [[134, 134, 0, 0, 0, 498], [42, 42, 0, 0, 0, 497]]}