{"time_step": 1e-05, "number_of_molecules": 500000, "diff_coef": 50, "sim_time": 12.0333, "absorbers": [[12.4129, 2.91375, 15.4087, 4], [11.31, 10.3709, 4.53063, 2], [-8.21063, 0.799798, -8.71469, 3], [3.73952, -9.18609, 8.40427, 3], [-1.11792, -2.45921, 16.784, 5], [10.7652, 16.8648, -9.14813, 5], [-3.28499, -13.0616, -16.1122, 2], [6.81841, -0.0339955, 11.0683, 3]], "reflectors": [], "reflector_prisms": [], "absorber_prisms": [], "line_of_sight": [[306, 447, 0, 0, 0, 501], [0, 0, 0, 0, 0, 501], [242, 335, 0, 0, 0, 502], [0, 0, 0, 0, 0, 505], [0, 0, 0, 0, 0, 499], [0, 0, 0, 0, 0, 496], [0, 0, 0, 0, 0, 497], [289, 387, 0, 0, 0, 499]]}