{
"time_step": 1e-05,
"number_of_molecules": 500000,
"diff_coef": 300,
"sim_time": 0.2,
"absorbers": [
[10.6254,-0.207109,2.83877,5]
],
"reflectors": [
[-7.25959,-10.4766,-16.6895,6]
],
"reflector_prisms": [
],
"absorber_prisms": [
[9.78223,-16.0752,-5.87541,13.7822,-11.0752,-2.87541],
[-10.4005,3.66951,5.35425,-5.40046,7.66951,10.3543],
[10.0106,5.47775,-10.1856,13.0106,11.4777,-4.18564]
]
}