{
"time_step": 1e-05,
"number_of_molecules": 500000,
"diff_coef": 300,
"sim_time": 1.25,
"absorbers": [
[-1.88799,-19.8393,-6.6209,6]
],
"reflectors": [
[-4.27119,4.42509,-14.7708,3]
],
"reflector_prisms": [
],
"absorber_prisms": [
[-8.1767,-11.5748,-14.8792,-6.1767,-8.57478,-9.87917],
[-4.32727,9.04338,-18.8788,-1.32727,11.0434,-12.8788]
]
}