{"time_step": 1e-05, "number_of_molecules": 500000, "diff_coef": 50, "sim_time": 2.13333, "absorbers": [[3.75317, -4.74098, -12.6268, 6]], "reflectors": [[16.9204, -0.745334, -10.637, 4]], "reflector_prisms": [[-8.58083, 3.54931, -1.75871, -5.58083, 7.54931, 1.24129], [-10.6405, -3.63361, -4.32042, -5.64048, 0.366393, 0.67958], [-9.59284, -11.5526, 11.397, -3.59284, -8.55257, 15.397], [-9.29764, -20.0115, 1.07683, -6.29764, -15.0115, 6.07683]], "absorber_prisms": [], "line_of_sight": [[0, 0, 0, 0, 0, 497]]}