{
"time_step": 1e-05,
"number_of_molecules": 500000,
"diff_coef": 100,
"sim_time": 4.81667,
"absorbers": [
[11.4639,-9.73339,-13.1848,4],
[7.58852,-9.36622,18.4035,5],
[-0.311858,1.49697,-14.9219,6],
[6.63671,7.20838,13.8922,2],
[-11.4291,5.73108,-11.204,6],
[-1.85985,0.707889,17.8897,3],
[-5.12288,2.14115,7.08319,3]
],
"reflectors": [
[5.24275,11.7724,20.2466,5],
[11.5421,7.90412,-0.552885,5],
[10.7099,-7.3049,0.967556,4],
[-19.9232,-8.45144,7.78703,6],
[-10.4518,-6.82366,-3.63294,4],
[-12.5732,10.9823,9.07219,2]
],
"reflector_prisms": [
],
"absorber_prisms": [
]
}