{
"time_step": 1e-05,
"number_of_molecules": 500000,
"diff_coef": 400,
"sim_time": 1.06667,
"absorbers": [
[-8.99988,16.6037,2.07857,7],
[0.688976,1.02625,-20.9636,6],
[3.20521,-9.61825,14.8733,5],
[-11.3928,7.25268,-11.8997,7],
[-0.5755,0.496381,20.9862,5]
],
"reflectors": [
[-7.11259,-3.01762,9.18178,7],
[-10.1073,-8.56903,-8.96742,5],
[15.3734,-3.30528,10.6646,5]
],
"reflector_prisms": [
],
"absorber_prisms": [
]
}