{"time_step": 1e-05, "number_of_molecules": 500000, "diff_coef": 350, "sim_time": 1.54286, "absorbers": [[-9.2706, -6.28913, -4.3015, 5], [9.69765, -5.4817, -21.2581, 6]], "reflectors": [], "reflector_prisms": [[-2.86274, 9.16786, -5.47605, -0.862738, 13.1679, -2.47605], [-3.05943, 20.5042, -7.64393, 2.94057, 22.5042, -1.64393]], "absorber_prisms": [], "line_of_sight": [[0, 0, 0, 0, 0, 501], [0, 0, 0, 0, 0, 501]]}