{
"time_step": 1e-05,
"number_of_molecules": 500000,
"diff_coef": 150,
"sim_time": 1.87778,
"absorbers": [
[-12.4074,2.0664,12.8758,5]
],
"reflectors": [
[-1.19027,-11.8725,14.786,2]
],
"reflector_prisms": [
[-18.9616,-1.75229,7.67631,-15.9616,1.24771,9.67631]
],
"absorber_prisms": [
[7.0315,2.97253,-7.64052,11.0315,6.97253,-4.64052],
[-1.86264,-3.61314,-16.9207,4.13736,1.38686,-14.9207],
[12.9948,-1.12583,-1.35272,17.9948,1.87417,1.64728]
]
}