{"time_step": 1e-05, "number_of_molecules": 500000, "diff_coef": 100, "sim_time": 6.01667, "absorbers": [[4.18942, 6.27521, -23.8342, 6], [4.11508, 7.41726, -7.0036, 5], [-5.60829, -11.7268, -0.169574, 7], [-7.20734, 10.7632, -11.0095, 5]], "reflectors": [], "reflector_prisms": [], "absorber_prisms": [], "line_of_sight": [[130, 130, 0, 0, 0, 499], [207, 207, 0, 0, 0, 499], [117, 117, 0, 0, 0, 501], [0, 0, 0, 0, 0, 499]]}