{
"time_step": 1e-05,
"number_of_molecules": 500000,
"diff_coef": 400,
"sim_time": 0.504167,
"absorbers": [
[-0.658435,-12.6576,11.3292,6]
],
"reflectors": [
],
"reflector_prisms": [
[5.86302,-6.87183,-4.38427,10.863,-3.87183,-2.38427]
],
"absorber_prisms": [
[13.6796,2.53966,-15.4024,15.6796,8.53966,-9.40243],
[-14.5076,12.8631,6.04568,-8.5076,18.8631,9.04568],
[-2.72993,-0.777524,6.3631,0.270072,2.22248,8.3631]
]
}