{"time_step": 1e-05, "number_of_molecules": 500000, "diff_coef": 150, "sim_time": 4.01111, "absorbers": [[2.47064, -3.6866, 14.3285, 4], [1.62588, 11.8891, -0.0762873, 4], [-3.99538, -16.2846, -14.2425, 4], [-2.10061, -3.19446, 25.7174, 7], [-24.647, 4.26861, 7.0927, 7]], "reflectors": [[-6.45899, 1.76048, -9.95903, 7], [-4.49163, -12.1223, 1.36961, 6], [-19.1179, -10.8845, -0.188049, 6], [-20.5286, -5.8928, -12.9942, 7]], "reflector_prisms": [], "absorber_prisms": [], "line_of_sight": [[484, 178, 418, 0, 0, 502], [355, 0, 355, 0, 0, 499], [0, 0, 0, 0, 0, 504], [218, 170, 201, 0, 0, 499], [0, 0, 0, 0, 0, 499]]}