{"time_step": 1e-05, "number_of_molecules": 500000, "diff_coef": 100, "sim_time": 6.01667, "absorbers": [[13.5268, -5.09431, 20.3979, 6]], "reflectors": [[9.53936, 11.3589, -5.99793, 4]], "reflector_prisms": [], "absorber_prisms": [], "line_of_sight": [[0, 0, 0, 0, 0, 503]]}