{"time_step": 1e-05, "number_of_molecules": 500000, "diff_coef": 300, "sim_time": 1.8, "absorbers": [[-10.9206, -4.85799, 7.28978, 6], [-1.46468, 10.0818, 4.14862, 5], [5.48341, 0.103714, 9.53528, 6], [-4.97293, -1.42316, 22.4108, 6], [-14.2099, -8.50256, -14.484, 4]], "reflectors": [[3.84761, 3.99765, -22.3207, 5], [-5.21526, -0.0872977, -17.2277, 4], [-0.695675, 21.9619, 1.09064, 5], [-4.1045, 15.2045, 15.3615, 5], [6.09106, -6.5545, -9.43067, 5]], "reflector_prisms": [], "absorber_prisms": [], "line_of_sight": [[0, 0, 0, 0, 0, 498], [220, 0, 276, 0, 0, 500], [107, 91, 41, 0, 0, 501], [261, 96, 204, 0, 0, 499], [380, 380, 0, 0, 0, 497]]}