{
"time_step": 1e-05,
"number_of_molecules": 500000,
"diff_coef": 350,
"sim_time": 1.54286,
"absorbers": [
[17.0689,1.1251,5.60228,2],
[2.7421,-2.55302,8.18309,4],
[11.4545,2.02647,12.3971,2],
[-13.0953,16.9403,5.0536,5],
[-5.60398,-8.71397,17.1074,2],
[12.3785,-9.97661,1.79988,6],
[-10.3366,2.57831,-2.73988,3]
],
"reflectors": [
[0.336435,-6.45685,-4.71125,2],
[-0.383189,3.07738,-9.50699,3]
],
"reflector_prisms": [
],
"absorber_prisms": [
]
}