{
"time_step": 1e-05,
"number_of_molecules": 500000,
"diff_coef": 150,
"sim_time": 2.84444,
"absorbers": [
[11.5881,7.03781,8.4962,4],
[7.06871,16.5348,-0.795704,2]
],
"reflectors": [
[18.0119,-2.3586,-5.56848,4],
[5.00758,-12.8622,19.6339,5],
[-8.99987,-5.77872,11.8999,4],
[0.0308051,-0.457901,-15.9934,2]
],
"reflector_prisms": [
],
"absorber_prisms": [
]
}