{
"time_step": 1e-05,
"number_of_molecules": 500000,
"diff_coef": 50,
"sim_time": 0.833333,
"absorbers": [
[6.57786,-1.16479,2.09167,2]
],
"reflectors": [
[0.511877,-0.265773,10.9849,2],
[-11.166,15.258,1.87424,6],
[5.88355,-7.62005,18.6633,5]
],
"reflector_prisms": [
],
"absorber_prisms": [
[-2.57121,-5.14564,-14.2769,0.428792,0.854356,-11.2769],
[15.5368,4.50502,-2.25113,21.5368,10.505,1.74887]
]
}