{"time_step": 1e-05, "number_of_molecules": 500000, "diff_coef": 250, "sim_time": 1.12667, "absorbers": [[-16.3951, -7.18748, 1.88151, 5]], "reflectors": [], "reflector_prisms": [], "absorber_prisms": [[-1.36801, -1.73437, -10.916, 3.63199, 1.26563, -4.91604]], "line_of_sight": [[0, 0, 0, 0, 0, 499]]}