{"time_step": 1e-05, "number_of_molecules": 500000, "diff_coef": 150, "sim_time": 1.87778, "absorbers": [[15.2988, -4.60441, 8.29134, 5]], "reflectors": [], "reflector_prisms": [[7.84598, 11.6339, -14.2167, 9.84598, 14.6339, -10.2167], [-1.03062, -1.32559, -7.99759, 0.969377, 1.67441, -4.99759]], "absorber_prisms": [[6.35177, -12.1624, -12.6143, 10.3518, -6.1624, -7.61427], [4.7672, -4.21406, -11.9136, 9.7672, -2.21406, -9.91364]], "line_of_sight": [[0, 0, 0, 0, 0, 502]]}