{"time_step": 1e-05, "number_of_molecules": 500000, "diff_coef": 100, "sim_time": 1.06667, "absorbers": [[-4.15629, -6.18327, 8.09273, 3]], "reflectors": [[2.58279, -0.328827, -9.65511, 4], [2.81423, 0.340698, 17.7754, 5]], "reflector_prisms": [], "absorber_prisms": [[-14.4989, -17.7572, -2.06884, -12.4989, -11.7572, 1.93116], [-8.06935, -1.35713, -3.22892, -6.06935, 3.64287, -1.22892]], "line_of_sight": [[33, 0, 33, 0, 0, 504]]}