{"time_step": 1e-05, "number_of_molecules": 500000, "diff_coef": 200, "sim_time": 1.00833, "absorbers": [[-6.80877, 2.65615, -3.25354, 2], [5.29854, 7.64573, -9.0812, 2]], "reflectors": [[7.42259, 0.222818, -9.42632, 3]], "reflector_prisms": [], "absorber_prisms": [[-17.0783, -0.467726, 13.1714, -12.0783, 4.53227, 18.1714], [-10.9859, -1.48626, -2.55987, -7.98591, 2.51374, 2.44013], [-0.980261, 1.41481, 13.5431, 1.01974, 6.41481, 19.5431]], "line_of_sight": [[0, 0, 0, 0, 0, 501], [0, 0, 0, 0, 0, 497]]}