{
"time_step": 1e-05,
"number_of_molecules": 500000,
"diff_coef": 300,
"sim_time": 1.08889,
"absorbers": [
[16.3154,9.51194,2.08081,5],
[-1.94218,2.23244,15.724,5],
[-0.09004,0.123697,-18.9994,6],
[6.63542,6.25384,-9.26611,4]
],
"reflectors": [
[7.08502,7.61648,9.36972,6]
],
"reflector_prisms": [
],
"absorber_prisms": [
]
}