{
"time_step": 1e-05,
"number_of_molecules": 500000,
"diff_coef": 150,
"sim_time": 4.01111,
"absorbers": [
[-12.3891,7.72735,-17.7707,4]
],
"reflectors": [
[-0.770704,-10.7082,-15.6761,3]
],
"reflector_prisms": [
[-1.8379,-5.10331,13.244,4.1621,-0.103313,18.244],
[8.30293,0.274174,-5.07142,13.3029,6.27417,-3.07142],
[-3.09326,0.845314,4.7452,1.90674,2.84531,9.7452],
[14.6033,-2.16038,5.74622,16.6033,1.83962,7.74622]
],
"absorber_prisms": [
]
}