{
"time_step": 1e-05,
"number_of_molecules": 500000,
"diff_coef": 100,
"sim_time": 3.75,
"absorbers": [
[-8.61846,-17.1173,-8.58609,6]
],
"reflectors": [
],
"reflector_prisms": [
],
"absorber_prisms": [
[-11.7091,-7.35176,12.4399,-6.70906,-4.35176,17.4399]
]
}