{"time_step": 1e-05, "number_of_molecules": 500000, "diff_coef": 200, "sim_time": 1.875, "absorbers": [[-7.03893, 0.206482, -7.10006, 5], [-6.37983, 8.50387, 2.82524, 5], [-7.85213, -7.41015, -2.10561, 4], [14.8863, 1.33741, 13.2895, 7], [5.95712, -14.8131, 1.04171, 7], [-6.04888, -1.1941, -20.0745, 6]], "reflectors": [[-7.79127, -1.07343, 7.6905, 4], [12.3956, 1.95092, -6.20839, 7], [7.39491, 9.35471, -19.6673, 5], [-16.2133, 9.66317, -6.61454, 5], [4.25502, 12.7774, 14.7862, 7]], "reflector_prisms": [], "absorber_prisms": [], "line_of_sight": [[215, 143, 74, 0, 0, 499], [194, 186, 8, 0, 0, 501], [21, 0, 21, 0, 0, 500], [502, 564, 0, 0, 0, 502], [213, 203, 10, 0, 0, 501], [244, 310, 14, 0, 0, 502]]}