{
"time_step": 1e-05,
"number_of_molecules": 500000,
"diff_coef": 100,
"sim_time": 3.26667,
"absorbers": [
[-2.53731,0.222729,19.8371,6],
[4.79447,-8.19563,-3.13762,3]
],
"reflectors": [
],
"reflector_prisms": [
[-9.12526,-15.6649,-10.0753,-6.12526,-12.6649,-6.07527],
[12.5662,14.9559,-0.460982,14.5662,16.9559,3.53902],
[-8.59766,-10.3674,2.51878,-4.59766,-6.36743,8.51878],
[3.67852,-4.64007,3.95185,7.67852,0.359927,7.95185]
],
"absorber_prisms": [
]
}