{"time_step": 1e-05, "number_of_molecules": 500000, "diff_coef": 200, "sim_time": 1.2, "absorbers": [[7.38435, -0.624047, -14.1803, 4], [-6.12841, -1.70852, -6.36581, 4]], "reflectors": [], "reflector_prisms": [[-10.6715, -7.41057, 6.5459, -6.67155, -2.41057, 8.5459], [6.59155, -15.1071, 8.74197, 10.5916, -11.1071, 12.742]], "absorber_prisms": [[-12.5567, -17.5205, -1.52469, -7.5567, -13.5205, 2.47531], [-10.0485, -14.7165, 12.0658, -6.04853, -9.71654, 18.0658]], "line_of_sight": [[0, 0, 0, 0, 0, 500], [0, 0, 0, 0, 0, 499]]}