{"time_step": 1e-05, "number_of_molecules": 500000, "diff_coef": 250, "sim_time": 0.666667, "absorbers": [[-7.86022, 0.982913, 1.11838, 3], [6.12244, 12.5714, -0.68932, 4]], "reflectors": [[2.24358, -4.08058, 14.2589, 6], [1.09117, 15.0184, -11.5869, 5]], "reflector_prisms": [], "absorber_prisms": [[-11.4436, 8.5458, -2.58528, -7.44359, 14.5458, -0.585284]], "line_of_sight": [[0, 0, 0, 0, 0, 498], [0, 0, 0, 0, 0, 502]]}