{
"time_step": 1e-05,
"number_of_molecules": 500000,
"diff_coef": 100,
"sim_time": 1.35,
"absorbers": [
[-8.40975,6.17067,-5.93287,3],
[-4.35309,7.95108,4.22267,4]
],
"reflectors": [
[-1.74603,-12.8622,-0.717499,3],
[20.5505,-1.48409,4.05895,6]
],
"reflector_prisms": [
[-11.835,-5.09955,-5.04356,-6.83499,-0.0995467,-3.04356]
],
"absorber_prisms": [
]
}