{
"time_step": 1e-05,
"number_of_molecules": 500000,
"diff_coef": 250,
"sim_time": 2.16,
"absorbers": [
[1.68342,-12.0332,-10.41,6],
[-5.05965,11.2117,-18.24,4]
],
"reflectors": [
],
"reflector_prisms": [
],
"absorber_prisms": [
[-13.7004,12.2659,5.05634,-7.70035,16.2659,8.05634],
[-11.7749,3.31703,-12.9535,-6.7749,9.31703,-6.95345]
]
}