{"time_step": 1e-05, "number_of_molecules": 500000, "diff_coef": 200, "sim_time": 2.13333, "absorbers": [[-14.423, 9.01052, -8.47281, 3]], "reflectors": [[-3.66777, -0.754739, 16.5825, 2], [-2.746, 8.46528, 1.34107, 3]], "reflector_prisms": [[12.3044, -6.37122, -15.9897, 17.3044, -2.37122, -10.9897], [-9.33803, -7.77139, -14.7861, -4.33803, -4.77139, -8.78605]], "absorber_prisms": [[2.19276, -0.381531, -23.2834, 8.19276, 3.61847, -17.2834]], "line_of_sight": [[0, 0, 0, 0, 0, 502]]}