{"time_step": 1e-05, "number_of_molecules": 500000, "diff_coef": 350, "sim_time": 1.71905, "absorbers": [[-1.15548, -0.104116, 14.9551, 5], [6.53009, -4.12122, 10.4582, 4], [-8.61238, 21.0676, -3.31382, 4], [-14.2592, -5.35451, 4.89936, 2], [8.14895, 9.27617, 16.9867, 3], [-7.9449, -15.7527, -3.56814, 4], [-1.48956, 15.926, -0.377743, 2]], "reflectors": [[2.20167, 3.1341, -23.6924, 6], [-16.6907, 2.73244, -1.71845, 5], [-0.170629, -0.208051, -6.99483, 2], [-4.62134, 2.58085, 8.48425, 2], [-3.69418, -7.84301, 2.41664, 3], [7.03389, 8.08608, 2.47783, 4]], "reflector_prisms": [], "absorber_prisms": [], "line_of_sight": [[355, 0, 404, 0, 0, 499], [0, 0, 0, 0, 0, 501], [0, 0, 0, 0, 0, 504], [0, 0, 0, 0, 0, 493], [0, 0, 0, 0, 0, 497], [373, 0, 434, 0, 0, 499], [0, 0, 0, 0, 0, 500]]}