{"time_step": 1e-05, "number_of_molecules": 500000, "diff_coef": 250, "sim_time": 1.70667, "absorbers": [[-6.64298, 3.4234, -16.3753, 2], [-0.142008, 4.09504, 14.4295, 6], [8.55529, -2.57033, 4.49449, 3], [-12.9481, 2.89425, 4.46865, 6]], "reflectors": [], "reflector_prisms": [[-14.264, -7.91634, 10.7696, -9.26396, -2.91634, 12.7696]], "absorber_prisms": [], "line_of_sight": [[0, 0, 0, 0, 0, 500], [0, 0, 0, 0, 0, 500], [0, 0, 0, 0, 0, 500], [0, 0, 0, 0, 0, 502]]}