{"time_step": 1e-05, "number_of_molecules": 500000, "diff_coef": 350, "sim_time": 1.54286, "absorbers": [[12.4434, -12.5464, -3.42771, 5], [21.4132, 9.22077, -5.69655, 6], [-6.03496, 9.43459, 8.40045, 2]], "reflectors": [], "reflector_prisms": [], "absorber_prisms": [[-6.59662, -0.867389, 9.14376, -2.59662, 2.13261, 15.1438]], "line_of_sight": [[0, 0, 0, 0, 0, 496], [0, 0, 0, 0, 0, 498], [0, 0, 0, 0, 0, 500]]}