{"time_step": 1e-05, "number_of_molecules": 500000, "diff_coef": 400, "sim_time": 1.50417, "absorbers": [[2.50816, 0.181249, 17.8235, 5], [-2.94753, 2.97293, -24.647, 6], [-21.4023, 8.29106, -1.48331, 4], [-9.34727, -12.2539, -9.29901, 3]], "reflectors": [[-13.3054, 3.63469, 2.39881, 5], [-0.576322, 5.98206, -10.3867, 4], [5.67528, -0.788602, -9.38985, 4], [-6.50616, 1.60829, -15.6232, 2], [3.92429, 0.296777, 9.19303, 2], [-10.0771, 15.4927, 13.6904, 4]], "reflector_prisms": [], "absorber_prisms": [], "line_of_sight": [[318, 216, 260, 0, 0, 500], [455, 316, 305, 0, 0, 500], [370, 0, 370, 0, 0, 505], [0, 0, 0, 0, 0, 500]]}