{
"time_step": 1e-05,
"number_of_molecules": 500000,
"diff_coef": 50,
"sim_time": 10.8,
"absorbers": [
[18.2602,6.83914,4.44865,2],
[-11.2559,9.50272,-12.0001,4],
[-9.75643,9.88944,1.73524,3],
[0.447103,-0.947265,-11.9542,2],
[6.03351,3.56777,-18.7315,3],
[-9.92542,4.15858,7.29331,4],
[0.183159,1.39387,15.9381,5]
],
"reflectors": [
[11.2706,-1.39435,3.87682,5],
[-0.101001,11.9785,-0.71049,2],
[3.29053,-4.51694,-7.05477,3],
[-4.53224,-0.633257,-15.3316,3],
[-2.03708,10.8867,-21.2916,5]
],
"reflector_prisms": [
],
"absorber_prisms": [
]
}