{"time_step": 1e-05, "number_of_molecules": 500000, "diff_coef": 100, "sim_time": 1.35, "absorbers": [[-10.0048, 2.22666, -9.53655, 6], [-11.9219, -4.87602, -1.75868, 4], [14.6642, -0.0611411, 3.15565, 6]], "reflectors": [], "reflector_prisms": [[6.49938, -2.75938, 11.5345, 10.4994, 1.24062, 15.5345], [0.397424, -11.2151, 6.99074, 6.39742, -8.21511, 11.9907]], "absorber_prisms": [], "line_of_sight": [[129, 129, 0, 0, 0, 498], [206, 206, 0, 0, 0, 497], [276, 276, 0, 0, 0, 501]]}