{"time_step": 1e-05, "number_of_molecules": 500000, "diff_coef": 300, "sim_time": 0.272222, "absorbers": [[11.3755, -0.839242, 3.72756, 5]], "reflectors": [[7.88023, 2.86903, 14.7875, 2]], "reflector_prisms": [], "absorber_prisms": [[-6.45565, -3.86349, 14.0404, -0.455654, 0.136512, 19.0404], [-5.03084, 2.5963, -10.248, -3.03084, 7.5963, -6.24803]], "line_of_sight": [[0, 0, 0, 0, 0, 500]]}