{
"time_step": 1e-05,
"number_of_molecules": 500000,
"diff_coef": 300,
"sim_time": 1.42222,
"absorbers": [
[0.468417,1.06162,-16.9604,6],
[-1.01501,5.84416,21.1853,6]
],
"reflectors": [
[-0.0821384,0.309969,-7.99357,2]
],
"reflector_prisms": [
],
"absorber_prisms": [
[-1.02498,-5.59972,-10.2785,2.97502,-1.59972,-8.27854],
[-11.115,-3.01768,-10.8049,-7.11502,2.98232,-4.80487]
]
}