{"time_step": 1e-05, "number_of_molecules": 500000, "diff_coef": 50, "sim_time": 2.7, "absorbers": [[11.2181, -0.0163161, 6.5692, 4]], "reflectors": [[2.05887, 1.9538, -13.7093, 6]], "reflector_prisms": [], "absorber_prisms": [[-5.01608, -0.761392, -7.59084, -3.01608, 4.23861, -4.59084], [-9.8917, 0.0206731, -10.5947, -5.8917, 2.02067, -4.59469], [9.33781, 13.1239, -3.91595, 15.3378, 18.1239, 0.0840501]], "line_of_sight": [[0, 0, 0, 0, 0, 501]]}