{
"time_step": 1e-05,
"number_of_molecules": 500000,
"diff_coef": 200,
"sim_time": 1.40833,
"absorbers": [
[0.569624,7.18874,14.2828,3],
[-3.32949,0.552354,12.5543,2]
],
"reflectors": [
],
"reflector_prisms": [
],
"absorber_prisms": [
[6.58953,4.1207,5.91682,11.5895,10.1207,9.91682],
[-7.36955,-6.35335,5.55665,-3.36955,-2.35335,11.5567],
[10.2926,-1.74783,-2.83468,13.2926,4.25217,-0.83468],
[-0.0109563,1.63005,4.56792,4.98904,3.63005,8.56792]
]
}