{"time_step": 1e-05, "number_of_molecules": 500000, "diff_coef": 300, "sim_time": 2.00556, "absorbers": [[1.28145, 2.13521, -11.7388, 2], [21.1457, -8.96476, -1.22119, 4], [-1.31483, -5.84244, -8.00857, 4], [16.6341, -1.62693, 6.68282, 3], [-9.61385, 4.91477, -10.4124, 2], [-4.91837, -14.5807, 19.7031, 6], [8.73049, -4.27486, 8.63158, 5]], "reflectors": [[0.699128, 11.6625, 2.73813, 2], [9.9052, 1.49874, -13.7347, 3], [-11.703, -4.27474, 8.3526, 4], [-0.860797, -19.8064, 2.63923, 6], [-7.44005, -12.8198, -2.30209, 4]], "reflector_prisms": [], "absorber_prisms": [], "line_of_sight": [[0, 0, 0, 0, 0, 499], [0, 0, 0, 0, 0, 500], [0, 0, 0, 0, 0, 497], [142, 142, 0, 0, 0, 501], [501, 501, 0, 0, 0, 501], [0, 0, 0, 0, 0, 496], [61, 61, 0, 0, 0, 500]]}