{
"time_step": 1e-05,
"number_of_molecules": 500000,
"diff_coef": 350,
"sim_time": 1.37619,
"absorbers": [
[-13.3497,12.3644,5.46867,2]
],
"reflectors": [
],
"reflector_prisms": [
[-10.6986,7.98931,9.82749,-8.69863,10.9893,13.8275]
],
"absorber_prisms": [
[12.9397,-5.85121,-8.49522,17.9397,-2.85121,-5.49522]
]
}