{
"time_step": 1e-05,
"number_of_molecules": 500000,
"diff_coef": 150,
"sim_time": 2.84444,
"absorbers": [
[-3.38464,-3.60469,-4.95484,2],
[0.671983,15.995,10.2328,5],
[7.36481,3.36808,11.42,5],
[8.55137,0.456589,-5.16387,2],
[-12.9858,3.98826,13.2839,5],
[3.66685,13.5108,-0.11702,4],
[0.47918,-0.554266,-15.9832,4],
[-18.8969,-1.42798,-1.36671,3]
],
"reflectors": [
[-4.72254,-19.1429,3.35359,4],
[2.55228,1.98697,20.7494,4]
],
"reflector_prisms": [
],
"absorber_prisms": [
]
}