{
"time_step": 1e-05,
"number_of_molecules": 500000,
"diff_coef": 50,
"sim_time": 2.13333,
"absorbers": [
[4.40931,-12.1108,-1.69872,5]
],
"reflectors": [
],
"reflector_prisms": [
[-0.971007,-3.94063,6.94357,3.02899,-1.94063,9.94357],
[-8.11987,1.6322,11.7616,-2.11987,3.6322,13.7616],
[-7.52596,18.4383,-6.01022,-1.52596,23.4383,-4.01022]
],
"absorber_prisms": [
[-3.78495,-6.94277,11.3782,1.21505,-3.94277,15.3782]
]
}