{
"time_step": 1e-05,
"number_of_molecules": 500000,
"diff_coef": 350,
"sim_time": 1.71905,
"absorbers": [
[0.00499044,-0.0364925,-24,5],
[8.40106,9.72892,-13.9918,2],
[11.2034,4.20883,-0.876693,6],
[4.06718,-17.7158,17.1641,6],
[-6.29192,-3.73992,-3.22874,2],
[1.63342,11.7136,7.49158,4],
[1.26147,-2.45345,10.6484,5]
],
"reflectors": [
[-17.8784,0.689157,1.97192,4],
[0.807922,-15.9634,-8.2776,6],
[10.1325,2.90169,-13.3384,5],
[2.08524,1.63093,-8.60185,2],
[-5.24343,0.461426,-9.65886,3],
[-0.116223,5.50207,-10.6637,2]
],
"reflector_prisms": [
],
"absorber_prisms": [
]
}