{
"time_step": 1e-05,
"number_of_molecules": 500000,
"diff_coef": 100,
"sim_time": 6.01667,
"absorbers": [
[9.37091,-22.1541,-6.8105,6]
],
"reflectors": [
[3.68591,-7.5768,-17.0296,6],
[-6.89171,6.93663,-11.3749,4],
[12.159,-1.83525,-11.7384,3]
],
"reflector_prisms": [
[-12.3531,-11.5578,2.28232,-10.3531,-5.55779,7.28232]
],
"absorber_prisms": [
[-12.6038,-11.4016,-6.82972,-7.60381,-5.4016,-2.82972]
]
}