{"time_step": 1e-05, "number_of_molecules": 500000, "diff_coef": 400, "sim_time": 0.104167, "absorbers": [[-6.24189, -4.44408, 7.89233, 6]], "reflectors": [], "reflector_prisms": [[-7.99214, 5.95471, 7.93909, -3.99214, 11.9547, 9.93909], [-11.412, 1.69899, 16.5514, -5.41198, 3.69899, 21.5514], [7.76834, -1.47904, 0.81811, 10.7683, 3.52096, 2.81811], [15.5931, -11.6251, -0.870629, 21.5931, -7.62515, 4.12937]], "absorber_prisms": [[-13, -6.75146, -10.4828, -10, -1.75146, -8.48283]], "line_of_sight": [[0, 0, 0, 0, 0, 502]]}