{"time_step": 1e-05, "number_of_molecules": 500000, "diff_coef": 250, "sim_time": 0.666667, "absorbers": [[-0.628677, 5.58766, 12.8212, 4]], "reflectors": [[-14.3892, -9.69648, 7.74146, 3], [4.56257, -0.399396, 20.4945, 5], [3.37752, -15.426, 2.57494, 5]], "reflector_prisms": [], "absorber_prisms": [[-3.64093, -17.5159, -7.66384, 2.35907, -14.5159, -3.66384]], "line_of_sight": [[28, 0, 28, 0, 0, 501]]}