{"time_step": 1e-05, "number_of_molecules": 500000, "diff_coef": 300, "sim_time": 0.938889, "absorbers": [[-6.67642, 8.74118, -0.131187, 5], [-12.336, -7.29306, -9.14521, 4]], "reflectors": [[8.42824, 3.63365, -10.5717, 4]], "reflector_prisms": [], "absorber_prisms": [[0.334006, -8.03123, -19.731, 2.33401, -2.03123, -14.731]], "line_of_sight": [[0, 0, 0, 0, 0, 501], [0, 0, 0, 0, 0, 499]]}