{
"time_step": 1e-05,
"number_of_molecules": 500000,
"diff_coef": 400,
"sim_time": 0.9375,
"absorbers": [
[14.4901,3.08731,-14.883,6]
],
"reflectors": [
],
"reflector_prisms": [
[0.877816,-4.34042,12.4287,3.87782,-2.34042,16.4287],
[-2.43646,-1.46157,-20.936,1.56354,4.53843,-18.936],
[-3.72858,-12.2786,4.41719,2.27142,-7.27863,9.41719]
],
"absorber_prisms": [
[5.70218,-5.17355,17.955,11.7022,-1.17355,21.955]
]
}