{"time_step": 1e-05, "number_of_molecules": 500000, "diff_coef": 350, "sim_time": 0.685714, "absorbers": [[5.25197, -2.26548, 16.0089, 5]], "reflectors": [], "reflector_prisms": [[-0.124623, -18.7398, 10.5378, 3.87538, -15.7398, 16.5378]], "absorber_prisms": [[-13.9549, 8.83641, -7.24221, -9.95491, 11.8364, -2.24221], [-12.1522, -4.70862, -2.56015, -9.15223, -0.708619, 3.43985], [3.93801, -22.3594, -9.81534, 9.93801, -16.3594, -5.81534]], "line_of_sight": [[0, 0, 0, 0, 0, 501]]}