{
"time_step": 1e-05,
"number_of_molecules": 500000,
"diff_coef": 200,
"sim_time": 2.7,
"absorbers": [
[-14.2274,-9.20999,1.32559,4],
[1.61685,-5.75428,19.086,2]
],
"reflectors": [
],
"reflector_prisms": [
[-1.25227,-6.74628,6.89514,2.74773,-2.74628,12.8951],
[-5.19107,-1.41612,-17.2534,-0.191075,2.58388,-13.2534]
],
"absorber_prisms": [
[-3.61903,-2.2474,4.87829,1.38097,0.752604,9.87829],
[-2.36068,-2.19298,-10.9868,1.63932,2.80702,-5.98679]
]
}