{"time_step": 1e-05, "number_of_molecules": 500000, "diff_coef": 400, "sim_time": 0.9375, "absorbers": [[-11.0241, 3.55242, 3.13841, 2], [0.599323, 3.02296, 16.7183, 2]], "reflectors": [], "reflector_prisms": [[4.65951, 12.7199, -12.9934, 6.65951, 18.7199, -8.99342]], "absorber_prisms": [[5.85842, 3.99186, -15.9301, 11.8584, 6.99186, -10.9301], [-3.12771, -4.16561, -10.3287, -1.12771, -1.16561, -6.32871]], "line_of_sight": [[0, 0, 0, 0, 0, 497], [0, 0, 0, 0, 0, 501]]}