{"time_step": 1e-05, "number_of_molecules": 500000, "diff_coef": 200, "sim_time": 1.40833, "absorbers": [[1.85398, -3.90349, 15.4054, 3]], "reflectors": [], "reflector_prisms": [[7.71941, 0.172722, -1.45461, 12.7194, 4.17272, 3.54539]], "absorber_prisms": [[-10.0392, 8.06653, -1.25756, -6.0392, 12.0665, 4.74244], [-5.60745, -8.6882, 2.74891, -0.607453, -3.6882, 8.74891]], "line_of_sight": [[0, 0, 0, 0, 0, 501]]}