{"time_step": 1e-05, "number_of_molecules": 500000, "diff_coef": 150, "sim_time": 4.01111, "absorbers": [[-7.6782, 9.02743, 20.8699, 5], [-1.99073, 14.6791, 10.2255, 6], [6.94334, -6.7189, -7.11663, 4], [-1.06817, -7.37506, 8.0912, 3], [5.02867, 0.928097, -17.2584, 4], [0.902828, 7.75892, -9.10956, 4], [-12.3987, -8.66822, -11.495, 2]], "reflectors": [[4.585, 0.971085, 11.0469, 2], [16.252, 0.514116, -9.82902, 6], [-4.72183, -2.07318, -17.2455, 5], [4.90994, 12.938, 2.12165, 4]], "reflector_prisms": [], "absorber_prisms": [], "line_of_sight": [[130, 130, 0, 0, 0, 499], [92, 92, 0, 0, 0, 499], [157, 157, 0, 0, 0, 499], [498, 498, 0, 0, 0, 498], [0, 0, 0, 0, 0, 500], [118, 118, 0, 0, 0, 501], [0, 0, 0, 0, 0, 500]]}