{
"time_step": 1e-05,
"number_of_molecules": 500000,
"diff_coef": 400,
"sim_time": 0.104167,
"absorbers": [
[-4.33577,-3.69983,4.06354,2]
],
"reflectors": [
[5.28597,10.305,-16.3054,2],
[4.38499,1.36927,17.4039,6]
],
"reflector_prisms": [
[-1.82684,0.534817,12.7946,1.17316,4.53482,18.7946]
],
"absorber_prisms": [
[-12.7055,-2.96538,6.37977,-10.7055,3.03462,12.3798],
[-5.99508,0.8734,-10.741,0.00491762,3.8734,-7.74102]
]
}