{
"time_step": 1e-05,
"number_of_molecules": 500000,
"diff_coef": 50,
"sim_time": 10.8,
"absorbers": [
[6.97469,-1.04945,20.8387,4],
[-3.78872,2.82349,-19.4338,2],
[2.19825,17.1178,5.11373,6],
[-10.4734,7.58743,1.3186,3],
[8.30671,-6.48496,-18.1644,3],
[-1.51862,-12.2693,8.4946,5],
[3.13495,-0.196251,-6.25568,2]
],
"reflectors": [
[-2.06619,-3.86705,-5.45681,2],
[14.0107,11.6603,-5.36073,3],
[0.240111,-7.62229,-7.92736,3],
[5.88031,5.73246,-3.68251,3],
[1.58683,-15.1787,-14.4253,3]
],
"reflector_prisms": [
],
"absorber_prisms": [
]
}