{"time_step": 1e-05, "number_of_molecules": 500000, "diff_coef": 400, "sim_time": 1.20417, "absorbers": [[-20.6743, 0.00201915, 10.0784, 6], [12.4268, 2.79033, -15.4204, 5], [-0.126442, -9.9983, -11.1811, 5], [-10.0162, -12.4575, -0.69768, 4]], "reflectors": [[-12.3199, 9.94588, -2.30223, 4]], "reflector_prisms": [], "absorber_prisms": [], "line_of_sight": [[53, 53, 0, 0, 0, 500], [54, 54, 0, 0, 0, 497], [0, 0, 0, 0, 0, 499], [0, 0, 0, 0, 0, 501]]}