{
"time_step": 1e-05,
"number_of_molecules": 500000,
"diff_coef": 300,
"sim_time": 2.00556,
"absorbers": [
[-0.0354683,-0.0501142,-23.9999,5],
[-12.6142,-12.286,-11.4428,6],
[-10.5868,14.5518,-0.40561,5],
[16.1874,3.63711,3.70648,7]
],
"reflectors": [
[-13.5468,4.91171,-6.95411,5],
[9.32779,13.6336,-16.0036,7],
[-9.84664,3.48576,9.32165,6],
[0.618746,-14.5242,17.8231,4]
],
"reflector_prisms": [
],
"absorber_prisms": [
]
}