{"time_step": 1e-05, "number_of_molecules": 500000, "diff_coef": 50, "sim_time": 10.8, "absorbers": [[-8.72742, 14.8854, 16.681, 6], [-6.64334, -6.60609, -7.49837, 5]], "reflectors": [], "reflector_prisms": [[8.453, -12.9541, -14.0018, 13.453, -8.95406, -8.00184], [-13.3874, -10.8848, -1.83575, -7.3874, -7.88482, 2.16425], [6.91257, -15.7871, -15.4261, 12.9126, -13.7871, -10.4261]], "absorber_prisms": [], "line_of_sight": [[0, 0, 0, 0, 0, 500], [0, 0, 0, 0, 0, 498]]}