{
"time_step": 1e-05,
"number_of_molecules": 500000,
"diff_coef": 200,
"sim_time": 2.7,
"absorbers": [
[-19.1127,-1.49087,-10.7927,5],
[7.20203,9.08932,18.6953,6],
[1.24346,9.9103,6.65129,6],
[-6.59892,-11.3622,12.3026,7],
[2.99437,3.40008,-10.0236,6],
[-16.1528,-14.0446,5.08299,4]
],
"reflectors": [
[9.27123,7.33133,-2.07266,4],
[16.5536,-3.49491,-1.66242,7],
[1.11162,1.05048,19.9414,4],
[4.25147,-12.2798,-5.20868,4],
[-6.23919,6.4609,-18.9823,5],
[-4.38261,-12.2336,0.363436,5]
],
"reflector_prisms": [
],
"absorber_prisms": [
]
}