{
"time_step": 1e-05,
"number_of_molecules": 500000,
"diff_coef": 50,
"sim_time": 5.63333,
"absorbers": [
[1.00152,-0.640579,16.9584,5],
[0.209611,14.3754,10.8307,5]
],
"reflectors": [
],
"reflector_prisms": [
],
"absorber_prisms": [
]
}