{"time_step": 1e-05, "number_of_molecules": 500000, "diff_coef": 300, "sim_time": 0.138889, "absorbers": [[4.04345, -0.498264, -5.6923, 2]], "reflectors": [[9.52952, 2.88722, -16.1818, 4]], "reflector_prisms": [[-8.36931, -11.5016, 18.5676, -2.36931, -5.50163, 20.5676], [-3.49046, 3.97071, -14.4156, -1.49046, 7.97071, -10.4156], [-8.9844, 4.86626, 10.5912, -6.9844, 7.86626, 16.5912], [-11.8302, 0.618795, -10.9058, -9.83016, 3.61879, -7.90577]], "absorber_prisms": [], "line_of_sight": [[139, 0, 139, 0, 0, 500]]}