{"time_step": 1e-05, "number_of_molecules": 500000, "diff_coef": 50, "sim_time": 9.63333, "absorbers": [[14.1522, -19.1684, -2.87849, 7], [19.0313, 14.6183, 0.338916, 7], [-4.39207, 4.52015, -7.76389, 5], [8.56183, 6.85997, 17.9063, 7]], "reflectors": [[13.4922, -5.63704, 6.49487, 7], [-12.127, -2.74769, -14.3662, 7], [-6.88646, 23.7861, 3.43479, 6], [0.95348, -7.33097, -6.73407, 4]], "reflector_prisms": [], "absorber_prisms": [], "line_of_sight": [[113, 0, 113, 0, 0, 500], [0, 0, 0, 0, 0, 503], [217, 32, 240, 0, 0, 500], [278, 51, 275, 0, 0, 500]]}