{"time_step": 1e-05, "number_of_molecules": 500000, "diff_coef": 200, "sim_time": 2.13333, "absorbers": [[1.32173, 0.540361, -17.9433, 2], [7.13902, 2.27606, 12.9944, 2], [-7.4184, 14.175, -0.190042, 4]], "reflectors": [], "reflector_prisms": [], "absorber_prisms": [[-2.75009, 0.650586, 17.9216, 1.24991, 2.65059, 23.9216]], "line_of_sight": [[0, 0, 0, 0, 0, 503], [0, 0, 0, 0, 0, 506], [0, 0, 0, 0, 0, 499]]}