{
"time_step": 1e-05,
"number_of_molecules": 500000,
"diff_coef": 400,
"sim_time": 1.20417,
"absorbers": [
[-2.62237,-3.89474,-19.441,3]
],
"reflectors": [
[6.02432,4.18571,-3.19177,2]
],
"reflector_prisms": [
[-9.65292,-14.983,-9.01527,-3.65292,-12.983,-5.01527]
],
"absorber_prisms": [
[-14.6474,-15.3016,12.5815,-8.64741,-10.3016,14.5815],
[0.451889,7.10808,-4.3285,6.45189,9.10808,0.671496]
]
}