{
"time_step": 1e-05,
"number_of_molecules": 500000,
"diff_coef": 50,
"sim_time": 12.0333,
"absorbers": [
[13.7712,3.57776,9.30343,5],
[-13.0424,2.68884,-12.1105,5],
[-1.16834,-2.26587,-6.51927,2],
[-0.892362,0.566396,-17.9689,3],
[-0.659721,-1.37152,15.9275,3],
[4.71489,14.1908,-1.17893,6],
[-7.30633,-15.335,-0.674075,5],
[6.49983,-1.1125,-22.0344,4]
],
"reflectors": [
[3.65589,7.98142,12.1627,4],
[-11.6682,-10.2434,-3.86323,2],
[4.22529,-7.7618,-10.8582,4],
[-2.68942,-6.82589,-6.79517,2]
],
"reflector_prisms": [
],
"absorber_prisms": [
]
}