{
"time_step": 1e-05,
"number_of_molecules": 500000,
"diff_coef": 250,
"sim_time": 1.92667,
"absorbers": [
[6.41234,-0.33481,-22.0855,6],
[-1.59398,-17.7629,11.0877,5]
],
"reflectors": [
],
"reflector_prisms": [
[-10.6228,-5.70345,1.06937,-5.62277,-2.70345,4.06937],
[-16.7327,1.27269,11.3335,-12.7327,3.27269,15.3335],
[-4.56625,2.11312,-13.6409,-1.56625,5.11312,-11.6409]
],
"absorber_prisms": [
[-14.6311,-12.7352,10.9892,-10.6311,-10.7352,12.9892]
]
}