{
"time_step": 1e-05,
"number_of_molecules": 500000,
"diff_coef": 250,
"sim_time": 1.92667,
"absorbers": [
[11.7311,14.4408,3.85296,2]
],
"reflectors": [
],
"reflector_prisms": [
[-1.24999,-2.36358,-19.4339,3.75001,0.636421,-15.4339],
[-4.0903,3.88478,-6.49721,-0.0902981,9.88478,-0.497205]
],
"absorber_prisms": [
[-4.3362,-5.09171,5.25587,-0.3362,-2.09171,8.25587],
[-3.43038,-0.933225,17.2844,-1.43038,4.06677,21.2844]
]
}