{
"time_step": 1e-05,
"number_of_molecules": 500000,
"diff_coef": 350,
"sim_time": 1.71905,
"absorbers": [
[-5.95373,-6.29371,-23.4508,6],
[-3.02762,-14.8619,18.5999,6],
[8.27098,5.29445,-6.89634,6],
[6.82884,2.46518,14.258,5],
[-12.2831,7.24071,-7.25938,6]
],
"reflectors": [
[-1.66597,12.8326,12.512,7]
],
"reflector_prisms": [
],
"absorber_prisms": [
]
}