{"time_step": 1e-05, "number_of_molecules": 500000, "diff_coef": 350, "sim_time": 1.71905, "absorbers": [[0.0936022, 4.81688, -10.9904, 2], [-1.37204, 1.27056, -20.9166, 2], [9.68187, -6.96414, -7.33227, 6], [-3.0072, 2.86311, 12.3191, 3], [5.52835, 8.3148, 0.549159, 4], [-4.97387, 5.78855, -7.9217, 2], [9.28542, -10.2834, -17.089, 3], [22.8596, 1.9038, 1.67711, 4]], "reflectors": [[7.5349, 8.46263, 9.82899, 3], [7.49719, 18.4135, -11.5645, 4], [4.22588, 2.79629, -4.82936, 2]], "reflector_prisms": [], "absorber_prisms": [], "line_of_sight": [[0, 0, 0, 0, 0, 498], [0, 0, 0, 0, 0, 498], [49, 49, 0, 0, 0, 502], [14, 14, 0, 0, 0, 500], [0, 0, 0, 0, 0, 498], [0, 0, 0, 0, 0, 500], [376, 376, 0, 0, 0, 499], [0, 0, 0, 0, 0, 500]]}