{
"time_step": 1e-05,
"number_of_molecules": 500000,
"diff_coef": 200,
"sim_time": 2.40833,
"absorbers": [
[-15.1073,-11.0165,-13.3943,6]
],
"reflectors": [
[-1.85617,2.05747,18.7968,3],
[0.966707,-4.52641,9.97883,6],
[-2.82372,0.652917,-15.7353,3]
],
"reflector_prisms": [
],
"absorber_prisms": [
[-15.6883,-3.70371,-2.27776,-12.6883,-1.70371,-0.277764],
[11.175,-15.2392,7.00113,17.175,-9.23916,12.0011]
]
}