{"time_step": 1e-05, "number_of_molecules": 500000, "diff_coef": 400, "sim_time": 1.50417, "absorbers": [[21.3437, -5.30841, -0.515116, 3]], "reflectors": [], "reflector_prisms": [[9.76065, 2.37066, -8.84002, 11.7606, 6.37066, -2.84002]], "absorber_prisms": [], "line_of_sight": [[0, 0, 0, 0, 0, 502]]}