{"time_step": 1e-05, "number_of_molecules": 500000, "diff_coef": 150, "sim_time": 3.6, "absorbers": [[3.70009, 13.9479, 8.98702, 6], [1.34233, 1.14056, -9.84364, 4], [19.3372, 9.87637, -7.5848, 5], [8.52407, 0.795422, -2.77624, 3], [-9.18941, -5.85669, -5.02533, 6], [-3.99681, -6.14173, 9.50287, 2], [-4.69526, 7.3244, 4.93028, 3]], "reflectors": [[-4.83473, 13.7332, -10.5842, 6], [2.79262, -5.04369, 3.9702, 2], [9.57886, -2.85305, -13.7516, 5], [2.16626, -10.8881, -6.76428, 3], [0.546611, 2.04342, 13.8393, 3]], "reflector_prisms": [], "absorber_prisms": [], "line_of_sight": [[236, 139, 97, 0, 0, 501], [220, 45, 175, 0, 0, 500], [188, 188, 0, 0, 0, 498], [97, 97, 0, 0, 0, 502], [84, 84, 0, 0, 0, 500], [126, 126, 0, 0, 0, 502], [123, 0, 123, 0, 0, 502]]}