{
"time_step": 1e-05,
"number_of_molecules": 500000,
"diff_coef": 100,
"sim_time": 4.26667,
"absorbers": [
[10.3521,18.1881,-6.78417,6]
],
"reflectors": [
],
"reflector_prisms": [
[0.691974,-4.65608,8.09574,3.69197,-2.65608,11.0957]
],
"absorber_prisms": [
[-13.5844,-3.20986,-6.83869,-8.58445,-1.20986,-3.83869],
[-9.06293,-4.16711,5.66324,-4.06293,0.83289,7.66324]
]
}