{"time_step": 1e-05, "number_of_molecules": 500000, "diff_coef": 400, "sim_time": 1.06667, "absorbers": [[15.1178, -6.34285, -7.43111, 2]], "reflectors": [[4.61449, 4.13712, -11.4276, 2], [0.776752, 0.528982, 11.9631, 3]], "reflector_prisms": [], "absorber_prisms": [[-11.9692, -13.0693, 10.6579, -7.96924, -7.06931, 14.6579], [-5.88993, -0.531768, -12.8057, -3.88993, 2.46823, -6.80567]], "line_of_sight": [[0, 0, 0, 0, 0, 504]]}