{"time_step": 1e-05, "number_of_molecules": 500000, "diff_coef": 50, "sim_time": 10.8, "absorbers": [[15.1811, -17.1491, 2.10787, 5]], "reflectors": [[-2.92737, 0.478937, 14.7038, 6]], "reflector_prisms": [[-3.64585, 7.85702, -14.8557, -1.64585, 12.857, -12.8557], [-3.11085, -7.51803, 6.14053, 0.88915, -4.51803, 12.1405]], "absorber_prisms": [[6.51176, -2.78602, 5.34808, 10.5118, 0.213984, 8.34808], [13.4611, -6.12452, -2.19415, 18.4611, -2.12452, 0.805855]], "line_of_sight": [[0, 0, 0, 0, 0, 496]]}