{"time_step": 1e-05, "number_of_molecules": 500000, "diff_coef": 400, "sim_time": 1.20417, "absorbers": [[0.306279, 0.591984, 19.9889, 7], [18.3752, -7.05295, -11.8999, 6], [-15.4147, 8.34892, 11.5621, 6], [10.1239, -9.63473, 0.823234, 5]], "reflectors": [], "reflector_prisms": [], "absorber_prisms": [], "line_of_sight": [[0, 0, 0, 0, 0, 498], [313, 313, 0, 0, 0, 499], [245, 245, 0, 0, 0, 505], [0, 0, 0, 0, 0, 500]]}