{
"time_step": 1e-05,
"number_of_molecules": 500000,
"diff_coef": 150,
"sim_time": 2.84444,
"absorbers": [
[-5.72752,-3.12135,-10.0724,7],
[-2.71728,-11.6304,17.2728,7],
[22.8903,-1.75066,1.40368,7],
[10.8162,-9.80334,-6.5501,4],
[-2.64446,15.2581,7.01413,5]
],
"reflectors": [
[4.26765,4.01489,22.2411,7]
],
"reflector_prisms": [
],
"absorber_prisms": [
]
}