{"time_step": 1e-05, "number_of_molecules": 500000, "diff_coef": 300, "sim_time": 1.8, "absorbers": [[13.2794, 6.99048, -14.6898, 5], [-19.83, -11.0466, -7.79401, 6], [4.66625, 20.437, 11.6856, 7], [3.16963, 3.89616, -10.8983, 4], [4.47369, -3.44432, 21.2632, 6], [-18.5968, -14.5917, 4.15209, 6], [8.96331, -0.474448, -4.4084, 5]], "reflectors": [[-3.0707, -8.69341, -23.2378, 6]], "reflector_prisms": [], "absorber_prisms": [], "line_of_sight": [[349, 349, 0, 0, 0, 502], [0, 0, 0, 0, 0, 498], [0, 0, 0, 0, 0, 500], [156, 156, 0, 0, 0, 498], [92, 91, 1, 0, 0, 501], [49, 49, 0, 0, 0, 503], [91, 91, 0, 0, 0, 500]]}