{"time_step": 1e-05, "number_of_molecules": 500000, "diff_coef": 350, "sim_time": 1.54286, "absorbers": [[-9.72058, -14.9414, 14.5349, 6], [5.25566, 2.20328, 23.3136, 6]], "reflectors": [], "reflector_prisms": [[4.70045, -10.7921, -1.99324, 10.7004, -4.79208, 0.00675938]], "absorber_prisms": [[-10.2075, -6.54576, -14.7511, -5.20749, -4.54576, -9.75109], [-2.02626, -5.925, -19.5901, 1.97374, -1.925, -17.5901], [-2.52851, 8.82944, 0.0226205, -0.52851, 10.8294, 2.02262]], "line_of_sight": [[0, 0, 0, 0, 0, 504], [0, 0, 0, 0, 0, 499]]}