{
"time_step": 1e-05,
"number_of_molecules": 500000,
"diff_coef": 100,
"sim_time": 3.75,
"absorbers": [
[19.3483,-5.24171,-6.25848,6],
[-15.5543,3.55447,1.19579,3]
],
"reflectors": [
],
"reflector_prisms": [
[-5.27565,7.2539,-10.908,0.724345,9.2539,-5.90801],
[-9.47221,-8.75373,-20.1578,-5.47221,-5.75373,-15.1578]
],
"absorber_prisms": [
[8.52285,-7.65065,9.1262,13.5229,-4.65065,12.1262]
]
}