{
"time_step": 1e-05,
"number_of_molecules": 500000,
"diff_coef": 50,
"sim_time": 6.53333,
"absorbers": [
[8.18886,-15.196,5.1014,4]
],
"reflectors": [
],
"reflector_prisms": [
],
"absorber_prisms": [
[-10.1913,-1.11263,-5.57584,-7.19129,3.88737,-1.57584],
[-0.11069,-1.43901,-12.9472,1.88931,2.56099,-7.94722],
[2.74774,-9.6491,5.66461,5.74774,-3.6491,9.66461],
[-1.0286,7.74348,-10.4207,1.9714,9.74348,-7.42073],
[-2.99751,-1.6752,18.4974,3.00249,2.3248,21.4974]
]
}