{
"time_step": 1e-05,
"number_of_molecules": 500000,
"diff_coef": 150,
"sim_time": 0.9,
"absorbers": [
[12.4566,1.92406,-3.18289,4]
],
"reflectors": [
],
"reflector_prisms": [
[7.59534,15.8068,0.116478,9.59534,18.8068,5.11648]
],
"absorber_prisms": [
[-8.86265,-11.068,-1.82298,-5.86265,-9.06797,0.177018],
[-8.07166,-4.69421,0.96968,-6.07166,-1.69421,5.96968],
[-6.57558,-2.54922,9.31921,-3.57558,2.45078,11.3192],
[2.19832,-13.4164,1.66391,7.19832,-7.41641,5.66391]
]
}