{"time_step": 1e-05, "number_of_molecules": 500000, "diff_coef": 200, "sim_time": 0.408333, "absorbers": [[0.281617, 0.216831, 12.9951, 6]], "reflectors": [[0.179744, 1.45689, -17.94, 4], [-9.25306, -6.81157, 3.4617, 5], [8.22987, -0.57629, 22.5375, 5]], "reflector_prisms": [[-0.514964, -8.53469, -16.3804, 4.48504, -2.53469, -13.3804], [15.9948, 8.00206, -5.64082, 19.9948, 12.0021, -2.64082]], "absorber_prisms": [], "line_of_sight": [[92, 0, 93, 0, 0, 501]]}