{"time_step": 1e-05, "number_of_molecules": 500000, "diff_coef": 400, "sim_time": 0.104167, "absorbers": [[4.12146, 5.48151, -8.60038, 6], [0.353878, 1.10019, 8.92549, 4]], "reflectors": [], "reflector_prisms": [[-4.43063, 4.1465, 17.3051, -1.43063, 8.1465, 20.3051], [-18.1387, -5.26094, -15.2666, -13.1387, -2.26094, -13.2666]], "absorber_prisms": [[-4.54751, -1.26118, 7.66712, -0.547506, 1.73882, 11.6671], [-0.54173, -15.289, 2.13796, 5.45827, -10.289, 8.13796]], "line_of_sight": [[93, 93, 0, 0, 0, 498], [133, 124, 0, 26, 0, 498]]}