{
"time_step": 1e-05,
"number_of_molecules": 500000,
"diff_coef": 150,
"sim_time": 4.01111,
"absorbers": [
[-0.571914,-3.39925,-13.569,4],
[5.37225,-11.0245,-20.6301,5],
[3.73612,19.6136,1.1608,7]
],
"reflectors": [
],
"reflector_prisms": [
],
"absorber_prisms": [
]
}