{
"time_step": 1e-05,
"number_of_molecules": 500000,
"diff_coef": 150,
"sim_time": 3.6,
"absorbers": [
[-14.6117,-13.6535,0.283122,2]
],
"reflectors": [
],
"reflector_prisms": [
[-9.40078,-0.559571,-17.6337,-3.40078,2.44043,-11.6337]
],
"absorber_prisms": [
[0.586703,-16.0908,5.47147,6.5867,-10.0908,11.4715]
]
}