{"time_step": 1e-05, "number_of_molecules": 500000, "diff_coef": 50, "sim_time": 6.53333, "absorbers": [[4.99969, -3.05499, -15.9584, 5], [-0.388809, 10.3947, -3.57751, 6], [-1.52308, -0.487651, 20.939, 7], [-11.3304, -7.29026, -10.3669, 6]], "reflectors": [[1.00252, 6.89831, 8.5093, 6], [12.0585, 6.9166, -1.65937, 5], [13.0116, -16.4807, 0.291953, 5]], "reflector_prisms": [], "absorber_prisms": [], "line_of_sight": [[339, 208, 192, 0, 0, 503], [44, 0, 44, 0, 0, 500], [237, 166, 136, 0, 0, 498], [180, 0, 180, 0, 0, 504]]}