{
"time_step": 1e-05,
"number_of_molecules": 500000,
"diff_coef": 250,
"sim_time": 1.92667,
"absorbers": [
[-9.59577,-2.26294,4.87856,3],
[-3.93254,-21.6274,-0.888228,5]
],
"reflectors": [
[12.0183,4.31434,-12.6865,5]
],
"reflector_prisms": [
],
"absorber_prisms": [
[5.87069,-10.1466,-10.8017,10.8707,-8.14657,-7.80171]
]
}