{"time_step": 1e-05, "number_of_molecules": 500000, "diff_coef": 250, "sim_time": 1.70667, "absorbers": [[7.18776, 1.89238, 16.3937, 2]], "reflectors": [[1.78958, 1.0668, -13.8441, 4], [10.6975, 8.18876, 10.3685, 2], [15.1264, -1.65661, -7.57946, 2]], "reflector_prisms": [], "absorber_prisms": [[-2.27784, -1.40116, -10.4969, 2.72216, 1.59884, -8.49689], [-2.83999, -0.000120862, 13.943, 1.16001, 1.99988, 15.943]], "line_of_sight": [[0, 0, 0, 0, 0, 500]]}