{
"time_step": 1e-05,
"number_of_molecules": 500000,
"diff_coef": 50,
"sim_time": 7.5,
"absorbers": [
[-9.9582,12.4633,1.22518,4],
[-7.58761,0.961528,-18.4798,5]
],
"reflectors": [
],
"reflector_prisms": [
[13.8793,-8.93115,0.51918,15.8793,-5.93115,6.51918],
[-2.34494,1.74797,8.32103,3.65506,5.74797,12.321],
[2.94477,-13.9727,10.8489,4.94477,-9.97266,14.8489]
],
"absorber_prisms": [
[7.98641,10.8348,5.64362,12.9864,13.8348,7.64362]
]
}