{
"time_step": 1e-05,
"number_of_molecules": 500000,
"diff_coef": 400,
"sim_time": 0.504167,
"absorbers": [
[-7.79457,10.8795,8.76815,5],
[-0.661628,-11.5527,-5.92433,2]
],
"reflectors": [
[2.4885,-1.99465,-17.7152,5],
[-2.42251,4.17298,21.4643,5]
],
"reflector_prisms": [
[-12.4836,-11.1175,-10.7094,-7.48361,-5.11748,-4.70936]
],
"absorber_prisms": [
]
}