{
"time_step": 1e-05,
"number_of_molecules": 500000,
"diff_coef": 350,
"sim_time": 1.71905,
"absorbers": [
[-0.182107,0.0450289,22.9992,4],
[12.3755,0.728304,6.50518,4],
[3.19622,-8.05447,-6.77567,4],
[-2.02683,-6.41295,-16.6963,6],
[0.575377,12.8578,-1.82918,6],
[-4.47301,-10.6224,3.34005,6]
],
"reflectors": [
[11.2496,7.95896,-2.47025,5]
],
"reflector_prisms": [
],
"absorber_prisms": [
]
}