{
"time_step": 1e-05,
"number_of_molecules": 500000,
"diff_coef": 100,
"sim_time": 4.81667,
"absorbers": [
[2.27994,-21.2171,5.35125,5]
],
"reflectors": [
[-7.76476,-13.2039,4.62228,4],
[1.72487,0.775689,-8.79904,4],
[13.8906,1.51241,-9.68317,2]
],
"reflector_prisms": [
],
"absorber_prisms": [
[-3.25356,11.1856,6.91731,-0.253562,13.1856,11.9173],
[-8.78079,-2.85413,5.65212,-2.78079,2.14587,10.6521]
]
}