{
"time_step": 1e-05,
"number_of_molecules": 500000,
"diff_coef": 400,
"sim_time": 1.50417,
"absorbers": [
[-1.00153,5.39067,19.2338,2],
[0.59803,-0.19794,-22.9914,4]
],
"reflectors": [
],
"reflector_prisms": [
[-17.8709,4.29235,-4.01774,-13.8709,6.29235,-2.01774]
],
"absorber_prisms": [
[-11.2544,-11.3655,-18.0547,-7.25443,-7.36547,-12.0547],
[13.5901,-5.07282,-14.1899,18.5901,-2.07282,-10.1899],
[-4.60974,4.91097,-7.01108,-0.609743,7.91097,-1.01108]
]
}