{"time_step": 1e-05, "number_of_molecules": 500000, "diff_coef": 100, "sim_time": 2.81667, "absorbers": [[-10.8356, -5.14604, -9.00605, 5], [8.70316, 4.42216, -6.9785, 7], [-4.23291, -14.1744, 11.9235, 6], [-6.09051, 4.66842, 7.88109, 6]], "reflectors": [[3.17297, -15.6312, -12.0664, 4]], "reflector_prisms": [], "absorber_prisms": [], "line_of_sight": [[0, 0, 0, 0, 0, 498], [209, 209, 0, 0, 0, 504], [207, 207, 0, 0, 0, 500], [191, 133, 58, 0, 0, 496]]}