{
"time_step": 1e-05,
"number_of_molecules": 500000,
"diff_coef": 350,
"sim_time": 1.21905,
"absorbers": [
[-15.1722,-13.6331,4.99437,5],
[3.40279,-11.2983,-10.806,3],
[-3.604,5.55734,7.49181,5]
],
"reflectors": [
],
"reflector_prisms": [
[6.82875,-5.97803,13.9969,8.82875,-2.97803,15.9969]
],
"absorber_prisms": [
[6.70539,-7.48104,-7.23069,9.70539,-4.48104,-1.23069]
]
}