{
"time_step": 1e-05,
"number_of_molecules": 500000,
"diff_coef": 50,
"sim_time": 7.5,
"absorbers": [
[-2.22517,8.87335,18.9027,6],
[12.762,-4.06265,-6.75472,2]
],
"reflectors": [
[-8.22223,-23.5119,2.14146,6]
],
"reflector_prisms": [
],
"absorber_prisms": [
[-8.51796,9.45553,15.713,-2.51796,13.4555,17.713],
[-13.706,-9.16604,7.12073,-7.70596,-4.16604,9.12073],
[-16.6755,-6.61257,-7.49802,-14.6755,-0.61257,-3.49802]
]
}