{"time_step": 1e-05, "number_of_molecules": 500000, "diff_coef": 400, "sim_time": 1.06667, "absorbers": [[-6.01524, -0.126001, -18.0222, 3]], "reflectors": [], "reflector_prisms": [[-12.7526, -7.06968, -14.0755, -9.75259, -1.06968, -10.0755], [-0.094041, -14.8655, 11.6702, 1.90596, -11.8655, 16.6702], [-10.1102, -2.56297, -5.08507, -8.11017, 1.43703, -3.08507]], "absorber_prisms": [[-14.2124, -8.98461, -8.96056, -8.2124, -6.98461, -2.96056], [-0.711005, -4.43155, 11.8112, 4.28899, 1.56845, 15.8112]], "line_of_sight": [[0, 0, 0, 0, 0, 499]]}