{"time_step": 1e-05, "number_of_molecules": 500000, "diff_coef": 250, "sim_time": 0.96, "absorbers": [[-0.334768, -4.12079, -15.4566, 5], [1.02317, 0.579338, 10.937, 3], [7.27354, 3.17227, 12.7292, 3]], "reflectors": [], "reflector_prisms": [], "absorber_prisms": [[-13.4292, -5.52512, -19.0264, -9.42915, -3.52512, -15.0264]], "line_of_sight": [[212, 219, 0, 0, 0, 500], [274, 282, 0, 0, 0, 501], [66, 82, 0, 0, 0, 499]]}