{"time_step": 1e-05, "number_of_molecules": 500000, "diff_coef": 300, "sim_time": 1.25, "absorbers": [[0.310051, 0.554393, -20.9904, 6], [-5.10223, -1.75131, -10.7191, 2]], "reflectors": [], "reflector_prisms": [], "absorber_prisms": [[9.99539, -3.25127, -1.28185, 13.9954, 2.74873, 1.71815], [-18.896, -6.61879, -3.95239, -14.896, -1.61879, 0.0476074], [9.56236, 5.49313, -7.60924, 12.5624, 7.49313, -3.60924], [-5.93826, -17.2145, -5.4858, 0.0617398, -13.2145, -2.4858]], "line_of_sight": [[0, 0, 0, 0, 0, 500], [0, 0, 0, 0, 0, 498]]}