{
"time_step": 1e-05,
"number_of_molecules": 500000,
"diff_coef": 50,
"sim_time": 10.8,
"absorbers": [
[5.70612,5.61001,-12.6873,5],
[-8.76343,-1.75325,20.1029,5],
[21.8599,9.89049,-0.567426,7],
[-4.62683,-20.8018,-5.46606,4],
[4.36185,4.77499,11.2771,4],
[4.02031,16.3482,-2.36051,5]
],
"reflectors": [
[-12.6973,-9.94184,7.9961,6],
[15.7579,2.60172,8.30176,5]
],
"reflector_prisms": [
],
"absorber_prisms": [
]
}