{"time_step": 1e-05, "number_of_molecules": 500000, "diff_coef": 200, "sim_time": 3.00833, "absorbers": [[-5.82625, -8.159, -9.77167, 3], [-11.2316, -2.56894, -11.1018, 4], [-4.82675, -24.505, -1.09952, 6], [10.3065, -13.8538, 5.08405, 2], [5.94762, 4.69655, 18.5086, 5], [7.55383, 4.75268, 8.02195, 2], [17.5039, -4.80767, 8.3964, 3]], "reflectors": [[-4.03608, 3.30401, 20.3419, 2], [-6.86321, 11.9436, 5.93694, 2], [-18.4976, -6.96062, -9.6638, 4], [12.856, 5.5996, -15.6323, 6]], "reflector_prisms": [], "absorber_prisms": [], "line_of_sight": [[121, 121, 0, 0, 0, 499], [209, 139, 77, 0, 0, 499], [0, 0, 0, 0, 0, 502], [0, 0, 0, 0, 0, 501], [63, 63, 0, 0, 0, 500], [347, 331, 37, 0, 0, 501], [0, 0, 0, 0, 0, 499]]}