{"time_step": 1e-05, "number_of_molecules": 500000, "diff_coef": 200, "sim_time": 1.63333, "absorbers": [[-1.95246, 8.86957, -6.20634, 5], [-8.5746, 5.58216, 6.27023, 4], [-11.2717, -3.25029, 14.946, 5], [6.19888, 5.24139, -19.3675, 7], [-0.239199, -0.762451, 19.984, 6]], "reflectors": [[-7.0704, 9.50729, 18.537, 5]], "reflector_prisms": [], "absorber_prisms": [], "line_of_sight": [[0, 0, 0, 0, 0, 500], [42, 0, 42, 0, 0, 498], [196, 196, 0, 0, 0, 499], [282, 282, 0, 0, 0, 499], [177, 177, 0, 0, 0, 500]]}