{"time_step": 1e-05, "number_of_molecules": 500000, "diff_coef": 250, "sim_time": 2.40667, "absorbers": [[-6.26983, -2.1384, -24.1064, 6], [-1.50303, -4.90998, -14.0937, 4], [18.1901, -7.07951, 4.35916, 5], [-13.524, 9.04102, -11.6345, 2], [6.91578, 9.89065, -14.6747, 4], [19.0531, 8.24778, -3.15509, 4], [-0.935239, 7.93181, -0.460097, 3]], "reflectors": [[-12.1001, -8.63963, -5.91147, 6], [10.6376, 7.24882, 1.81555, 4]], "reflector_prisms": [], "absorber_prisms": [], "line_of_sight": [[176, 176, 0, 0, 0, 499], [149, 149, 0, 0, 0, 500], [0, 0, 0, 0, 0, 501], [0, 0, 0, 0, 0, 499], [0, 0, 0, 0, 0, 499], [176, 0, 189, 0, 0, 498], [0, 0, 0, 0, 0, 502]]}