{
"time_step": 1e-05,
"number_of_molecules": 500000,
"diff_coef": 300,
"sim_time": 0.8,
"absorbers": [
[-6.33088,6.80952,-11.7707,3],
[-3.94878,-3.51686,-14.0371,5]
],
"reflectors": [
[0.244529,0.470795,18.9926,4]
],
"reflector_prisms": [
[-20.2943,4.27876,10.4859,-14.2943,10.2788,12.4859]
],
"absorber_prisms": [
]
}