{
"time_step": 1e-05,
"number_of_molecules": 500000,
"diff_coef": 400,
"sim_time": 0.504167,
"absorbers": [
[-0.243988,-0.338366,-12.9933,2],
[-0.206639,-0.173972,13.9974,6],
[-6.94436,-5.70529,-0.474945,2]
],
"reflectors": [
[0.782447,9.2909,-9.05908,6]
],
"reflector_prisms": [
[-11.4356,-3.33271,-12.3013,-5.43555,0.667294,-7.30129]
],
"absorber_prisms": [
]
}