{"time_step": 1e-05, "number_of_molecules": 500000, "diff_coef": 300, "sim_time": 2.00556, "absorbers": [[0.625, 2.41879, -17.8258, 4], [-11.994, 20.3299, -4.34056, 5], [-10.9998, 8.59293, -1.07995, 7], [9.51066, 4.16437, -18.2539, 4], [2.24189, 11.7909, -14.7291, 5], [9.54975, -3.94079, 19.4235, 6]], "reflectors": [], "reflector_prisms": [], "absorber_prisms": [], "line_of_sight": [[19, 19, 0, 0, 0, 502], [385, 385, 0, 0, 0, 504], [65, 65, 0, 0, 0, 501], [0, 0, 0, 0, 0, 498], [0, 0, 0, 0, 0, 498], [15, 15, 0, 0, 0, 500]]}