{
"time_step": 1e-05,
"number_of_molecules": 500000,
"diff_coef": 150,
"sim_time": 2.84444,
"absorbers": [
[1.38982,1.02154,-15.9068,2],
[-0.680462,2.31908,7.6262,2],
[1.6301,-10.6228,10.4642,4],
[-10.2718,-0.650674,14.7671,2],
[6.85234,-0.975955,14.4254,5],
[11.8542,-4.9226,-11.1466,4],
[-12.4958,3.15097,1.71074,2],
[1.47631,9.73724,-8.48567,6]
],
"reflectors": [
[-1.72154,2.23046,14.733,2]
],
"reflector_prisms": [
],
"absorber_prisms": [
]
}