{
"time_step": 1e-05,
"number_of_molecules": 500000,
"diff_coef": 200,
"sim_time": 1.00833,
"absorbers": [
[15.5384,-0.974567,-6.82707,6]
],
"reflectors": [
],
"reflector_prisms": [
],
"absorber_prisms": [
[-13.6912,1.7382,8.40709,-8.69116,7.7382,12.4071],
[-5.24241,-3.84102,-8.24248,-3.24241,1.15898,-6.24248],
[-4.82989,0.80153,5.7887,-2.82989,2.80153,7.7887],
[6.23546,-8.78404,-16.5644,12.2355,-2.78404,-14.5644]
]
}