{"time_step": 1e-05, "number_of_molecules": 500000, "diff_coef": 200, "sim_time": 3.00833, "absorbers": [[-18.3757, -7.69403, 1.77113, 5], [19.8743, -6.2441, 2.65018, 2]], "reflectors": [[14.2799, -7.06103, -15.1732, 5], [0.996601, 1.93249, 8.7334, 2]], "reflector_prisms": [[-1.55615, 8.2412, 6.33297, 2.44385, 14.2412, 10.333]], "absorber_prisms": [], "line_of_sight": [[0, 0, 0, 0, 0, 498], [0, 0, 0, 0, 0, 499]]}