{
"time_step": 1e-05,
"number_of_molecules": 500000,
"diff_coef": 300,
"sim_time": 1.08889,
"absorbers": [
[8.74094,-5.31408,6.27348,5],
[-1.62671,11.8194,-7.32501,5],
[-9.15357,1.29548,-14.2665,7],
[-2.21908,-8.79044,11.9501,5],
[3.4013,-11.4992,0.446808,4],
[5.28047,-1.44677,19.236,6],
[14.2773,1.3176,-7.10092,6]
],
"reflectors": [
[-3.64866,6.78328,4.65557,4]
],
"reflector_prisms": [
],
"absorber_prisms": [
]
}