{
"time_step": 1e-05,
"number_of_molecules": 500000,
"diff_coef": 350,
"sim_time": 1.71905,
"absorbers": [
[-9.0737,-12.932,2.53606,5],
[5.16282,11.9862,12.3967,5],
[-6.99435,-10.475,16.8034,2],
[7.53186,6.68241,-8.22292,4],
[12.0136,-2.26737,-6.82155,6],
[0.284814,-1.52112,-18.9369,6],
[-20.5793,6.02448,-4.91894,3],
[12.9809,-5.07167,14.3449,6]
],
"reflectors": [
[-1.71535,4.83601,16.2071,5],
[9.82651,-9.68801,2.36267,5]
],
"reflector_prisms": [
],
"absorber_prisms": [
]
}