{"time_step": 1e-05, "number_of_molecules": 500000, "diff_coef": 200, "sim_time": 3.00833, "absorbers": [[-5.1516, 5.02271, -20.7902, 6], [-12.7094, 1.35408, 12.6743, 4], [-12.3887, -15.443, 15.2654, 6], [-5.23786, 17.9186, -3.53369, 4], [1.75362, 19.9051, -9.20394, 5]], "reflectors": [[-14.8699, -11.8262, 0.167815, 6], [-5.18594, -2.09054, -9.47289, 4], [14.0897, -0.491022, -15.564, 5], [-14.4279, 17.8852, -0.978134, 5], [2.37212, -12.8745, -7.32253, 5]], "reflector_prisms": [], "absorber_prisms": [], "line_of_sight": [[121, 0, 121, 0, 0, 501], [340, 0, 340, 0, 0, 501], [0, 0, 0, 0, 0, 499], [36, 16, 20, 0, 0, 499], [15, 15, 0, 0, 0, 500]]}