{
"time_step": 1e-05,
"number_of_molecules": 500000,
"diff_coef": 350,
"sim_time": 1.07143,
"absorbers": [
[-14.0601,15.1732,3.61753,6]
],
"reflectors": [
[-7.40593,-21.3502,4.28019,5],
[13.3773,13.5694,-10.9963,3]
],
"reflector_prisms": [
[-1.97428,-0.92528,-12.9997,2.02572,1.07472,-6.99969],
[-1.72259,-2.26058,-21.9579,1.27741,-0.260577,-16.9579]
],
"absorber_prisms": [
]
}