{
"time_step": 1e-05,
"number_of_molecules": 500000,
"diff_coef": 50,
"sim_time": 12.0333,
"absorbers": [
[7.2835,-11.7216,-5.87838,2],
[10.949,-7.52061,21.1792,6],
[0.528637,-5.03084,11.9754,6],
[8.83946,1.51227,-0.759648,2]
],
"reflectors": [
[3.47262,-14.0619,13.7915,3],
[-13.4991,4.97207,-4.24871,2],
[-3.54661,-3.20836,-14.2172,3],
[14.9695,2.7535,14.4683,4],
[-10.2653,-5.48534,19.8377,4],
[-2.72464,7.60435,-3.96865,3]
],
"reflector_prisms": [
],
"absorber_prisms": [
]
}