{"time_step": 1e-05, "number_of_molecules": 500000, "diff_coef": 50, "sim_time": 10.8, "absorbers": [[-1.11986, -16.8726, -14.0734, 4], [-0.958985, 3.31886, 8.31057, 2]], "reflectors": [], "reflector_prisms": [[3.13638, 4.51983, 0.174419, 7.13638, 7.51983, 2.17442]], "absorber_prisms": [[-1.61776, -1.95258, 7.93191, 0.382241, 0.0474211, 10.9319]], "line_of_sight": [[0, 0, 0, 0, 0, 502], [0, 0, 0, 0, 0, 500]]}