{
"time_step": 1e-05,
"number_of_molecules": 500000,
"diff_coef": 400,
"sim_time": 0.416667,
"absorbers": [
[-9.50973,-5.4681,0.81541,6],
[-0.335637,-14.9949,0.201244,5]
],
"reflectors": [
[-3.77462,4.8686,13.6766,4]
],
"reflector_prisms": [
],
"absorber_prisms": [
]
}