{"time_step": 1e-05, "number_of_molecules": 500000, "diff_coef": 350, "sim_time": 0.57619, "absorbers": [[0.574097, 1.23428, -15.942, 5]], "reflectors": [[-6.30744, 4.44026, -4.63684, 3]], "reflector_prisms": [[-2.14889, -4.9387, 6.76011, 1.85111, 1.0613, 8.76011], [0.298144, -6.84891, -11.4979, 5.29814, -4.84891, -7.49793]], "absorber_prisms": [[11.8475, -12.1287, -5.80516, 13.8475, -7.12868, -1.80516]], "line_of_sight": [[0, 0, 0, 0, 0, 501]]}