{"time_step": 1e-05, "number_of_molecules": 500000, "diff_coef": 300, "sim_time": 1.42222, "absorbers": [[8.81865, 4.35011, -17.4157, 5], [-7.13239, 0.8451, 15.4083, 4], [-15.3103, 5.27027, -5.17876, 6], [2.826, 20.5401, 3.33437, 5], [-1.72035, -8.43164, -18.054, 5], [-5.2732, 13.8616, 2.24705, 3], [-2.34691, 6.57516, -3.90632, 3]], "reflectors": [[9.22888, -6.6512, -17.6519, 5], [-4.35367, -5.55678, 12.09, 3], [10.9769, 7.22579, 7.23159, 6], [-0.216794, -3.71644, 5.92799, 2], [15.6318, -18.1453, -1.54799, 5], [5.14618, -12.943, -1.41264, 6], [1.47705, 13.9554, -18.2226, 6]], "reflector_prisms": [], "absorber_prisms": [], "line_of_sight": [[323, 158, 191, 0, 0, 502], [330, 175, 155, 0, 0, 501], [0, 0, 0, 0, 0, 499], [156, 0, 156, 0, 0, 500], [0, 0, 0, 0, 0, 498], [501, 0, 562, 0, 0, 501], [198, 0, 252, 0, 0, 502]]}