{"time_step": 1e-05, "number_of_molecules": 500000, "diff_coef": 300, "sim_time": 1.8, "absorbers": [[7.56646, 8.89074, -2.77552, 4], [-13.6712, 8.23568, 1.12777, 5], [-10.9372, -0.897818, 0.755422, 4], [14.5523, -16.7991, 11.4464, 7], [-5.29095, -6.41487, -8.6519, 4]], "reflectors": [[-5.27712, 0.864739, 15.0799, 4], [-2.80164, 20.3334, -14.2725, 7], [5.68901, 7.8836, -12.7076, 4], [5.05191, -0.684803, 11.9586, 4]], "reflector_prisms": [], "absorber_prisms": [], "line_of_sight": [[0, 0, 0, 0, 0, 496], [59, 59, 0, 0, 0, 500], [51, 51, 0, 0, 0, 503], [51, 0, 51, 0, 0, 502], [21, 0, 21, 0, 0, 498]]}