{
"time_step": 1e-05,
"number_of_molecules": 500000,
"diff_coef": 150,
"sim_time": 3.6,
"absorbers": [
[-6.18303,-4.08236,13.0424,6],
[-16.3231,1.77356,-4.40583,4],
[0.297178,3.57049,-16.6182,3],
[-3.25935,2.9115,-5.46807,2],
[1.71211,-15.7062,-10.5538,6],
[10.0108,14.9424,-8.74687,6],
[-4.3107,10.0938,21.3432,6],
[5.8874,-4.8327,14.0707,6]
],
"reflectors": [
],
"reflector_prisms": [
],
"absorber_prisms": [
]
}