{"time_step": 1e-05, "number_of_molecules": 500000, "diff_coef": 50, "sim_time": 1.63333, "absorbers": [[6.89131, -7.07824, -1.55189, 3]], "reflectors": [], "reflector_prisms": [[-7.08219, 12.1288, 0.373113, -2.08219, 15.1288, 3.37311]], "absorber_prisms": [[10.1119, -13.4733, 7.00329, 13.1119, -10.4733, 9.00329], [-4.89151, 3.91101, -6.09849, -0.891512, 7.91101, -1.09849], [-18.6718, -5.37395, -2.96171, -12.6718, -0.373949, 0.0382915]], "line_of_sight": [[0, 0, 0, 0, 0, 497]]}