{"time_step": 1e-05, "number_of_molecules": 500000, "diff_coef": 100, "sim_time": 1.66667, "absorbers": [[-7.34079, -7.02659, 11.0336, 5]], "reflectors": [], "reflector_prisms": [[-0.264564, 2.85272, -11.0137, 2.73544, 8.85272, -5.0137], [-19.3395, -9.95837, 0.0246387, -16.3395, -4.95837, 5.02464], [0.398674, -8.15375, -17.9561, 4.39867, -2.15375, -11.9561], [-15.6973, -12.9019, 3.45225, -10.6973, -7.90187, 9.45225], [-13.4538, 8.82731, -18.6776, -7.45384, 10.8273, -14.6776]], "absorber_prisms": [], "line_of_sight": [[1, 0, 0, 0, 1, 501]]}