{"time_step": 1e-05, "number_of_molecules": 500000, "diff_coef": 50, "sim_time": 12.0333, "absorbers": [[18.4314, -0.955198, -13.7248, 4], [1.88599, 7.43064, -2.28662, 3]], "reflectors": [], "reflector_prisms": [[-1.37499, -1.57151, -17.4312, 3.62501, 3.42849, -13.4312], [13.1017, -5.81919, -4.96006, 16.1017, 0.180809, 1.03994], [-4.51156, 2.19088, 10.7128, 1.48844, 6.19088, 13.7128]], "absorber_prisms": [], "line_of_sight": [[0, 0, 0, 0, 0, 502], [0, 0, 0, 0, 0, 498]]}