{"time_step": 1e-05, "number_of_molecules": 500000, "diff_coef": 250, "sim_time": 2.40667, "absorbers": [[11.3932, -1.95303, -5.94813, 5], [-2.16452, 2.41557, 12.5889, 7], [4.17635, -15.0882, 3.30207, 5], [-6.48359, -7.12761, 2.67585, 4], [-8.25948, -20.7427, 8.80452, 5], [-4.43255, 2.86761, -18.2518, 7]], "reflectors": [[9.0392, -5.8173, 10.4619, 7], [-1.6413, -10.176, -9.47388, 5], [-8.30927, 17.1187, 16.2143, 6], [0.656231, 0.14436, 22.9902, 4], [-21.9971, 0.0209103, 0.356578, 5], [2.40105, 13.8536, -5.22615, 7]], "reflector_prisms": [], "absorber_prisms": [], "line_of_sight": [[113, 46, 67, 0, 0, 500], [278, 145, 162, 0, 0, 501], [232, 0, 232, 0, 0, 504], [171, 90, 171, 0, 0, 497], [502, 275, 502, 0, 0, 502], [404, 220, 264, 0, 0, 494]]}