{
"time_step": 1e-05,
"number_of_molecules": 500000,
"diff_coef": 350,
"sim_time": 1.54286,
"absorbers": [
[4.18218,1.8129,-8.90072,5],
[-2.17049,-19.073,-10.7476,4],
[7.79315,-7.23413,9.10682,2],
[-7.69694,7.80909,-8.70489,5]
],
"reflectors": [
[-2.70014,-8.34691,-2.00958,4],
[-0.994734,-0.351495,17.9691,4],
[-16.811,-16.6794,3.89706,5],
[-16.7097,1.68827,-10.8598,2],
[-3.45085,-11.1076,15.0238,6],
[-14.1887,3.44519,-20.2931,6]
],
"reflector_prisms": [
],
"absorber_prisms": [
]
}