{
"time_step": 1e-05,
"number_of_molecules": 500000,
"diff_coef": 300,
"sim_time": 1.8,
"absorbers": [
[1.38185,0.746299,-10.8873,6],
[-18.0486,-6.99456,-12.4227,6],
[-8.25953,-12.9164,12.8431,2]
],
"reflectors": [
[-0.961682,0.201928,7.93942,3]
],
"reflector_prisms": [
],
"absorber_prisms": [
[13.7941,-1.67289,-7.58493,15.7941,2.32711,-4.58493]
]
}