{
"time_step": 1e-05,
"number_of_molecules": 500000,
"diff_coef": 50,
"sim_time": 1.63333,
"absorbers": [
[2.69938,2.95649,12.3682,6]
],
"reflectors": [
],
"reflector_prisms": [
[13.864,-11.7971,-1.40896,16.864,-8.79715,0.591044],
[-9.15472,-5.45615,-10.4073,-4.15472,0.543845,-6.40726]
],
"absorber_prisms": [
[-8.64685,-11.0836,9.82698,-3.64685,-7.0836,14.827]
]
}