{"time_step": 1e-05, "number_of_molecules": 500000, "diff_coef": 300, "sim_time": 0.2, "absorbers": [[2.75712, -3.31638, 6.73795, 2]], "reflectors": [], "reflector_prisms": [[10.6032, -2.58489, -12.1654, 13.6032, 1.41511, -7.16543], [-2.47891, -0.38792, 5.76816, -0.478911, 2.61208, 8.76816], [-6.51503, 1.81324, -10.7776, -2.51503, 5.81324, -7.77759]], "absorber_prisms": [], "line_of_sight": [[0, 0, 0, 0, 0, 498]]}