{"time_step": 1e-05, "number_of_molecules": 500000, "diff_coef": 300, "sim_time": 2.00556, "absorbers": [[0.821602, 1.49038, 12.8881, 5], [0.859852, -11.3255, -3.87214, 6], [13.599, -3.01968, 15.7146, 6], [-5.82467, -23.7436, -5.22624, 6]], "reflectors": [], "reflector_prisms": [], "absorber_prisms": [[12.0046, -14.32, 2.99035, 15.0046, -9.32004, 5.99035]], "line_of_sight": [[0, 0, 0, 0, 0, 501], [75, 75, 0, 0, 0, 495], [0, 0, 0, 0, 0, 498], [420, 420, 0, 0, 0, 500]]}