{
"time_step": 1e-05,
"number_of_molecules": 500000,
"diff_coef": 200,
"sim_time": 1.40833,
"absorbers": [
[-15.4067,2.1508,9.05587,5]
],
"reflectors": [
[12.9055,0.58729,-11.05,5]
],
"reflector_prisms": [
[-1.09564,-1.26213,5.98704,1.90436,1.73787,10.987],
[-2.50301,-1.47196,16.9672,1.49699,3.52804,22.9672]
],
"absorber_prisms": [
[-4.59044,1.39502,11.2557,0.409563,6.39502,14.2557]
]
}