{
"time_step": 1e-05,
"number_of_molecules": 500000,
"diff_coef": 100,
"sim_time": 2.81667,
"absorbers": [
[-10.2746,11.9184,6.43321,4],
[0.969023,-14.8728,8.17681,6]
],
"reflectors": [
[4.39405,6.80229,-8.85558,2]
],
"reflector_prisms": [
],
"absorber_prisms": [
[-3.44836,-2.85,-12.9186,1.55164,1.15,-6.91857],
[-14.5288,0.141362,8.35422,-8.5288,4.14136,10.3542]
]
}