{"time_step": 1e-05, "number_of_molecules": 500000, "diff_coef": 350, "sim_time": 1.37619, "absorbers": [[2.50883, -0.97815, 14.7563, 5], [-2.62361, -2.06417, -21.7452, 5], [16.871, -6.08966, 1.51142, 6]], "reflectors": [], "reflector_prisms": [[-8.33613, -6.17429, -8.56169, -5.33613, -4.17429, -3.56169]], "absorber_prisms": [], "line_of_sight": [[140, 140, 0, 0, 0, 498], [384, 384, 0, 0, 0, 501], [0, 0, 0, 0, 0, 501]]}