{
"time_step": 1e-05,
"number_of_molecules": 500000,
"diff_coef": 100,
"sim_time": 2.81667,
"absorbers": [
[8.42461,-3.78937,-13.0639,3]
],
"reflectors": [
[10.6507,11.5575,2.99795,6],
[-12.5066,-5.09472,10.3261,5],
[-10.5885,-7.97699,-7.01788,5],
[-0.152102,0.200629,-15.998,2],
[-11.9158,4.05066,-3.25667,6]
],
"reflector_prisms": [
],
"absorber_prisms": [
]
}