{"time_step": 1e-05, "number_of_molecules": 500000, "diff_coef": 200, "sim_time": 3.00833, "absorbers": [[3.64007, -8.15916, 21.1938, 6], [-0.546398, -14.3191, -7.11791, 3], [-8.25868, 1.1704, 19.2724, 2], [4.83334, -9.84999, 4.85969, 4], [16.9736, 7.91024, -3.2131, 3], [-6.68432, -7.93429, 12.1806, 5], [0.553343, -4.50249, 7.77312, 3]], "reflectors": [[12.4909, 3.59691, -0.201804, 2], [-0.502367, 0.40266, -12.984, 3], [-8.75387, -0.814293, -16.8436, 3], [3.24457, 8.02452, 18.03, 5], [-14.6594, -3.88975, 7.67937, 5], [13.4836, -10.9662, 7.67696, 4], [3.52159, 15.8727, 4.9656, 6]], "reflector_prisms": [], "absorber_prisms": [], "line_of_sight": [[399, 320, 104, 0, 0, 502], [377, 0, 377, 0, 0, 501], [0, 0, 0, 0, 0, 501], [94, 11, 83, 0, 0, 499], [268, 0, 268, 0, 0, 497], [109, 107, 2, 0, 0, 501], [287, 281, 51, 0, 0, 496]]}