{"time_step": 1e-05, "number_of_molecules": 500000, "diff_coef": 150, "sim_time": 1.6, "absorbers": [[-9.82292, 7.08162, 4.72872, 4], [-5.06591, -1.86389, -13.9951, 3], [2.27068, 11.8038, -12.0214, 6]], "reflectors": [], "reflector_prisms": [[2.12655, -4.334, -20.0951, 4.12655, -0.334001, -17.0951]], "absorber_prisms": [[-0.0573124, -2.48155, -12.8927, 2.94269, 3.51845, -8.89265]], "line_of_sight": [[0, 0, 0, 0, 0, 501], [0, 0, 0, 0, 0, 502], [0, 0, 0, 0, 0, 500]]}