{"time_step": 1e-05, "number_of_molecules": 500000, "diff_coef": 400, "sim_time": 1.50417, "absorbers": [[-1.1651, -19.8382, -6.78878, 2]], "reflectors": [[-2.34424, 1.96202, 9.52129, 2], [-11.0186, -11.8875, -5.12615, 3]], "reflector_prisms": [], "absorber_prisms": [[-17.746, -3.4276, 11.3239, -13.746, 2.5724, 13.3239]], "line_of_sight": [[0, 0, 0, 0, 0, 503]]}