{
"time_step": 1e-05,
"number_of_molecules": 500000,
"diff_coef": 400,
"sim_time": 1.35,
"absorbers": [
[-12.3531,-1.00439,-13.0534,6],
[11.6594,6.32152,-10.6347,7],
[-1.78962,5.76409,-19.0676,5],
[-0.162936,1.3718,14.9363,5],
[-7.07621,-15.1511,-6.66123,6],
[16.1541,-5.28215,0.377358,4],
[20.753,3.98713,6.117,4]
],
"reflectors": [
],
"reflector_prisms": [
],
"absorber_prisms": [
]
}