{
"time_step": 1e-05,
"number_of_molecules": 500000,
"diff_coef": 100,
"sim_time": 6.01667,
"absorbers": [
[10.7408,-7.04405,21.448,6],
[-13.915,-4.37085,-13.6846,5],
[-1.46878,7.48177,6.47038,5],
[2.03116,7.32463,-7.95136,6]
],
"reflectors": [
[0.65161,0.147963,12.9828,4],
[-14.8612,-8.22279,-0.727812,6]
],
"reflector_prisms": [
],
"absorber_prisms": [
]
}