{
"time_step": 1e-05,
"number_of_molecules": 500000,
"diff_coef": 400,
"sim_time": 1.35,
"absorbers": [
[-9.97399,-0.408831,17.3307,2]
],
"reflectors": [
[0.948018,3.95638,-15.4741,6]
],
"reflector_prisms": [
[-0.579765,-18.9593,0.0978717,1.42024,-14.9593,2.09787]
],
"absorber_prisms": [
[-6.47278,-8.25568,18.0781,-0.472777,-5.25568,21.0781],
[14.8324,-14.0877,-2.23733,20.8324,-8.08769,2.76267]
]
}