{"time_step": 1e-05, "number_of_molecules": 500000, "diff_coef": 300, "sim_time": 2.00556, "absorbers": [[4.69568, -18.9785, 4.21499, 7], [17.6719, 3.02777, 8.86209, 5], [9.05105, 0.435009, -18.9444, 5], [9.74772, -0.853096, -8.55887, 5], [1.72311, -5.99891, -16.8832, 4], [8.70058, 6.13568, 23.7203, 7]], "reflectors": [[-0.401374, -1.31251, 17.9476, 6]], "reflector_prisms": [], "absorber_prisms": [], "line_of_sight": [[0, 0, 0, 0, 0, 497], [0, 0, 0, 0, 0, 498], [331, 195, 136, 0, 0, 502], [93, 93, 0, 0, 0, 504], [181, 55, 140, 0, 0, 502], [136, 44, 101, 0, 0, 502]]}