{
"time_step": 1e-05,
"number_of_molecules": 500000,
"diff_coef": 150,
"sim_time": 4.01111,
"absorbers": [
[6.29366,13.2943,18.9645,5],
[5.22962,-7.67005,3.71772,3]
],
"reflectors": [
[-6.98706,-7.95627,9.15854,5],
[-10.0248,-15.9074,14.915,5],
[0.00291924,0.0145979,23,6]
],
"reflector_prisms": [
],
"absorber_prisms": [
]
}