{"time_step": 1e-05, "number_of_molecules": 500000, "diff_coef": 200, "sim_time": 1.00833, "absorbers": [[14.6739, 6.16749, 1.62462, 5]], "reflectors": [[-3.15503, -1.29451, 6.1131, 2], [-6.00413, -15.041, 7.85615, 2]], "reflector_prisms": [[0.181728, -7.44869, 9.85483, 3.18173, -2.44869, 12.8548], [-10.0765, 5.26495, -17.7071, -6.07646, 8.26495, -12.7071]], "absorber_prisms": [], "line_of_sight": [[0, 0, 0, 0, 0, 505]]}