{
"time_step": 1e-05,
"number_of_molecules": 500000,
"diff_coef": 250,
"sim_time": 2.40667,
"absorbers": [
[0.154736,0.445556,-13.9921,2],
[-3.28773,0.947899,7.23134,2],
[4.40256,-11.7188,3.50543,6],
[9.61161,-15.3715,15.7269,5],
[-14.4791,4.52905,15.9324,5],
[3.34809,0.23598,6.14285,2],
[-6.91366,-2.43261,19.6795,4],
[7.14978,-10.3762,-14.2202,2]
],
"reflectors": [
[7.46103,17.4644,0.571449,2]
],
"reflector_prisms": [
],
"absorber_prisms": [
]
}