{"time_step": 1e-05, "number_of_molecules": 500000, "diff_coef": 350, "sim_time": 1.21905, "absorbers": [[0.52487, -18.9882, 0.417067, 5], [13.219, -10.6823, -0.382426, 5], [-16.3702, -6.74466, 6.8938, 5], [-10.2996, 17.0728, 6.59067, 5], [-2.56721, -5.84458, -10.1612, 6], [-11.5636, -0.974042, 13.7599, 4]], "reflectors": [[0.530675, -0.922713, 20.973, 5], [0.407333, 14.4348, -16.5973, 7], [-1.42752, -3.97581, -21.5906, 5]], "reflector_prisms": [], "absorber_prisms": [], "line_of_sight": [[0, 0, 0, 0, 0, 498], [62, 62, 0, 0, 0, 501], [0, 0, 0, 0, 0, 504], [82, 82, 0, 0, 0, 499], [80, 0, 136, 0, 0, 499], [0, 0, 0, 0, 0, 500]]}