{
"time_step": 1e-05,
"number_of_molecules": 500000,
"diff_coef": 400,
"sim_time": 1.06667,
"absorbers": [
[-9.40994,7.19228,-7.46486,6],
[-9.32525,-11.5066,13.4402,4],
[-7.14615,1.22508,8.27235,5],
[4.28197,3.77876,-5.60229,2]
],
"reflectors": [
],
"reflector_prisms": [
[13.4114,6.11027,7.35605,15.4114,10.1103,11.356]
],
"absorber_prisms": [
]
}