{
"time_step": 1e-05,
"number_of_molecules": 500000,
"diff_coef": 250,
"sim_time": 1.5,
"absorbers": [
[-3.41782,-9.07953,18.6247,6],
[-3.85359,2.39435,11.1093,5]
],
"reflectors": [
[0.302751,4.56677,-8.89117,4],
[6.69237,5.52894,10.9838,4],
[-7.94755,10.1255,-1.81933,3],
[3.30867,16.4268,-12.6575,6]
],
"reflector_prisms": [
],
"absorber_prisms": [
]
}