{"time_step": 1e-05, "number_of_molecules": 500000, "diff_coef": 200, "sim_time": 2.7, "absorbers": [[-0.123703, 0.0684393, -23.9996, 6], [-2.94945, 0.724864, 15.7091, 7], [0.424812, -13.7293, -6.02701, 4], [1.12078, 16.1646, 16.3233, 7], [-16.8815, 2.61294, -15.4009, 6]], "reflectors": [[-3.47067, 0.361519, -9.37143, 4], [6.14053, -9.46568, 4.08594, 6], [-10.2479, 12.2866, 0.140362, 7], [3.52896, -4.52998, -10.5369, 4]], "reflector_prisms": [], "absorber_prisms": [], "line_of_sight": [[501, 501, 337, 0, 0, 501], [289, 62, 279, 0, 0, 498], [142, 142, 0, 0, 0, 495], [215, 116, 99, 0, 0, 498], [161, 0, 161, 0, 0, 501]]}