{
"time_step": 1e-05,
"number_of_molecules": 500000,
"diff_coef": 250,
"sim_time": 2.16,
"absorbers": [
[-5.20833,-9.98973,14.0385,6],
[-17.3079,9.0227,13.9653,6]
],
"reflectors": [
[-10.5245,6.1015,-15.8747,6]
],
"reflector_prisms": [
],
"absorber_prisms": [
[9.04442,10.0103,-12.0311,11.0444,16.0103,-7.03109],
[1.35422,2.19008,6.52455,5.35422,6.19008,11.5245]
]
}