{"time_step": 1e-05, "number_of_molecules": 500000, "diff_coef": 100, "sim_time": 1.66667, "absorbers": [[4.24264, 3.33133, 10.7192, 2]], "reflectors": [[2.06167, 2.47964, 16.6913, 4], [-3.78112, 0.880984, -9.21559, 5], [-1.59037, -4.58408, -17.3337, 5], [-8.22997, -4.08574, 3.94643, 4], [-9.76246, -6.34862, 10.9722, 3]], "reflector_prisms": [], "absorber_prisms": [], "line_of_sight": [[471, 0, 832, 0, 0, 500]]}