{
"time_step": 1e-05,
"number_of_molecules": 500000,
"diff_coef": 100,
"sim_time": 5.4,
"absorbers": [
[4.63096,-18.2997,9.20192,4],
[1.61182,6.00542,11.4165,7],
[15.1351,3.56472,-15.5635,4],
[-14.802,5.95371,5.8698,7]
],
"reflectors": [
],
"reflector_prisms": [
],
"absorber_prisms": [
]
}