{"time_step": 1e-05, "number_of_molecules": 500000, "diff_coef": 150, "sim_time": 0.711111, "absorbers": [[-10.5124, -0.177886, -7.6458, 5]], "reflectors": [[12.1565, 8.63033, -10.0864, 6], [-9.42662, -0.0895777, 7.42501, 6], [14.9363, 5.68536, 10.2754, 6], [-2.95007, -1.82418, 13.5635, 3]], "reflector_prisms": [], "absorber_prisms": [[3.17046, -6.97498, 3.17569, 6.17046, -2.97498, 5.17569]], "line_of_sight": [[171, 0, 171, 0, 0, 500]]}