{
"time_step": 1e-05,
"number_of_molecules": 500000,
"diff_coef": 250,
"sim_time": 1.70667,
"absorbers": [
[0.630698,-16.48,-7.21188,2],
[-3.49492,11.3585,-16.0864,6]
],
"reflectors": [
[-2.503,-9.06818,8.97235,4]
],
"reflector_prisms": [
],
"absorber_prisms": [
[9.03485,-5.45046,-12.9202,12.0348,-2.45046,-6.92022]
]
}