{
"time_step": 1e-05,
"number_of_molecules": 500000,
"diff_coef": 350,
"sim_time": 1.37619,
"absorbers": [
[-13.6783,-8.21238,-1.20921,7],
[9.33077,10.0356,-2.8676,7],
[-6.41691,2.99812,13.2225,6],
[-0.0649178,-0.153343,22.9994,6],
[-1.04811,-1.57471,-13.8716,5],
[1.6058,-10.4214,7.60364,4]
],
"reflectors": [
],
"reflector_prisms": [
],
"absorber_prisms": [
]
}