{"time_step": 1e-05, "number_of_molecules": 500000, "diff_coef": 100, "sim_time": 1.66667, "absorbers": [[6.39211, 3.86316, 9.39238, 2]], "reflectors": [], "reflector_prisms": [[-2.67256, -7.4137, -18.411, 0.327438, -1.4137, -16.411]], "absorber_prisms": [[-2.64285, 13.5123, 9.21014, 0.357151, 15.5123, 15.2101], [0.567671, 4.46173, 3.19496, 3.56767, 7.46173, 8.19496], [-5.57554, -2.4476, 5.29073, -0.575539, -0.447603, 10.2907]], "line_of_sight": [[0, 0, 0, 0, 0, 498]]}