{"time_step": 1e-05, "number_of_molecules": 500000, "diff_coef": 300, "sim_time": 1.8, "absorbers": [[16.1487, -3.01324, -14.6335, 4]], "reflectors": [], "reflector_prisms": [[-5.10745, -6.9305, 7.41701, -3.10745, -0.930499, 11.417], [8.50194, -6.46682, -13.6467, 11.5019, -3.46682, -10.6467], [1.32096, -0.854881, -13.4503, 5.32096, 3.14512, -8.45034], [-4.09155, -6.20942, -7.36503, -2.09155, -3.20942, -5.36503]], "absorber_prisms": [], "line_of_sight": [[79, 0, 0, 0, 79, 498]]}