{
"time_step": 1e-05,
"number_of_molecules": 500000,
"diff_coef": 300,
"sim_time": 0.2,
"absorbers": [
[-6.00363,0.755773,-7.96149,4]
],
"reflectors": [
[4.34611,6.46431,7.76685,2]
],
"reflector_prisms": [
[-10.0088,0.535546,-5.08785,-6.00879,6.53555,0.912147],
[-11.4542,3.5885,8.10002,-7.45416,9.5885,14.1],
[-9.77238,-6.03853,11.7497,-4.77238,-2.03853,16.7497]
],
"absorber_prisms": [
[0.117735,-14.3189,15.5609,5.11773,-11.3189,18.5609]
]
}