{
"time_step": 1e-05,
"number_of_molecules": 500000,
"diff_coef": 400,
"sim_time": 1.50417,
"absorbers": [
[0.554846,0.192043,12.9867,7],
[-2.95014,5.97718,-12.3114,6],
[-14.5115,9.75695,16.4384,6],
[2.86808,20.3977,7.727,5],
[10.4682,-11.5128,14.1022,7],
[12.7041,16.149,-4.33761,6],
[-6.22212,1.61957,-24.1591,6]
],
"reflectors": [
],
"reflector_prisms": [
],
"absorber_prisms": [
]
}