{"time_step": 1e-05, "number_of_molecules": 500000, "diff_coef": 100, "sim_time": 4.81667, "absorbers": [[-8.69173, 1.8629, 13.3035, 5], [-1.78828, -18.9083, 0.527749, 2], [-9.83569, -9.21929, 6.57753, 4]], "reflectors": [], "reflector_prisms": [], "absorber_prisms": [[-2.03282, -2.41645, 9.99965, 1.96718, 2.58355, 12.9996], [-21.1197, 0.861383, -0.0450327, -16.1197, 3.86138, 5.95497]], "line_of_sight": [[0, 0, 0, 0, 0, 500], [0, 0, 0, 0, 0, 501], [0, 0, 0, 0, 0, 501]]}