{
"time_step": 1e-05,
"number_of_molecules": 500000,
"diff_coef": 150,
"sim_time": 0.9,
"absorbers": [
[7.00961,12.4063,4.68502,6]
],
"reflectors": [
[0.222383,-16.1503,-10.0059,6],
[-13.3276,-14.6497,11.6945,6]
],
"reflector_prisms": [
[-1.26374,0.724773,10.0134,3.73626,5.72477,14.0134]
],
"absorber_prisms": [
[6.28925,4.90106,-20.521,9.28925,6.90106,-15.521]
]
}