{"time_step": 1e-05, "number_of_molecules": 500000, "diff_coef": 350, "sim_time": 1.54286, "absorbers": [[-13.3312, -10.0417, 3.23162, 4], [6.05716, 8.06737, -11.1008, 2], [12.0571, -17.3353, 6.17364, 4], [-1.86152, -11.3676, -12.5025, 5]], "reflectors": [], "reflector_prisms": [[-9.1996, 4.82845, 9.47804, -6.1996, 6.82845, 13.478]], "absorber_prisms": [], "line_of_sight": [[0, 0, 0, 0, 0, 499], [0, 0, 0, 0, 0, 499], [0, 0, 0, 0, 0, 501], [0, 0, 0, 0, 0, 502]]}