{"time_step": 1e-05, "number_of_molecules": 500000, "diff_coef": 350, "sim_time": 0.685714, "absorbers": [[3.73878, -5.85115, 15.5173, 5]], "reflectors": [[0.933704, 4.27175, -19.5162, 6], [6.61536, -12.2704, 5.53837, 3], [-2.00921, 12.9384, 12.3515, 2]], "reflector_prisms": [], "absorber_prisms": [], "line_of_sight": [[180, 0, 180, 0, 0, 498]]}