{
"time_step": 1e-05,
"number_of_molecules": 500000,
"diff_coef": 150,
"sim_time": 3.6,
"absorbers": [
[-2.25374,5.35635,8.13819,3],
[-14.068,-7.60719,-8.2597,6],
[13.7063,-2.78375,-7.7709,2],
[2.02736,-5.7164,-6.64925,3],
[-0.318264,1.02207,19.9713,2],
[13.2048,12.5416,-8.26686,6],
[-5.06383,6.33053,-19.3722,4],
[4.69086,15.2508,-5.86593,3]
],
"reflectors": [
[6.6427,-0.345008,-13.4445,3],
[-0.359852,1.32339,-12.9275,3],
[9.43247,-1.51487,22.0167,5],
[0.224603,-13.4273,3.9569,5],
[-7.0857,8.71107,-6.55059,3],
[5.45771,6.64481,12.2906,2]
],
"reflector_prisms": [
],
"absorber_prisms": [
]
}