{
"time_step": 1e-05,
"number_of_molecules": 500000,
"diff_coef": 250,
"sim_time": 1.92667,
"absorbers": [
[13.075,-15.7054,-10.5539,6],
[-5.83931,7.80319,11.4023,5],
[0.174232,3.60905,7.13754,3]
],
"reflectors": [
[0.138835,6.26521,21.0886,3]
],
"reflector_prisms": [
[-11.8678,-19.692,5.48133,-5.86784,-17.692,9.48133]
],
"absorber_prisms": [
]
}