{
"time_step": 1e-05,
"number_of_molecules": 500000,
"diff_coef": 50,
"sim_time": 9.63333,
"absorbers": [
[-0.223078,-0.296008,12.9947,2],
[-12.121,-6.58989,8.10275,5],
[2.30721,-6.05862,-11.2681,6],
[-7.3821,4.99788,-1.23526,2],
[-9.25064,2.35183,7.27287,3],
[-4.96743,-14.1385,-0.652901,2],
[9.25261,3.58844,-8.39716,5],
[2.12652,0.882302,18.86,2]
],
"reflectors": [
[-20.0355,0.92272,-6.2232,4],
[-2.62441,16.4216,3.52743,5],
[0.735047,18.6374,-3.62045,3],
[8.97447,7.29672,3.19637,6]
],
"reflector_prisms": [
],
"absorber_prisms": [
]
}