{"time_step": 1e-05, "number_of_molecules": 500000, "diff_coef": 250, "sim_time": 1.70667, "absorbers": [[-8.27201, 3.02758, -20.1596, 6]], "reflectors": [[16.0126, -5.72282, -5.90311, 2]], "reflector_prisms": [], "absorber_prisms": [[3.36104, 7.75653, -6.549, 6.36104, 9.75653, -2.549], [5.51094, 0.157867, -0.31238, 11.5109, 2.15787, 5.68762]], "line_of_sight": [[0, 0, 0, 0, 0, 499]]}