{
"time_step": 1e-05,
"number_of_molecules": 500000,
"diff_coef": 300,
"sim_time": 0.555556,
"absorbers": [
[0.210332,-2.70606,-14.7524,5]
],
"reflectors": [
[-5.2716,-3.27101,5.05082,3],
[0.710434,-1.08394,16.9505,6],
[1.27166,-6.99747,7.02981,3],
[7.409,-13.2856,-14.4776,5]
],
"reflector_prisms": [
[-12.8159,-6.32195,-4.10656,-7.8159,-3.32195,0.893436]
],
"absorber_prisms": [
]
}