{
"time_step": 1e-05,
"number_of_molecules": 500000,
"diff_coef": 350,
"sim_time": 0.57619,
"absorbers": [
[0.665114,-2.36402,13.7829,3]
],
"reflectors": [
[2.25287,10.5062,-18.0428,3]
],
"reflector_prisms": [
[-18.6048,-4.86416,-6.13122,-14.6048,1.13584,-0.131223],
[-2.40488,-0.0741419,5.80884,-0.404878,1.92586,8.80884],
[-3.09773,-3.93328,17.8433,2.90227,-0.933279,19.8433]
],
"absorber_prisms": [
[-10.0314,-13.4349,-6.50223,-7.03144,-10.4349,-3.50223]
]
}