{"time_step": 1e-05, "number_of_molecules": 500000, "diff_coef": 50, "sim_time": 8.53333, "absorbers": [[1.82857, 8.74017, -8.01659, 3], [10.1744, -14.0325, 7.78266, 3]], "reflectors": [], "reflector_prisms": [[-10.8549, -0.0693801, -0.49574, -4.85487, 2.93062, 1.50426], [6.5825, 5.03512, 16.177, 11.5825, 8.03512, 18.177]], "absorber_prisms": [[8.39947, 11.2426, 4.76416, 10.3995, 15.2426, 10.7642], [-16.8621, -8.21361, -5.79445, -13.8621, -4.21361, -1.79445]], "line_of_sight": [[0, 0, 0, 0, 0, 503], [0, 0, 0, 0, 0, 498]]}