{"time_step": 1e-05, "number_of_molecules": 500000, "diff_coef": 50, "sim_time": 7.5, "absorbers": [[5.78447, -1.1631, -8.07385, 4], [-8.12716, 6.91719, -7.42306, 6], [-5.53191, -4.35016, 20.844, 7], [8.65415, -6.78763, 6.93064, 7], [-8.48438, 12.3614, 13.2367, 6]], "reflectors": [], "reflector_prisms": [], "absorber_prisms": [], "line_of_sight": [[198, 198, 0, 0, 0, 499], [501, 501, 0, 0, 0, 501], [163, 163, 0, 0, 0, 503], [104, 104, 0, 0, 0, 501], [119, 119, 0, 0, 0, 497]]}