{"time_step": 1e-05, "number_of_molecules": 500000, "diff_coef": 400, "sim_time": 0.204167, "absorbers": [[-5.41272, -7.98625, -8.71334, 6]], "reflectors": [[-4.74738, 1.3568, 9.82962, 4], [-17.7097, 1.49734, 9.17189, 2], [-3.29621, 3.39536, -12.1081, 6], [-6.32197, -2.99278, 15.4944, 3], [-0.803816, -3.79557, 6.99625, 3]], "reflector_prisms": [], "absorber_prisms": [], "line_of_sight": [[0, 0, 0, 0, 0, 499]]}