{
"time_step": 1e-05,
"number_of_molecules": 500000,
"diff_coef": 400,
"sim_time": 1.35,
"absorbers": [
[-9.66928,18.5134,6.91081,7],
[3.25219,1.03411,24.766,7],
[0.872669,17.1148,15.3402,5],
[-4.17131,12.8207,-3.7722,6]
],
"reflectors": [
[7.7085,2.4821,3.9266,4]
],
"reflector_prisms": [
],
"absorber_prisms": [
]
}