{"time_step": 1e-05, "number_of_molecules": 500000, "diff_coef": 200, "sim_time": 1.875, "absorbers": [[-5.19593, 3.87528, 6.24376, 4], [-10.583, 0.911935, 16.946, 5]], "reflectors": [[10.6498, 2.69373, -0.569837, 3]], "reflector_prisms": [], "absorber_prisms": [[10.1858, -13.9172, 1.61743, 14.1858, -10.9172, 7.61743]], "line_of_sight": [[93, 93, 0, 0, 0, 498], [248, 248, 0, 0, 0, 500]]}