{
"time_step": 1e-05,
"number_of_molecules": 500000,
"diff_coef": 350,
"sim_time": 1.71905,
"absorbers": [
[-11.9226,4.19369,-3.04384,2],
[-0.0708886,3.9494,6.95681,2],
[-7.03256,9.43305,-17.3943,2],
[-0.454198,-3.79638,-17.5892,6]
],
"reflectors": [
[10.4555,-10.1344,3.60228,4],
[-0.767441,-20.5525,-4.24345,6],
[13.8195,-2.15874,-7.7693,2],
[-8.2198,1.29747,17.0807,2],
[5.01858,-1.7197,11.8683,3]
],
"reflector_prisms": [
],
"absorber_prisms": [
]
}