{"time_step": 1e-05, "number_of_molecules": 500000, "diff_coef": 50, "sim_time": 4.8, "absorbers": [[-5.77338, 3.99271, -14.378, 4]], "reflectors": [[0.44516, 1.45909, 13.9166, 4]], "reflector_prisms": [[-20.0039, 3.59862, 4.6218, -14.0039, 5.59862, 9.6218], [-11.7205, -13.2662, -9.94527, -6.72048, -8.26616, -6.94527], [-13.3721, -3.29274, 4.83165, -7.37206, 2.70726, 10.8316]], "absorber_prisms": [[-1.04844, -3.41366, 4.71173, 0.95156, -0.413661, 7.71173]], "line_of_sight": [[47, 0, 47, 0, 0, 501]]}