{"time_step": 1e-05, "number_of_molecules": 500000, "diff_coef": 250, "sim_time": 0.166667, "absorbers": [[2.42684, 6.44986, 5.78876, 4], [-1.25174, -6.94335, 7.08682, 5]], "reflectors": [], "reflector_prisms": [[-8.24445, 4.27132, -0.219256, -5.24445, 10.2713, 2.78074], [-3.24043, -15.1025, 6.5999, -1.24043, -10.1025, 12.5999]], "absorber_prisms": [[-3.72293, -1.13318, -15.9201, 2.27707, 3.86682, -13.9201], [13.314, 5.45087, -0.692587, 18.314, 9.45087, 2.30741]], "line_of_sight": [[0, 0, 0, 0, 0, 501], [0, 0, 0, 0, 0, 501]]}