{"time_step": 1e-05, "number_of_molecules": 500000, "diff_coef": 300, "sim_time": 1.8, "absorbers": [[-12.4145, 9.71864, 10.6033, 5], [-3.96822, 1.37563, -21.5954, 4]], "reflectors": [[0.280382, -14.714, 10.3644, 2]], "reflector_prisms": [], "absorber_prisms": [[0.0624475, 5.5628, -4.67675, 6.06245, 8.5628, 0.323251], [13.6246, 10.4054, -6.80092, 18.6246, 15.4054, -0.800915], [3.70449, -8.91784, -3.1595, 9.70449, -5.91784, 2.8405]], "line_of_sight": [[0, 0, 0, 0, 0, 500], [0, 0, 0, 0, 0, 500]]}