{
"time_step": 1e-05,
"number_of_molecules": 500000,
"diff_coef": 400,
"sim_time": 1.06667,
"absorbers": [
[-2.31767,14.551,6.2367,6],
[4.42117,-15.1056,10.643,6],
[0.811883,-0.74831,-20.971,5]
],
"reflectors": [
],
"reflector_prisms": [
],
"absorber_prisms": [
[-18.6248,11.7234,2.19123,-12.6248,14.7234,7.19123]
]
}