{"time_step": 1e-05, "number_of_molecules": 500000, "diff_coef": 200, "sim_time": 0.3, "absorbers": [[0.704776, 0.493082, 7.95363, 2]], "reflectors": [[-3.01717, -1.10595, -9.46961, 2]], "reflector_prisms": [], "absorber_prisms": [[-13.0368, -8.94726, 15.2879, -9.03685, -3.94726, 19.2879], [3.04491, -3.56187, 10.2447, 8.04491, 2.43813, 13.2447], [-20.0069, -11.2791, -4.18453, -16.0069, -5.27909, -1.18453]], "line_of_sight": [[148, 0, 148, 0, 0, 500]]}