{
"time_step": 1e-05,
"number_of_molecules": 500000,
"diff_coef": 250,
"sim_time": 2.40667,
"absorbers": [
[-3.16381,2.46202,15.4896,2],
[-0.836997,-0.894741,-15.953,3],
[15.5944,-3.92446,-11.8917,3],
[2.0876,8.21572,-12.3751,6],
[10.8994,12.4083,-16.0074,4],
[9.48173,10.2941,0.357867,3],
[-11.8698,2.1039,-11.9867,6],
[2.58158,-0.844561,13.734,4]
],
"reflectors": [
[-1.79046,18.8837,-1.09519,5],
[3.92962,-7.91659,-12.1196,5],
[18.4817,-0.494161,4.37981,4],
[11.5915,-12.435,-0.0918651,3],
[-0.289536,0.0089694,-6.994,2],
[-15.2997,2.47318,10.991,3]
],
"reflector_prisms": [
],
"absorber_prisms": [
]
}