{"time_step": 1e-05, "number_of_molecules": 500000, "diff_coef": 50, "sim_time": 7.5, "absorbers": [[0.844, -1.11709, 17.9455, 3]], "reflectors": [[16.0798, 1.02183, 11.8489, 5], [6.52427, 7.39889, 16.2385, 4], [7.83332, -12.675, 10.0987, 6]], "reflector_prisms": [[-9.42011, 14.0704, -12.2734, -4.42011, 16.0704, -6.27335]], "absorber_prisms": [[-12.8449, 11.0313, 6.1743, -7.84494, 15.0313, 12.1743]], "line_of_sight": [[0, 0, 0, 0, 0, 500]]}