{
"time_step": 1e-05,
"number_of_molecules": 500000,
"diff_coef": 350,
"sim_time": 1.54286,
"absorbers": [
[4.65364,23.105,4.52776,6],
[-2.54074,0.178277,-16.8081,5],
[-19.9139,9.20161,-1.66308,7],
[-13.2924,-4.06788,14.3793,6]
],
"reflectors": [
[6.56278,-10.2836,-4.49195,5],
[-6.1895,10.9689,8.147,7],
[24.2174,-7.06031,6.29847,7]
],
"reflector_prisms": [
],
"absorber_prisms": [
]
}