{
"time_step": 1e-05,
"number_of_molecules": 500000,
"diff_coef": 50,
"sim_time": 12.0333,
"absorbers": [
[3.74884,-6.20358,-8.27417,4],
[10.3924,3.77519,-10.1364,4],
[-7.17108,5.81883,-7.66269,4],
[7.5999,7.93212,0.568281,4],
[2.41491,-2.97858,17.5868,6],
[6.89568,19.7572,1.76116,6],
[24.2879,-2.13695,5.52559,6],
[-0.236554,10.787,5.25207,2]
],
"reflectors": [
],
"reflector_prisms": [
],
"absorber_prisms": [
]
}