{
"time_step": 1e-05,
"number_of_molecules": 500000,
"diff_coef": 400,
"sim_time": 1.20417,
"absorbers": [
[-0.648288,9.42338,19.8691,5],
[-0.236244,0.749355,9.96908,4],
[20.519,3.94273,2.10394,7],
[9.15041,-13.1439,-8.21625,5],
[-3.60846,19.0183,10.4538,7]
],
"reflectors": [
[7.20002,-2.43903,21.7074,6],
[4.62644,4.44833,-10.1394,5]
],
"reflector_prisms": [
],
"absorber_prisms": [
]
}