{"time_step": 1e-05, "number_of_molecules": 500000, "diff_coef": 300, "sim_time": 2.00556, "absorbers": [[-11.7569, -17.6066, 5.98195, 3]], "reflectors": [[4.40206, 9.87817, 2.01088, 3], [1.901, -6.54804, 8.63188, 4]], "reflector_prisms": [[-3.75864, -4.75479, -21.6717, -1.75864, 0.245207, -16.6717]], "absorber_prisms": [], "line_of_sight": [[0, 0, 0, 0, 0, 500]]}