{"time_step": 1e-05, "number_of_molecules": 500000, "diff_coef": 100, "sim_time": 5.4, "absorbers": [[6.28999, -10.6719, -11.6425, 6], [1.24899, -5.71682, -23.2757, 6], [-3.81273, -4.25786, 12.7802, 3], [4.55368, -9.96859, 0.944013, 3]], "reflectors": [[-5.13023, -10.9426, -11.9558, 5], [13.4007, 3.8091, -1.38235, 6], [-2.1083, -5.69719, 21.1447, 3], [-6.82723, -11.3654, -4.49629, 2], [-19.0872, 4.69187, 3.69652, 2]], "reflector_prisms": [], "absorber_prisms": [], "line_of_sight": [[20, 20, 0, 0, 0, 498], [34, 34, 0, 0, 0, 500], [111, 0, 111, 0, 0, 498], [0, 0, 0, 0, 0, 502]]}