{
"time_step": 1e-05,
"number_of_molecules": 500000,
"diff_coef": 100,
"sim_time": 4.26667,
"absorbers": [
[0.602555,-1.16577,11.928,7],
[-0.365219,-2.47526,-22.8635,7],
[10.0727,-13.4901,10.7962,4],
[0.917936,-12.3936,-13.0213,6],
[-8.55451,-5.98149,3.47017,5],
[4.15191,7.26189,-7.14329,6]
],
"reflectors": [
[4.6892,21.9416,-8.51923,5],
[-16.9881,3.19961,-7.88468,6]
],
"reflector_prisms": [
],
"absorber_prisms": [
]
}