{
"time_step": 1e-05,
"number_of_molecules": 500000,
"diff_coef": 250,
"sim_time": 1.92667,
"absorbers": [
[15.1481,-5.08157,-0.843572,4],
[8.95437,17.2399,-7.97517,4]
],
"reflectors": [
[-2.99577,-8.41828,10.7777,2],
[-13.052,13.1715,-7.49393,6]
],
"reflector_prisms": [
],
"absorber_prisms": [
[0.227447,-7.09515,-7.79896,2.22745,-2.09515,-3.79896]
]
}