{
"time_step": 1e-05,
"number_of_molecules": 500000,
"diff_coef": 350,
"sim_time": 0.933333,
"absorbers": [
[2.06661,-10.7206,-1.34109,6],
[7.32411,9.31193,-10.7538,2]
],
"reflectors": [
],
"reflector_prisms": [
[-4.2722,-6.46028,-22.0023,-1.2722,-0.460277,-17.0023]
],
"absorber_prisms": [
[13.8398,2.4226,-9.19589,16.8398,4.4226,-6.19589]
]
}