{"time_step": 1e-05, "number_of_molecules": 500000, "diff_coef": 50, "sim_time": 1.2, "absorbers": [[8.9914, -0.257697, -0.297088, 3]], "reflectors": [], "reflector_prisms": [], "absorber_prisms": [[-7.9615, 10.6568, 1.1487, -4.9615, 12.6568, 3.1487], [3.84683, -3.83353, 5.24922, 6.84683, 0.166474, 11.2492], [-5.51468, -6.28548, -14.5202, -0.514681, -2.28548, -12.5202], [-12.8038, 9.00643, -4.48807, -7.80383, 11.0064, 0.511928], [-4.87573, 3.23467, -7.78847, -1.87573, 8.23467, -2.78847]], "line_of_sight": [[0, 0, 0, 0, 0, 500]]}