{"time_step": 1e-05, "number_of_molecules": 500000, "diff_coef": 250, "sim_time": 1.5, "absorbers": [[6.42118, -13.5534, -0.27332, 4], [-3.76875, -3.31541, 17.286, 7], [18.4598, -2.62391, 7.23529, 6], [9.97206, 4.3687, -16.7771, 5]], "reflectors": [[-3.91327, -0.904552, -18.5706, 6]], "reflector_prisms": [], "absorber_prisms": [], "line_of_sight": [[0, 0, 0, 0, 0, 501], [231, 119, 112, 0, 0, 499], [0, 0, 0, 0, 0, 499], [275, 275, 0, 0, 0, 499]]}