{
"time_step": 1e-05,
"number_of_molecules": 500000,
"diff_coef": 300,
"sim_time": 0.355556,
"absorbers": [
[-7.14097,-10.8527,0.473849,5]
],
"reflectors": [
],
"reflector_prisms": [
[-16.8873,-17.2789,4.48829,-11.8873,-11.2789,6.48829]
],
"absorber_prisms": [
[1.73993,-4.71504,17.3147,6.73993,-1.71504,23.3147],
[3.4909,7.58145,-0.105628,7.4909,10.5814,5.89437],
[5.4538,-9.31147,-21.8054,11.4538,-3.31147,-16.8054]
]
}