{"time_step": 1e-05, "number_of_molecules": 500000, "diff_coef": 350, "sim_time": 1.07143, "absorbers": [[-16.9904, 7.982, 2.93495, 4], [-2.94376, -4.33386, -4.64241, 2]], "reflectors": [], "reflector_prisms": [[-3.37173, 3.22679, 8.38433, 2.62827, 8.22679, 10.3843], [6.85052, -10.0113, 2.02113, 11.8505, -5.01129, 5.02113], [6.98232, -1.64738, -9.02102, 12.9823, 4.35262, -4.02102]], "absorber_prisms": [], "line_of_sight": [[0, 0, 0, 0, 0, 500], [0, 0, 0, 0, 0, 501]]}