{
"time_step": 1e-05,
"number_of_molecules": 500000,
"diff_coef": 300,
"sim_time": 2.00556,
"absorbers": [
[-0.684127,-0.971964,23.9705,5],
[-6.11992,12.8203,9.33743,5],
[-16.8957,-8.65797,-0.757412,6],
[0.608425,-0.501417,14.9793,4],
[9.55855,7.81842,10.1738,5],
[2.36221,6.5001,-22.9819,5]
],
"reflectors": [
[10.8689,15.862,-5.50123,5],
[-21.5025,1.60328,10.5392,7],
[23.5094,1.14002,4.69124,5],
[-1.07366,-8.22222,-21.4533,7],
[12.4452,-7.79359,3.06229,5]
],
"reflector_prisms": [
],
"absorber_prisms": [
]
}