{
"time_step": 1e-05,
"number_of_molecules": 500000,
"diff_coef": 300,
"sim_time": 1.42222,
"absorbers": [
[20.0581,-7.93972,4.31667,6],
[-13.6254,11.4257,11.1715,6],
[-19.4905,-2.86374,9.79384,7],
[-0.994391,11.8915,-7.32149,4],
[-6.27622,-13.6862,-9.86394,6],
[6.40573,7.73567,4.48621,4]
],
"reflectors": [
[-6.04769,-1.87735,15.7766,7],
[5.61193,-4.31105,-9.69129,7],
[-0.822655,1.16858,-20.9513,7],
[6.34773,17.9005,12.9722,5],
[11.1031,-17.8246,-0.0684998,7]
],
"reflector_prisms": [
],
"absorber_prisms": [
]
}