{
"time_step": 1e-05,
"number_of_molecules": 500000,
"diff_coef": 400,
"sim_time": 0.3375,
"absorbers": [
[-10.3162,2.33694,3.01919,2]
],
"reflectors": [
[-0.771906,2.17276,-10.7556,3]
],
"reflector_prisms": [
[10.7808,1.04065,-15.8176,12.7808,6.04065,-11.8176],
[-6.85803,13.6869,6.52545,-2.85803,18.6869,8.52545]
],
"absorber_prisms": [
[3.39738,-19.9629,3.26534,9.39738,-16.9629,5.26534]
]
}