{"time_step": 1e-05, "number_of_molecules": 500000, "diff_coef": 250, "sim_time": 1.92667, "absorbers": [[14.3508, -7.29693, -8.05045, 6], [-13.8084, -1.654, -12.9458, 2]], "reflectors": [[-6.87044, 3.56055, 10.446, 3], [2.58329, -18.0647, 5.29088, 4], [1.30409, 8.7741, 4.61677, 4]], "reflector_prisms": [], "absorber_prisms": [], "line_of_sight": [[64, 0, 64, 0, 0, 499], [0, 0, 0, 0, 0, 501]]}