{
"time_step": 1e-05,
"number_of_molecules": 500000,
"diff_coef": 200,
"sim_time": 3.00833,
"absorbers": [
[3.09439,0.0316554,-23.7997,5],
[-0.293794,-11.4746,21.0772,6]
],
"reflectors": [
[9.4189,4.92525,-9.11187,3]
],
"reflector_prisms": [
],
"absorber_prisms": [
[17.8512,-6.95723,-3.05676,19.8512,-2.95723,1.94324]
]
}