{
"time_step": 1e-05,
"number_of_molecules": 500000,
"diff_coef": 200,
"sim_time": 3.00833,
"absorbers": [
[-3.03339,11.6823,19.5786,4],
[-0.134164,0.0372396,10.9991,6]
],
"reflectors": [
[-0.152365,0.23704,-20.9981,6],
[17.5471,7.6344,-8.64949,6],
[-8.20673,8.18233,-7.85487,2]
],
"reflector_prisms": [
],
"absorber_prisms": [
]
}