{
"time_step": 1e-05,
"number_of_molecules": 500000,
"diff_coef": 300,
"sim_time": 0.355556,
"absorbers": [
[2.4317,-2.20735,-8.37941,4],
[1.24767,11.6552,-7.65498,6]
],
"reflectors": [
[-14.6637,-0.124666,-17.7189,6],
[-5.71129,-1.96821,6.67138,2],
[0.457658,-12.1071,-8.84354,5]
],
"reflector_prisms": [
],
"absorber_prisms": [
]
}