{"time_step": 1e-05, "number_of_molecules": 500000, "diff_coef": 150, "sim_time": 0.711111, "absorbers": [[3.4815, -3.95478, 9.65603, 3], [-6.67772, 2.3917, -8.40761, 5]], "reflectors": [], "reflector_prisms": [[13.5041, 1.40466, -2.43463, 18.5041, 6.40466, 0.565368]], "absorber_prisms": [[-0.566336, 1.9929, -18.4233, 5.43366, 4.9929, -12.4233], [-7.95991, -5.26852, -8.0922, -4.95991, -3.26852, -6.0922], [-1.21297, -5.52367, 7.97122, 1.78703, -3.52367, 10.9712]], "line_of_sight": [[370, 312, 0, 58, 0, 503], [112, 112, 0, 0, 0, 498]]}