{
"time_step": 1e-05,
"number_of_molecules": 500000,
"diff_coef": 150,
"sim_time": 2.17778,
"absorbers": [
[-1.53218,-5.60021,-17.0379,4]
],
"reflectors": [
[1.89283,8.75126,20.0956,5],
[-0.569701,5.77558,-6.87882,2],
[10.9769,-4.60917,-1.50475,2],
[17.0572,6.77513,-4.91426,2]
],
"reflector_prisms": [
],
"absorber_prisms": [
]
}