{
"time_step": 1e-05,
"number_of_molecules": 500000,
"diff_coef": 400,
"sim_time": 1.35,
"absorbers": [
[12.8041,-14.0578,6.19939,4],
[-16.3728,6.99282,-14.5614,5],
[1.45808,4.90407,6.15013,3],
[-0.0903,-0.0278956,9.99955,2],
[-9.90914,-15.7857,-13.4767,5],
[17.2552,-11.9233,-1.04588,3],
[0.159306,2.3016,-9.73022,2],
[5.37831,9.53704,15.528,6]
],
"reflectors": [
],
"reflector_prisms": [
],
"absorber_prisms": [
]
}