{"time_step": 1e-05, "number_of_molecules": 500000, "diff_coef": 50, "sim_time": 12.0333, "absorbers": [[-0.301007, 5.56197, -12.8442, 6], [-0.672106, 0.326427, 13.98, 5], [-5.36462, 9.31904, 5.32694, 7], [12.6539, -16.0734, 14.371, 6], [0.325286, -10.5708, -5.67027, 7]], "reflectors": [[1.87632, -9.72948, 8.41526, 6], [10.7329, 2.84811, -10.0843, 5], [13.3689, -4.07952, 0.793248, 5], [15.0302, -21.2143, -0.209312, 7], [-12.1775, 11.0568, -11.3778, 5]], "reflector_prisms": [], "absorber_prisms": [], "line_of_sight": [[332, 164, 189, 0, 0, 501], [198, 198, 0, 0, 0, 498], [335, 218, 122, 0, 0, 499], [481, 39, 570, 0, 0, 503], [220, 220, 51, 0, 0, 499]]}