{
"time_step": 1e-05,
"number_of_molecules": 500000,
"diff_coef": 400,
"sim_time": 0.3375,
"absorbers": [
[4.03549,-2.68738,9.87384,2]
],
"reflectors": [
[-2.78352,-17.3243,-4.0151,5]
],
"reflector_prisms": [
[-3.98251,7.95584,-18.8181,2.01749,11.9558,-15.8181],
[12.1551,-10.1438,-13.7477,15.1551,-4.14377,-11.7477],
[-6.43057,-8.93235,-2.29773,-1.43057,-4.93235,3.70227],
[6.30858,1.64072,0.867146,12.3086,4.64072,2.86715]
],
"absorber_prisms": [
]
}