{"time_step": 1e-05, "number_of_molecules": 500000, "diff_coef": 250, "sim_time": 2.40667, "absorbers": [[15.2655, -2.32459, 14.2324, 2]], "reflectors": [[2.47772, 0.177846, 8.65039, 2], [-10.3675, -9.68756, -12.6359, 4]], "reflector_prisms": [[-2.4082, -1.87554, -16.9992, 2.5918, 2.12446, -11.9992], [-2.69807, 1.0772, 9.44059, 0.301929, 6.0772, 15.4406]], "absorber_prisms": [[-16.4312, -10.0948, -1.27082, -13.4312, -6.09482, 2.72918]], "line_of_sight": [[0, 0, 0, 0, 0, 500]]}