{
"time_step": 1e-05,
"number_of_molecules": 500000,
"diff_coef": 100,
"sim_time": 6.01667,
"absorbers": [
[-5.53634,-20.209,1.39465,4],
[-5.86322,0.512657,10.4575,7],
[-22.2682,3.68361,-12.9058,7],
[-15.6079,-9.14823,12.5181,4]
],
"reflectors": [
[-0.719152,10.8815,-1.4406,5],
[-0.427105,-0.279099,-19.9935,5],
[6.42408,4.77203,16.1232,4],
[1.37824,-12.55,-12.8296,4]
],
"reflector_prisms": [
],
"absorber_prisms": [
]
}