{
"time_step": 1e-05,
"number_of_molecules": 500000,
"diff_coef": 200,
"sim_time": 3.00833,
"absorbers": [
[-17.9105,16.4898,-9.12688,7]
],
"reflectors": [
[18.2587,13.6953,12.4523,7]
],
"reflector_prisms": [
],
"absorber_prisms": [
]
}