{
"time_step": 1e-05,
"number_of_molecules": 500000,
"diff_coef": 400,
"sim_time": 1.50417,
"absorbers": [
[2.80569,-0.0733284,9.59806,4],
[9.32228,-18.4473,7.53602,5],
[0.64091,-0.613841,-20.9812,2],
[1.54432,15.376,-7.0847,5],
[1.07424,11.3285,11.2478,4],
[-8.64475,5.01095,-8.31617,5],
[-0.602405,-5.23032,-4.61312,2],
[-5.52037,-4.35962,-12.1045,4]
],
"reflectors": [
[7.90497,19.0981,3.71146,4]
],
"reflector_prisms": [
],
"absorber_prisms": [
]
}