{
"time_step": 1e-05,
"number_of_molecules": 500000,
"diff_coef": 150,
"sim_time": 0.711111,
"absorbers": [
[-0.0597724,0.00881231,11.9998,4]
],
"reflectors": [
[8.35264,5.97137,-10.9351,4]
],
"reflector_prisms": [
],
"absorber_prisms": [
]
}