{
"time_step": 1e-05,
"number_of_molecules": 500000,
"diff_coef": 100,
"sim_time": 6.01667,
"absorbers": [
[4.71074,-1.18053,-9.86992,5],
[-9.44514,13.327,9.70473,4],
[8.6852,-9.67138,0.178032,3],
[-1.38268,-3.31096,-14.5645,2],
[1.71437,9.2977,-3.25787,3],
[-5.91425,4.84883,4.74452,2],
[-0.00416315,0.0742779,7.99965,3],
[16.4229,8.32857,-13.7813,4]
],
"reflectors": [
],
"reflector_prisms": [
],
"absorber_prisms": [
]
}