{
"time_step": 1e-05,
"number_of_molecules": 500000,
"diff_coef": 300,
"sim_time": 2.00556,
"absorbers": [
[-0.909615,5.92582,-6.71247,4],
[-1.91837,-9.94904,4.28211,5],
[-3.72909,4.91283,17.971,4],
[8.59755,-10.8519,2.07798,5],
[-12.3805,10.083,1.02771,6],
[21.2676,-8.69952,-1.00479,6],
[12.8926,0.477004,19.0408,4]
],
"reflectors": [
],
"reflector_prisms": [
],
"absorber_prisms": [
]
}