{
"time_step": 1e-05,
"number_of_molecules": 500000,
"diff_coef": 50,
"sim_time": 7.5,
"absorbers": [
[0.411056,6.63102,-6.0713,3],
[15.0558,-10.2405,10.4621,6]
],
"reflectors": [
],
"reflector_prisms": [
[-8.09384,-8.91233,-20.6505,-3.09384,-3.91233,-16.6505],
[6.18093,4.90389,10.6827,10.1809,6.90389,16.6827],
[-3.0503,-3.71381,-13.3965,0.949698,1.28619,-11.3965]
],
"absorber_prisms": [
]
}