{
"time_step": 1e-05,
"number_of_molecules": 500000,
"diff_coef": 250,
"sim_time": 1.92667,
"absorbers": [
[6.32749,3.59614,-19.6985,4]
],
"reflectors": [
[-9.55684,7.39006,-4.80144,6]
],
"reflector_prisms": [
],
"absorber_prisms": [
[-3.04264,0.760421,6.70713,-0.0426403,2.76042,11.7071],
[-0.898008,-3.30556,-15.9965,1.10199,2.69444,-13.9965],
[-16.9305,-14.9426,-11.6834,-14.9305,-9.94256,-5.68338]
]
}