{"time_step": 1e-05, "number_of_molecules": 500000, "diff_coef": 200, "sim_time": 1.63333, "absorbers": [[7.72162, -2.33783, 7.47738, 4], [-7.60636, -3.56173, -13.6183, 2]], "reflectors": [], "reflector_prisms": [[13.4741, -7.29359, 1.10487, 19.4741, -5.29359, 6.10487], [-13.0237, 8.78531, 2.42081, -10.0237, 10.7853, 4.42081], [0.345851, 4.21536, 4.0834, 6.34585, 8.21536, 10.0834]], "absorber_prisms": [[-2.23041, 0.0365094, 16.9299, -0.23041, 2.03651, 19.9299]], "line_of_sight": [[0, 0, 0, 0, 0, 499], [0, 0, 0, 0, 0, 499]]}