{
"time_step": 1e-05,
"number_of_molecules": 500000,
"diff_coef": 250,
"sim_time": 1.5,
"absorbers": [
[-3.83449,-0.515947,17.5793,6],
[9.24486,-6.75199,3.59767,6],
[1.69877,18.1128,-12.3709,7],
[5.35257,1.21572,-12.8791,4],
[2.04199,8.74615,10.7394,4]
],
"reflectors": [
[-8.13994,1.17215,-18.2309,6]
],
"reflector_prisms": [
],
"absorber_prisms": [
]
}