{"time_step": 1e-05, "number_of_molecules": 500000, "diff_coef": 50, "sim_time": 10.8, "absorbers": [[-1.05734, -1.47582, 12.8726, 3], [-10.1151, -14.5582, 13.0286, 4]], "reflectors": [[7.26304, -4.206, 22.4846, 5], [-6.61678, 1.33785, 20.9387, 4]], "reflector_prisms": [[-11.7088, 7.14456, 14.822, -9.70883, 13.1446, 17.822]], "absorber_prisms": [], "line_of_sight": [[143, 0, 143, 0, 0, 499], [0, 0, 0, 0, 0, 496]]}