{
"time_step": 1e-05,
"number_of_molecules": 500000,
"diff_coef": 150,
"sim_time": 3.21111,
"absorbers": [
[2.97292,7.24573,-7.72406,3],
[-6.87115,3.19231,15.2183,6],
[7.91451,5.05721,3.43295,2],
[15.3189,-1.65665,17.0759,6]
],
"reflectors": [
],
"reflector_prisms": [
[-8.52185,-4.85992,-12.4385,-6.52185,1.14008,-8.43851]
],
"absorber_prisms": [
]
}