{
"time_step": 1e-05,
"number_of_molecules": 500000,
"diff_coef": 100,
"sim_time": 6.01667,
"absorbers": [
[-2.0135,-14.01,7.46095,7],
[16.0331,-10.1889,-0.356133,6],
[-14.2319,3.54831,-3.14024,7],
[-4.81485,3.65611,-25.2874,7],
[-0.444502,4.5082,-11.1121,6],
[16.8517,15.0802,8.03795,7]
],
"reflectors": [
],
"reflector_prisms": [
],
"absorber_prisms": [
]
}