{"time_step": 1e-05, "number_of_molecules": 500000, "diff_coef": 100, "sim_time": 4.81667, "absorbers": [[-4.13102, 6.88595, -13.839, 5], [-7.19218, 17.9243, 5.19528, 4], [11.3255, 5.82577, -2.60657, 5], [2.36874, -2.10111, 13.6372, 3], [12.8477, -12.4233, 8.97777, 3], [-9.50082, 3.03244, 0.733959, 3], [3.78141, 2.40603, 8.93935, 2], [10.409, 14.8716, 12.4293, 6]], "reflectors": [[-2.80698, 4.00204, -7.55675, 2], [5.16831, -1.86341, -5.81517, 3], [6.11935, 3.37981, -17.6672, 6], [-9.02194, 18.6652, -9.96067, 5], [-15.2357, -3.02959, -3.83358, 3]], "reflector_prisms": [], "absorber_prisms": [], "line_of_sight": [[188, 111, 84, 0, 0, 497], [0, 0, 0, 0, 0, 500], [33, 0, 33, 0, 0, 499], [254, 208, 127, 0, 0, 502], [74, 0, 74, 0, 0, 495], [0, 0, 0, 0, 0, 500], [0, 0, 0, 0, 0, 500], [0, 0, 0, 0, 0, 499]]}