{"time_step": 1e-05, "number_of_molecules": 500000, "diff_coef": 200, "sim_time": 1.00833, "absorbers": [[4.05586, 14.7303, 4.75059, 5]], "reflectors": [[-1.01509, -4.93907, 9.77626, 2], [-6.41943, -9.69973, -10.9866, 4], [-13.3689, 21.0434, 1.85634, 6]], "reflector_prisms": [[9.10073, -1.15471, -5.4554, 12.1007, 0.845294, -3.4554], [-22.7161, -0.516557, -12.7112, -16.7161, 2.48344, -6.71121]], "absorber_prisms": [], "line_of_sight": [[32, 0, 32, 0, 0, 498]]}