{"time_step": 1e-05, "number_of_molecules": 500000, "diff_coef": 400, "sim_time": 0.6, "absorbers": [[9.62823, -8.39924, -11.2138, 5]], "reflectors": [], "reflector_prisms": [[-4.41526, 3.1211, 9.48374, 1.58474, 6.1211, 12.4837], [-6.9138, 1.16078, -7.39095, -2.9138, 6.16078, -4.39095], [-3.5873, -2.65095, 13.4445, 1.4127, 1.34905, 15.4445]], "absorber_prisms": [], "line_of_sight": [[0, 0, 0, 0, 0, 497]]}