{"time_step": 1e-05, "number_of_molecules": 500000, "diff_coef": 300, "sim_time": 1.8, "absorbers": [[-10.3039, -7.88108, -0.847725, 2], [-2.99123, 3.44912, -10.0078, 2], [18.7802, -14.7785, 2.21342, 6], [14.6124, 13.4172, 6.88889, 4]], "reflectors": [], "reflector_prisms": [[4.29337, 0.484605, -5.84798, 6.29337, 4.48461, -1.84798]], "absorber_prisms": [], "line_of_sight": [[87, 87, 0, 0, 0, 501], [0, 0, 0, 0, 0, 500], [0, 0, 0, 0, 0, 497], [64, 64, 0, 0, 0, 500]]}