{
"time_step": 1e-05,
"number_of_molecules": 500000,
"diff_coef": 50,
"sim_time": 12.0333,
"absorbers": [
[-6.89507,-7.6488,-13.526,5],
[9.73603,-14.9842,17.4838,6]
],
"reflectors": [
],
"reflector_prisms": [
],
"absorber_prisms": [
[7.58576,4.50705,6.18056,12.5858,10.5071,10.1806],
[4.46303,-6.65085,8.8937,10.463,-2.65085,12.8937],
[-13.0698,16.7255,-8.1528,-7.06978,20.7255,-3.1528],
[0.531396,-22.0871,-5.39723,5.5314,-20.0871,-0.397229]
]
}