{
"time_step": 1e-05,
"number_of_molecules": 500000,
"diff_coef": 150,
"sim_time": 1.6,
"absorbers": [
[7.57878,-16.2466,-1.61574,6]
],
"reflectors": [
[8.60651,-2.90199,-14.3703,3]
],
"reflector_prisms": [
[5.5449,17.7606,4.49036,9.5449,20.7606,10.4904]
],
"absorber_prisms": [
[-5.37166,13.7931,-5.65541,-3.37166,18.7931,-3.65541]
]
}