{"time_step": 1e-05, "number_of_molecules": 500000, "diff_coef": 350, "sim_time": 1.54286, "absorbers": [[20.052, 13.0579, 1.8459, 6], [2.52595, -0.0949522, 9.67526, 5]], "reflectors": [], "reflector_prisms": [], "absorber_prisms": [[-18.9116, -1.76041, 4.78856, -13.9116, 4.23959, 9.78856], [10.3559, -3.83967, -7.51371, 13.3559, -1.83967, -1.51371]], "line_of_sight": [[0, 0, 0, 0, 0, 499], [0, 0, 0, 0, 0, 501]]}