{"time_step": 1e-05, "number_of_molecules": 500000, "diff_coef": 300, "sim_time": 2.00556, "absorbers": [[-8.88609, 21.2466, 6.7542, 6], [-9.46587, -1.04992, -14.0817, 6], [15.4748, 8.99733, 1.89136, 4], [8.75479, -15.199, -13.2794, 3], [1.9905, 4.26689, -13.1845, 2], [-0.303179, 7.55161, 22.779, 6], [-9.93458, 9.12179, 3.75462, 6], [-3.06245, 13.2643, -20.9686, 6]], "reflectors": [[-5.38351, -12.8215, -7.91375, 2], [-0.195343, -0.968734, -15.9695, 2]], "reflector_prisms": [], "absorber_prisms": [], "line_of_sight": [[237, 247, 0, 0, 0, 502], [0, 0, 0, 0, 0, 502], [0, 0, 0, 0, 0, 501], [200, 221, 0, 0, 0, 500], [38, 38, 0, 0, 0, 502], [71, 0, 71, 0, 0, 499], [136, 139, 0, 0, 0, 500], [19, 19, 0, 0, 0, 500]]}