{"time_step": 1e-05, "number_of_molecules": 500000, "diff_coef": 400, "sim_time": 0.15, "absorbers": [[3.90372, 0.629157, -11.3298, 6]], "reflectors": [[14.3855, 3.2661, 2.71852, 6], [-3.99975, 8.05157, 0.41742, 3]], "reflector_prisms": [], "absorber_prisms": [[-7.66303, -8.58979, 0.998503, -1.66303, -5.58979, 4.9985], [-4.9393, -17.3128, 0.326235, -1.9393, -15.3128, 6.32624], [3.05661, -8.79446, -11.4057, 6.05661, -5.79446, -9.40568]], "line_of_sight": [[0, 0, 0, 0, 0, 501]]}