{"time_step": 1e-05, "number_of_molecules": 500000, "diff_coef": 400, "sim_time": 0.15, "absorbers": [[5.36275, -8.97135, -5.89541, 6]], "reflectors": [[10.5133, 0.463107, -7.63254, 4]], "reflector_prisms": [[-6.16585, 7.52718, -0.0598577, -4.16585, 10.5272, 2.94014]], "absorber_prisms": [[-6.10687, 4.30146, -6.90018, -4.10687, 8.30146, -0.900179], [-14.0332, -9.11509, -4.23506, -11.0332, -3.11509, 1.76494], [-1.1768, -18.5373, 7.58225, 1.8232, -12.5373, 10.5823]], "line_of_sight": [[0, 0, 0, 0, 0, 500]]}