{
"time_step": 1e-05,
"number_of_molecules": 500000,
"diff_coef": 100,
"sim_time": 5.4,
"absorbers": [
[4.91698,12.6346,-13.3113,7],
[-7.01521,2.22211,20.7328,4],
[-6.34126,-11.2671,1.35649,5],
[10.46,-0.975616,3.26135,6]
],
"reflectors": [
[5.1186,14.9067,8.69424,5],
[-6.39604,-4.12809,-23.8128,7],
[-19.092,3.56699,-4.77214,4]
],
"reflector_prisms": [
],
"absorber_prisms": [
]
}