{"time_step": 1e-05, "number_of_molecules": 500000, "diff_coef": 300, "sim_time": 0.2, "absorbers": [[-5.30655, -0.0313872, 7.26908, 3]], "reflectors": [[8.39033, 9.20918, -3.71395, 3], [1.36542, -1.70534, 16.859, 3]], "reflector_prisms": [[-0.199944, 2.97424, -16.7435, 5.80006, 4.97424, -13.7435]], "absorber_prisms": [[-1.60274, 6.7288, -14.5351, 2.39726, 9.7288, -10.5351], [12.9424, -2.84028, -1.20866, 18.9424, 0.159723, 0.791342]], "line_of_sight": [[0, 0, 0, 0, 0, 500]]}