{
"time_step": 1e-05,
"number_of_molecules": 500000,
"diff_coef": 250,
"sim_time": 0.54,
"absorbers": [
[8.32004,-6.18464,10.841,6]
],
"reflectors": [
[-9.1689,-9.72035,-4.17685,6],
[1.88021,3.86308,16.4481,4]
],
"reflector_prisms": [
[-10.4396,12.1787,4.71122,-4.43958,16.1787,6.71122]
],
"absorber_prisms": [
[0.680485,-2.83656,-13.882,2.68048,2.16344,-10.882]
]
}