{"time_step": 1e-05, "number_of_molecules": 500000, "diff_coef": 50, "sim_time": 2.7, "absorbers": [[0.824276, -5.55589, -10.6044, 3]], "reflectors": [[-1.86399, 21.8046, 2.25507, 3], [-2.75061, 1.74914, 13.6152, 4], [-9.78094, -2.35171, -14.9266, 6]], "reflector_prisms": [], "absorber_prisms": [[4.25603, 3.87604, -11.0048, 8.25603, 5.87604, -7.00479]], "line_of_sight": [[133, 0, 133, 0, 0, 502]]}