{
"time_step": 1e-05,
"number_of_molecules": 500000,
"diff_coef": 100,
"sim_time": 6.01667,
"absorbers": [
[12.1095,-10.6354,10.0621,2],
[-6.01556,19.3846,5.38987,2]
],
"reflectors": [
[-16.6765,9.67661,-5.31565,6],
[5.86474,5.89558,9.99234,3],
[-13.0145,4.67448,11.5227,5],
[1.44764,-1.58699,9.76657,4]
],
"reflector_prisms": [
],
"absorber_prisms": [
]
}