{
"time_step": 1e-05,
"number_of_molecules": 500000,
"diff_coef": 50,
"sim_time": 12.0333,
"absorbers": [
[5.32485,-1.54091,-20.2552,6],
[19.145,-8.79811,6.32959,3],
[-2.07041,14.0628,-9.3248,3],
[-7.94316,8.72971,5.44961,5],
[-1.70336,0.72697,-14.8852,3],
[-4.1874,-6.35342,-2.46975,2],
[-15.6256,-3.32584,5.81208,2],
[-1.29394,10.9195,-0.300089,4]
],
"reflectors": [
[-0.359972,0.373885,8.98502,4],
[-18.5675,9.07388,-3.73018,2],
[6.98245,-3.53693,4.44247,3],
[1.61685,-10.1901,21.669,5],
[1.08785,7.5073,12.9405,2]
],
"reflector_prisms": [
],
"absorber_prisms": [
]
}