{
"time_step": 1e-05,
"number_of_molecules": 500000,
"diff_coef": 150,
"sim_time": 0.277778,
"absorbers": [
[-5.96157,4.73874,4.79626,4]
],
"reflectors": [
[22.0293,-6.30755,1.98125,4],
[9.5586,5.43862,-4.80152,6]
],
"reflector_prisms": [
[0.134755,-0.773711,8.94408,2.13476,1.22629,14.9441],
[7.68794,-1.30832,-21.9253,12.6879,4.69168,-16.9253],
[2.55431,1.64936,8.58175,6.55431,7.64936,11.5818]
],
"absorber_prisms": [
]
}