{
"time_step": 1e-05,
"number_of_molecules": 500000,
"diff_coef": 200,
"sim_time": 2.13333,
"absorbers": [
[18.0004,-10.7955,-0.665732,5]
],
"reflectors": [
[1.47409,-10.2225,-3.78526,3],
[-0.701932,-0.0700278,-20.9881,6],
[21.1474,3.94701,4.60535,6]
],
"reflector_prisms": [
],
"absorber_prisms": [
[-11.1577,8.4246,-5.72891,-8.15775,10.4246,-1.72891],
[10.4508,-8.55797,11.7691,16.4508,-4.55797,14.7691]
]
}