{
"time_step": 1e-05,
"number_of_molecules": 500000,
"diff_coef": 250,
"sim_time": 2.16,
"absorbers": [
[-0.736923,1.32218,-14.9234,3],
[19.9708,-3.93723,10.7081,5],
[-15.6697,-16.8037,1.04669,5]
],
"reflectors": [
[-7.86846,4.38803,-4.33965,5]
],
"reflector_prisms": [
],
"absorber_prisms": [
[5.81483,0.743764,11.3977,8.81483,2.74376,13.3977]
]
}