{
"time_step": 1e-05,
"number_of_molecules": 500000,
"diff_coef": 150,
"sim_time": 1.34444,
"absorbers": [
[3.67324,-0.77054,12.4464,2],
[-10.6308,-1.73398,-13.1522,6],
[8.57304,-2.36141,-14.4889,6]
],
"reflectors": [
],
"reflector_prisms": [
[0.176783,-4.97278,-16.3552,6.17678,-0.972781,-12.3552]
],
"absorber_prisms": [
]
}