{"time_step": 1e-05, "number_of_molecules": 500000, "diff_coef": 100, "sim_time": 4.26667, "absorbers": [[-10.4366, 11.1344, -7.49007, 5], [-10.6762, 5.79133, 14.6109, 3]], "reflectors": [], "reflector_prisms": [[-0.88277, -0.566809, -17.9282, 2.11723, 3.43319, -15.9282], [-1.03797, 0.790716, 9.07842, 4.96203, 3.79072, 12.0784]], "absorber_prisms": [], "line_of_sight": [[0, 0, 0, 0, 0, 499], [0, 0, 0, 0, 0, 501]]}