{
"time_step": 1e-05,
"number_of_molecules": 500000,
"diff_coef": 200,
"sim_time": 3.00833,
"absorbers": [
[-20.877,-1.14995,6.84299,6],
[11.9967,-10.7998,13.4329,2]
],
"reflectors": [
[-2.31079,11.8146,4.90668,2]
],
"reflector_prisms": [
[7.67782,-10.9376,-12.158,12.6778,-7.9376,-9.15804]
],
"absorber_prisms": [
[-2.92479,0.809593,-11.5499,3.07521,4.80959,-5.54988]
]
}