{
"time_step": 1e-05,
"number_of_molecules": 500000,
"diff_coef": 400,
"sim_time": 0.504167,
"absorbers": [
[6.46624,-2.74217,10.9393,2]
],
"reflectors": [
[-12.8492,-10.1557,-11.4787,2]
],
"reflector_prisms": [
[0.532012,0.523838,-20.1861,5.53201,2.52384,-16.1861],
[5.25503,-15.9908,-8.0568,8.25503,-11.9908,-3.0568],
[11.4985,5.29609,-4.65644,16.4985,7.29609,0.343561],
[1.81576,-7.65448,-5.32499,6.81576,-2.65448,-1.32499]
],
"absorber_prisms": [
]
}