{"time_step": 1e-05, "number_of_molecules": 500000, "diff_coef": 350, "sim_time": 0.933333, "absorbers": [[-0.191781, -8.69258, 13.4314, 2], [-6.78008, 3.72909, 9.17193, 2]], "reflectors": [], "reflector_prisms": [], "absorber_prisms": [[-14.8935, 0.192126, 14.9312, -9.89351, 4.19213, 19.9312], [-1.25887, -0.382325, -13.7911, 0.741129, 4.61767, -7.79113], [4.77197, -15.9443, 5.82559, 6.77197, -11.9443, 9.82559], [6.23391, -6.85159, 7.79286, 12.2339, -0.851588, 11.7929]], "line_of_sight": [[0, 0, 0, 0, 0, 499], [0, 0, 0, 0, 0, 499]]}