{
"time_step": 1e-05,
"number_of_molecules": 500000,
"diff_coef": 300,
"sim_time": 1.60556,
"absorbers": [
[-5.04737,-6.13016,-13.8905,5],
[-13.8622,11.8737,-12.2823,5],
[-4.34319,4.15314,15.9025,5]
],
"reflectors": [
[13.4952,-5.12699,-10.7515,5],
[0.709157,-22.2887,8.87185,5],
[3.71815,-2.68115,20.4936,5]
],
"reflector_prisms": [
],
"absorber_prisms": [
]
}