{
"time_step": 1e-05,
"number_of_molecules": 500000,
"diff_coef": 250,
"sim_time": 1.5,
"absorbers": [
[3.04762,2.75171,11.2756,4],
[-5.77953,8.48906,-19.4559,7],
[-5.55856,-2.48328,-7.93321,4],
[-3.0631,-7.32055,11.5337,5],
[10.1646,-2.63249,-13.3698,6],
[6.62477,11.8459,8.47272,4]
],
"reflectors": [
[5.15327,15.873,-15.8269,5]
],
"reflector_prisms": [
],
"absorber_prisms": [
]
}