{
"time_step": 1e-05,
"number_of_molecules": 500000,
"diff_coef": 250,
"sim_time": 2.16,
"absorbers": [
[-4.67194,-2.60133,-12.9385,7],
[7.79801,-3.90661,10.9512,5],
[-8.9613,15.9912,4.99769,6],
[-10.1667,9.29428,-14.5002,6],
[0.64635,-15.0188,19.9755,7]
],
"reflectors": [
[7.84076,2.05231,19.3729,5]
],
"reflector_prisms": [
],
"absorber_prisms": [
]
}