{
"time_step": 1e-05,
"number_of_molecules": 500000,
"diff_coef": 200,
"sim_time": 1.875,
"absorbers": [
[-5.58784,-7.50729,-17.6753,5],
[10.6554,-6.98891,2.57263,2]
],
"reflectors": [
],
"reflector_prisms": [
[1.42361,-15.015,-5.76509,3.42361,-13.015,-3.76509],
[-0.513775,-9.50792,13.8923,5.48623,-4.50792,18.8923]
],
"absorber_prisms": [
]
}