{"time_step": 1e-05, "number_of_molecules": 500000, "diff_coef": 150, "sim_time": 1.34444, "absorbers": [[11.2803, -7.96312, 5.8603, 4]], "reflectors": [[2.1177, -2.72985, -20.7138, 2]], "reflector_prisms": [], "absorber_prisms": [[-9.95918, 0.719624, 13.9229, -5.95918, 2.71962, 15.9229], [-3.54469, 6.15851, 13.7199, -1.54469, 11.1585, 19.7199], [-13.9072, 5.29441, 10.8034, -8.90716, 10.2944, 13.8034]], "line_of_sight": [[0, 0, 0, 0, 0, 499]]}