{
"time_step": 1e-05,
"number_of_molecules": 500000,
"diff_coef": 250,
"sim_time": 1.92667,
"absorbers": [
[3.56958,-7.54205,-18.1762,3],
[-6.19218,5.96234,20.2511,5]
],
"reflectors": [
[-1.94266,-18.2365,4.96559,2],
[0.30066,0.0283472,-9.99544,5]
],
"reflector_prisms": [
[15.3608,-11.2728,6.58062,18.3608,-8.27275,11.5806]
],
"absorber_prisms": [
]
}