{"time_step": 1e-05, "number_of_molecules": 500000, "diff_coef": 100, "sim_time": 1.06667, "absorbers": [[-2.22659, 2.37407, -10.5074, 5], [10.4996, 1.41909, 5.63417, 4]], "reflectors": [], "reflector_prisms": [[10.163, 12.8468, 5.6824, 12.163, 14.8468, 7.6824]], "absorber_prisms": [[-6.63745, -4.14208, -8.95355, -1.63745, -2.14208, -6.95355], [-7.62682, -4.99192, 9.01167, -4.62682, -1.99192, 14.0117]], "line_of_sight": [[14, 0, 0, 14, 0, 500], [0, 0, 0, 0, 0, 501]]}