{"time_step": 1e-05, "number_of_molecules": 500000, "diff_coef": 250, "sim_time": 1.92667, "absorbers": [[0.0486643, -3.0436, 17.7407, 3], [7.17075, 5.2962, -10.7949, 3], [9.04604, -10.7197, -5.31573, 6], [2.04518, -5.55972, -21.1874, 5], [-13.0637, -0.394811, 5.0184, 2], [4.98163, -8.79083, 11.0862, 2], [10.3995, 2.82498, -2.20666, 3]], "reflectors": [[0.222656, 6.94494, -14.4124, 3], [9.69702, -5.69221, 8.34066, 4], [-3.99472, -0.649044, -12.354, 3]], "reflector_prisms": [], "absorber_prisms": [], "line_of_sight": [[121, 0, 121, 0, 0, 500], [0, 0, 0, 0, 0, 500], [0, 0, 0, 0, 0, 503], [14, 0, 14, 0, 0, 499], [212, 212, 0, 0, 0, 501], [0, 0, 0, 0, 0, 501], [74, 74, 0, 0, 0, 496]]}