{"time_step": 1e-05, "number_of_molecules": 500000, "diff_coef": 200, "sim_time": 0.408333, "absorbers": [[4.80073, 5.55931, -8.18823, 4]], "reflectors": [[0.324595, -1.14749, -12.9452, 4], [-8.60909, -5.92786, -22.71, 6], [-11.223, 10.2146, -7.66201, 6], [-10.5558, 1.25279, 11.9585, 2]], "reflector_prisms": [], "absorber_prisms": [], "line_of_sight": [[0, 0, 0, 0, 0, 500]]}