{"time_step": 1e-05, "number_of_molecules": 500000, "diff_coef": 150, "sim_time": 0.9, "absorbers": [[-11.6454, -4.43078, 3.70851, 4]], "reflectors": [[-4.25435, -5.91572, -14.2445, 3]], "reflector_prisms": [[3.21476, -8.4616, -1.63729, 6.21476, -4.4616, 1.36271]], "absorber_prisms": [[4.40332, -8.38555, -16.1074, 7.40332, -4.38555, -13.1074], [5.13597, 7.90439, -16.4008, 9.13597, 11.9044, -11.4008], [-4.57673, 2.58182, 8.60507, 0.423275, 7.58182, 11.6051]], "line_of_sight": [[0, 0, 0, 0, 0, 500]]}