{"time_step": 1e-05, "number_of_molecules": 500000, "diff_coef": 50, "sim_time": 4.8, "absorbers": [[0.0218962, -0.0977255, -11.9996, 7], [0.820529, 1.48341, 15.9099, 4]], "reflectors": [], "reflector_prisms": [], "absorber_prisms": [], "line_of_sight": [[8, 8, 0, 0, 0, 500], [501, 501, 0, 0, 0, 501]]}