{"time_step": 1e-05, "number_of_molecules": 500000, "diff_coef": 200, "sim_time": 3.00833, "absorbers": [[16.3399, -8.58574, -11.9704, 4], [23.0619, 3.54042, -8.97843, 6]], "reflectors": [[11.4432, 13.4101, -9.44589, 3]], "reflector_prisms": [], "absorber_prisms": [[-4.83298, 7.05704, 0.567122, 1.16702, 9.05704, 6.56712], [-10.2455, -12.7558, -12.0177, -7.24549, -7.75575, -7.01767]], "line_of_sight": [[0, 0, 0, 0, 0, 494], [0, 0, 0, 0, 0, 499]]}