{
"time_step": 1e-05,
"number_of_molecules": 500000,
"diff_coef": 400,
"sim_time": 1.35,
"absorbers": [
[20.7313,6.75268,2.93501,4]
],
"reflectors": [
],
"reflector_prisms": [
[-0.972286,-19.5599,8.74458,4.02771,-17.5599,12.7446],
[-1.92341,0.932307,-6.95661,0.076593,3.93231,-4.95661]
],
"absorber_prisms": [
[-0.419184,0.42167,-14.9013,1.58082,2.42167,-8.90132],
[-15.2573,5.62844,-0.611552,-10.2573,7.62844,4.38845],
[-5.66075,-9.76394,5.61165,-2.66075,-3.76394,9.61165]
]
}