{"time_step": 1e-05, "number_of_molecules": 500000, "diff_coef": 150, "sim_time": 0.4, "absorbers": [[4.70912, -6.98852, -8.54312, 6]], "reflectors": [[-14.0665, 2.9863, -15.3041, 6], [-14.5028, 12.4493, 5.8892, 3], [-6.73776, 7.68332, 10.9804, 6], [-0.934961, -0.0685587, 18.9769, 6], [-7.65125, -3.10581, 7.26721, 5]], "reflector_prisms": [], "absorber_prisms": [], "line_of_sight": [[203, 0, 207, 0, 0, 500]]}