{"time_step": 1e-05, "number_of_molecules": 500000, "diff_coef": 200, "sim_time": 0.533333, "absorbers": [[-7.48751, 3.12697, -3.89349, 3], [2.73312, 12.5645, -1.91404, 5], [0.26341, 0.945551, 10.9561, 4]], "reflectors": [], "reflector_prisms": [], "absorber_prisms": [[-11.6272, -6.41455, 4.1024, -6.62723, -0.41455, 6.1024]], "line_of_sight": [[0, 0, 0, 0, 0, 498], [0, 0, 0, 0, 0, 502], [0, 0, 0, 0, 0, 499]]}