{"time_step": 1e-05, "number_of_molecules": 500000, "diff_coef": 250, "sim_time": 2.40667, "absorbers": [[11.1422, -5.00736, 4.44726, 4], [-4.47473, -17.0731, 9.40672, 3], [1.26079, 6.92179, 7.10628, 4], [9.84113, -9.6932, -18.3901, 4], [6.84188, -0.809888, -16.6293, 4], [-2.94082, -6.97455, 21.7188, 4], [-5.28915, 6.65713, -14.721, 6], [-9.06013, -5.15413, 15.8855, 3]], "reflectors": [[-6.20215, -17.362, -13.7511, 4], [-10.1679, 6.05586, 5.37971, 5], [4.92067, 7.25986, -6.63939, 6], [-8.24264, 13.4556, 16.7334, 4], [-19.6272, 3.42154, -1.75079, 5], [2.56018, -2.64498, 10.3658, 3]], "reflector_prisms": [], "absorber_prisms": [], "line_of_sight": [[119, 0, 119, 0, 0, 499], [503, 0, 503, 0, 0, 503], [67, 0, 67, 0, 0, 503], [219, 0, 222, 0, 0, 501], [35, 35, 6, 0, 0, 500], [331, 106, 311, 0, 0, 498], [241, 44, 226, 0, 0, 505], [473, 59, 415, 0, 0, 500]]}