{
"time_step": 1e-05,
"number_of_molecules": 500000,
"diff_coef": 150,
"sim_time": 3.6,
"absorbers": [
[9.71756,-14.1641,15.2953,5],
[-0.301945,-2.2563,6.61951,2]
],
"reflectors": [
],
"reflector_prisms": [
[-15.9083,-5.68155,-4.9615,-12.9083,-1.68155,1.0385]
],
"absorber_prisms": [
[-9.12374,7.64536,6.34951,-5.12374,10.6454,9.34951]
]
}