{"time_step": 1e-05, "number_of_molecules": 500000, "diff_coef": 300, "sim_time": 0.8, "absorbers": [[2.34127, 2.17395, 13.6306, 2]], "reflectors": [[-13.3626, -11.9138, 1.8711, 4]], "reflector_prisms": [[7.33557, -19.5037, 2.45093, 11.3356, -16.5037, 8.45093], [-5.56018, -1.18565, -16.2114, -3.56018, 2.81435, -10.2114]], "absorber_prisms": [[-0.506583, -1.2025, -11.8556, 3.49342, 2.7975, -7.85564], [-16.0851, 4.48948, -0.92259, -13.0851, 8.48948, 3.07741]], "line_of_sight": [[0, 0, 0, 0, 0, 502]]}