{"time_step": 1e-05, "number_of_molecules": 500000, "diff_coef": 400, "sim_time": 1.50417, "absorbers": [[-22.4343, 2.46633, 8.16197, 5], [-1.52249, 5.43663, -12.8111, 7], [-2.81754, 1.39422, 22.7842, 5], [-1.27095, -9.53383, 12.7863, 4], [11.9068, -18.439, 6.87267, 4], [-1.26152, 7.32755, 15.2878, 4], [10.3842, 4.08824, -14.1228, 5]], "reflectors": [[7.83539, 2.37878, 12.5677, 4]], "reflector_prisms": [], "absorber_prisms": [], "line_of_sight": [[0, 0, 0, 0, 0, 501], [220, 177, 43, 0, 0, 499], [300, 300, 0, 0, 0, 504], [437, 437, 0, 0, 0, 501], [0, 0, 0, 0, 0, 497], [65, 65, 0, 0, 0, 497], [70, 70, 0, 0, 0, 500]]}