{"time_step": 1e-05, "number_of_molecules": 500000, "diff_coef": 250, "sim_time": 2.16, "absorbers": [[10.1254, -9.48531, -11.4676, 5], [-0.132426, 12.7635, 19.1331, 5]], "reflectors": [], "reflector_prisms": [], "absorber_prisms": [[-11.804, 15.6799, 2.09406, -6.80404, 19.6799, 7.09406], [-1.21545, -2.41303, -14.4903, 1.78455, 1.58697, -11.4903], [-2.9491, -3.39169, 5.37786, 3.0509, 0.608307, 10.3779]], "line_of_sight": [[0, 0, 0, 0, 0, 499], [0, 0, 0, 0, 0, 501]]}