{
"time_step": 1e-05,
"number_of_molecules": 500000,
"diff_coef": 400,
"sim_time": 1.20417,
"absorbers": [
[15.2805,0.529158,11.2794,2]
],
"reflectors": [
[9.81569,-8.76512,9.10082,4]
],
"reflector_prisms": [
[-9.40875,-5.48985,-3.9396,-5.40875,-3.48985,-0.939604],
[-16.4628,-1.99087,3.07643,-13.4628,4.00913,8.07643],
[0.0640352,15.789,-5.16419,3.06404,17.789,0.835814]
],
"absorber_prisms": [
]
}