{
"time_step": 1e-05,
"number_of_molecules": 500000,
"diff_coef": 300,
"sim_time": 0.355556,
"absorbers": [
[-3.56526,-2.60195,-8.97323,2]
],
"reflectors": [
[-3.47937,8.83793,-5.54842,6]
],
"reflector_prisms": [
[2.54291,-0.0656385,12.2898,6.54291,1.93436,17.2898],
[-4.46845,-8.57074,-8.12656,-0.468445,-5.57074,-5.12656],
[-10.7854,-2.78645,-19.7345,-5.78542,1.21355,-17.7345],
[-11.4425,-1.74333,3.7573,-9.44249,3.25667,5.7573]
],
"absorber_prisms": [
]
}