{
"time_step": 1e-05,
"number_of_molecules": 500000,
"diff_coef": 50,
"sim_time": 8.53333,
"absorbers": [
[-7.826,5.10063,17.6844,4],
[1.91734,-3.3698,19.6206,6]
],
"reflectors": [
],
"reflector_prisms": [
[-20.6496,7.37568,0.484383,-15.6496,13.3757,3.48438]
],
"absorber_prisms": [
[13.8121,-2.57134,-14.085,15.8121,-0.57134,-11.085]
]
}