{
"time_step": 1e-05,
"number_of_molecules": 500000,
"diff_coef": 50,
"sim_time": 9.63333,
"absorbers": [
[-2.60802,0.719593,-21.833,5]
],
"reflectors": [
],
"reflector_prisms": [
[8.42905,1.83292,10.0957,11.429,4.83292,14.0957],
[-8.77455,-13.7185,-2.86458,-5.77455,-8.71848,-0.864577]
],
"absorber_prisms": [
[4.77766,-16.8795,0.0615746,9.77766,-14.8795,2.06157],
[-5.46154,-4.96197,-18.8264,-0.461535,-2.96197,-16.8264],
[15.8038,-1.34931,-3.92807,20.8038,3.65069,-0.928072]
]
}