{"time_step": 1e-05, "number_of_molecules": 500000, "diff_coef": 50, "sim_time": 8.53333, "absorbers": [[-5.05053, 0.948982, -21.3914, 6]], "reflectors": [], "reflector_prisms": [[7.99172, 7.17154, -4.80361, 9.99172, 12.1715, -0.803607]], "absorber_prisms": [[-12.0594, -8.70836, -11.6197, -9.05936, -5.70836, -7.61975], [7.99255, 4.35532, -5.38447, 9.99255, 6.35532, -1.38447]], "line_of_sight": [[0, 0, 0, 0, 0, 498]]}