{"time_step": 1e-05, "number_of_molecules": 500000, "diff_coef": 100, "sim_time": 6.01667, "absorbers": [[-13.125, -2.88638, 21.0809, 6]], "reflectors": [[1.84825, 0.658638, 10.8236, 5], [6.61981, -21.0131, -9.5198, 5]], "reflector_prisms": [], "absorber_prisms": [[-19.4385, -8.48714, -1.88545, -14.4385, -3.48714, 4.11455]], "line_of_sight": [[0, 0, 0, 0, 0, 502]]}