{
"time_step": 1e-05,
"number_of_molecules": 500000,
"diff_coef": 100,
"sim_time": 4.26667,
"absorbers": [
[-6.66579,-8.22341,-2.99046,2],
[13.424,-0.279891,6.68711,2],
[15.4904,-1.40671,14.1091,5]
],
"reflectors": [
],
"reflector_prisms": [
[1.96398,4.90236,-11.1847,4.96398,8.90236,-7.18468]
],
"absorber_prisms": [
[4.15286,9.95852,2.97467,10.1529,11.9585,6.97467]
]
}