{
"time_step": 1e-05,
"number_of_molecules": 500000,
"diff_coef": 250,
"sim_time": 0.24,
"absorbers": [
[-9.32749,4.86766,-3.20997,6],
[-3.41256,-8.75527,-5.71836,5]
],
"reflectors": [
[1.60677,10.841,8.71149,4]
],
"reflector_prisms": [
[7.0501,-9.77444,-18.6975,11.0501,-3.77444,-16.6975],
[16.3678,-5.04135,8.93551,20.3678,0.958653,14.9355]
],
"absorber_prisms": [
]
}