{
"time_step": 1e-05,
"number_of_molecules": 500000,
"diff_coef": 400,
"sim_time": 1.06667,
"absorbers": [
[3.00668,7.46454,7.49937,6],
[-7.94382,-4.83479,16.5687,6],
[-16.4957,-8.70875,-3.61233,6],
[14.5625,12.9461,7.83148,5]
],
"reflectors": [
[5.0095,19.6723,5.37636,4]
],
"reflector_prisms": [
],
"absorber_prisms": [
]
}