{"time_step": 1e-05, "number_of_molecules": 500000, "diff_coef": 350, "sim_time": 1.54286, "absorbers": [[10.7954, -1.77695, 4.92969, 4], [-2.18112, 12.8012, 12.4649, 3], [0.380238, -3.42891, -20.7147, 3]], "reflectors": [[0.906806, -0.142362, -9.95778, 2]], "reflector_prisms": [], "absorber_prisms": [[9.49452, 9.64113, 4.22286, 13.4945, 12.6411, 7.22286]], "line_of_sight": [[0, 0, 0, 0, 0, 505], [0, 0, 0, 0, 0, 498], [257, 0, 257, 0, 0, 500]]}