{
"time_step": 1e-05,
"number_of_molecules": 500000,
"diff_coef": 350,
"sim_time": 1.71905,
"absorbers": [
[-0.163231,-0.126399,19.9989,2],
[-2.26788,0.354025,-12.7958,4],
[-18.1588,-13.1245,11.0908,6],
[6.81142,-2.23512,9.62335,2],
[9.87467,-6.94699,17.1823,2],
[-15.3838,5.2104,7.75831,4],
[20.5869,-6.49611,-4.24016,4]
],
"reflectors": [
[-9.62599,-4.03311,-3.47481,6],
[-7.19376,9.83526,-17.1031,4],
[-18.6954,0.0700277,-3.3877,3],
[-9.67116,2.63873,18.4528,4]
],
"reflector_prisms": [
],
"absorber_prisms": [
]
}