{"time_step": 1e-05, "number_of_molecules": 500000, "diff_coef": 100, "sim_time": 2.81667, "absorbers": [[-0.984875, -9.8575, 11.2632, 2]], "reflectors": [[-3.10284, 2.22643, 8.14956, 3], [5.11584, 9.45825, 10.458, 4]], "reflector_prisms": [[-5.46485, -5.89635, 4.4937, -0.464853, -0.896347, 7.4937], [10.2935, -7.00352, -11.0166, 15.2935, -5.00352, -6.01663], [-13.5546, -3.0433, 6.53998, -10.5546, 1.9567, 9.53998]], "absorber_prisms": [], "line_of_sight": [[267, 0, 0, 0, 267, 498]]}