{"time_step": 1e-05, "number_of_molecules": 500000, "diff_coef": 250, "sim_time": 1.92667, "absorbers": [[0.280933, -0.53161, -8.97989, 4], [-0.00803827, -0.786565, 8.96556, 2], [-6.87703, -0.427053, 11.0238, 2], [-2.99474, -19.4608, 3.50821, 5], [-6.74133, 15.4844, 6.22796, 5], [-4.66256, 1.5957, -19.3834, 3], [-11.332, 6.32035, 7.52584, 4], [-3.77731, 3.40192, -11.9649, 2]], "reflectors": [[23.4762, 3.71329, 3.32844, 6]], "reflector_prisms": [], "absorber_prisms": [], "line_of_sight": [[116, 131, 0, 0, 0, 498], [501, 629, 0, 0, 0, 501], [126, 126, 0, 0, 0, 499], [0, 0, 0, 0, 0, 498], [0, 0, 0, 0, 0, 500], [503, 827, 0, 0, 0, 503], [0, 0, 0, 0, 0, 503], [221, 397, 0, 0, 0, 500]]}