{
"time_step": 1e-05,
"number_of_molecules": 500000,
"diff_coef": 400,
"sim_time": 0.504167,
"absorbers": [
[-1.48124,-2.59164,-13.6781,3]
],
"reflectors": [
[0.733343,-0.396517,13.9752,5]
],
"reflector_prisms": [
[-1.76274,-7.60479,-9.57176,3.23726,-4.60479,-3.57176],
[-17.5896,-9.9398,-8.93614,-11.5896,-3.9398,-6.93614]
],
"absorber_prisms": [
[-10.3641,-10.2562,-5.29542,-7.36414,-5.25617,0.704581],
[-5.37143,4.81342,-9.28334,0.628573,6.81342,-6.28334]
]
}