{
"time_step": 1e-05,
"number_of_molecules": 500000,
"diff_coef": 200,
"sim_time": 1.63333,
"absorbers": [
[3.72974,-5.34259,17.8479,5]
],
"reflectors": [
],
"reflector_prisms": [
[-4.2215,4.01079,-14.0154,1.7785,6.01079,-12.0154]
],
"absorber_prisms": [
[-8.21963,-6.11386,6.14894,-4.21963,-1.11386,9.14894],
[-2.73147,-0.992692,-8.99642,2.26853,1.00731,-5.99642],
[-19.206,6.03916,6.14025,-15.206,8.03916,11.1402],
[-11.9411,-10.119,2.2207,-9.94114,-6.11903,4.2207]
]
}