{"time_step": 1e-05, "number_of_molecules": 500000, "diff_coef": 250, "sim_time": 0.666667, "absorbers": [[-0.448209, 9.78449, -8.54768, 6], [3.46509, -5.75017, 13.4138, 5]], "reflectors": [[-6.83758, -6.97899, -6.96715, 3], [7.29664, -15.4722, 8.26868, 2], [-5.43878, 11.3653, 15.5322, 5], [4.03486, -20.0076, -8.21075, 5]], "reflector_prisms": [], "absorber_prisms": [], "line_of_sight": [[151, 118, 33, 0, 0, 497], [201, 201, 0, 0, 0, 497]]}