{"time_step": 1e-05, "number_of_molecules": 500000, "diff_coef": 250, "sim_time": 0.666667, "absorbers": [[-10.9159, 6.53157, -2.68004, 3]], "reflectors": [], "reflector_prisms": [[-2.72952, -1.17145, -16.8702, 1.27048, 4.82855, -12.8702]], "absorber_prisms": [[-17.5247, 5.49399, 0.082283, -12.5247, 7.49399, 4.08228], [-5.7364, 5.99553, 11.5297, -1.7364, 9.99553, 17.5297], [-16.3068, 2.40666, 0.177724, -14.3068, 4.40666, 6.17772], [-20.9005, 0.790935, -12.4886, -16.9005, 3.79093, -7.48857]], "line_of_sight": [[0, 0, 0, 0, 0, 500]]}