{"time_step": 1e-05, "number_of_molecules": 500000, "diff_coef": 50, "sim_time": 10.8, "absorbers": [[-1.13832, -15.941, -0.767856, 5], [1.80488, -6.64992, -1.23329, 2], [-11.9452, -0.023236, 1.14549, 6], [12.6407, 3.03491, -0.0327758, 3], [-3.41551, -20.7402, -11.5835, 6], [4.13188, -2.60273, 16.2835, 6], [-8.56284, -10.5197, 6.40425, 2]], "reflectors": [[-22.7422, 1.54018, 3.06917, 4], [-1.80436, 5.85439, -19.0387, 2], [1.65808, 12.2809, 14.4025, 5], [5.82708, 8.29946, -19.5234, 4], [7.37021, -14.1024, 12.1163, 2], [0.0499199, -0.724441, -15.9835, 5], [16.8156, 5.88703, 9.08728, 4]], "reflector_prisms": [], "absorber_prisms": [], "line_of_sight": [[207, 211, 0, 0, 0, 501], [184, 193, 0, 0, 0, 503], [63, 26, 37, 0, 0, 500], [501, 501, 66, 0, 0, 501], [239, 119, 131, 0, 0, 499], [178, 0, 181, 0, 0, 501], [0, 0, 0, 0, 0, 497]]}