{
"time_step": 1e-05,
"number_of_molecules": 500000,
"diff_coef": 50,
"sim_time": 1.63333,
"absorbers": [
[-10.1709,7.85231,1.97324,6]
],
"reflectors": [
[10.9806,-4.45255,1.8979,4]
],
"reflector_prisms": [
[-1.82435,-1.73454,8.97065,1.17565,0.265465,12.9707],
[-2.74392,-2.68895,-17.4678,1.25608,1.31105,-14.4678]
],
"absorber_prisms": [
]
}