{
"time_step": 1e-05,
"number_of_molecules": 500000,
"diff_coef": 200,
"sim_time": 1.875,
"absorbers": [
[10.8571,-10.9393,-4.29589,5],
[-5.85876,-6.00096,-3.26549,2],
[-2.73912,10.0266,-5.9971,5],
[-5.76735,1.45904,12.6732,5],
[-1.47057,-4.82049,-6.21292,3],
[11.8561,-7.68798,5.03258,4],
[3.43835,-2.71684,-16.4255,2]
],
"reflectors": [
[-6.10321,10.2905,19.6432,5],
[-0.784778,-4.41893,7.8011,2]
],
"reflector_prisms": [
],
"absorber_prisms": [
]
}