{"time_step": 1e-05, "number_of_molecules": 500000, "diff_coef": 250, "sim_time": 0.96, "absorbers": [[6.11834, 2.46266, 15.6685, 5]], "reflectors": [[-1.64102, 3.35591, -10.3463, 2], [-2.63946, -2.76498, 14.5048, 4], [0.106073, -3.53927, -12.5085, 5], [6.95627, 8.51236, -8.66891, 3]], "reflector_prisms": [[-6.61426, -11.2304, 17.5131, -0.614265, -7.23042, 19.5131]], "absorber_prisms": [], "line_of_sight": [[200, 0, 200, 0, 0, 503]]}