{"time_step": 1e-05, "number_of_molecules": 500000, "diff_coef": 100, "sim_time": 2.01667, "absorbers": [[1.70428, -15.0036, 5.29043, 6], [9.81252, 4.93996, -4.82817, 6], [-9.14861, 5.40868, 13.2683, 6]], "reflectors": [], "reflector_prisms": [[-2.23647, -2.09312, -11.9659, 3.76353, 2.90688, -9.96592]], "absorber_prisms": [[-0.612769, -6.58003, -21.8925, 4.38723, -2.58003, -17.8925]], "line_of_sight": [[0, 0, 0, 0, 0, 502], [0, 0, 0, 0, 0, 504], [0, 0, 0, 0, 0, 499]]}