{
"time_step": 1e-05,
"number_of_molecules": 500000,
"diff_coef": 300,
"sim_time": 1.8,
"absorbers": [
[7.06679,3.53364,20.5323,4],
[1.30385,-2.202,-8.62851,2]
],
"reflectors": [
[7.18612,-6.3249,11.548,2]
],
"reflector_prisms": [
[-6.85909,-3.23305,7.10042,-4.85909,2.76695,9.10042]
],
"absorber_prisms": [
[-1.01628,-3.08549,-16.9651,2.98372,2.91451,-10.9651]
]
}