{"time_step": 1e-05, "number_of_molecules": 500000, "diff_coef": 150, "sim_time": 0.544444, "absorbers": [[1.57428, -10.8023, 7.05915, 6]], "reflectors": [], "reflector_prisms": [[-12.4348, -1.72427, -15.7952, -9.43483, 2.27573, -12.7952], [7.8337, -1.24574, -9.18096, 13.8337, 1.75426, -5.18096], [-9.01398, -3.35781, -15.1861, -5.01398, -1.35781, -13.1861], [-9.10107, -3.03885, -8.65727, -7.10107, -0.0388492, -2.65727], [-4.43605, 0.518929, -12.3348, 0.563948, 5.51893, -6.33476]], "absorber_prisms": [], "line_of_sight": [[0, 0, 0, 0, 0, 499]]}