{
"time_step": 1e-05,
"number_of_molecules": 500000,
"diff_coef": 350,
"sim_time": 1.71905,
"absorbers": [
[-7.0771,8.09605,-7.30538,4],
[3.80491,11.3977,4.96145,4],
[7.05633,2.82823,15.2056,6],
[9.26331,-14.2292,-0.849774,2],
[0.652954,-0.124139,-13.9842,2],
[5.45138,-11.98,-16.3634,6],
[-7.63316,-2.30931,7.57641,6],
[-8.59466,-3.31579,-23.2409,6]
],
"reflectors": [
[-0.137722,1.0794,8.93398,2],
[0.733493,-10.2853,20.5591,6],
[8.60952,-11.7951,13.6657,4],
[-17.887,-4.62007,-7.66217,2],
[14.9703,-0.491951,-9.98246,5]
],
"reflector_prisms": [
],
"absorber_prisms": [
]
}