{
"time_step": 1e-05,
"number_of_molecules": 500000,
"diff_coef": 100,
"sim_time": 2.4,
"absorbers": [
[5.62344,0.545053,-14.9693,5],
[10.8286,3.29915,12.683,5]
],
"reflectors": [
],
"reflector_prisms": [
[-2.01628,-4.05246,-17.8499,0.983717,-0.0524604,-11.8499],
[-2.95011,-2.04438,-22.9929,3.04989,0.955619,-18.9929]
],
"absorber_prisms": [
]
}