{"time_step": 1e-05, "number_of_molecules": 500000, "diff_coef": 350, "sim_time": 0.57619, "absorbers": [[12.135, 5.04577, 4.82526, 3]], "reflectors": [[-6.16388, -18.3598, -4.99258, 5], [11.8317, 2.20415, 13.3848, 5]], "reflector_prisms": [], "absorber_prisms": [[1.99577, -0.188065, 4.11731, 3.99577, 2.81193, 7.11731], [-8.23398, 0.795364, -14.1188, -3.23398, 3.79536, -12.1188]], "line_of_sight": [[0, 0, 0, 0, 0, 501]]}