{"time_step": 1e-05, "number_of_molecules": 500000, "diff_coef": 250, "sim_time": 1.30667, "absorbers": [[6.82778, 2.86585, 18.5787, 6]], "reflectors": [[8.19394, 7.18027, 7.09246, 5], [-21.8437, -5.59948, -4.52754, 6]], "reflector_prisms": [[-1.37378, -9.88521, -4.4273, 1.62622, -7.88521, 1.5727]], "absorber_prisms": [], "line_of_sight": [[51, 0, 51, 0, 0, 501]]}