{"time_step": 1e-05, "number_of_molecules": 500000, "diff_coef": 100, "sim_time": 0.416667, "absorbers": [[7.47857, 0.98531, 2.6646, 3]], "reflectors": [], "reflector_prisms": [[13.1065, -11.0553, -2.25197, 15.1065, -6.05534, 1.74803]], "absorber_prisms": [[-6.35503, 7.28922, -10.2131, -2.35503, 12.2892, -6.21309], [0.596295, -12.3653, -16.5659, 3.59629, -8.36534, -12.5659], [-11.8001, -7.93105, -6.49177, -7.80015, -5.93105, -3.49177], [-6.8859, -8.3077, -7.16425, -2.8859, -4.3077, -1.16425]], "line_of_sight": [[0, 0, 0, 0, 0, 499]]}