{"time_step": 1e-05, "number_of_molecules": 500000, "diff_coef": 50, "sim_time": 6.53333, "absorbers": [[-2.50403, -10.4897, 2.16689, 6], [-2.98092, 2.89912, -10.1838, 6], [-2.33473, 17.4521, 7.13955, 5], [-2.86699, 5.09638, 15.9627, 4], [13.7881, -12.841, -2.44876, 6], [-0.340372, -0.552121, 8.9766, 4]], "reflectors": [[-5.25479, -10.3374, -17.5079, 7], [9.52096, -4.03542, -17.1192, 7], [5.32374, 14.0874, 18.6869, 5], [-4.1772, 11.378, -4.70026, 4], [-19.844, -0.622337, 2.414, 4]], "reflector_prisms": [], "absorber_prisms": [], "line_of_sight": [[148, 58, 90, 0, 0, 503], [211, 200, 77, 0, 0, 499], [140, 140, 0, 0, 0, 499], [437, 372, 318, 0, 0, 498], [0, 0, 0, 0, 0, 500], [447, 366, 185, 0, 0, 499]]}