{"time_step": 1e-05, "number_of_molecules": 500000, "diff_coef": 300, "sim_time": 2.00556, "absorbers": [[-4.77364, -19.6112, -8.75291, 3], [-12.152, 10.1077, 6.25812, 2]], "reflectors": [[1.93254, -1.24279, -14.823, 5]], "reflector_prisms": [], "absorber_prisms": [[-8.86787, 1.11315, -1.34913, -5.86787, 5.11315, 1.65087]], "line_of_sight": [[0, 0, 0, 0, 0, 500], [0, 0, 0, 0, 0, 501]]}