{"time_step": 1e-05, "number_of_molecules": 500000, "diff_coef": 300, "sim_time": 0.272222, "absorbers": [[-0.956433, -8.2243, -7.24197, 6], [3.08033, -4.86476, 8.17592, 3]], "reflectors": [], "reflector_prisms": [[-15.3249, -8.6165, -14.3248, -11.3249, -2.6165, -10.3248], [-10.0753, 5.4477, -10.085, -8.07535, 8.4477, -6.08502]], "absorber_prisms": [], "line_of_sight": [[0, 0, 0, 0, 0, 498], [0, 0, 0, 0, 0, 500]]}