{"time_step": 1e-05, "number_of_molecules": 500000, "diff_coef": 250, "sim_time": 2.40667, "absorbers": [[-19.3539, 13.3049, -4.94018, 5], [-5.21917, -18.8889, 3.99605, 7], [-6.10093, -3.14146, -15.5535, 5], [5.46333, -8.08666, 17.4573, 6]], "reflectors": [[-8.26823, -12.6793, -9.74017, 5], [3.70486, 6.61065, 17.4234, 7], [3.85844, -0.719823, -9.19751, 4]], "reflector_prisms": [], "absorber_prisms": [], "line_of_sight": [[0, 0, 0, 0, 0, 499], [0, 0, 0, 0, 0, 501], [291, 0, 291, 0, 0, 499], [0, 0, 0, 0, 0, 501]]}