{
"time_step": 1e-05,
"number_of_molecules": 500000,
"diff_coef": 100,
"sim_time": 0.816667,
"absorbers": [
[-6.84205,1.86607,-9.68009,5]
],
"reflectors": [
[5.38075,15.4177,9.71299,2],
[10.7779,18.6156,4.61474,6]
],
"reflector_prisms": [
[-9.80429,-7.28721,4.66908,-5.80429,-3.28721,6.66908]
],
"absorber_prisms": [
]
}