{"time_step": 1e-05, "number_of_molecules": 500000, "diff_coef": 350, "sim_time": 0.119048, "absorbers": [[3.40448, 5.90136, -8.63617, 6]], "reflectors": [[15.9495, 4.15785, -4.16224, 5]], "reflector_prisms": [[-3.69506, 9.53222, 8.52142, -0.695062, 14.5322, 10.5214], [2.7775, 14.8849, -15.5751, 6.7775, 17.8849, -10.5751], [-1.80858, 17.6516, -5.0207, 4.19142, 21.6516, -2.0207], [-3.86952, 3.3438, -8.67789, -1.86952, 9.3438, -5.67789]], "absorber_prisms": [], "line_of_sight": [[46, 0, 0, 0, 46, 503]]}