{"time_step": 1e-05, "number_of_molecules": 500000, "diff_coef": 350, "sim_time": 0.804762, "absorbers": [[-8.64769, -16.9152, 0.303965, 6]], "reflectors": [[11.0501, -6.84687, -0.129201, 6], [-0.926551, 9.37018, -7.43917, 5], [-0.12952, -0.0544451, 20.9995, 2]], "reflector_prisms": [[4.6812, -2.90683, 8.47592, 6.6812, 0.0931688, 12.4759]], "absorber_prisms": [[-2.15813, 3.89669, 2.26882, 1.84187, 7.89669, 5.26882]], "line_of_sight": [[0, 0, 0, 0, 0, 501]]}