{
"time_step": 1e-05,
"number_of_molecules": 500000,
"diff_coef": 250,
"sim_time": 1.5,
"absorbers": [
[9.41029,13.7534,-3.36017,2]
],
"reflectors": [
[-0.367105,8.59943,-13.4876,4]
],
"reflector_prisms": [
[11.6661,10.0313,-4.27738,16.6661,12.0313,1.72262]
],
"absorber_prisms": [
[-1.66424,-1.50425,-15.9731,3.33576,1.49575,-9.97311],
[-18.3067,4.88943,-2.34005,-13.3067,9.88943,-0.340045],
[-6.95302,3.99864,-18.0105,-4.95302,6.99864,-13.0105]
]
}