{
"time_step": 1e-05,
"number_of_molecules": 500000,
"diff_coef": 350,
"sim_time": 0.685714,
"absorbers": [
[5.38468,10.275,-11.0195,4]
],
"reflectors": [
[3.93619,-5.73013,-21.9242,7]
],
"reflector_prisms": [
],
"absorber_prisms": [
]
}