{
"time_step": 1e-05,
"number_of_molecules": 500000,
"diff_coef": 200,
"sim_time": 0.833333,
"absorbers": [
[4.92496,-8.9792,-6.2545,2]
],
"reflectors": [
[2.43161,-4.57845,7.35698,2],
[-8.80224,-2.7387,23.2383,6],
[-13.8377,9.71911,1.74846,2]
],
"reflector_prisms": [
],
"absorber_prisms": [
]
}