{"time_step": 1e-05, "number_of_molecules": 500000, "diff_coef": 350, "sim_time": 1.07143, "absorbers": [[-5.70151, 9.91078, 15.1746, 4]], "reflectors": [[-1.10447, 12.7739, 2.14624, 6], [-9.30461, 3.09824, 4.98249, 4]], "reflector_prisms": [[-15.4473, -3.47178, -1.30981, -11.4473, 1.52822, 2.69019]], "absorber_prisms": [], "line_of_sight": [[0, 0, 0, 0, 0, 498]]}