{
"time_step": 1e-05,
"number_of_molecules": 500000,
"diff_coef": 150,
"sim_time": 2.5,
"absorbers": [
[8.71445,-17.5317,7.59601,6]
],
"reflectors": [
],
"reflector_prisms": [
[-6.46774,-2.30344,-4.76418,-4.46774,-0.30344,-1.76418],
[-6.52283,-0.321799,10.84,-3.52283,4.6782,13.84],
[-0.669351,-13.5504,-16.3334,1.33065,-8.5504,-13.3334]
],
"absorber_prisms": [
[-13.1172,-0.0835613,11.3811,-8.11721,1.91644,16.3811],
[-7.84003,-0.34707,1.50628,-5.84003,1.65293,4.50628]
]
}