{
"time_step": 1e-05,
"number_of_molecules": 500000,
"diff_coef": 400,
"sim_time": 1.50417,
"absorbers": [
[0.620535,-16.1734,-13.3804,2]
],
"reflectors": [
[0.21442,9.34872,-3.54336,2],
[16.7773,-0.710512,-2.6488,2]
],
"reflector_prisms": [
[4.02789,-15.5746,-11.903,6.02789,-12.5746,-9.90303],
[-2.4806,-18.4017,-7.27931,2.5194,-16.4017,-5.27931]
],
"absorber_prisms": [
]
}