{"time_step": 1e-05, "number_of_molecules": 500000, "diff_coef": 250, "sim_time": 1.92667, "absorbers": [[-5.43716, -0.334138, -13.9759, 2], [19.2419, 6.37296, -8.55188, 5]], "reflectors": [[0.442996, -1.86431, 17.8977, 4]], "reflector_prisms": [], "absorber_prisms": [[-8.97636, -8.90617, -19.161, -4.97636, -6.90617, -17.161], [-11.6961, -0.760601, 1.62093, -5.69606, 4.2394, 7.62093], [7.20588, -18.842, -11.0176, 11.2059, -12.842, -5.01764]], "line_of_sight": [[0, 0, 0, 0, 0, 500], [0, 0, 0, 0, 0, 502]]}