{"time_step": 1e-05, "number_of_molecules": 500000, "diff_coef": 150, "sim_time": 0.544444, "absorbers": [[0.683894, -8.88799, 9.46234, 6]], "reflectors": [], "reflector_prisms": [[-8.91138, -12.0481, -10.0162, -6.91138, -7.04813, -5.0162], [-1.61253, 12.0247, -7.44293, 4.38747, 14.0247, -2.44293]], "absorber_prisms": [[0.525525, -1.5551, 5.35215, 5.52552, 4.4449, 11.3522], [-13.3568, -19.9376, 0.420063, -7.35677, -13.9376, 4.42006], [-2.26735, 0.211424, 17.9096, 0.73265, 3.21142, 20.9096]], "line_of_sight": [[2, 0, 0, 2, 0, 498]]}