{
"time_step": 1e-05,
"number_of_molecules": 500000,
"diff_coef": 350,
"sim_time": 0.933333,
"absorbers": [
[-13.6903,0.679546,-10.0556,3]
],
"reflectors": [
],
"reflector_prisms": [
[-2.45959,-2.08117,-15.4934,2.54041,2.91883,-11.4934]
],
"absorber_prisms": [
[-1.45409,-1.87438,10.9918,0.545913,2.12562,15.9918]
]
}