{"time_step": 1e-05, "number_of_molecules": 500000, "diff_coef": 200, "sim_time": 2.13333, "absorbers": [[-4.27982, -13.0108, 14.5741, 4]], "reflectors": [], "reflector_prisms": [[-11.0175, 3.0758, -0.848385, -5.01754, 8.0758, 5.15161], [0.402737, -8.32645, 6.45003, 5.40274, -2.32645, 9.45003]], "absorber_prisms": [[-7.39023, -5.01181, -11.9854, -1.39023, 0.988193, -9.98538], [7.98139, 2.77468, 9.27693, 12.9814, 4.77468, 12.2769], [-14.5446, -8.40973, -15.7126, -12.5446, -4.40973, -13.7126]], "line_of_sight": [[0, 0, 0, 0, 0, 502]]}