{"time_step": 1e-05, "number_of_molecules": 500000, "diff_coef": 150, "sim_time": 4.01111, "absorbers": [[19.8906, -2.03279, 0.480728, 4], [1.53289, -2.4141, -9.5824, 5], [-13.4221, 9.68864, 11.224, 4], [-15.0867, -3.46578, -17.0111, 4], [11.7128, -4.6439, 14.2213, 6], [-13.0121, 14.5862, -12.1214, 7]], "reflectors": [[2.40309, -1.62018, -21.8083, 6], [-15.2883, -5.39191, -7.82268, 5], [-16.6601, -2.45404, 15.6659, 7], [0.0938861, 8.53476, 6.93895, 4]], "reflector_prisms": [], "absorber_prisms": [], "line_of_sight": [[0, 0, 0, 0, 0, 501], [169, 6, 163, 0, 0, 501], [22, 22, 0, 0, 0, 500], [202, 121, 81, 0, 0, 494], [165, 165, 0, 0, 0, 499], [116, 116, 0, 0, 0, 499]]}