{
"time_step": 1e-05,
"number_of_molecules": 500000,
"diff_coef": 100,
"sim_time": 4.81667,
"absorbers": [
[-5.07463,2.51165,-5.65153,3],
[2.85585,5.27828,-19.0784,3],
[-13.2703,7.83365,4.30504,3],
[-3.27335,-12.5656,-13.8705,4],
[10.5266,-4.16337,-3.98211,2],
[15.5747,14.0534,-0.964944,4],
[7.40961,0.989363,-18.5504,3]
],
"reflectors": [
[-15.8986,-13.138,3.95334,6],
[-3.24573,-1.6154,13.5224,6],
[-2.42083,15.1965,-12.7753,2],
[-17.3429,14.929,-2.31264,5],
[-7.62029,-15.906,13.1503,4],
[-5.49264,-3.27895,-7.68631,3]
],
"reflector_prisms": [
],
"absorber_prisms": [
]
}