{"time_step": 1e-05, "number_of_molecules": 500000, "diff_coef": 400, "sim_time": 0.15, "absorbers": [[4.10372, 6.22034, -5.04647, 3]], "reflectors": [[3.233, -15.1811, -3.88354, 5]], "reflector_prisms": [[-2.18005, -2.71532, -13.9791, 1.81995, 1.28468, -11.9791]], "absorber_prisms": [[-12.2361, -5.06201, -9.71679, -7.23612, -1.06201, -4.71679]], "line_of_sight": [[0, 0, 0, 0, 0, 497]]}