{"time_step": 1e-05, "number_of_molecules": 500000, "diff_coef": 100, "sim_time": 1.06667, "absorbers": [[2.47486, -12.0685, -6.65038, 6]], "reflectors": [], "reflector_prisms": [[-12.1173, 9.07119, -2.73603, -8.11726, 13.0712, 3.26397], [-12.6307, 8.80368, 12.748, -10.6307, 12.8037, 14.748], [-0.202009, 13.6576, 0.0255271, 2.79799, 17.6576, 6.02553]], "absorber_prisms": [[-15.7823, -0.162538, 3.16042, -10.7823, 2.83746, 8.16042]], "line_of_sight": [[0, 0, 0, 0, 0, 499]]}