{"time_step": 1e-05, "number_of_molecules": 500000, "diff_coef": 250, "sim_time": 2.40667, "absorbers": [[0.73603, -2.00017, 20.8916, 2]], "reflectors": [[0.287763, 1.80048, -13.8808, 2], [0.130411, 1.72546, 7.81062, 3], [9.92228, 10.9257, -11.9657, 2]], "reflector_prisms": [[-5.00245, -3.017, -14.4561, -2.00245, 0.982998, -9.45611]], "absorber_prisms": [], "line_of_sight": [[500, 0, 842, 0, 0, 500]]}