{"time_step": 1e-05, "number_of_molecules": 500000, "diff_coef": 200, "sim_time": 2.40833, "absorbers": [[10.327, -3.67136, -10.2408, 2], [6.83215, 0.00407495, -1.5237, 2], [14.2956, 3.99006, -10.184, 6], [0.145694, -7.0526, -12.093, 4], [-5.05784, -20.3474, -9.45525, 6], [-8.93399, 4.51684, -4.55874, 3], [4.1126, -1.4501, -5.47574, 2]], "reflectors": [[20.8145, -2.09003, -1.84024, 2], [-2.85732, 2.37715, -8.19664, 2], [-9.12408, -10.5616, -5.49572, 5]], "reflector_prisms": [], "absorber_prisms": [], "line_of_sight": [[497, 497, 0, 0, 0, 497], [145, 124, 21, 0, 0, 500], [168, 168, 0, 0, 0, 497], [0, 0, 0, 0, 0, 501], [134, 0, 134, 0, 0, 502], [0, 0, 0, 0, 0, 500], [126, 126, 0, 0, 0, 500]]}