{
"time_step": 1e-05,
"number_of_molecules": 500000,
"diff_coef": 300,
"sim_time": 1.8,
"absorbers": [
[23.0224,9.07954,3.54002,7],
[2.44185,8.63455,4.41383,5],
[6.34609,20.4581,-5.01932,4],
[-8.9586,1.52779,4.17244,5],
[-0.693542,-2.22323,-20.8705,5],
[-0.749079,3.58375,20.6784,5],
[8.09355,1.60663,-14.8631,5]
],
"reflectors": [
],
"reflector_prisms": [
],
"absorber_prisms": [
]
}