{"time_step": 1e-05, "number_of_molecules": 500000, "diff_coef": 400, "sim_time": 1.50417, "absorbers": [[-8.80962, -13.6509, -13.3057, 2]], "reflectors": [[0.741795, 19.4076, 4.77444, 4]], "reflector_prisms": [[-0.479679, 14.6626, 1.13409, 4.52032, 17.6626, 4.13409], [-10.1144, 1.01261, -10.7067, -5.11443, 3.01261, -8.70669], [-12.6125, 5.25874, -4.27019, -8.6125, 8.25874, -2.27019], [-3.67775, -8.84644, -6.07658, 0.322245, -6.84644, -2.07658]], "absorber_prisms": [], "line_of_sight": [[33, 0, 0, 0, 33, 495]]}