{"time_step": 1e-05, "number_of_molecules": 500000, "diff_coef": 350, "sim_time": 1.71905, "absorbers": [[6.17166, 5.20895, -3.97209, 4], [7.66477, 2.38492, 11.4701, 4], [1.45743, 3.60206, -19.6189, 4], [-16.2155, 0.924152, 11.6706, 6], [-2.21519, -8.27585, 15.8305, 7], [-4.24387, 4.85991, 24.1531, 6], [9.54065, -18.0969, -10.5109, 4]], "reflectors": [], "reflector_prisms": [], "absorber_prisms": [], "line_of_sight": [[116, 116, 0, 0, 0, 500], [0, 0, 0, 0, 0, 500], [390, 390, 0, 0, 0, 500], [83, 83, 0, 0, 0, 500], [169, 169, 0, 0, 0, 500], [48, 48, 0, 0, 0, 498], [0, 0, 0, 0, 0, 497]]}