{"time_step": 1e-05, "number_of_molecules": 500000, "diff_coef": 350, "sim_time": 0.57619, "absorbers": [[12.966, 0.756443, -0.558237, 2]], "reflectors": [[-1.67837, -5.30876, -9.48684, 2], [-17.5519, 0.915591, 3.88484, 3], [8.60747, 13.905, -7.52081, 2]], "reflector_prisms": [[3.18731, -0.993461, -9.54937, 7.18731, 1.00654, -7.54937], [-2.84521, 9.3579, -1.74277, 0.154786, 14.3579, 4.25723]], "absorber_prisms": [], "line_of_sight": [[143, 0, 143, 0, 0, 501]]}