{
"time_step": 1e-05,
"number_of_molecules": 500000,
"diff_coef": 300,
"sim_time": 1.42222,
"absorbers": [
[-3.03827,-3.98839,-20.3927,5],
[-1.63126,-11.6354,-5.56385,3],
[-4.80595,5.51435,-6.81871,2],
[10.1777,-7.94768,12.5399,4]
],
"reflectors": [
[10.7456,-7.23417,1.09456,4],
[-3.40062,-0.46816,-9.39237,4],
[2.81251,-4.96863,4.05,2],
[-8.2707,-15.1537,7.9347,5],
[-2.94684,14.4121,2.93378,6],
[14.1317,17.284,-5.52801,5]
],
"reflector_prisms": [
],
"absorber_prisms": [
]
}