{"time_step": 1e-05, "number_of_molecules": 500000, "diff_coef": 150, "sim_time": 1.6, "absorbers": [[-6.96214, -4.95739, 8.42335, 6], [2.69915, -1.43449, -16.7229, 5], [-2.09287, -7.63861, 1.12759, 2]], "reflectors": [], "reflector_prisms": [], "absorber_prisms": [[-17.9655, -0.707086, -5.55384, -14.9655, 5.29291, -1.55384]], "line_of_sight": [[45, 45, 0, 0, 0, 499], [81, 81, 0, 0, 0, 495], [0, 0, 0, 0, 0, 501]]}