{"time_step": 1e-05, "number_of_molecules": 500000, "diff_coef": 250, "sim_time": 2.16, "absorbers": [[-13.7596, 15.9172, 9.29072, 5]], "reflectors": [[-15.0555, -0.171536, -5.41324, 5]], "reflector_prisms": [[0.534202, -7.72487, 10.2395, 5.5342, -4.72487, 15.2395]], "absorber_prisms": [[-7.43007, 0.160142, -7.91506, -5.43007, 4.16014, -3.91506], [0.0230287, 8.11275, 16.8113, 4.02303, 10.1127, 20.8113], [6.56864, -4.21733, -3.63154, 10.5686, -0.21733, 0.368462]], "line_of_sight": [[0, 0, 0, 0, 0, 501]]}