{
"time_step": 1e-05,
"number_of_molecules": 500000,
"diff_coef": 300,
"sim_time": 2.00556,
"absorbers": [
[6.61007,-7.02739,-23.0635,6],
[9.10616,-3.6894,4.94632,2],
[-4.70686,-3.42078,11.6251,3]
],
"reflectors": [
],
"reflector_prisms": [
],
"absorber_prisms": [
[-11.1455,0.541368,-6.21465,-5.14548,4.54137,-4.21465]
]
}