{"time_step": 1e-05, "number_of_molecules": 500000, "diff_coef": 350, "sim_time": 1.71905, "absorbers": [[-0.0437705, -0.713472, -10.9768, 5], [0.277495, -0.660708, 9.97429, 3], [14.9148, -16.1624, -0.57165, 6], [1.4617, 4.85635, 23.458, 5], [-3.50673, -0.34468, -20.7023, 5], [-0.476049, 7.03712, 8.44111, 2], [-14.686, -10.731, -10.496, 4], [-11.2723, 3.34245, -7.60021, 2]], "reflectors": [[-10.6131, -2.0064, 11.8041, 6], [-5.81361, 10.0198, 16.3035, 5], [9.06055, -9.07782, -2.12123, 3], [-1.00042, 7.45476, -2.72501, 2], [-5.38932, 4.19851, 1.52572, 2], [7.86053, 11.9862, -7.1094, 4]], "reflector_prisms": [], "absorber_prisms": [], "line_of_sight": [[200, 115, 120, 0, 0, 498], [501, 810, 0, 0, 0, 501], [235, 0, 402, 0, 0, 496], [503, 952, 0, 0, 0, 503], [501, 989, 0, 0, 0, 501], [185, 38, 162, 0, 0, 497], [0, 0, 0, 0, 0, 501], [0, 0, 0, 0, 0, 503]]}