{"time_step": 1e-05, "number_of_molecules": 500000, "diff_coef": 50, "sim_time": 4.8, "absorbers": [[1.15015, -14.2003, -11.0013, 6]], "reflectors": [[-5.74939, 2.67861, 10.1867, 6], [9.13423, -5.81292, 5.17453, 5]], "reflector_prisms": [[-8.43939, 13.547, 6.47127, -2.43939, 17.547, 12.4713]], "absorber_prisms": [[-7.90964, -9.18859, -19.2691, -2.90964, -7.18859, -13.2691], [1.01616, -5.92108, -23.1979, 3.01616, 0.0789179, -18.1979]], "line_of_sight": [[80, 0, 80, 0, 0, 498]]}