{
"time_step": 1e-05,
"number_of_molecules": 500000,
"diff_coef": 350,
"sim_time": 0.119048,
"absorbers": [
[9.61806,2.35995,-1.38693,5]
],
"reflectors": [
[3.88778,-2.6884,-11.0299,3]
],
"reflector_prisms": [
[-9.23266,2.77925,-9.505,-4.23266,6.77925,-6.505]
],
"absorber_prisms": [
[2.29942,4.13325,-12.8279,6.29942,8.13325,-10.8279],
[2.47911,-14.7928,8.91687,7.47911,-9.79283,13.9169],
[-15.3837,12.8962,-3.47168,-13.3837,15.8962,-1.47168]
]
}