{"time_step": 1e-05, "number_of_molecules": 500000, "diff_coef": 300, "sim_time": 1.42222, "absorbers": [[0.74684, 1.11984, 20.9568, 5]], "reflectors": [], "reflector_prisms": [[-5.09972, -5.96059, 16.0772, -1.09972, -3.96059, 20.0772], [-6.3204, -17.1807, 13.5453, -0.3204, -12.1807, 18.5453], [-15.6696, 4.30496, -8.64613, -12.6696, 7.30496, -3.64613], [-5.14922, -0.75861, -13.2853, 0.850785, 1.24139, -8.2853]], "absorber_prisms": [], "line_of_sight": [[0, 0, 0, 0, 0, 500]]}