{
"time_step": 1e-05,
"number_of_molecules": 500000,
"diff_coef": 100,
"sim_time": 4.81667,
"absorbers": [
[5.65308,-9.88972,13.9369,2],
[0.310801,0.419682,20.9935,4]
],
"reflectors": [
[6.99995,8.10475,-16.8912,6]
],
"reflector_prisms": [
],
"absorber_prisms": [
[-19.0497,-5.89838,-8.5125,-13.0497,-3.89838,-4.5125]
]
}