{"time_step": 1e-05, "number_of_molecules": 500000, "diff_coef": 250, "sim_time": 1.92667, "absorbers": [[2.79531, -0.996741, 18.7668, 2]], "reflectors": [], "reflector_prisms": [[-5.98601, -2.64667, 8.06918, -2.98601, 1.35333, 13.0692], [9.47727, 4.61484, -9.78278, 14.4773, 8.61484, -4.78278], [6.37631, -16.3514, -0.234934, 11.3763, -11.3514, 2.76507], [13.8057, 0.898452, -3.9037, 19.8057, 3.89845, 2.0963]], "absorber_prisms": [[-6.53149, 0.0568775, -13.5848, -2.53149, 3.05688, -10.5848]], "line_of_sight": [[0, 0, 0, 0, 0, 502]]}