{
"time_step": 1e-05,
"number_of_molecules": 500000,
"diff_coef": 200,
"sim_time": 1.875,
"absorbers": [
[-3.77426,10.2597,-15.5401,4]
],
"reflectors": [
[5.67971,1.77991,10.4198,5],
[0.240515,2.56429,-9.66264,3]
],
"reflector_prisms": [
[-11.74,7.20352,0.693256,-9.74004,11.2035,5.69326]
],
"absorber_prisms": [
[-5.35039,-3.90025,-16.513,-0.350393,-0.900254,-11.513],
[12.8741,-0.79494,-0.193616,16.8741,2.20506,3.80638]
]
}