{"time_step": 1e-05, "number_of_molecules": 500000, "diff_coef": 50, "sim_time": 10.8, "absorbers": [[0.899228, 3.58218, 19.656, 2], [-16.9432, 8.14812, -2.7455, 4]], "reflectors": [], "reflector_prisms": [[-3.25321, -2.20171, 12.4963, 2.74679, 1.79829, 15.4963], [-10.5489, 0.606169, 7.32894, -5.5489, 3.60617, 11.3289], [-8.75413, -1.47647, 1.32804, -6.75413, 3.52353, 5.32804], [-1.31437, -3.10734, 9.49498, 0.685629, 2.89266, 12.495]], "absorber_prisms": [], "line_of_sight": [[366, 0, 0, 0, 472, 499], [0, 0, 0, 0, 0, 503]]}