{
"time_step": 1e-05,
"number_of_molecules": 500000,
"diff_coef": 150,
"sim_time": 1.87778,
"absorbers": [
[7.40577,-11.2385,11.952,5]
],
"reflectors": [
[4.19343,-0.548766,18.5233,3]
],
"reflector_prisms": [
[-4.59029,7.45982,-5.0851,0.409709,12.4598,-0.085103],
[-17.2934,-0.55992,-12.069,-12.2934,2.44008,-10.069],
[-4.80728,2.46265,13.9326,1.19272,5.46265,18.9326],
[-10.1172,-10.7321,-19.7818,-8.11721,-6.73207,-13.7818]
],
"absorber_prisms": [
]
}