{"time_step": 1e-05, "number_of_molecules": 500000, "diff_coef": 200, "sim_time": 1.00833, "absorbers": [[3.64778, 15.1102, -3.79167, 6], [12.1214, -6.32943, 3.00165, 3]], "reflectors": [[-2.59887, -2.61378, -16.5956, 6]], "reflector_prisms": [], "absorber_prisms": [[-4.70146, 18.7104, -0.543911, -1.70146, 23.7104, 3.45609], [-9.58302, 12.11, 12.0725, -3.58302, 17.11, 15.0725], [-5.96255, -8.91201, 5.79291, -1.96255, -4.91201, 10.7929]], "line_of_sight": [[0, 0, 0, 0, 0, 500], [0, 0, 0, 0, 0, 500]]}