{"time_step": 1e-05, "number_of_molecules": 500000, "diff_coef": 350, "sim_time": 0.47619, "absorbers": [[7.86363, 6.80902, 5.98337, 2]], "reflectors": [[-7.34056, 0.951924, -22.83, 5]], "reflector_prisms": [[-0.70608, 5.67169, -9.34314, 2.29392, 9.67169, -6.34314], [0.0434658, -2.78655, 6.91426, 2.04347, 1.21345, 12.9143]], "absorber_prisms": [[-1.57346, -1.01606, -12.9997, 1.42654, 0.983935, -8.99974]], "line_of_sight": [[0, 0, 0, 0, 0, 501]]}