{"time_step": 1e-05, "number_of_molecules": 500000, "diff_coef": 150, "sim_time": 1.34444, "absorbers": [[7.08758, 6.86568, -12.5948, 5]], "reflectors": [[3.7602, 9.86851, 12.0197, 2]], "reflector_prisms": [], "absorber_prisms": [[-0.894958, -1.56771, -9.87004, 1.10504, 4.43229, -5.87004], [-15.4516, 7.97388, 8.81098, -9.45161, 12.9739, 10.811], [-6.25067, -16.9303, 12.3751, -2.25067, -12.9303, 17.3751], [-9.63689, 3.78325, 17.1128, -4.63689, 5.78325, 20.1128]], "line_of_sight": [[31, 0, 0, 31, 0, 496]]}