{
"time_step": 1e-05,
"number_of_molecules": 500000,
"diff_coef": 200,
"sim_time": 1.40833,
"absorbers": [
[-2.19981,1.64783,-7.51302,2],
[2.22222,-13.2716,-10.3888,4]
],
"reflectors": [
],
"reflector_prisms": [
[-6.41967,-13.487,13.9491,-4.41967,-9.48702,16.9491]
],
"absorber_prisms": [
[-2.80559,7.25731,-21.198,1.19441,9.25731,-15.198],
[-5.81915,-18.182,9.43097,-2.81915,-14.182,12.431],
[10.206,-4.54697,3.67136,15.206,1.45303,7.67136]
]
}