{"time_step": 1e-05, "number_of_molecules": 500000, "diff_coef": 50, "sim_time": 8.53333, "absorbers": [[-4.86963, -3.71564, 3.38832, 2], [13.4508, 9.60715, -12.9529, 5]], "reflectors": [[17.049, -7.97224, 6.76563, 5]], "reflector_prisms": [[3.27919, -1.73537, -16.0383, 7.27919, 1.26463, -12.0383], [3.82389, 5.00374, -6.75775, 9.82389, 10.0037, -1.75775]], "absorber_prisms": [], "line_of_sight": [[191, 191, 0, 0, 0, 499], [327, 299, 0, 0, 236, 499]]}