{"time_step": 1e-05, "number_of_molecules": 500000, "diff_coef": 300, "sim_time": 0.555556, "absorbers": [[2.9349, 4.81601, -10.5921, 2]], "reflectors": [[7.47601, -0.568321, -6.61712, 2]], "reflector_prisms": [[-5.51677, 0.215142, -7.83636, -3.51677, 5.21514, -2.83636]], "absorber_prisms": [[-10.1405, -0.0885988, 2.47075, -8.14054, 2.9114, 7.47075], [-15.9741, 9.01845, -3.70544, -11.9741, 13.0185, -1.70544]], "line_of_sight": [[0, 0, 0, 0, 0, 498]]}