{
"time_step": 1e-05,
"number_of_molecules": 500000,
"diff_coef": 50,
"sim_time": 10.8,
"absorbers": [
[-11.9991,-4.33641,-17.9225,4]
],
"reflectors": [
[10.6716,-7.02041,-7.86321,6],
[10.3451,-3.9667,11.5431,6],
[-3.37392,-9.58934,-6.37662,2],
[1.58862,4.27107,19.4739,5],
[1.72033,-11.3302,12.5565,2]
],
"reflector_prisms": [
],
"absorber_prisms": [
]
}