{"time_step": 1e-05, "number_of_molecules": 500000, "diff_coef": 200, "sim_time": 0.208333, "absorbers": [[-3.44564, 2.13084, 6.89834, 3]], "reflectors": [[-12.4338, 13.7232, -15.2668, 6]], "reflector_prisms": [[-13.7731, -2.95514, 5.16769, -10.7731, 1.04486, 8.16769]], "absorber_prisms": [], "line_of_sight": [[0, 0, 0, 0, 0, 501]]}