{
"time_step": 1e-05,
"number_of_molecules": 500000,
"diff_coef": 400,
"sim_time": 0.9375,
"absorbers": [
[-14.7448,-2.74661,-0.217832,7],
[4.83666,-10.0143,-14.1535,5],
[-4.86131,12.6443,-3.53396,4],
[0.190275,-0.848052,13.973,4],
[12.4482,-14.5,5.89848,5],
[8.91242,3.53838,-8.77773,6]
],
"reflectors": [
[-6.54126,-10.8475,-5.96182,5],
[-4.1118,5.13716,-16.7542,7],
[6.80292,12.1441,-19.551,6],
[-10.6112,19.2624,-9.61054,6]
],
"reflector_prisms": [
],
"absorber_prisms": [
]
}