{"time_step": 1e-05, "number_of_molecules": 500000, "diff_coef": 50, "sim_time": 3.33333, "absorbers": [[2.96855, -9.08827, -11.5582, 5]], "reflectors": [[2.77214, 6.03323, -12.3254, 5], [-3.75735, -8.46343, -3.77527, 5]], "reflector_prisms": [[10.0266, 12.0222, -10.718, 15.0266, 17.0222, -8.71805]], "absorber_prisms": [], "line_of_sight": [[85, 0, 85, 0, 0, 503]]}