{"time_step": 1e-05, "number_of_molecules": 500000, "diff_coef": 200, "sim_time": 2.13333, "absorbers": [[-5.27001, -15.7327, -6.9793, 2], [-3.85405, 7.67127, -11.0588, 5], [-9.13431, -2.23327, -8.97646, 2]], "reflectors": [], "reflector_prisms": [], "absorber_prisms": [[1.72554, 2.35999, 15.0405, 7.72554, 4.35999, 19.0405], [-12.5531, 7.40026, -12.5243, -10.5531, 12.4003, -8.5243]], "line_of_sight": [[0, 0, 0, 0, 0, 499], [0, 0, 0, 0, 0, 500], [0, 0, 0, 0, 0, 500]]}