{
"time_step": 1e-05,
"number_of_molecules": 500000,
"diff_coef": 400,
"sim_time": 0.266667,
"absorbers": [
[7.27104,-1.32793,10.6943,5]
],
"reflectors": [
],
"reflector_prisms": [
[-13.3453,-0.825872,3.46621,-7.34532,3.17413,8.46621],
[-16.2568,-9.64061,3.71345,-13.2568,-6.64061,5.71345],
[-12.4357,-2.04046,-7.29051,-7.43571,1.95954,-4.29051],
[-2.02697,-4.01966,5.57885,-0.0269726,-1.01966,11.5788]
],
"absorber_prisms": [
]
}