{
"time_step": 1e-05,
"number_of_molecules": 500000,
"diff_coef": 100,
"sim_time": 3.75,
"absorbers": [
[-3.223,16.6369,-12.4027,6]
],
"reflectors": [
[8.19176,-16.0196,6.10473,6]
],
"reflector_prisms": [
[-3.85946,-3.96253,-10.7878,1.14054,1.03747,-7.78778]
],
"absorber_prisms": [
[16.7603,-5.85092,-15.6667,18.7603,0.149083,-9.66669]
]
}