{"time_step": 1e-05, "number_of_molecules": 500000, "diff_coef": 50, "sim_time": 3.33333, "absorbers": [[-3.4496, 7.56848, 9.99091, 3]], "reflectors": [[9.43406, 10.6144, 14.083, 5]], "reflector_prisms": [[8.76371, -13.7387, -14.394, 12.7637, -7.7387, -8.39398], [-0.291108, -5.97296, -18.3663, 1.70889, -2.97296, -13.3663], [3.58273, -0.972912, 6.80486, 5.58273, 2.02709, 9.80486]], "absorber_prisms": [], "line_of_sight": [[0, 0, 0, 0, 0, 501]]}