{
"time_step": 1e-05,
"number_of_molecules": 500000,
"diff_coef": 350,
"sim_time": 1.71905,
"absorbers": [
[3.23223,-8.24179,1.62038,4],
[15.183,5.84002,-16.2595,4]
],
"reflectors": [
[11.0249,6.54394,12.6344,2],
[-3.21192,-6.19789,0.519436,2]
],
"reflector_prisms": [
[-15.8261,-1.74173,12.1372,-13.8261,3.25827,16.1372]
],
"absorber_prisms": [
]
}