{"time_step": 1e-05, "number_of_molecules": 500000, "diff_coef": 150, "sim_time": 4.01111, "absorbers": [[9.98196, 0.57525, 0.171953, 2], [2.74718, 9.38643, 13.905, 2], [-7.40036, 7.67041, -13.2438, 5], [15.41, -15.2965, 3.54259, 3], [-2.55218, -4.90897, -11.7639, 5], [-6.1162, 8.72651, -2.72767, 3], [-12.0746, 7.63768, 7.20207, 4], [-10.6405, 13.6298, -7.8745, 2]], "reflectors": [[1.84927, -9.84683, 13.7339, 4], [-4.39047, -11.1913, 10.5584, 3]], "reflector_prisms": [], "absorber_prisms": [], "line_of_sight": [[0, 0, 0, 0, 0, 498], [498, 498, 0, 0, 0, 498], [108, 0, 108, 0, 0, 501], [359, 359, 0, 0, 0, 502], [13, 13, 0, 0, 0, 498], [143, 143, 0, 0, 0, 498], [0, 0, 0, 0, 0, 502], [454, 454, 0, 0, 0, 499]]}