{"time_step": 1e-05, "number_of_molecules": 500000, "diff_coef": 300, "sim_time": 1.25, "absorbers": [[5.44455, -6.39795, -17.0418, 4], [-3.51245, 11.4371, -0.924689, 6]], "reflectors": [], "reflector_prisms": [[-9.90014, 6.13072, -8.73412, -5.90014, 11.1307, -4.73412], [-10.9286, 0.879566, -12.5792, -8.92857, 3.87957, -6.57921], [10.1394, 4.26854, 5.2207, 14.1394, 7.26854, 10.2207], [4.17529, -14.6518, -12.9865, 9.17529, -8.65178, -10.9865]], "absorber_prisms": [], "line_of_sight": [[0, 0, 0, 0, 0, 499], [10, 0, 0, 0, 10, 501]]}