{"time_step": 1e-05, "number_of_molecules": 500000, "diff_coef": 100, "sim_time": 3.26667, "absorbers": [[2.46292, 2.85304, 15.5497, 2]], "reflectors": [[-5.33409, -13.0473, -16.8913, 6]], "reflector_prisms": [], "absorber_prisms": [[-9.14472, 1.45475, -18.156, -5.14472, 5.45475, -14.156], [11.149, 5.53311, -0.61199, 14.149, 8.53311, 2.38801]], "line_of_sight": [[0, 0, 0, 0, 0, 501]]}