{"time_step": 1e-05, "number_of_molecules": 500000, "diff_coef": 100, "sim_time": 5.4, "absorbers": [[-8.37014, -4.79686, 2.63265, 4], [9.4839, -4.52076, 21.5782, 6], [-0.055286, 2.50587, -18.8339, 4]], "reflectors": [], "reflector_prisms": [[-3.69035, -2.10433, 16.449, 1.30965, 0.895667, 18.449]], "absorber_prisms": [[-15.0465, 6.20326, 2.59387, -10.0465, 10.2033, 8.59387]], "line_of_sight": [[0, 0, 0, 0, 0, 501], [50, 50, 0, 0, 0, 501], [60, 60, 0, 0, 0, 502]]}