{
"time_step": 1e-05,
"number_of_molecules": 500000,
"diff_coef": 200,
"sim_time": 3.00833,
"absorbers": [
[3.6906,4.39337,8.1901,3],
[-0.249452,-14.1555,14.1266,3],
[0.0726415,19.8188,-6.94345,6],
[4.34961,-22.5069,-7.10781,6],
[-2.1848,-12.0366,-18.2852,3],
[-4.55561,5.18933,5.77211,3],
[-5.5119,-18.1038,-1.69445,2],
[-0.422916,0.474574,-20.9904,6]
],
"reflectors": [
[10.917,-6.55716,5.81582,4],
[2.19285,-1.47548,-10.6777,4],
[-8.06769,6.5314,-6.02106,3],
[17.3203,12.233,-5.8617,5],
[13.3294,-2.05421,-13.3831,6],
[16.4905,2.08451,15.8971,4]
],
"reflector_prisms": [
],
"absorber_prisms": [
]
}