{"time_step": 1e-05, "number_of_molecules": 500000, "diff_coef": 400, "sim_time": 0.504167, "absorbers": [[7.51996, 12.2888, -6.95951, 5]], "reflectors": [[-0.353483, 4.17552, 13.3581, 6]], "reflector_prisms": [[-21.5452, -2.1664, 1.11865, -15.5452, 2.8336, 7.11865]], "absorber_prisms": [[-1.06912, -18.638, -4.77913, 4.93088, -12.638, -0.779135], [-2.99849, -2.06572, -13.4998, 3.00151, 1.93428, -10.4998]], "line_of_sight": [[0, 0, 0, 0, 0, 499]]}