{"time_step": 1e-05, "number_of_molecules": 500000, "diff_coef": 150, "sim_time": 2.5, "absorbers": [[-1.5499, 5.60986, 5.48883, 2], [4.93558, -15.8335, -11.1776, 5], [-8.00924, -3.75854, -4.66105, 5]], "reflectors": [[9.62383, -0.639047, -2.64074, 2], [17.6627, 6.00196, 11.6621, 6], [11.092, -2.71322, -15.1857, 6], [-7.49888, 16.9548, -9.86407, 6]], "reflector_prisms": [], "absorber_prisms": [], "line_of_sight": [[235, 235, 0, 0, 0, 499], [236, 236, 0, 0, 0, 498], [25, 0, 25, 0, 0, 503]]}