{"time_step": 1e-05, "number_of_molecules": 500000, "diff_coef": 200, "sim_time": 3.00833, "absorbers": [[3.91014, -2.90294, -21.4542, 4], [-1.50243, -12.1446, -20.6458, 6], [-1.15657, 14.983, -11.6263, 2], [9.47384, -5.58295, -4.80384, 2], [-7.48579, 2.44449, -1.40978, 3], [3.6932, -2.75887, 11.0792, 2], [4.12078, -4.04937, 20.1896, 6], [12.3416, -0.719006, 18.198, 3]], "reflectors": [[-21.8774, 1.2899, 1.92768, 5], [-0.0434943, 0.142635, -10.999, 4]], "reflector_prisms": [], "absorber_prisms": [], "line_of_sight": [[402, 0, 402, 0, 0, 499], [74, 0, 74, 0, 0, 499], [0, 0, 0, 0, 0, 502], [0, 0, 0, 0, 0, 501], [102, 0, 102, 0, 0, 502], [493, 493, 210, 0, 0, 500], [331, 86, 266, 0, 0, 496], [9, 9, 0, 0, 0, 499]]}