{
"time_step": 1e-05,
"number_of_molecules": 500000,
"diff_coef": 50,
"sim_time": 8.53333,
"absorbers": [
[-12.2351,-9.95405,-10.5933,3]
],
"reflectors": [
[3.90931,4.08292,14.9682,2],
[-14.0277,-15.1736,-3.73982,5]
],
"reflector_prisms": [
],
"absorber_prisms": [
[-0.722054,-6.77225,4.80548,4.27795,-2.77225,8.80548],
[15.105,-9.21634,-6.62769,18.105,-4.21634,-2.62769]
]
}