{
"time_step": 1e-05,
"number_of_molecules": 500000,
"diff_coef": 50,
"sim_time": 0.833333,
"absorbers": [
[-4.58582,-1.41955,9.89723,6]
],
"reflectors": [
[0.413879,-0.261615,-24.9952,6],
[-7.45826,-16.3028,-1.61053,2]
],
"reflector_prisms": [
[7.20973,-17.806,10.3336,10.2097,-12.806,14.3336],
[8.10289,-4.53192,-7.98253,10.1029,1.46808,-3.98253],
[-11.4627,1.07583,7.38129,-5.46265,7.07583,13.3813]
],
"absorber_prisms": [
]
}