{
"time_step": 1e-05,
"number_of_molecules": 500000,
"diff_coef": 350,
"sim_time": 1.71905,
"absorbers": [
[-19.1937,-4.65165,-16.9105,7],
[-8.66519,9.7626,13.806,5],
[-1.08623,-0.841692,16.9444,5],
[11.5966,8.98191,15.0281,7]
],
"reflectors": [
],
"reflector_prisms": [
],
"absorber_prisms": [
]
}