{"time_step": 1e-05, "number_of_molecules": 500000, "diff_coef": 150, "sim_time": 3.6, "absorbers": [[17.6665, 11.3393, 9.39771, 5]], "reflectors": [[15.8328, 9.12877, -10.3436, 4]], "reflector_prisms": [[-3.45057, -6.58551, 0.746508, -1.45057, -4.58551, 3.74651], [-3.19005, 9.37425, -7.81725, -1.19005, 14.3743, -1.81725]], "absorber_prisms": [[2.80491, 0.366183, -13.7357, 7.80491, 2.36618, -8.73572], [1.88024, 7.58491, -20.6421, 5.88024, 9.58491, -14.6421]], "line_of_sight": [[0, 0, 0, 0, 0, 499]]}