{"time_step": 1e-05, "number_of_molecules": 500000, "diff_coef": 100, "sim_time": 6.01667, "absorbers": [[-4.25094, -6.52289, 7.77055, 4], [-4.70601, -19.6292, 5.79222, 4], [20.4856, -9.49114, 4.38866, 6], [0.0837948, -0.331486, -16.9966, 6], [-21.3559, -14.0798, 4.65682, 7], [4.78745, 16.8146, -7.43979, 7]], "reflectors": [[-10.5849, 8.17637, 6.79025, 4], [5.73707, -5.33623, 18.4014, 5]], "reflector_prisms": [], "absorber_prisms": [], "line_of_sight": [[154, 154, 0, 0, 0, 502], [498, 498, 0, 0, 0, 498], [0, 0, 0, 0, 0, 503], [96, 0, 96, 0, 0, 499], [0, 0, 0, 0, 0, 499], [184, 184, 0, 0, 0, 497]]}