{
"time_step": 1e-05,
"number_of_molecules": 500000,
"diff_coef": 50,
"sim_time": 2.13333,
"absorbers": [
[3.69958,-4.61554,9.27415,3]
],
"reflectors": [
],
"reflector_prisms": [
[-3.55566,2.8592,-12.7779,-0.555662,6.8592,-8.77787]
],
"absorber_prisms": [
[-9.05419,2.58258,14.8073,-6.05419,7.58258,20.8073],
[-9.68763,-4.21126,-13.6563,-7.68763,-2.21126,-8.65629],
[0.0907656,-5.42874,3.68993,2.09077,-2.42874,7.68993]
]
}