{
"time_step": 1e-05,
"number_of_molecules": 500000,
"diff_coef": 200,
"sim_time": 2.7,
"absorbers": [
[14.2211,16.532,2.90753,4]
],
"reflectors": [
],
"reflector_prisms": [
[-0.0224915,7.57969,-16.1728,5.97751,9.57969,-10.1728],
[18.9925,-1.02132,-10.4089,20.9925,0.978676,-5.40886],
[-7.20523,3.42704,2.42742,-4.20523,6.42704,5.42742],
[0.235728,-1.61058,-11.8293,3.23573,0.389416,-7.82926],
[-2.71832,11.8957,-0.986714,1.28168,14.8957,4.01329]
],
"absorber_prisms": [
]
}