{
"time_step": 1e-05,
"number_of_molecules": 500000,
"diff_coef": 100,
"sim_time": 5.4,
"absorbers": [
[14.7705,-12.9543,3.74439,3],
[-3.18335,-4.16798,10.7932,6],
[-15.8307,-11.0703,-5.18047,2],
[4.65824,-4.26979,-13.604,5],
[6.92243,8.1807,-5.39965,3],
[6.99688,1.28149,8.39056,3],
[1.74069,6.74306,16.5982,6],
[-1.96425,-9.77262,-8.34492,4]
],
"reflectors": [
[16.7078,18.0838,4.33888,6],
[4.8053,-5.074,-0.404482,2],
[-8.63272,5.26759,-11.0783,2],
[4.46583,-9.64423,2.83639,2],
[17.8905,6.14671,6.49228,2],
[4.30218,-6.43202,16.2518,3],
[22.3912,10.2533,-4.30153,6]
],
"reflector_prisms": [
],
"absorber_prisms": [
]
}