{
"time_step": 1e-05,
"number_of_molecules": 500000,
"diff_coef": 300,
"sim_time": 1.60556,
"absorbers": [
[-0.0598425,1.85551,16.8983,5],
[-3.65601,-3.28707,-6.311,3],
[-0.703331,-1.14511,-19.9548,3]
],
"reflectors": [
[10.8844,-10.8602,-7.25167,4]
],
"reflector_prisms": [
],
"absorber_prisms": [
[-10.7476,-2.18653,11.6056,-5.74758,0.813471,14.6056]
]
}