{"time_step": 1e-05, "number_of_molecules": 500000, "diff_coef": 100, "sim_time": 2.81667, "absorbers": [[10.6752, -3.45142, 15.3339, 6], [0.686296, 0.328163, 6.95854, 2]], "reflectors": [], "reflector_prisms": [[-16.4302, 10.8145, -11.1533, -12.4302, 12.8145, -8.15335], [-8.41457, -9.09384, -3.68457, -5.41457, -6.09384, -0.684567]], "absorber_prisms": [], "line_of_sight": [[42, 42, 0, 0, 0, 498], [50, 50, 0, 0, 0, 501]]}