{
"time_step": 1e-05,
"number_of_molecules": 500000,
"diff_coef": 400,
"sim_time": 0.6,
"absorbers": [
[1.65012,11.8119,-1.32549,3],
[-11.4399,-0.0421516,-9.70185,3]
],
"reflectors": [
[-6.70501,-0.177854,8.71844,6]
],
"reflector_prisms": [
],
"absorber_prisms": [
[-14.4803,-8.01815,6.83323,-11.4803,-5.01815,10.8332]
]
}