{"time_step": 1e-05, "number_of_molecules": 500000, "diff_coef": 300, "sim_time": 0.8, "absorbers": [[10.5149, -1.4653, -9.12629, 2], [-2.47137, 2.81118, 11.4013, 6]], "reflectors": [[3.13716, 2.94742, -21.5748, 5]], "reflector_prisms": [], "absorber_prisms": [[-2.91322, -14.2541, -7.14412, 2.08678, -8.25413, -1.14412], [-12.9256, 10.3676, -16.9778, -7.92558, 12.3676, -12.9778], [-17.2486, 12.1129, -8.25118, -11.2486, 18.1129, -6.25118]], "line_of_sight": [[44, 44, 0, 0, 0, 498], [86, 8, 78, 0, 0, 498]]}