{
"time_step": 1e-05,
"number_of_molecules": 500000,
"diff_coef": 200,
"sim_time": 2.40833,
"absorbers": [
[-9.14185,-7.31752,-18.6247,6],
[1.13802,1.3359,11.871,7],
[12.8462,-17.4675,10.2889,7],
[-13.5923,1.66067,-2.91399,4]
],
"reflectors": [
[9.95871,-2.99235,-7.80192,7]
],
"reflector_prisms": [
],
"absorber_prisms": [
]
}