{"time_step": 1e-05, "number_of_molecules": 500000, "diff_coef": 200, "sim_time": 1.2, "absorbers": [[-6.99718, 9.41768, 2.51927, 4], [-3.4117, -5.40127, 14.6692, 4]], "reflectors": [[9.52972, 10.9597, 3.7508, 5], [0.638367, 1.95968, -9.7853, 5]], "reflector_prisms": [], "absorber_prisms": [], "line_of_sight": [[0, 0, 0, 0, 0, 499], [502, 0, 502, 0, 0, 502]]}