{
"time_step": 1e-05,
"number_of_molecules": 500000,
"diff_coef": 200,
"sim_time": 1.63333,
"absorbers": [
[-9.69923,2.34201,-0.663223,5],
[8.4727,-15.8624,-0.772943,4]
],
"reflectors": [
],
"reflector_prisms": [
],
"absorber_prisms": [
[-1.94874,-7.39016,-16.755,4.05126,-4.39016,-10.755],
[2.92402,2.45035,5.84207,6.92402,7.45035,9.84207],
[3.85137,10.434,0.638543,8.85137,13.434,6.63854],
[4.20724,3.40412,-9.04694,10.2072,5.40412,-5.04694]
]
}