{
"time_step": 1e-05,
"number_of_molecules": 500000,
"diff_coef": 100,
"sim_time": 1.06667,
"absorbers": [
[5.68809,-8.90468,3.05815,3]
],
"reflectors": [
[4.12749,9.87785,5.42143,6],
[-2.18769,-6.22771,-8.79941,6],
[-1.3259,-20.9449,-0.743064,2],
[-10.3595,7.8033,-5.27154,5]
],
"reflector_prisms": [
],
"absorber_prisms": [
[-2.87517,6.23534,14.2488,0.124835,9.23534,19.2488]
]
}