{
"time_step": 1e-05,
"number_of_molecules": 500000,
"diff_coef": 150,
"sim_time": 4.01111,
"absorbers": [
[-11.0403,11.9861,-16.231,4],
[12.7788,11.1268,1.37731,6],
[3.28146,-4.62981,-13.8851,3],
[-0.570924,13.6367,13.2179,6]
],
"reflectors": [
[-5.80656,-7.09857,-3.98674,5],
[-5.99109,-20.0902,1.22025,3],
[-9.6842,-13.3266,11.341,4],
[7.18719,-5.86001,-19.9501,4],
[2.19708,-8.15874,7.04328,2],
[1.26776,-11.854,12.1192,2]
],
"reflector_prisms": [
],
"absorber_prisms": [
]
}