{
"time_step": 1e-05,
"number_of_molecules": 500000,
"diff_coef": 200,
"sim_time": 0.533333,
"absorbers": [
[3.24463,2.52613,-9.11543,2],
[-0.475916,4.77509,5.09627,2]
],
"reflectors": [
],
"reflector_prisms": [
[-8.01415,-7.04437,12.3498,-6.01415,-5.04437,17.3498],
[-3.6931,1.09069,-10.4416,-0.693099,3.09069,-5.44162]
],
"absorber_prisms": [
[-3.06141,-7.64604,-15.4087,-1.06141,-4.64604,-9.40874]
]
}