{"time_step": 1e-05, "number_of_molecules": 500000, "diff_coef": 50, "sim_time": 3.33333, "absorbers": [[-4.77505, -12.0861, -5.20809, 4], [-7.13296, 9.1747, 5.82631, 6]], "reflectors": [[3.51399, 3.2233, -9.91273, 6], [13.3633, 12.3851, 8.24825, 7]], "reflector_prisms": [], "absorber_prisms": [], "line_of_sight": [[163, 0, 163, 0, 0, 498], [0, 0, 0, 0, 0, 497]]}