{"time_step": 1e-05, "number_of_molecules": 500000, "diff_coef": 100, "sim_time": 1.66667, "absorbers": [[-4.78842, -13.0399, -1.7412, 4]], "reflectors": [], "reflector_prisms": [[2.45325, 8.28199, -15.922, 8.45325, 14.282, -9.92202]], "absorber_prisms": [[-9.10948, -15.249, -14.8717, -6.10948, -9.24895, -9.8717], [-5.48879, -7.79508, 3.9054, -3.48879, -2.79508, 5.9054], [-5.65387, 4.0674, -13.0489, 0.346131, 6.0674, -8.04886], [4.37794, -14.7188, -6.19377, 9.37794, -9.71884, -1.19377]], "line_of_sight": [[0, 0, 0, 0, 0, 497]]}