{
"time_step": 1e-05,
"number_of_molecules": 500000,
"diff_coef": 150,
"sim_time": 3.21111,
"absorbers": [
[-11.6181,-7.81027,0.142945,4],
[7.48409,13.7047,8.95373,5],
[-2.40979,-11.35,16.2902,4],
[16.6591,2.9651,-10.6622,3],
[-3.8716,-6.35994,-9.41073,2],
[0.345921,0.411923,12.9889,4],
[-2.76624,9.96104,-14.7352,4],
[-2.37913,11.3845,-2.95505,3]
],
"reflectors": [
[6.80924,7.16836,1.49964,4],
[8.80009,3.18195,12.9782,3],
[-6.10189,0.388682,-5.15905,2],
[3.82806,-4.90948,10.2588,2]
],
"reflector_prisms": [
],
"absorber_prisms": [
]
}