{
"time_step": 1e-05,
"number_of_molecules": 500000,
"diff_coef": 350,
"sim_time": 0.685714,
"absorbers": [
[3.29851,-13.0383,3.88893,2]
],
"reflectors": [
],
"reflector_prisms": [
[-2.82586,-1.1439,16.4933,2.17414,1.8561,18.4933],
[-4.63762,0.638448,6.40585,-0.637624,3.63845,12.4058],
[-5.89923,-6.35255,9.71386,-0.899226,-2.35255,12.7139],
[18.9411,6.75876,1.25955,20.9411,9.75876,7.25955]
],
"absorber_prisms": [
]
}