{
"time_step": 1e-05,
"number_of_molecules": 500000,
"diff_coef": 200,
"sim_time": 2.40833,
"absorbers": [
[6.0869,-9.28621,-12.8731,6],
[-3.38654,4.70619,8.14758,4],
[0.0601612,-1.12913,19.968,6],
[-8.5073,20.4107,-6.327,6],
[15.7571,-13.8265,1.24187,7],
[-3.67464,-5.70626,-15.5864,4]
],
"reflectors": [
[15.9644,13.2853,-3.10476,5],
[-9.71022,-4.45152,14.4878,5],
[0.210013,9.94332,-13.7872,4],
[5.73928,22.1788,-2.04033,6]
],
"reflector_prisms": [
],
"absorber_prisms": [
]
}