{"time_step": 1e-05, "number_of_molecules": 500000, "diff_coef": 250, "sim_time": 0.54, "absorbers": [[-3.73075, 11.1518, -2.39128, 3]], "reflectors": [[-0.977226, -1.14374, 8.87338, 3]], "reflector_prisms": [], "absorber_prisms": [[-9.18305, 13.882, 9.7118, -5.18305, 17.882, 13.7118], [-10.0782, -9.15402, -11.9198, -6.07825, -5.15402, -5.91975], [-5.29133, -7.69746, -10.6263, 0.708672, -3.69746, -7.62627], [12.6809, -0.626448, 0.396346, 15.6809, 2.37355, 5.39635]], "line_of_sight": [[0, 0, 0, 0, 0, 502]]}