{"time_step": 1e-05, "number_of_molecules": 500000, "diff_coef": 250, "sim_time": 2.16, "absorbers": [[-1.24729, -9.55741, 7.14844, 5], [20.2235, -7.36719, -4.55369, 4], [9.52483, 0.84571, 8.80696, 7], [-7.61371, 8.423, -11.2732, 4], [7.06337, -13.7895, -14.176, 7], [-12.8419, -1.89802, -15.2146, 4]], "reflectors": [[-4.66273, -0.538263, 16.3392, 6], [16.7032, -3.0508, -18.3492, 7], [-4.39097, -0.154539, -13.2927, 4]], "reflector_prisms": [], "absorber_prisms": [], "line_of_sight": [[15, 15, 0, 0, 0, 499], [0, 0, 0, 0, 0, 503], [148, 64, 86, 0, 0, 499], [179, 179, 0, 0, 0, 499], [0, 0, 0, 0, 0, 500], [500, 500, 109, 0, 0, 500]]}