{"time_step": 1e-05, "number_of_molecules": 500000, "diff_coef": 100, "sim_time": 2.4, "absorbers": [[-8.44614, -6.3794, 9.16329, 2]], "reflectors": [[0.338515, -9.85824, -1.6433, 5], [4.19344, 5.04106, -11.2251, 4]], "reflector_prisms": [], "absorber_prisms": [[-16.974, -12.1929, -14.151, -13.974, -6.19285, -11.151]], "line_of_sight": [[151, 0, 151, 0, 0, 499]]}