{
"time_step": 1e-05,
"number_of_molecules": 500000,
"diff_coef": 400,
"sim_time": 1.06667,
"absorbers": [
[0.138676,0.795947,-15.9796,6],
[-2.13111,-10.91,-4.52008,6],
[13.7112,-0.738572,15.8889,6],
[13.8759,6.93758,-10.9695,3]
],
"reflectors": [
],
"reflector_prisms": [
],
"absorber_prisms": [
[11.2905,-11.8867,-7.64739,16.2905,-8.88668,-5.64739]
]
}