{"time_step": 1e-05, "number_of_molecules": 500000, "diff_coef": 350, "sim_time": 0.171429, "absorbers": [[-4.89566, 5.73208, 6.57083, 4]], "reflectors": [], "reflector_prisms": [[-8.64845, -17.1145, 5.32447, -3.64845, -13.1145, 7.32447], [-5.15737, -6.82081, -5.56917, -0.15737, -3.82081, -3.56917], [-15.4857, 3.93755, -12.8921, -9.48569, 7.93755, -6.89207], [6.00473, -3.93245, -7.65709, 11.0047, -0.932447, -3.65709]], "absorber_prisms": [[-4.99231, -7.85358, -13.5172, 0.00769352, -2.85358, -8.51715]], "line_of_sight": [[0, 0, 0, 0, 0, 497]]}