{"time_step": 1e-05, "number_of_molecules": 500000, "diff_coef": 300, "sim_time": 1.8, "absorbers": [[10.8792, -9.16652, -11.0281, 5], [-0.379844, 6.0221, 22.1944, 5], [3.93551, -17.6284, -10.7121, 3], [4.26765, -12.7187, -17.4362, 4], [12.5919, 19.0212, 2.93903, 5], [-7.05833, 11.224, 7.01435, 6], [-8.90331, -7.22635, 15.1496, 5], [-9.24143, 3.10838, -6.99528, 4]], "reflectors": [], "reflector_prisms": [], "absorber_prisms": [], "line_of_sight": [[276, 284, 0, 0, 0, 501], [0, 0, 0, 0, 0, 500], [419, 419, 0, 0, 0, 501], [161, 174, 0, 0, 0, 499], [0, 0, 0, 0, 0, 499], [243, 243, 0, 0, 0, 503], [0, 0, 0, 0, 0, 496], [0, 0, 0, 0, 0, 500]]}