{"time_step": 1e-05, "number_of_molecules": 500000, "diff_coef": 250, "sim_time": 1.12667, "absorbers": [[5.43312, -8.25281, -13.8337, 4]], "reflectors": [[0.00870897, -1.08212, -21.9734, 3]], "reflector_prisms": [[-0.488138, 9.273, -0.682777, 4.51186, 11.273, 2.31722]], "absorber_prisms": [], "line_of_sight": [[0, 0, 0, 0, 0, 501]]}