{"time_step": 1e-05, "number_of_molecules": 500000, "diff_coef": 400, "sim_time": 1.50417, "absorbers": [[-3.39491, 9.61675, -16.031, 5], [-14.7076, 8.30326, 1.93458, 6], [2.623, 16.7472, -1.28536, 4], [10.568, -22.3212, 3.88339, 6]], "reflectors": [], "reflector_prisms": [], "absorber_prisms": [], "line_of_sight": [[0, 0, 0, 0, 0, 501], [0, 0, 0, 0, 0, 503], [0, 0, 0, 0, 0, 500], [0, 0, 0, 0, 0, 500]]}