{"time_step": 1e-05, "number_of_molecules": 500000, "diff_coef": 100, "sim_time": 3.75, "absorbers": [[-15.1077, 10.7895, -4.04308, 4], [0.711684, -0.231316, 12.9784, 3]], "reflectors": [[-9.02927, 1.46467, 14.3292, 3], [0.703737, 8.53439, -6.90427, 6]], "reflector_prisms": [[8.35043, -11.7889, 6.36923, 14.3504, -8.78893, 8.36923]], "absorber_prisms": [], "line_of_sight": [[0, 0, 0, 0, 0, 500], [0, 0, 0, 0, 0, 501]]}