{
"time_step": 1e-05,
"number_of_molecules": 500000,
"diff_coef": 50,
"sim_time": 4.8,
"absorbers": [
[2.61977,-14.8729,9.79454,6],
[-5.12094,1.62897,-15.0706,6]
],
"reflectors": [
[4.01193,-5.44415,-18.8219,5],
[9.0511,-11.7804,-10.1636,4],
[-7.44973,-3.70847,20.3654,4]
],
"reflector_prisms": [
],
"absorber_prisms": [
]
}