{"time_step": 1e-05, "number_of_molecules": 500000, "diff_coef": 300, "sim_time": 1.60556, "absorbers": [[3.37377, 3.85949, -14.0969, 2], [15.1406, -12.7847, 9.55587, 5], [-2.74945, 1.89338, 18.7044, 2]], "reflectors": [], "reflector_prisms": [], "absorber_prisms": [[10.7918, -6.29188, -11.285, 16.7918, -4.29188, -9.28502], [1.47473, -5.68613, 16.0408, 7.47473, -1.68613, 18.0408]], "line_of_sight": [[0, 0, 0, 0, 0, 501], [0, 0, 0, 0, 0, 501], [0, 0, 0, 0, 0, 498]]}