{"time_step": 1e-05, "number_of_molecules": 500000, "diff_coef": 50, "sim_time": 12.0333, "absorbers": [[-13.3098, 10.6029, -15.4735, 4], [0.362713, 2.61766, -13.7483, 3]], "reflectors": [], "reflector_prisms": [], "absorber_prisms": [[-1.10818, -3.73241, 14.4536, 0.891817, 1.26759, 18.4536], [-14.4426, -12.3963, -4.60803, -11.4426, -7.39635, -0.608028], [-6.35938, -0.268969, 12.3564, -2.35938, 1.73103, 17.3564]], "line_of_sight": [[0, 0, 0, 0, 0, 498], [0, 0, 0, 0, 0, 499]]}