{
"time_step": 1e-05,
"number_of_molecules": 500000,
"diff_coef": 350,
"sim_time": 0.233333,
"absorbers": [
[1.57969,-0.361959,-10.88,4]
],
"reflectors": [
[3.93977,8.94675,2.10567,2],
[1.61767,2.17137,7.52783,2],
[10.535,-5.73262,0.387977,2]
],
"reflector_prisms": [
[-14.3168,-0.0131166,-16.5949,-9.31683,3.98688,-11.5949]
],
"absorber_prisms": [
[-14.2258,5.48261,-0.346969,-9.22575,7.48261,3.65303]
]
}