{"time_step": 1e-05, "number_of_molecules": 500000, "diff_coef": 400, "sim_time": 0.504167, "absorbers": [[11.4109, -3.6021, 7.26747, 5], [-0.878581, 3.31683, 15.6278, 5]], "reflectors": [], "reflector_prisms": [], "absorber_prisms": [[-8.35321, 2.4703, -21.0816, -5.35321, 8.4703, -17.0816], [10.7942, -15.1731, -4.98166, 14.7942, -9.17315, -1.98166]], "line_of_sight": [[0, 0, 0, 0, 0, 500], [0, 0, 0, 0, 0, 499]]}