{
"time_step": 1e-05,
"number_of_molecules": 500000,
"diff_coef": 50,
"sim_time": 2.13333,
"absorbers": [
[-4.2948,8.92062,1.40613,2]
],
"reflectors": [
[-5.87061,-2.74375,-14.629,6]
],
"reflector_prisms": [
[8.98609,1.14644,-18.5181,11.9861,7.14644,-14.5181],
[6.38856,-1.96328,16.8785,9.38856,2.03672,19.8785],
[-7.4076,-13.0407,8.68301,-5.4076,-7.04072,12.683],
[6.6847,7.92116,-17.0438,8.6847,9.92116,-14.0438]
],
"absorber_prisms": [
]
}