{
"time_step": 1e-05,
"number_of_molecules": 500000,
"diff_coef": 350,
"sim_time": 0.933333,
"absorbers": [
[-8.02704,6.13097,17.262,6]
],
"reflectors": [
[-7.22781,-3.73543,12.6018,4]
],
"reflector_prisms": [
],
"absorber_prisms": [
[-0.585687,1.93873,-17.098,4.41431,3.93873,-13.098]
]
}