{
"time_step": 1e-05,
"number_of_molecules": 500000,
"diff_coef": 300,
"sim_time": 1.25,
"absorbers": [
[1.04967,2.7992,-18.7633,4]
],
"reflectors": [
[7.00912,3.64656,6.12984,4],
[-2.26969,-2.10237,-14.6775,3],
[10.7451,7.70695,-4.59836,2]
],
"reflector_prisms": [
],
"absorber_prisms": [
[-18.311,10.5027,-1.40726,-13.311,15.5027,3.59274],
[-13.0171,9.1386,-2.91282,-9.01706,11.1386,1.08718]
]
}