{
"time_step": 1e-05,
"number_of_molecules": 500000,
"diff_coef": 200,
"sim_time": 0.408333,
"absorbers": [
[1.25685,6.43758,-7.54837,3],
[2.04202,6.44703,7.36655,3]
],
"reflectors": [
],
"reflector_prisms": [
[-9.06556,3.05506,-4.07722,-5.06556,8.05506,-2.07722],
[-3.07623,-1.44768,-14.4745,1.92377,2.55232,-10.4745]
],
"absorber_prisms": [
]
}