{"time_step": 1e-05, "number_of_molecules": 500000, "diff_coef": 350, "sim_time": 0.933333, "absorbers": [[-10.5517, -2.16116, -7.27943, 5], [-4.30791, 12.9816, 13.1879, 5], [14.5125, -2.3368, -2.98767, 4]], "reflectors": [[3.23052, -0.406519, 6.19665, 2]], "reflector_prisms": [[6.15948, -11.4275, -1.03435, 8.15948, -7.42752, 4.96565]], "absorber_prisms": [], "line_of_sight": [[78, 0, 78, 0, 0, 503], [0, 0, 0, 0, 0, 499], [0, 0, 0, 0, 0, 502]]}