{"time_step": 1e-05, "number_of_molecules": 500000, "diff_coef": 400, "sim_time": 0.6, "absorbers": [[-3.99788, 3.93099, -12.8283, 2], [-16.4484, -6.35515, 3.61427, 6]], "reflectors": [], "reflector_prisms": [], "absorber_prisms": [[7.722, 0.899995, -3.76283, 10.722, 2.89999, 1.23717], [-5.75856, -14.1344, -16.1345, -1.75856, -8.13439, -11.1345], [-17.7332, 2.08995, -3.40997, -13.7332, 7.08995, -0.409971], [2.46999, 7.22225, 7.91464, 4.46999, 13.2223, 12.9146]], "line_of_sight": [[0, 0, 0, 0, 0, 502], [0, 0, 0, 0, 0, 499]]}