{
"time_step": 1e-05,
"number_of_molecules": 500000,
"diff_coef": 400,
"sim_time": 1.35,
"absorbers": [
[17.4605,-9.44412,-2.43739,2],
[3.61555,11.122,-2.68864,6]
],
"reflectors": [
],
"reflector_prisms": [
[-2.81,-3.28154,6.49279,3.19,2.71846,9.49279],
[-11.2144,-17.9623,-5.81898,-9.21438,-15.9623,0.181015]
],
"absorber_prisms": [
]
}