{"time_step": 1e-05, "number_of_molecules": 500000, "diff_coef": 100, "sim_time": 6.01667, "absorbers": [[-0.403235, -8.77892, -8.17116, 6], [-6.65258, -1.69998, -4.10527, 2], [-11.0618, -5.97104, -9.89869, 3], [-6.58394, 3.68292, 15.2344, 4], [-12.9432, 12.0466, 3.36955, 5], [7.18259, -1.66879, 15.3175, 5], [-4.02694, 17.9186, -12.1123, 3], [-17.9733, -12.5519, 1.84692, 3]], "reflectors": [[11.4045, -14.4558, -7.80809, 4], [6.20444, -11.2852, -15.3019, 2], [-1.20719, -0.0707449, -15.9542, 5], [-4.36581, 19.502, -0.781997, 5], [8.81171, 5.5965, -3.46887, 6]], "reflector_prisms": [], "absorber_prisms": [], "line_of_sight": [[63, 23, 40, 0, 0, 502], [128, 128, 0, 0, 0, 497], [216, 216, 0, 0, 0, 501], [90, 57, 33, 0, 0, 499], [125, 0, 125, 0, 0, 498], [155, 0, 155, 0, 0, 498], [0, 0, 0, 0, 0, 497], [500, 0, 500, 0, 0, 500]]}