{
"time_step": 1e-05,
"number_of_molecules": 500000,
"diff_coef": 150,
"sim_time": 4.01111,
"absorbers": [
[7.96406,8.44262,21.007,5],
[11.2083,-7.41036,-8.68686,6],
[-5.21482,5.05251,11.9699,6],
[7.9958,15.2745,-15.2235,5],
[10.8369,4.7682,7.4716,7],
[-17.0586,-13.377,-7.68508,7]
],
"reflectors": [
[4.12708,-1.81233,-16.3915,5],
[-5.36157,-9.46522,16.7828,6],
[-13.8037,3.33857,-12.6219,7]
],
"reflector_prisms": [
],
"absorber_prisms": [
]
}