{"time_step": 1e-05, "number_of_molecules": 500000, "diff_coef": 300, "sim_time": 0.938889, "absorbers": [[-17.4636, -4.16578, 1.29218, 5]], "reflectors": [[11.0335, -1.75247, -4.38069, 6], [7.64862, 0.603825, -17.382, 6], [-5.28689, -2.96585, -14.8072, 2], [-2.54868, 4.06295, -9.89932, 4]], "reflector_prisms": [[-9.24123, -9.71755, -9.4069, -3.24123, -6.71755, -6.4069]], "absorber_prisms": [], "line_of_sight": [[243, 0, 243, 0, 0, 500]]}