{"time_step": 1e-05, "number_of_molecules": 500000, "diff_coef": 150, "sim_time": 3.21111, "absorbers": [[8.57684, -14.0236, 11.392, 3], [11.7856, -4.6352, -11.3409, 2], [-8.02472, 4.13596, -18.9604, 4], [1.08972, -9.96352, -19.5842, 5]], "reflectors": [], "reflector_prisms": [], "absorber_prisms": [[-10.1552, -8.31893, -11.662, -4.15522, -3.31893, -6.66203]], "line_of_sight": [[0, 0, 0, 0, 0, 499], [0, 0, 0, 0, 0, 501], [0, 0, 0, 0, 0, 502], [0, 0, 0, 0, 0, 501]]}