{"time_step": 1e-05, "number_of_molecules": 500000, "diff_coef": 250, "sim_time": 2.40667, "absorbers": [[-6.09709, -17.0856, -12.4462, 5], [-4.52957, -1.26165, 24.5538, 6], [-1.4063, 2.25595, -13.7453, 6], [-14.9042, 3.06687, -4.94573, 4], [-9.50747, -20.3786, 4.82911, 4], [5.50947, -14.6116, -3.48504, 7], [-16.4401, -4.10069, -1.38156, 4]], "reflectors": [], "reflector_prisms": [], "absorber_prisms": [], "line_of_sight": [[0, 0, 0, 0, 0, 501], [340, 340, 0, 0, 0, 501], [102, 102, 0, 0, 0, 496], [0, 0, 0, 0, 0, 500], [0, 0, 0, 0, 0, 501], [0, 0, 0, 0, 0, 495], [0, 0, 0, 0, 0, 500]]}