{
"time_step": 1e-05,
"number_of_molecules": 500000,
"diff_coef": 250,
"sim_time": 2.16,
"absorbers": [
[2.40462,11.9465,14.5773,5],
[-10.669,-13.5133,-13.6953,4],
[-7.39015,-10.7964,4.98228,5],
[13.118,2.79098,-4.0159,2]
],
"reflectors": [
],
"reflector_prisms": [
],
"absorber_prisms": [
[8.36798,12.7799,0.131188,12.368,17.7799,2.13119]
]
}