{"time_step": 1e-05, "number_of_molecules": 500000, "diff_coef": 350, "sim_time": 1.07143, "absorbers": [[-13.2928, -1.04876, -16.2235, 6], [0.212667, -1.39749, -10.9088, 4]], "reflectors": [], "reflector_prisms": [[-3.87512, -5.12257, -9.91745, -0.87512, 0.877433, -6.91745], [18.193, -5.24824, -6.43021, 24.193, -1.24824, -3.43021]], "absorber_prisms": [[-2.91171, -13.6403, 10.2893, 3.08829, -10.6403, 16.2893], [6.91837, -4.42038, 8.71185, 8.91837, 1.57962, 11.7119]], "line_of_sight": [[106, 0, 0, 0, 106, 502], [154, 0, 0, 0, 154, 505]]}