{"time_step": 1e-05, "number_of_molecules": 500000, "diff_coef": 200, "sim_time": 3.00833, "absorbers": [[21.8698, 6.54393, -7.40866, 5]], "reflectors": [[10.1165, 8.00149, -1.62245, 4], [16.6808, -4.43321, 11.9624, 5]], "reflector_prisms": [[-1.23643, -4.02951, -21.3247, 2.76357, -1.02951, -18.3247], [-6.22976, 4.29754, -7.05022, -0.229756, 6.29754, -3.05022], [2.91821, -9.77042, -13.507, 6.91821, -6.77042, -9.50701]], "absorber_prisms": [], "line_of_sight": [[112, 0, 112, 0, 0, 497]]}