{
"time_step": 1e-05,
"number_of_molecules": 500000,
"diff_coef": 50,
"sim_time": 8.53333,
"absorbers": [
[1.95768,2.88003,18.6781,3]
],
"reflectors": [
[-11.7947,-0.0325939,-7.54222,2]
],
"reflector_prisms": [
[-2.89202,-3.16525,-19.9597,3.10798,0.834754,-13.9597],
[8.42258,0.694664,-6.6684,13.4226,3.69466,-4.6684]
],
"absorber_prisms": [
[-9.33208,14.2524,-4.38162,-4.33208,17.2524,-2.38162]
]
}