{
"time_step": 1e-05,
"number_of_molecules": 500000,
"diff_coef": 250,
"sim_time": 1.70667,
"absorbers": [
[-1.07715,-2.08051,-10.7476,5],
[-18.21,-4.52715,2.98317,4],
[0.589453,0.561438,-18.9826,3],
[-10.8104,-5.69367,4.44034,3]
],
"reflectors": [
],
"reflector_prisms": [
[10.1098,-1.74457,5.02056,14.1098,2.25543,9.02056]
],
"absorber_prisms": [
]
}