{"time_step": 1e-05, "number_of_molecules": 500000, "diff_coef": 150, "sim_time": 3.6, "absorbers": [[18.2076, 7.9968, -2.12914, 2]], "reflectors": [[-0.650425, 0.556334, -7.95408, 2]], "reflector_prisms": [[-4.30569, 15.0943, -12.6472, -0.305687, 17.0943, -10.6472], [-2.93641, -5.16321, 15.7708, 1.06359, -0.163213, 18.7708]], "absorber_prisms": [[-2.58985, -4.74364, -9.28081, 0.410145, -1.74364, -6.28081], [4.85448, -1.26923, 6.62903, 6.85448, 3.73077, 10.629]], "line_of_sight": [[0, 0, 0, 0, 0, 501]]}