{
"time_step": 1e-05,
"number_of_molecules": 500000,
"diff_coef": 150,
"sim_time": 1.6,
"absorbers": [
[-13.8076,-1.55012,1.71695,2]
],
"reflectors": [
[-0.0159012,-4.15169,-21.6047,5]
],
"reflector_prisms": [
[-5.12221,-12.2333,0.438693,-0.12221,-7.23335,5.43869]
],
"absorber_prisms": [
[-10.8618,4.9918,-22.0611,-6.8618,7.9918,-16.0611]
]
}