{"time_step": 1e-05, "number_of_molecules": 500000, "diff_coef": 50, "sim_time": 4.8, "absorbers": [[6.03209, 3.81251, 12.0449, 2], [4.12031, 2.71112, 8.69902, 2], [5.76384, -0.33178, -6.90421, 3]], "reflectors": [], "reflector_prisms": [[-9.78814, -0.89767, -1.17395, -5.78814, 1.10233, 4.82605]], "absorber_prisms": [], "line_of_sight": [[500, 500, 0, 0, 0, 500], [106, 106, 0, 0, 0, 498], [0, 0, 0, 0, 0, 497]]}