{"time_step": 1e-05, "number_of_molecules": 500000, "diff_coef": 200, "sim_time": 0.675, "absorbers": [[-7.54442, -7.30254, -7.66515, 4]], "reflectors": [[-10.0668, -2.87869, -19.3487, 5]], "reflector_prisms": [], "absorber_prisms": [[6.91927, -4.68603, 9.85823, 9.91927, -0.686033, 11.8582], [14.6237, -1.99419, 9.95593, 17.6237, 1.00581, 11.9559], [1.24825, -1.29041, 19.1767, 5.24825, 4.70959, 22.1767], [9.43693, 8.53292, -18.8314, 14.4369, 10.5329, -12.8314]], "line_of_sight": [[2, 0, 2, 0, 0, 501]]}