{"time_step": 1e-05, "number_of_molecules": 500000, "diff_coef": 250, "sim_time": 2.16, "absorbers": [[-1.99626, 0.729797, 17.8741, 4], [-12.002, -0.208334, -7.20485, 6], [-1.0877, -8.64107, 8.25523, 5], [7.81936, -0.205514, -9.10029, 6], [-8.23159, 7.98292, -16.3864, 5], [-9.11555, -16.3481, -13.3658, 5]], "reflectors": [[-8.3978, 0.259892, 8.56793, 4], [-8.53261, 7.39802, 18.8803, 5], [4.01488, 19.5816, -0.665153, 4], [3.4549, 13.5416, -18.2672, 5]], "reflector_prisms": [], "absorber_prisms": [], "line_of_sight": [[160, 155, 29, 0, 0, 502], [1, 1, 0, 0, 0, 500], [73, 36, 37, 0, 0, 504], [162, 54, 112, 0, 0, 499], [64, 64, 0, 0, 0, 499], [0, 0, 0, 0, 0, 504]]}