{"time_step": 1e-05, "number_of_molecules": 500000, "diff_coef": 50, "sim_time": 10.8, "absorbers": [[15.3316, 3.54104, -16.7751, 5], [11.5197, 6.10003, 15.1686, 4], [1.04783, -10.4206, -13.3908, 4], [1.04294, -1.95086, 10.7753, 6], [3.07839, -1.10735, -20.7436, 5]], "reflectors": [[-0.40807, -21.5607, 7.99822, 6], [18.8978, 10.0135, -8.46179, 5], [-15.2217, 17.8199, 5.17229, 7], [4.7691, 12.1841, -4.9804, 4]], "reflector_prisms": [], "absorber_prisms": [], "line_of_sight": [[0, 0, 0, 0, 0, 500], [64, 64, 0, 0, 0, 500], [0, 0, 0, 0, 0, 500], [63, 63, 0, 0, 0, 503], [503, 503, 0, 0, 0, 503]]}