{"time_step": 1e-05, "number_of_molecules": 500000, "diff_coef": 400, "sim_time": 1.20417, "absorbers": [[1.55352, 17.4555, 7.34118, 4], [-7.92181, -9.92231, 15.4529, 3], [-1.66417, -8.4553, 11.0335, 2], [2.34825, -13.7755, -14.3081, 5], [-0.896129, -0.745914, 19.966, 4], [-6.63632, -4.92669, 10.0343, 4], [8.45765, 3.066, 0.260446, 3], [6.13215, -11.3725, 1.43658, 4]], "reflectors": [[6.85219, -2.01474, -8.36591, 3], [0.337786, -1.8656, -12.861, 4], [-1.06659, 2.10874, -20.8666, 3], [-6.67808, 11.0127, 15.3011, 2], [5.96049, 8.33289, -6.24784, 3], [-4.26144, 5.3442, -8.61856, 5]], "reflector_prisms": [], "absorber_prisms": [], "line_of_sight": [[17, 17, 0, 0, 0, 501], [493, 493, 98, 0, 0, 500], [151, 0, 151, 0, 0, 501], [67, 14, 53, 0, 0, 500], [411, 0, 517, 0, 0, 500], [158, 63, 104, 0, 0, 500], [0, 0, 0, 0, 0, 502], [0, 0, 0, 0, 0, 499]]}