{
"time_step": 1e-05,
"number_of_molecules": 500000,
"diff_coef": 200,
"sim_time": 0.208333,
"absorbers": [
[3.99368,-5.74852,-0.070927,2]
],
"reflectors": [
[-1.25025,15.7881,-2.27438,6],
[0.452554,-12.3255,8.5368,3]
],
"reflector_prisms": [
[10.9967,-9.16941,6.14396,16.9967,-4.16941,12.144],
[-3.01662,3.41467,-14.5927,0.983379,8.41467,-9.59269]
],
"absorber_prisms": [
[-16.7759,4.81789,4.0684,-12.7759,6.81789,8.0684]
]
}