{"time_step": 1e-05, "number_of_molecules": 500000, "diff_coef": 250, "sim_time": 1.92667, "absorbers": [[-0.45175, 2.21657, 19.8717, 3], [-5.42329, 1.62907, 9.43049, 4]], "reflectors": [], "reflector_prisms": [[4.56527, 7.59837, -8.81003, 9.56527, 13.5984, -2.81003], [-10.0698, -11.642, -12.5059, -8.06977, -8.64201, -9.50585], [-10.5304, -5.02325, -9.35034, -5.53036, -3.02325, -3.35034]], "absorber_prisms": [], "line_of_sight": [[46, 46, 0, 0, 0, 497], [19, 19, 0, 0, 0, 497]]}