{"time_step": 1e-05, "number_of_molecules": 500000, "diff_coef": 350, "sim_time": 1.54286, "absorbers": [[6.232, 5.53295, 21.4371, 5], [5.65292, -6.52293, -8.33642, 4], [2.87109, -0.568241, -16.7462, 6], [-1.34943, 12.2018, 4.27729, 5]], "reflectors": [[4.60191, -11.294, 4.50201, 5], [-3.18047, -5.36786, 21.0967, 5]], "reflector_prisms": [], "absorber_prisms": [], "line_of_sight": [[93, 93, 0, 0, 0, 501], [83, 83, 0, 0, 0, 498], [199, 74, 125, 0, 0, 500], [86, 47, 39, 0, 0, 501]]}