{
"time_step": 1e-05,
"number_of_molecules": 500000,
"diff_coef": 50,
"sim_time": 8.53333,
"absorbers": [
[3.9299,-18.5064,-1.75229,3]
],
"reflectors": [
],
"reflector_prisms": [
[2.44221,-10.2852,17.0386,4.44221,-6.28522,22.0386],
[3.47918,2.5508,-16.7306,5.47918,5.5508,-10.7306],
[7.08743,0.744872,13.9859,9.08743,2.74487,17.9859]
],
"absorber_prisms": [
]
}