{"time_step": 1e-05, "number_of_molecules": 500000, "diff_coef": 100, "sim_time": 5.4, "absorbers": [[-19.6134, -1.89239, -7.26177, 3]], "reflectors": [], "reflector_prisms": [[1.38642, -15.3262, -15.3311, 3.38642, -11.3262, -11.3311]], "absorber_prisms": [[-10.7925, -5.40928, -3.41385, -4.7925, -3.40928, 1.58615], [-8.72918, -1.67936, 5.78195, -5.72918, 4.32064, 7.78195], [-9.49841, -14.1637, -3.90866, -7.49841, -9.16373, 1.09134], [-7.81172, 5.96742, 8.73714, -2.81172, 8.96742, 13.7371]], "line_of_sight": [[0, 0, 0, 0, 0, 499]]}