{"time_step": 1e-05, "number_of_molecules": 500000, "diff_coef": 300, "sim_time": 2.00556, "absorbers": [[21.7418, 2.88488, 1.72397, 3]], "reflectors": [[-1.5227, 0.127047, -12.9099, 5], [-5.6236, 8.11647, -4.84747, 2]], "reflector_prisms": [[-9.00447, 7.90728, -2.70208, -4.00447, 10.9073, 0.297923]], "absorber_prisms": [[3.52597, -1.57722, 7.77552, 6.52597, 2.42278, 11.7755]], "line_of_sight": [[0, 0, 0, 0, 0, 501]]}