{
"time_step": 1e-05,
"number_of_molecules": 500000,
"diff_coef": 400,
"sim_time": 0.204167,
"absorbers": [
[-1.35441,-0.365026,8.89001,2]
],
"reflectors": [
[0.595197,10.3575,-17.0987,5]
],
"reflector_prisms": [
[6.33967,1.57298,-14.9427,9.33967,7.57298,-8.94267],
[-2.10866,3.51242,4.19962,2.89134,9.51242,8.19962],
[-8.53014,3.19025,-0.126885,-3.53014,8.19025,3.87311],
[11.512,-7.63533,-4.31524,14.512,-4.63533,0.68476]
],
"absorber_prisms": [
]
}