{
"time_step": 1e-05,
"number_of_molecules": 500000,
"diff_coef": 300,
"sim_time": 0.672222,
"absorbers": [
[-6.02163,12.3919,9.95898,6]
],
"reflectors": [
[-18.5496,-2.66662,-3.13045,5],
[0.548319,0.249851,8.97981,3]
],
"reflector_prisms": [
[8.28844,9.83033,10.2421,12.2884,14.8303,15.2421],
[4.51724,12.2251,8.93768,6.51724,18.2251,10.9377]
],
"absorber_prisms": [
[-6.3859,-1.8295,17.2231,-4.3859,0.170496,20.2231]
]
}