{"time_step": 1e-05, "number_of_molecules": 500000, "diff_coef": 200, "sim_time": 1.63333, "absorbers": [[-14.4872, 2.90141, -8.40848, 3]], "reflectors": [[9.42379, 4.59629, -9.27719, 6], [-6.33401, 15.651, -6.23911, 3], [12.4767, -2.85308, 5.67384, 4], [0.649679, -13.0758, 10.8445, 4]], "reflector_prisms": [], "absorber_prisms": [[6.12691, -16.5621, -6.71936, 12.1269, -13.5621, -0.71936]], "line_of_sight": [[502, 0, 502, 0, 0, 502]]}