{"time_step": 1e-05, "number_of_molecules": 500000, "diff_coef": 200, "sim_time": 2.40833, "absorbers": [[1.54982, 3.03675, -10.4583, 4], [-2.4275, 3.23652, 16.5116, 4], [19.7634, 1.56636, 2.63726, 4], [-6.93786, -9.94117, 7.00281, 4], [-14.5356, -1.37517, -3.4386, 6], [-2.27753, 4.11649, -23.5344, 7]], "reflectors": [[14.1561, -1.67581, -14.0284, 5], [14.0739, 13.1174, -15.9643, 7], [-6.88894, -1.71671, -13.2135, 5], [-14.9356, 17.0302, -3.98717, 4], [-4.73277, 12.1468, 15.1676, 4]], "reflector_prisms": [], "absorber_prisms": [], "line_of_sight": [[264, 241, 46, 0, 0, 500], [156, 220, 0, 0, 0, 501], [501, 501, 0, 0, 0, 501], [201, 0, 201, 0, 0, 498], [28, 28, 0, 0, 0, 500], [405, 333, 115, 0, 0, 497]]}