{"time_step": 1e-05, "number_of_molecules": 500000, "diff_coef": 150, "sim_time": 1.87778, "absorbers": [[-5.23887, 0.496843, -8.50338, 5], [1.66444, 16.8744, -1.21873, 5], [5.51329, 6.11739, 14.8722, 4], [0.312989, 3.61281, 8.23709, 4]], "reflectors": [[11.3717, -6.27309, 0.576419, 4]], "reflector_prisms": [], "absorber_prisms": [], "line_of_sight": [[128, 198, 0, 0, 0, 499], [0, 0, 0, 0, 0, 496], [479, 650, 0, 0, 0, 493], [161, 227, 0, 0, 0, 499]]}