{
"time_step": 1e-05,
"number_of_molecules": 500000,
"diff_coef": 200,
"sim_time": 0.533333,
"absorbers": [
[-1.34476,-0.4967,11.9141,4]
],
"reflectors": [
[-0.737198,-2.07986,-6.6431,2],
[6.79407,4.12996,-10.2851,5]
],
"reflector_prisms": [
[-18.0518,4.33376,-5.41092,-14.0518,8.33376,-0.410924],
[13.9803,-7.33342,7.39714,19.9803,-2.33342,11.3971]
],
"absorber_prisms": [
[-10.3866,-2.49388,3.27332,-5.38658,1.50612,7.27332]
]
}