{
"time_step": 1e-05,
"number_of_molecules": 500000,
"diff_coef": 100,
"sim_time": 4.81667,
"absorbers": [
[-2.43827,-11.2484,19.913,6]
],
"reflectors": [
[9.45778,-15.9604,4.10066,6],
[-0.386696,-0.861444,15.9721,4]
],
"reflector_prisms": [
],
"absorber_prisms": [
[-7.30032,6.69195,-2.18549,-2.30032,9.69195,2.81451],
[-11.1234,-2.09362,9.60338,-5.12341,2.90638,15.6034],
[9.18688,2.5407,-8.99287,11.1869,5.5407,-4.99287]
]
}