{"time_step": 1e-05, "number_of_molecules": 500000, "diff_coef": 150, "sim_time": 3.6, "absorbers": [[-5.91336, 20.3061, 11.3443, 6], [-7.56382, -10.1302, 12.8128, 6]], "reflectors": [], "reflector_prisms": [], "absorber_prisms": [[11.1282, 2.94213, 0.853918, 13.1282, 7.94213, 3.85392], [13.7811, -4.25492, -0.276386, 15.7811, 1.74508, 4.72361], [6.8923, -0.33613, -15.4432, 8.8923, 2.66387, -13.4432]], "line_of_sight": [[0, 0, 0, 0, 0, 502], [0, 0, 0, 0, 0, 500]]}