{
"time_step": 1e-05,
"number_of_molecules": 500000,
"diff_coef": 100,
"sim_time": 3.75,
"absorbers": [
[-11.025,5.6823,-15.6895,5]
],
"reflectors": [
[-2.37521,0.331114,12.7769,3],
[10.3783,5.62912,-5.44086,2]
],
"reflector_prisms": [
[0.665399,6.96854,8.75214,5.6654,12.9685,12.7521],
[-4.4442,6.38456,10.6402,-0.444195,8.38456,12.6402],
[17.2684,-2.58534,5.23331,19.2684,0.414657,8.23331]
],
"absorber_prisms": [
]
}