{"time_step": 1e-05, "number_of_molecules": 500000, "diff_coef": 100, "sim_time": 6.01667, "absorbers": [[2.81018, -8.79662, 21.0647, 6], [0.528253, -10.061, -18.4254, 2], [-6.74916, 22.8744, 2.68566, 5], [-17.5013, -3.51299, -2.31572, 4]], "reflectors": [], "reflector_prisms": [[-7.66175, -5.19606, -8.20383, -2.66175, 0.803944, -3.20383]], "absorber_prisms": [], "line_of_sight": [[0, 0, 0, 0, 0, 501], [0, 0, 0, 0, 0, 502], [0, 0, 0, 0, 0, 501], [0, 0, 0, 0, 0, 499]]}