{"time_step": 1e-05, "number_of_molecules": 500000, "diff_coef": 50, "sim_time": 8.53333, "absorbers": [[-17.1343, 0.290772, 8.20548, 3]], "reflectors": [[-1.70032, -9.5697, 11.425, 5]], "reflector_prisms": [[12.79, -4.31703, 0.0250165, 14.79, 1.68297, 4.02502]], "absorber_prisms": [[-3.54211, -2.28074, 7.48135, 2.45789, 1.71926, 12.4813]], "line_of_sight": [[0, 0, 0, 0, 0, 499]]}