{"time_step": 1e-05, "number_of_molecules": 500000, "diff_coef": 200, "sim_time": 2.40833, "absorbers": [[4.72599, -6.58634, 17.1839, 2]], "reflectors": [], "reflector_prisms": [[11.6648, 6.92285, 8.89916, 14.6648, 9.92285, 10.8992], [-1.25291, 16.1342, 8.40068, 1.74709, 19.1342, 14.4007]], "absorber_prisms": [[-6.70372, -0.367675, -16.0126, -2.70372, 4.63233, -10.0126], [6.87543, -9.15802, 10.2245, 10.8754, -5.15802, 12.2245], [3.50555, 0.151639, -9.98644, 7.50555, 6.15164, -7.98644]], "line_of_sight": [[0, 0, 0, 0, 0, 499]]}