{"time_step": 1e-05, "number_of_molecules": 500000, "diff_coef": 250, "sim_time": 0.166667, "absorbers": [[-3.008, 0.859373, 7.36298, 3]], "reflectors": [[7.07459, -12.2962, -12.6394, 5], [6.88836, 9.87526, 4.90201, 6]], "reflector_prisms": [], "absorber_prisms": [[-3.89833, 6.05875, 8.87966, 2.10167, 8.05875, 12.8797]], "line_of_sight": [[33, 0, 33, 0, 0, 501]]}