{
"time_step": 1e-05,
"number_of_molecules": 500000,
"diff_coef": 100,
"sim_time": 0.6,
"absorbers": [
[-7.79972,-6.61595,6.27643,6],
[-3.63028,2.41475,-6.70746,3]
],
"reflectors": [
],
"reflector_prisms": [
[4.64173,-17.3167,-7.06324,10.6417,-11.3167,-3.06324],
[0.351652,0.997106,3.86684,6.35165,5.99711,8.86684]
],
"absorber_prisms": [
[5.32677,6.07518,-11.2937,9.32677,11.0752,-5.29365],
[-15.1338,-9.22551,1.17982,-9.13382,-7.22551,5.17982]
]
}