{"time_step": 1e-05, "number_of_molecules": 500000, "diff_coef": 50, "sim_time": 3.33333, "absorbers": [[-4.25829, 11.09, 9.15851, 6], [0.193055, 12.9699, -0.863447, 3]], "reflectors": [], "reflector_prisms": [], "absorber_prisms": [[-4.6808, -0.380885, 11.2013, 0.319197, 3.61912, 13.2013], [-10.8856, -3.71102, -0.259109, -6.88564, 2.28898, 2.74089], [-5.28997, -2.99688, -8.04529, -2.28997, 3.00312, -6.04529]], "line_of_sight": [[0, 0, 0, 0, 0, 502], [0, 0, 0, 0, 0, 500]]}