{
"time_step": 1e-05,
"number_of_molecules": 500000,
"diff_coef": 400,
"sim_time": 1.20417,
"absorbers": [
[17.7091,13.05,-0.293002,5],
[0.130327,-0.210754,-10.9972,2],
[-4.8244,8.91497,4.27182,5],
[-1.86094,-0.837383,14.8605,5],
[8.08826,10.0965,1.28092,3],
[-12.5572,0.399337,-14.2533,4],
[-17.4296,0.468268,4.47105,4],
[1.61306,-1.22589,-20.902,5]
],
"reflectors": [
[13.2065,-2.57104,-13.4156,6],
[9.21156,-9.03639,5.43054,6],
[3.43029,17.5568,-1.99831,4],
[0.725909,-6.76366,-11.0782,4],
[-4.19322,12.3984,15.1227,3]
],
"reflector_prisms": [
],
"absorber_prisms": [
]
}