{"time_step": 1e-05, "number_of_molecules": 500000, "diff_coef": 300, "sim_time": 1.60556, "absorbers": [[4.49345, -5.32985, 0.633752, 2], [3.11578, -3.0693, 18.4898, 2]], "reflectors": [], "reflector_prisms": [[-16.4444, -7.1529, -6.56135, -12.4444, -3.1529, -2.56135], [-2.28837, -2.58954, -24.9952, 2.71163, 3.41046, -18.9952], [-9.07908, 1.88161, 0.0656674, -5.07908, 4.88161, 3.06567]], "absorber_prisms": [], "line_of_sight": [[0, 0, 0, 0, 0, 500], [0, 0, 0, 0, 0, 501]]}