{"time_step": 1e-05, "number_of_molecules": 500000, "diff_coef": 250, "sim_time": 2.40667, "absorbers": [[2.46117, -2.92888, 19.6307, 3], [-0.033973, 0.0226767, 7.9999, 2], [-7.3148, 1.06514, 3.05928, 3], [-20.3934, 12.543, 1.66762, 5], [5.86611, -1.34835, -18.0214, 6], [19.0297, 5.75228, -9.42233, 3], [18.2751, -5.16234, 0.609953, 2], [-6.14755, -0.544373, -19.024, 5]], "reflectors": [[2.06033, 19.4251, 12.1417, 4]], "reflector_prisms": [], "absorber_prisms": [], "line_of_sight": [[375, 498, 0, 0, 0, 502], [402, 453, 0, 0, 0, 500], [123, 123, 0, 0, 0, 500], [119, 119, 0, 0, 0, 503], [134, 134, 0, 0, 0, 500], [199, 199, 0, 0, 0, 499], [156, 156, 0, 0, 0, 499], [168, 231, 0, 0, 0, 499]]}