{
"time_step": 1e-05,
"number_of_molecules": 500000,
"diff_coef": 100,
"sim_time": 6.01667,
"absorbers": [
[-6.27895,-24.9694,-3.62016,7],
[16.128,12.1527,5.76186,5],
[-2.04024,-0.283494,13.8476,6],
[16.031,-2.46898,9.89497,6],
[-5.08621,-11.6659,2.65281,6],
[-3.53714,5.791,-17.7469,5]
],
"reflectors": [
[2.81893,-12.6381,13.9044,4],
[7.02464,0.155913,-8.46346,6],
[-3.2126,-12.9067,-13.5682,5],
[-5.87966,21.0802,2.24796,6]
],
"reflector_prisms": [
],
"absorber_prisms": [
]
}