{
"time_step": 1e-05,
"number_of_molecules": 500000,
"diff_coef": 350,
"sim_time": 1.71905,
"absorbers": [
[15.1268,-0.748064,-15.9569,3],
[-12.1313,8.54298,2.20213,5],
[-11.0608,-14.9284,-13.5574,5],
[4.20306,3.35018,18.2239,5],
[12.378,-1.42968,14.3436,5],
[-5.18159,-1.64464,17.1594,4],
[-2.94528,-2.95349,-9.08858,3]
],
"reflectors": [
[-2.02823,-0.385345,-16.8742,3],
[10.5941,-6.11253,6.81189,4],
[-1.14918,12.6064,16.7558,5],
[10.7262,-14.896,-7.9409,2],
[9.75142,-11.1658,-2.28788,4],
[-1.48394,3.78725,-12.3473,2],
[1.38238,10.75,1.87797,5]
],
"reflector_prisms": [
],
"absorber_prisms": [
]
}