{
"time_step": 1e-05,
"number_of_molecules": 500000,
"diff_coef": 100,
"sim_time": 6.01667,
"absorbers": [
[-1.8896,-4.48262,7.57202,4],
[2.3965,7.54186,16.1672,4],
[-8.80632,-2.66372,13.0902,2],
[-1.06899,-6.52655,24.1094,6],
[1.14188,-13.1067,-10.7661,2],
[7.03707,-1.32605,15.4182,4],
[11.6121,17.5527,13.493,6],
[-1.82688,-9.49234,2.56087,2]
],
"reflectors": [
],
"reflector_prisms": [
],
"absorber_prisms": [
]
}