{
"time_step": 1e-05,
"number_of_molecules": 500000,
"diff_coef": 300,
"sim_time": 0.8,
"absorbers": [
[1.83172,0.698768,-15.8794,4],
[12.8516,5.16159,13.0074,7],
[-5.89089,-6.50473,10.9081,5],
[9.42534,-7.41071,0.494377,6]
],
"reflectors": [
[-14.7827,-7.20066,4.31529,4]
],
"reflector_prisms": [
],
"absorber_prisms": [
]
}