{"time_step": 1e-05, "number_of_molecules": 500000, "diff_coef": 200, "sim_time": 2.40833, "absorbers": [[-12.4156, 3.75668, -0.859868, 5], [-19.1977, -12.5673, -1.5845, 6], [-4.20928, -6.9752, -7.39111, 4], [9.61528, -5.02694, -8.84739, 7], [-1.95747, 12.0359, -4.50606, 6], [0.730564, -7.58507, 4.78884, 4]], "reflectors": [[-5.5041, -0.402848, 11.7704, 5], [7.58443, -4.64848, 16.7889, 5], [-0.179791, 6.53692, 22.0508, 7], [-13.1232, 1.80746, -16.2946, 5], [18.7502, 8.45839, 4.22894, 4], [-15.3337, 15.5594, -7.19609, 6]], "reflector_prisms": [], "absorber_prisms": [], "line_of_sight": [[152, 91, 61, 0, 0, 497], [148, 0, 148, 0, 0, 502], [52, 0, 52, 0, 0, 503], [206, 67, 153, 0, 0, 496], [308, 243, 70, 0, 0, 503], [272, 272, 35, 0, 0, 498]]}