{"time_step": 1e-05, "number_of_molecules": 500000, "diff_coef": 350, "sim_time": 1.54286, "absorbers": [[-3.65509, 3.56124, 11.9565, 5], [9.47991, 14.7467, 13.2916, 4], [8.39426, -14.7977, 13.9486, 6], [13.6832, -5.43501, -6.2634, 4]], "reflectors": [[15.8636, 3.99727, 18.9042, 7]], "reflector_prisms": [], "absorber_prisms": [], "line_of_sight": [[0, 0, 0, 0, 0, 496], [0, 0, 0, 0, 0, 501], [0, 0, 0, 0, 0, 502], [0, 0, 0, 0, 0, 501]]}