{
"time_step": 1e-05,
"number_of_molecules": 500000,
"diff_coef": 200,
"sim_time": 3.00833,
"absorbers": [
[4.15019,-3.02219,22.4197,4],
[-9.07624,8.01966,-4.72302,2],
[-4.55258,-4.947,-19.8948,4],
[-9.18309,3.27139,-13.9273,2],
[2.3539,6.31692,-17.7639,2],
[-0.27231,-6.06797,3.4793,2],
[-6.36171,-3.0435,14.362,2],
[2.22516,4.39763,12.0295,6]
],
"reflectors": [
],
"reflector_prisms": [
],
"absorber_prisms": [
]
}