{
"time_step": 1e-05,
"number_of_molecules": 500000,
"diff_coef": 400,
"sim_time": 1.50417,
"absorbers": [
[0.87064,1.43473,20.9328,4],
[11.5488,-0.0176613,19.8903,5],
[16.7691,5.10114,-11.5661,2],
[8.15318,-12.1358,8.67455,5],
[-1.66421,-1.59289,9.73104,5],
[-1.51094,-10.309,-7.77437,5],
[1.31571,17.7291,-6.70424,6],
[-19.7571,-4.40382,-5.5913,6]
],
"reflectors": [
[6.09101,5.31294,-10.182,6],
[-1.97397,-0.522585,-10.8088,2],
[-8.8686,1.2949,-4.43521,5],
[13.3317,6.14171,-3.08935,3],
[-8.85229,10.7239,1.62307,5],
[10.0533,7.93566,9.58944,4],
[-13.1373,-10.345,3.06484,4]
],
"reflector_prisms": [
],
"absorber_prisms": [
]
}