{"time_step": 1e-05, "number_of_molecules": 500000, "diff_coef": 250, "sim_time": 1.92667, "absorbers": [[16.0944, -5.13551, -8.69469, 2]], "reflectors": [[3.75808, -10.3097, 0.766257, 3], [-1.53485, -2.25071, -14.7505, 6]], "reflector_prisms": [[-9.13028, -6.73995, 6.89786, -5.13028, -0.739953, 10.8979]], "absorber_prisms": [], "line_of_sight": [[0, 0, 0, 0, 0, 503]]}