{
"time_step": 1e-05,
"number_of_molecules": 500000,
"diff_coef": 200,
"sim_time": 2.13333,
"absorbers": [
[-5.96338,-19.0098,-1.75084,4],
[-0.18788,0.586448,-9.98102,5],
[-9.3132,6.47485,-3.91672,3]
],
"reflectors": [
],
"reflector_prisms": [
[17.3316,4.09189,-9.00629,20.3316,10.0919,-3.00629]
],
"absorber_prisms": [
[-11.6239,-2.71327,-11.7559,-6.62393,3.28673,-6.7559]
]
}