{"time_step": 1e-05, "number_of_molecules": 500000, "diff_coef": 50, "sim_time": 7.5, "absorbers": [[-10.6941, -6.59817, -6.17249, 7], [3.72512, -10.1018, 2.25343, 4], [19.975, -5.0835, 4.01964, 6]], "reflectors": [[-15.7656, 2.28287, 1.49463, 5], [-9.50822, 7.07964, 18.533, 4], [2.91942, 14.6821, -0.955609, 4]], "reflector_prisms": [], "absorber_prisms": [], "line_of_sight": [[6, 6, 0, 0, 0, 500], [49, 0, 49, 0, 0, 504], [209, 18, 191, 0, 0, 496]]}