{
"time_step": 1e-05,
"number_of_molecules": 500000,
"diff_coef": 150,
"sim_time": 2.84444,
"absorbers": [
[-15.6862,-10.9212,-8.69883,6],
[8.51501,-1.46146,-13.467,5],
[-10.6795,-4.81546,7.66542,2],
[-0.315064,-6.77766,-7.34602,3],
[-9.79541,1.84316,-0.807922,5],
[18.9085,0.774687,-6.47058,4],
[-14.6262,13.4158,2.46777,4]
],
"reflectors": [
[6.81047,19.2835,-4.77102,5],
[0.276074,2.00132,-15.8719,2]
],
"reflector_prisms": [
],
"absorber_prisms": [
]
}