{"time_step": 1e-05, "number_of_molecules": 500000, "diff_coef": 400, "sim_time": 0.204167, "absorbers": [[-2.11757, -0.0175557, -12.8264, 6]], "reflectors": [[-19.8657, 2.29171, 0.319963, 5], [1.0099, 1.90046, -21.8945, 3]], "reflector_prisms": [[15.7101, 0.746672, 4.95897, 20.7101, 3.74667, 10.959], [8.23563, -12.4227, -6.04507, 13.2356, -8.42274, -2.04507]], "absorber_prisms": [[14.6622, -14.1453, 2.483, 18.6622, -10.1453, 5.483]], "line_of_sight": [[8, 0, 8, 0, 0, 501]]}