{
"time_step": 1e-05,
"number_of_molecules": 500000,
"diff_coef": 350,
"sim_time": 0.804762,
"absorbers": [
[-6.35361,-12.4383,-12.881,6]
],
"reflectors": [
[8.90748,7.0074,11.2939,5],
[15.487,-2.47368,-15.4284,6],
[-4.58604,1.87127,-15.214,5]
],
"reflector_prisms": [
[1.78415,0.356191,4.7373,5.78415,4.35619,9.7373],
[7.79383,-19.8605,5.68367,9.79383,-15.8605,7.68367]
],
"absorber_prisms": [
]
}