{"time_step": 1e-05, "number_of_molecules": 500000, "diff_coef": 100, "sim_time": 1.66667, "absorbers": [[7.57127, -0.0785549, -12.9487, 5]], "reflectors": [[-4.39914, -7.84809, -10.7264, 3], [-5.46449, -13.4462, 3.78667, 2]], "reflector_prisms": [], "absorber_prisms": [[-14.8606, 7.64626, 2.52764, -10.8606, 11.6463, 8.52764], [-11.841, 1.21079, 1.3731, -9.84101, 4.21079, 7.3731]], "line_of_sight": [[0, 0, 0, 0, 0, 500]]}