{
"time_step": 1e-05,
"number_of_molecules": 500000,
"diff_coef": 200,
"sim_time": 2.40833,
"absorbers": [
[-18.221,3.11746,9.96378,5],
[0.654194,-0.435541,-8.96562,4],
[15.1935,-2.29726,-12.8016,6],
[-13.2068,-11.2528,-4.79106,2],
[10.6735,-19.3558,6.35845,6],
[-8.60011,2.17111,16.8025,2],
[-15.3859,-3.29647,-2.89948,3],
[-1.16847,-10.3754,5.91479,6]
],
"reflectors": [
[5.99902,5.86564,-3.25669,4],
[-8.98751,-6.67637,-17.7666,2],
[1.63052,-5.40688,-19.1861,3],
[7.8256,-5.0006,-3.70864,5],
[0.258355,-14.1948,-7.37838,5],
[-1.13669,6.35452,12.4229,2],
[5.73786,10.3698,5.34274,4]
],
"reflector_prisms": [
],
"absorber_prisms": [
]
}