{
"time_step": 1e-05,
"number_of_molecules": 500000,
"diff_coef": 200,
"sim_time": 2.40833,
"absorbers": [
[-13.7377,-8.45242,14.961,5]
],
"reflectors": [
[-6.60281,16.3722,-7.02519,2]
],
"reflector_prisms": [
],
"absorber_prisms": [
[-2.02128,-1.99989,13.9697,1.97872,0.000111755,18.9697]
]
}