{
"time_step": 1e-05,
"number_of_molecules": 500000,
"diff_coef": 200,
"sim_time": 2.40833,
"absorbers": [
[15.931,-1.60417,-10.2289,2],
[3.63795,-9.64595,3.83679,4]
],
"reflectors": [
],
"reflector_prisms": [
[-1.42298,-2.2645,-15.9789,1.57702,3.7355,-9.97895],
[9.78439,-13.1415,-1.00199,14.7844,-7.14148,3.99801],
[-2.48039,2.2006,15.7028,0.519613,4.2006,21.7028],
[-18.435,-11.5957,-0.433579,-15.435,-5.59572,1.56642]
],
"absorber_prisms": [
]
}