{
"time_step": 1e-05,
"number_of_molecules": 500000,
"diff_coef": 50,
"sim_time": 6.53333,
"absorbers": [
[17.8578,-2.2463,-0.226887,4]
],
"reflectors": [
],
"reflector_prisms": [
[0.0177244,-2.23655,13.917,2.01772,-0.236552,16.917]
],
"absorber_prisms": [
[4.75408,-10.7635,-14.9544,9.75408,-7.76349,-10.9544],
[2.55532,-4.89534,-16.2226,8.55532,-0.89534,-13.2226]
]
}