{
"time_step": 1e-05,
"number_of_molecules": 500000,
"diff_coef": 150,
"sim_time": 3.21111,
"absorbers": [
[9.51898,11.4804,1.60934,6],
[3.6244,2.36269,16.4402,5],
[-0.767903,2.30596,-23.8766,7],
[16.3824,6.40272,-11.4727,7]
],
"reflectors": [
],
"reflector_prisms": [
],
"absorber_prisms": [
]
}