{
"time_step": 1e-05,
"number_of_molecules": 500000,
"diff_coef": 350,
"sim_time": 0.119048,
"absorbers": [
[-7.383,-5.04946,0.99715,4]
],
"reflectors": [
],
"reflector_prisms": [
],
"absorber_prisms": [
[-8.22187,-0.948534,15.5653,-6.22187,2.05147,19.5653]
]
}