{"time_step": 1e-05, "number_of_molecules": 500000, "diff_coef": 200, "sim_time": 0.833333, "absorbers": [[-2.24131, -6.11363, 6.21289, 3], [-0.49152, -1.14389, 14.9482, 5]], "reflectors": [[6.87536, 2.59722, -3.15973, 2]], "reflector_prisms": [], "absorber_prisms": [[-6.26253, 14.0559, -3.87449, -4.26253, 18.0559, 0.125506], [5.33048, -3.39244, -6.26629, 7.33048, -1.39244, -2.26629]], "line_of_sight": [[0, 0, 0, 0, 0, 500], [0, 0, 0, 0, 0, 499]]}