{
"time_step": 1e-05,
"number_of_molecules": 500000,
"diff_coef": 300,
"sim_time": 0.272222,
"absorbers": [
[7.34367,4.96685,1.54951,2]
],
"reflectors": [
[0.751515,6.28684,-8.99504,6],
[-4.83006,-5.06124,-0.233104,2],
[-6.30118,0.0235228,-20.0323,2],
[-17.8654,-12.8771,-6.63385,5]
],
"reflector_prisms": [
[12.2173,-3.70489,-17.0375,15.2173,2.29511,-12.0375]
],
"absorber_prisms": [
]
}