{
"time_step": 1e-05,
"number_of_molecules": 500000,
"diff_coef": 400,
"sim_time": 0.15,
"absorbers": [
[2.33617,-10.5451,2.08424,5]
],
"reflectors": [
[7.64104,8.06998,14.1594,4],
[-1.41377,-1.91622,-20.8645,5]
],
"reflector_prisms": [
[-16.9304,3.80027,-14.6263,-10.9304,7.80027,-11.6263]
],
"absorber_prisms": [
[-4.78366,-10.9832,18.0585,-0.783664,-5.98319,21.0585],
[-10.1082,3.33081,-7.04239,-4.10816,5.33081,-4.04239]
]
}