{"time_step": 1e-05, "number_of_molecules": 500000, "diff_coef": 300, "sim_time": 1.60556, "absorbers": [[-0.592137, 4.66542, -19.4392, 3]], "reflectors": [[-4.58869, 14.8492, -19.5818, 6], [-9.24431, 4.60904, 15.9468, 2]], "reflector_prisms": [], "absorber_prisms": [[4.2593, 5.45408, -1.5926, 8.2593, 7.45408, 2.4074], [3.26847, 18.2229, -6.31963, 5.26847, 23.2229, -1.31963]], "line_of_sight": [[0, 0, 0, 0, 0, 503]]}