{
"time_step": 1e-05,
"number_of_molecules": 500000,
"diff_coef": 100,
"sim_time": 6.01667,
"absorbers": [
[5.32867,-2.42312,22.2426,6],
[2.38007,10.7165,-0.701959,5],
[-9.95868,7.96229,-21.5041,7],
[-23.2965,2.0535,-5.39057,5],
[3.50278,-19.4727,2.92302,5],
[-8.31444,-1.19383,13.6178,6]
],
"reflectors": [
[9.09373,-4.89852,-14.7414,6],
[-3.21515,-8.7485,-13.0049,6]
],
"reflector_prisms": [
],
"absorber_prisms": [
]
}