{"time_step": 1e-05, "number_of_molecules": 500000, "diff_coef": 250, "sim_time": 1.70667, "absorbers": [[-12.7538, 13.4972, 7.42736, 4], [-5.59947, -1.73422, 17.0188, 3]], "reflectors": [[-12.3348, 4.67938, 13.6732, 3]], "reflector_prisms": [], "absorber_prisms": [[-19.741, 5.36266, -5.61324, -16.741, 9.36266, -1.61324], [0.361811, -1.97376, -14.6827, 5.36181, 3.02624, -11.6827], [0.879238, 2.84844, 14.3466, 2.87924, 5.84844, 19.3466]], "line_of_sight": [[0, 0, 0, 0, 0, 499], [0, 0, 0, 0, 0, 498]]}