{"time_step": 1e-05, "number_of_molecules": 500000, "diff_coef": 100, "sim_time": 1.06667, "absorbers": [[-1.02086, 2.05201, 13.8111, 6]], "reflectors": [], "reflector_prisms": [[-8.57095, -4.8863, -8.25142, -6.57095, -2.8863, -2.25142], [-18.8909, -0.226131, -2.077, -12.8909, 3.77387, 0.923003]], "absorber_prisms": [[-1.66187, -8.65979, -0.849389, 3.33813, -6.65979, 5.15061], [-11.7133, -10.5689, -15.8275, -7.7133, -5.56891, -9.82749]], "line_of_sight": [[0, 0, 0, 0, 0, 500]]}