{
"time_step": 1e-05,
"number_of_molecules": 500000,
"diff_coef": 150,
"sim_time": 2.84444,
"absorbers": [
[3.80317,18.7443,-10.8714,6]
],
"reflectors": [
[-8.3148,-6.75123,-5.41157,2]
],
"reflector_prisms": [
[-5.55753,-6.55737,-13.5829,0.442467,-1.55737,-10.5829],
[-15.6689,3.48678,-0.00606355,-10.6689,8.48678,1.99394],
[-2.30184,-0.629777,13.7542,-0.301844,5.37022,15.7542]
],
"absorber_prisms": [
[-4.2908,-3.77232,4.00227,-2.2908,0.227676,9.00227]
]
}