{"time_step": 1e-05, "number_of_molecules": 500000, "diff_coef": 400, "sim_time": 0.416667, "absorbers": [[-13.7559, -5.78403, 1.52308, 5]], "reflectors": [[6.13985, -2.33947, 8.82208, 4], [-8.47687, -10.3485, -12.0437, 5]], "reflector_prisms": [[4.72395, -20.7402, -6.17274, 7.72395, -16.7402, -0.172735], [-0.419835, 3.82783, 4.64657, 3.58017, 9.82783, 6.64657], [-3.08186, -0.174304, -22.4512, 1.91814, 2.8257, -20.4512]], "absorber_prisms": [], "line_of_sight": [[0, 0, 0, 0, 0, 497]]}