{"time_step": 1e-05, "number_of_molecules": 500000, "diff_coef": 150, "sim_time": 3.21111, "absorbers": [[3.14639, 4.41995, -12.906, 5], [-6.81914, -1.60461, 16.5808, 5], [-18.7305, 1.29819, -11.4666, 5], [8.59134, -3.01721, -10.6342, 4]], "reflectors": [], "reflector_prisms": [], "absorber_prisms": [], "line_of_sight": [[158, 158, 0, 0, 0, 499], [367, 367, 0, 0, 0, 499], [0, 0, 0, 0, 0, 501], [105, 105, 0, 0, 0, 499]]}