{
"time_step": 1e-05,
"number_of_molecules": 500000,
"diff_coef": 50,
"sim_time": 7.5,
"absorbers": [
[-10.9775,-3.1023,-3.72425,3],
[1.58557,-18.113,8.33091,5],
[0.0324772,8.5883,5.12251,5],
[-9.26948,-13.8524,3.34482,2]
],
"reflectors": [
],
"reflector_prisms": [
[-14.4194,-9.19164,-0.989622,-8.41942,-3.19164,2.01038]
],
"absorber_prisms": [
]
}