{
"time_step": 1e-05,
"number_of_molecules": 500000,
"diff_coef": 300,
"sim_time": 1.8,
"absorbers": [
[14.4532,8.56839,-15.7063,5],
[0.470674,-0.18778,8.98572,2]
],
"reflectors": [
],
"reflector_prisms": [
],
"absorber_prisms": [
[-12.6926,-5.39171,-2.07661,-6.69264,0.608295,0.923392],
[6.11111,-6.56933,-19.5823,12.1111,-4.56933,-16.5823],
[-5.75194,-10.6734,-12.4295,-2.75194,-8.67345,-7.42952],
[4.14349,10.2142,5.53142,6.14349,12.2142,11.5314]
]
}