{
"time_step": 1e-05,
"number_of_molecules": 500000,
"diff_coef": 350,
"sim_time": 1.07143,
"absorbers": [
[-3.46771,9.64352,3.99719,5],
[4.84505,-6.80548,14.8058,6],
[-15.1591,1.71278,-4.82375,4],
[-7.45949,-6.07962,15.2116,5],
[12.451,17.2042,-5.74338,7],
[9.27703,-0.0412627,-3.73296,5]
],
"reflectors": [
[-2.08282,10.6988,-13.0459,7],
[-1.10675,1.32045,15.907,4],
[5.42188,-2.66043,-13.7305,5],
[14.7378,7.89257,-15.7957,6],
[0.489583,-8.48024,-5.27692,5],
[10.8716,4.57576,7.5413,6]
],
"reflector_prisms": [
],
"absorber_prisms": [
]
}