{"time_step": 1e-05, "number_of_molecules": 500000, "diff_coef": 300, "sim_time": 1.8, "absorbers": [[1.28889, 4.23864, 23.5876, 6], [-14.7855, -0.940532, 2.34588, 5]], "reflectors": [[-0.609725, 9.18489, 9.17966, 7]], "reflector_prisms": [], "absorber_prisms": [], "line_of_sight": [[185, 0, 185, 0, 0, 498], [0, 0, 0, 0, 0, 501]]}