{"time_step": 1e-05, "number_of_molecules": 500000, "diff_coef": 350, "sim_time": 1.37619, "absorbers": [[18.0187, -10.4953, 2.48446, 4], [1.65015, 1.07812, -16.8853, 6]], "reflectors": [], "reflector_prisms": [], "absorber_prisms": [[-4.95989, -6.80241, 15.9714, -1.95989, -3.80241, 21.9714], [-5.14035, -2.85106, -10.2405, 0.859646, 3.14894, -7.24052], [-14.7565, -1.88567, -0.122622, -9.75645, 3.11433, 4.87738], [11.5185, -4.13281, 14.8178, 13.5185, -2.13281, 20.8178]], "line_of_sight": [[0, 0, 0, 0, 0, 501], [248, 0, 0, 248, 0, 497]]}