{
"time_step": 1e-05,
"number_of_molecules": 500000,
"diff_coef": 350,
"sim_time": 1.71905,
"absorbers": [
[18.1886,8.5277,14.8813,6]
],
"reflectors": [
],
"reflector_prisms": [
[-1.8477,-1.68061,-9.94975,0.152303,1.31939,-4.94975],
[-3.2586,1.78779,9.81674,0.741397,5.78779,12.8167],
[-3.00756,-7.89718,-1.35679,0.992444,-5.89718,2.64321]
],
"absorber_prisms": [
[0.742024,-2.85808,6.9225,5.74202,2.14192,10.9225]
]
}