{
"time_step": 1e-05,
"number_of_molecules": 500000,
"diff_coef": 200,
"sim_time": 2.7,
"absorbers": [
[-3.60808,-2.22429,-20.5678,3]
],
"reflectors": [
[0.528874,-1.14168,17.956,5]
],
"reflector_prisms": [
[-6.91956,-1.79625,8.51129,-4.91956,4.20375,14.5113]
],
"absorber_prisms": [
[-9.06351,-5.28174,7.67242,-3.06351,-3.28174,13.6724],
[-12.4567,4.6175,15.8853,-8.45672,9.6175,18.8853]
]
}