{
"time_step": 1e-05,
"number_of_molecules": 500000,
"diff_coef": 100,
"sim_time": 4.26667,
"absorbers": [
[9.57911,4.86354,-8.977,5],
[4.23086,9.04905,0.463113,2],
[-7.21544,-3.24137,4.29313,3],
[-0.561576,-1.43188,9.88101,5],
[-5.47768,5.36379,15.1732,2],
[-1.42704,9.13688,11.8102,2],
[15.7315,-6.39411,12.3546,5]
],
"reflectors": [
[-7.02201,2.37196,-10.6801,3],
[-16.5104,15.2957,4.73791,4],
[-0.766708,-2.87783,-20.7877,2],
[-7.20444,2.71001,9.20608,2],
[-0.26993,-16.9712,0.951741,3],
[14.3352,-11.2163,-12.357,4]
],
"reflector_prisms": [
],
"absorber_prisms": [
]
}