{"time_step": 1e-05, "number_of_molecules": 500000, "diff_coef": 300, "sim_time": 0.938889, "absorbers": [[0.346678, -0.617584, 13.9821, 7], [-0.503833, 15.873, 1.94795, 7], [-0.93284, 0.965606, -17.9499, 5], [-9.31522, 7.27479, -5.41331, 7]], "reflectors": [[-10.2638, -10.4101, -13.6486, 7], [9.51562, -4.75356, -16.9368, 4]], "reflector_prisms": [], "absorber_prisms": [], "line_of_sight": [[91, 23, 68, 0, 0, 501], [4, 4, 0, 0, 0, 497], [503, 503, 0, 0, 0, 503], [4, 4, 0, 0, 0, 501]]}