{
"time_step": 1e-05,
"number_of_molecules": 500000,
"diff_coef": 150,
"sim_time": 3.21111,
"absorbers": [
[-2.90341,18.7669,-0.610615,2]
],
"reflectors": [
[6.14945,-14.1054,11.1456,4]
],
"reflector_prisms": [
[0.821388,0.288014,13.6475,4.82139,3.28801,17.6475]
],
"absorber_prisms": [
]
}