{"time_step": 1e-05, "number_of_molecules": 500000, "diff_coef": 300, "sim_time": 1.25, "absorbers": [[-7.41755, 1.43959, 17.4329, 4]], "reflectors": [[3.98085, 18.4338, 2.31277, 4], [4.48012, -5.63789, -3.48464, 2]], "reflector_prisms": [[17.9057, -1.55492, 7.35473, 20.9057, 2.44508, 13.3547], [19.1049, 5.03804, -3.6044, 21.1049, 10.038, 1.3956]], "absorber_prisms": [[-1.62909, 5.86188, 4.06871, 1.37091, 7.86188, 9.06871]], "line_of_sight": [[0, 0, 0, 0, 0, 500]]}