{"time_step": 1e-05, "number_of_molecules": 500000, "diff_coef": 300, "sim_time": 0.8, "absorbers": [[13.165, 1.18396, 7.09082, 3], [13.9135, -0.148406, -1.5464, 2]], "reflectors": [], "reflector_prisms": [[-7.49106, 3.23043, -0.134077, -4.49106, 7.23043, 1.86592], [-4.27407, -16.9824, -12.5359, -2.27407, -11.9824, -9.53592]], "absorber_prisms": [[-15.3396, 3.13098, -5.55287, -11.3396, 7.13098, -3.55287]], "line_of_sight": [[0, 0, 0, 0, 0, 499], [0, 0, 0, 0, 0, 498]]}