{
"time_step": 1e-05,
"number_of_molecules": 500000,
"diff_coef": 100,
"sim_time": 3.26667,
"absorbers": [
[-1.12799,-4.89561,-15.1908,3],
[-5.49857,10.8227,-13.2904,4],
[-5.31618,-6.78201,5.07371,2]
],
"reflectors": [
[-10.4537,4.28559,-4.04405,4]
],
"reflector_prisms": [
],
"absorber_prisms": [
[-18.1851,-3.86759,0.508759,-16.1851,1.13241,5.50876]
]
}