{
"time_step": 1e-05,
"number_of_molecules": 500000,
"diff_coef": 100,
"sim_time": 6.01667,
"absorbers": [
[10.3221,13.7992,-12.0015,2],
[17.4264,-11.7181,-0.0879664,5],
[-15.0876,16.2929,-5.99206,6],
[-7.4509,20.9887,5.74082,5],
[-3.05612,-7.51316,12.6179,4],
[-0.946026,13.654,-18.4844,4],
[7.63696,0.532331,10.5068,3],
[-14.1554,-6.64832,-3.37991,4]
],
"reflectors": [
[-16.9848,-3.79482,4.59532,2],
[-2.81604,-0.015241,-17.7783,3],
[-7.15475,1.42225,9.52821,5]
],
"reflector_prisms": [
],
"absorber_prisms": [
]
}