{"time_step": 1e-05, "number_of_molecules": 500000, "diff_coef": 400, "sim_time": 1.20417, "absorbers": [[10.8756, 3.99966, -18.7009, 5], [-8.7474, 3.49898, -10.3557, 4], [-17.3626, -4.37911, 6.35327, 6]], "reflectors": [[5.88794, -11.5179, 13.9166, 4]], "reflector_prisms": [], "absorber_prisms": [], "line_of_sight": [[0, 0, 0, 0, 0, 499], [20, 0, 20, 0, 0, 499], [0, 0, 0, 0, 0, 500]]}