{"time_step": 1e-05, "number_of_molecules": 500000, "diff_coef": 300, "sim_time": 0.8, "absorbers": [[7.25637, -5.91698, -7.50564, 5], [-13.7974, 5.71741, 1.39425, 3]], "reflectors": [], "reflector_prisms": [[0.675284, 2.52621, -6.35996, 3.67528, 8.52621, -4.35996], [-0.320436, 3.6326, -11.4773, 1.67956, 9.6326, -8.47731]], "absorber_prisms": [[-1.24837, -2.94665, -13.8813, 4.75163, 3.05335, -11.8813], [-7.42753, -10.8402, -4.1371, -1.42753, -8.84021, -0.137101]], "line_of_sight": [[0, 0, 0, 0, 0, 503], [0, 0, 0, 0, 0, 496]]}