{"time_step": 1e-05, "number_of_molecules": 500000, "diff_coef": 50, "sim_time": 4.8, "absorbers": [[-7.6815, 12.2744, 6.80685, 4]], "reflectors": [[-9.52636, -6.39005, 19.9353, 5], [6.77986, 18.5715, -3.02234, 3]], "reflector_prisms": [[5.95163, -6.18413, -3.79066, 10.9516, -1.18413, -0.79066]], "absorber_prisms": [[3.33666, -9.45839, -14.8705, 5.33666, -7.45839, -10.8705], [-2.97394, -2.29962, 6.46437, 3.02606, 0.700376, 11.4644]], "line_of_sight": [[0, 0, 0, 0, 0, 497]]}