{
"time_step": 1e-05,
"number_of_molecules": 500000,
"diff_coef": 200,
"sim_time": 1.875,
"absorbers": [
[-0.514778,-0.654302,-16.9796,2]
],
"reflectors": [
[5.53551,1.46562,-13.864,5],
[1.54006,18.9993,6.05433,2],
[4.32542,-6.00804,9.44427,3],
[9.75231,-8.44739,21.4134,6]
],
"reflector_prisms": [
],
"absorber_prisms": [
]
}