{"time_step": 1e-05, "number_of_molecules": 500000, "diff_coef": 400, "sim_time": 0.3375, "absorbers": [[7.81173, 5.79269, 8.6268, 4]], "reflectors": [[6.13236, -3.68793, -22.9084, 5]], "reflector_prisms": [], "absorber_prisms": [[-0.789756, -7.39598, -17.3238, 2.21024, -1.39598, -11.3238], [-1.99621, -10.4238, -3.98381, 1.00379, -5.42376, 2.01619], [0.759708, -0.187118, -13.9745, 5.75971, 3.81288, -11.9745], [0.404134, 3.0341, 4.5028, 5.40413, 5.0341, 10.5028]], "line_of_sight": [[175, 0, 0, 175, 0, 499]]}