{
"time_step": 1e-05,
"number_of_molecules": 500000,
"diff_coef": 300,
"sim_time": 2.00556,
"absorbers": [
[-15.5198,-9.29453,15.7717,5],
[-14.2783,-2.62342,-3.77471,4]
],
"reflectors": [
],
"reflector_prisms": [
[-3.00394,-1.38347,9.99948,2.99606,1.61653,15.9995],
[8.82933,-1.27565,-1.6327,12.8293,4.72435,3.3673],
[1.39974,-18.4119,-13.2268,4.39974,-12.4119,-8.22677]
],
"absorber_prisms": [
]
}