{
"time_step": 1e-05,
"number_of_molecules": 500000,
"diff_coef": 100,
"sim_time": 1.35,
"absorbers": [
[8.54204,-6.70584,1.7508,2]
],
"reflectors": [
[-0.0923391,3.081,-14.6799,3],
[-0.573134,-14.0657,-5.17947,2]
],
"reflector_prisms": [
[-5.99351,0.798033,-12.9319,-2.99351,2.79803,-7.93194],
[7.63822,-0.609281,0.152343,13.6382,2.39072,5.15234]
],
"absorber_prisms": [
]
}