{
"time_step": 1e-05,
"number_of_molecules": 500000,
"diff_coef": 400,
"sim_time": 0.266667,
"absorbers": [
[4.12608,-1.8927,-11.1082,4]
],
"reflectors": [
[3.07641,9.60107,4.39944,6],
[1.53023,-0.60509,13.903,5]
],
"reflector_prisms": [
],
"absorber_prisms": [
[-9.21081,-2.38454,9.51573,-3.21081,0.615456,15.5157]
]
}