{
"time_step": 1e-05,
"number_of_molecules": 500000,
"diff_coef": 300,
"sim_time": 1.42222,
"absorbers": [
[-0.579608,8.84311,-14.5074,5],
[6.26107e-12,6.99983,-0.0492082,2],
[-15.5318,12.378,2.35556,4]
],
"reflectors": [
],
"reflector_prisms": [
[7.76897,3.99185,-14.1049,11.769,8.99185,-9.10488],
[-18.7694,-4.6242,-3.1653,-12.7694,1.3758,-1.1653]
],
"absorber_prisms": [
]
}