{"time_step": 1e-05, "number_of_molecules": 500000, "diff_coef": 350, "sim_time": 1.37619, "absorbers": [[0.452755, -12.3915, -3.90473, 4], [9.60841, 3.2838, -18.3819, 4], [-16.1262, -3.78382, 7.04464, 5], [-9.81283, 13.1263, 4.51752, 4], [6.99467, -9.5135, -7.52117, 4], [8.90505, 8.78981, 12.9398, 4]], "reflectors": [], "reflector_prisms": [], "absorber_prisms": [], "line_of_sight": [[6, 6, 0, 0, 0, 504], [0, 0, 0, 0, 0, 499], [0, 0, 0, 0, 0, 501], [188, 188, 0, 0, 0, 501], [140, 140, 0, 0, 0, 498], [0, 0, 0, 0, 0, 500]]}