{"time_step": 1e-05, "number_of_molecules": 500000, "diff_coef": 200, "sim_time": 3.00833, "absorbers": [[0.808949, -3.85913, 20.6265, 2], [6.80076, 19.8477, -0.904818, 6]], "reflectors": [], "reflector_prisms": [[-11.1215, -3.39906, 11.7402, -6.12148, -0.399061, 13.7402], [3.36398, -10.5078, 9.30345, 9.36398, -5.50779, 15.3035]], "absorber_prisms": [], "line_of_sight": [[0, 0, 0, 0, 0, 500], [0, 0, 0, 0, 0, 499]]}