{"time_step": 1e-05, "number_of_molecules": 500000, "diff_coef": 400, "sim_time": 1.50417, "absorbers": [[-19.9001, 5.77769, -3.40636, 6], [-0.77446, 22.7485, -3.3023, 6], [-6.00051, 13.1225, -6.91331, 4], [4.11887, 13.9678, 10.5799, 5], [2.44924, -10.3263, 20.4051, 4], [-0.145115, -1.98352, 6.71153, 2], [10.2949, -9.79293, 9.3335, 6]], "reflectors": [[-7.22943, -6.44448, 17.4987, 2], [3.57632, 2.54508, -10.0863, 4]], "reflector_prisms": [], "absorber_prisms": [], "line_of_sight": [[44, 44, 0, 0, 0, 500], [35, 35, 0, 0, 0, 503], [244, 244, 0, 0, 0, 502], [0, 0, 0, 0, 0, 498], [297, 297, 79, 0, 0, 501], [343, 115, 256, 0, 0, 497], [149, 149, 0, 0, 0, 503]]}