{"time_step": 1e-05, "number_of_molecules": 500000, "diff_coef": 350, "sim_time": 0.804762, "absorbers": [[3.78826, 8.44788, 13.0492, 3]], "reflectors": [], "reflector_prisms": [[-12.2442, -0.13877, -11.2501, -8.2442, 1.86123, -6.25012]], "absorber_prisms": [[-10.591, 9.13318, -16.1959, -6.59097, 12.1332, -10.1959], [-3.38896, -11.4222, -20.7635, 2.61104, -7.42222, -16.7635], [3.66561, -2.24787, 16.7826, 6.66561, 1.75213, 19.7826], [-1.46887, -15.6869, -12.8561, 3.53113, -11.6869, -8.85612]], "line_of_sight": [[0, 0, 0, 0, 0, 500]]}