{"time_step": 1e-05, "number_of_molecules": 500000, "diff_coef": 200, "sim_time": 3.00833, "absorbers": [[-2.9393, 15.6359, 13.7069, 5], [1.65933, -10.6793, -23.6474, 7], [-7.45685, 0.774743, -12.9921, 7]], "reflectors": [[-10.0509, 12.449, 0.0417481, 4], [-4.58136, -2.85166, 10.7182, 7], [14.8445, 16.9358, 4.67112, 7]], "reflector_prisms": [], "absorber_prisms": [], "line_of_sight": [[76, 76, 0, 0, 0, 503], [220, 80, 140, 0, 0, 498], [102, 8, 94, 0, 0, 501]]}