{
"time_step": 1e-05,
"number_of_molecules": 500000,
"diff_coef": 300,
"sim_time": 1.08889,
"absorbers": [
[-8.31348,-3.38797,-15.6015,4],
[-3.06693,-5.10479,-8.03337,3]
],
"reflectors": [
],
"reflector_prisms": [
[-3.20473,-1.63973,-18.405,-0.204728,0.360272,-16.405],
[-17.9674,3.38176,-14.3622,-14.9674,9.38176,-8.36218],
[-8.66898,-8.50357,-19.5598,-4.66898,-4.50357,-13.5598]
],
"absorber_prisms": [
[-10.4632,0.672178,12.1189,-4.46318,3.67218,18.1189]
]
}