{"time_step": 1e-05, "number_of_molecules": 500000, "diff_coef": 100, "sim_time": 5.4, "absorbers": [[-8.55564, -3.11295, -6.17337, 4], [-0.38173, -0.37503, 18.9925, 7], [-10.4738, 5.3254, 2.43731, 6], [-11.8747, -17.7885, 10.8885, 6], [-0.164472, -0.758911, -18.9841, 4], [6.25964, -2.97403, 7.20916, 5]], "reflectors": [[1.59203, -9.28454, -5.68004, 5], [0.00166079, 8.41689, -11.1873, 6], [10.9835, 6.85182, -5.33056, 5], [14.9487, 5.39666, 16.6257, 7]], "reflector_prisms": [], "absorber_prisms": [], "line_of_sight": [[252, 154, 189, 0, 0, 499], [219, 124, 116, 0, 0, 499], [68, 25, 43, 0, 0, 498], [253, 0, 253, 0, 0, 502], [500, 500, 0, 0, 0, 500], [295, 179, 196, 0, 0, 499]]}