{
"time_step": 1e-05,
"number_of_molecules": 500000,
"diff_coef": 100,
"sim_time": 6.01667,
"absorbers": [
[-16.4494,-17.4648,0.630357,7],
[-12.4984,-7.33727,17.8593,4],
[-1.21142,7.38844,11.8298,4]
],
"reflectors": [
[-8.48808,-1.55912,-20.2366,4],
[-5.02515,14.4042,-7.50109,7],
[2.03669,-2.01834,-11.6524,6]
],
"reflector_prisms": [
],
"absorber_prisms": [
]
}