{
"time_step": 1e-05,
"number_of_molecules": 500000,
"diff_coef": 300,
"sim_time": 0.672222,
"absorbers": [
[9.00959,12.2988,7.52113,6]
],
"reflectors": [
],
"reflector_prisms": [
],
"absorber_prisms": [
[-3.58711,-1.64918,10.4517,1.41289,1.35082,14.4517],
[-9.41183,-0.824057,11.3821,-4.41183,3.17594,17.3821],
[8.03738,-6.12545,7.8644,10.0374,-2.12545,11.8644],
[-1.642,-1.49757,14.9963,2.358,1.50243,19.9963],
[-13.2093,10.7923,-12.7474,-8.20927,12.7923,-9.74738]
]
}