{
"time_step": 1e-05,
"number_of_molecules": 500000,
"diff_coef": 100,
"sim_time": 5.4,
"absorbers": [
[-5.12304,6.24256,17.1984,5],
[6.00728,-11.0874,15.5236,3],
[13.4931,9.61531,7.03439,6],
[18.5461,-9.61656,-2.13643,3],
[-7.7416,-9.34663,19.5374,6],
[0.399145,0.332525,-9.9865,3],
[9.09095,-7.54773,7.50909,3]
],
"reflectors": [
[14.0841,7.05197,-12.3251,6],
[8.85617,0.933411,17.908,3]
],
"reflector_prisms": [
],
"absorber_prisms": [
]
}