{"time_step": 1e-05, "number_of_molecules": 500000, "diff_coef": 400, "sim_time": 0.504167, "absorbers": [[6.19636, 1.6012, 14.6643, 5]], "reflectors": [[17.6275, 4.83981, 12.2412, 3], [-11.7386, -10.4444, 15.3987, 4], [-10.3593, 5.27198, -10.9951, 6], [14.5387, 11.6361, 3.77174, 4]], "reflector_prisms": [[-1.79305, -7.89343, 7.31965, 0.206951, -1.89343, 12.3196]], "absorber_prisms": [], "line_of_sight": [[101, 0, 101, 0, 0, 501]]}