{
"time_step": 1e-05,
"number_of_molecules": 500000,
"diff_coef": 200,
"sim_time": 2.7,
"absorbers": [
[-1.87261,4.7113,-19.3468,5],
[-12.3027,-16.1945,-10.7416,5],
[-4.4975,-2.1891,-9.79696,4],
[12.7891,9.69922,5.60033,5],
[-4.05899,-8.41118,-17.6855,6],
[-7.71617,1.8668,7.61418,5],
[-0.0520472,-1.23477,14.949,4]
],
"reflectors": [
[-18.782,5.7792,-11.9515,5]
],
"reflector_prisms": [
],
"absorber_prisms": [
]
}