{"time_step": 1e-05, "number_of_molecules": 500000, "diff_coef": 200, "sim_time": 1.875, "absorbers": [[10.1672, 12.5392, 11.8066, 5]], "reflectors": [[2.33682, 4.75661, 4.57317, 2], [9.47282, -12.7552, -1.88984, 6]], "reflector_prisms": [[-8.86984, -2.87736, -6.75813, -2.86984, 0.122641, -3.75813]], "absorber_prisms": [], "line_of_sight": [[258, 0, 258, 0, 0, 498]]}