{
"time_step": 1e-05,
"number_of_molecules": 500000,
"diff_coef": 150,
"sim_time": 1.11111,
"absorbers": [
[-4.51119,-9.20171,10.9534,5]
],
"reflectors": [
],
"reflector_prisms": [
],
"absorber_prisms": [
[2.4045,2.28362,3.79439,7.4045,4.28362,9.79439],
[5.21695,-1.36638,-3.36576,8.21695,2.63362,-0.365763],
[5.32817,-5.22112,-9.78006,8.32817,-2.22112,-5.78006],
[6.4876,-10.328,-10.979,8.4876,-6.32799,-8.979]
]
}