{
"time_step": 1e-05,
"number_of_molecules": 500000,
"diff_coef": 150,
"sim_time": 2.17778,
"absorbers": [
[-2.91687,9.96953,-13.4573,3]
],
"reflectors": [
[-4.75437,-3.91417,-20.0767,6]
],
"reflector_prisms": [
],
"absorber_prisms": [
[3.32448,-10.8296,-17.3818,8.32448,-6.82957,-15.3818],
[12.9669,-2.26234,-3.44343,15.9669,1.73766,1.55657]
]
}