{"time_step": 1e-05, "number_of_molecules": 500000, "diff_coef": 150, "sim_time": 4.01111, "absorbers": [[-0.747914, -0.516265, 10.9624, 4], [4.53546, 2.15225, -7.46976, 2], [-8.15916, -11.4222, -7.67869, 6], [10.809, -16.485, 9.76774, 4], [-1.87158, -11.2665, 22.2388, 6], [9.47931, 8.79007, -13.924, 6], [5.95256, -10.8582, 14.4107, 3], [-4.92927, 18.0393, -3.35933, 3]], "reflectors": [[13.1173, -0.58462, 16.3889, 5], [-0.337035, 2.58971, -12.735, 2], [-6.48461, -6.49465, 7.73106, 4], [-22.6217, -10.6153, -0.756649, 6], [11.9271, -12.0909, -12.3513, 6]], "reflector_prisms": [], "absorber_prisms": [], "line_of_sight": [[168, 166, 29, 0, 0, 500], [354, 365, 192, 0, 0, 500], [0, 0, 0, 0, 0, 501], [0, 0, 0, 0, 0, 501], [263, 267, 123, 0, 0, 496], [479, 233, 300, 0, 0, 499], [0, 0, 0, 0, 0, 502], [0, 0, 0, 0, 0, 500]]}