{
"time_step": 1e-05,
"number_of_molecules": 500000,
"diff_coef": 250,
"sim_time": 1.92667,
"absorbers": [
[11.0827,-4.56446,-0.583438,6],
[15.3499,7.04292,1.94339,6],
[7.17904,3.02007,-19.5023,6],
[-4.70964,-6.34925,19.4552,4]
],
"reflectors": [
],
"reflector_prisms": [
],
"absorber_prisms": [
]
}