{
"time_step": 1e-05,
"number_of_molecules": 500000,
"diff_coef": 400,
"sim_time": 0.15,
"absorbers": [
[-4.63427,6.26603,-1.80565,2],
[-4.23114,-4.99852,-7.55726,5]
],
"reflectors": [
[4.12285,-21.15,-4.43625,6],
[1.91932,3.36492,9.2192,2]
],
"reflector_prisms": [
[16.2586,-1.02627,2.80645,22.2586,2.97373,7.80645]
],
"absorber_prisms": [
]
}