{"time_step": 1e-05, "number_of_molecules": 500000, "diff_coef": 50, "sim_time": 9.63333, "absorbers": [[0.0340046, -0.0988659, 12.9996, 5], [-16.0581, -5.31503, -12.4454, 4], [13.7243, 10.4256, -11.998, 4], [-9.72021, -11.3252, 11.7583, 5]], "reflectors": [[-5.14, 12.6491, -10.1283, 4], [-6.30855, 4.52804, -23.7634, 6], [0.693899, 20.3892, 4.97967, 6], [11.7124, -17.5747, 6.16034, 4]], "reflector_prisms": [], "absorber_prisms": [], "line_of_sight": [[118, 0, 118, 0, 0, 500], [0, 0, 0, 0, 0, 503], [300, 300, 0, 0, 0, 503], [155, 155, 0, 0, 0, 502]]}