{
"time_step": 1e-05,
"number_of_molecules": 500000,
"diff_coef": 200,
"sim_time": 1.875,
"absorbers": [
[-0.128442,0.0644281,-11.9991,5],
[-7.48362,-15.6292,-11.8626,6]
],
"reflectors": [
],
"reflector_prisms": [
],
"absorber_prisms": [
[16.5303,-8.79442,2.09814,22.5303,-2.79442,8.09814],
[-11.529,0.160806,-8.60206,-5.52899,4.16081,-4.60206],
[-13.9793,-1.44968,-1.89029,-7.97929,2.55032,1.10971]
]
}