{"time_step": 1e-05, "number_of_molecules": 500000, "diff_coef": 250, "sim_time": 2.16, "absorbers": [[2.36798, 12.8272, 16.4577, 5], [4.81622, -12.0133, -15.2474, 5], [-2.38242, -4.03651, -14.2489, 4], [-1.56803, 8.94643, 10.6538, 2], [2.90707, 5.82894, 6.21067, 2], [3.16991, -10.3655, 1.87324, 4], [9.85003, -5.29371, -17.7751, 3]], "reflectors": [[-12.1761, -5.91031, 6.46612, 6], [15.2689, -7.46847, 0.289831, 4], [1.71213, 1.94867, -12.7386, 2], [-8.87169, 1.04198, -4.49525, 4]], "reflector_prisms": [], "absorber_prisms": [], "line_of_sight": [[393, 480, 0, 0, 0, 495], [137, 214, 0, 0, 0, 503], [91, 92, 0, 0, 0, 499], [504, 656, 0, 0, 0, 504], [193, 195, 0, 0, 0, 505], [0, 0, 0, 0, 0, 499], [0, 0, 0, 0, 0, 502]]}