{"time_step": 1e-05, "number_of_molecules": 500000, "diff_coef": 350, "sim_time": 0.57619, "absorbers": [[-0.378941, 1.87934, -12.8579, 2]], "reflectors": [], "reflector_prisms": [[6.40771, -1.32784, -1.45746, 8.40771, 3.67216, 1.54254], [-6.81731, -3.86749, 5.05255, -2.81731, 2.13251, 10.0525], [4.5273, 8.45673, 5.39109, 6.5273, 10.4567, 10.3911], [-4.39363, 5.43152, 0.106495, -2.39363, 8.43152, 4.10649], [-20.9671, -1.80785, -0.227372, -16.9671, 0.192147, 1.77263]], "absorber_prisms": [], "line_of_sight": [[0, 0, 0, 0, 0, 499]]}