{
"time_step": 1e-05,
"number_of_molecules": 500000,
"diff_coef": 50,
"sim_time": 12.0333,
"absorbers": [
[-23.4243,-2.08701,4.79025,5],
[0.864447,-12.9897,12.4306,4],
[-3.64003,-0.802558,-19.6496,7],
[-2.57565,12.7129,-0.864736,7],
[-7.58125,-2.96385,-5.80864,4]
],
"reflectors": [
],
"reflector_prisms": [
],
"absorber_prisms": [
]
}