{"time_step": 1e-05, "number_of_molecules": 500000, "diff_coef": 400, "sim_time": 0.9375, "absorbers": [[-17.222, 1.77044, -10.0134, 5]], "reflectors": [], "reflector_prisms": [[7.73138, 7.5253, 5.93021, 12.7314, 9.5253, 9.93021]], "absorber_prisms": [[0.431868, 10.9175, -2.58121, 2.43187, 13.9175, 2.41879]], "line_of_sight": [[0, 0, 0, 0, 0, 501]]}