{"time_step": 1e-05, "number_of_molecules": 500000, "diff_coef": 300, "sim_time": 2.00556, "absorbers": [[-8.57703, -2.32166, 1.42987, 4], [14.0239, 8.25956, 4.91021, 6], [-1.15203, -0.490231, -21.9643, 3], [-3.29874, 1.48745, 17.6325, 5], [-15.661, 9.4421, -5.15565, 6], [-3.47582, -21.5027, 7.38603, 6], [4.67913, 9.67267, -2.35481, 3]], "reflectors": [[1.68921, 0.123952, 8.83919, 3], [-5.81393, -13.2003, 15.2627, 5], [-5.89486, -3.8416, -7.10583, 4], [10.5479, -10.4991, 20.0876, 6], [2.58114, -4.30168, -14.1362, 6], [-16.3979, 1.41103, -4.25661, 2]], "reflector_prisms": [], "absorber_prisms": [], "line_of_sight": [[134, 118, 16, 0, 0, 499], [319, 168, 151, 0, 0, 497], [500, 280, 831, 0, 0, 500], [411, 81, 536, 0, 0, 498], [0, 0, 0, 0, 0, 501], [167, 167, 0, 0, 0, 499], [156, 156, 0, 0, 0, 499]]}