{
"time_step": 1e-05,
"number_of_molecules": 500000,
"diff_coef": 300,
"sim_time": 0.938889,
"absorbers": [
[3.72543,-14.1429,12.1284,6],
[3.6508,-4.47003,-10.521,7],
[-2.20384,-3.09172,16.5706,5]
],
"reflectors": [
[-9.49126,7.19046,-12.1331,4]
],
"reflector_prisms": [
],
"absorber_prisms": [
]
}