{
"time_step": 1e-05,
"number_of_molecules": 500000,
"diff_coef": 400,
"sim_time": 0.9375,
"absorbers": [
[4.13226,8.87514,2.03869,5],
[0.382762,0.594342,12.9808,7],
[-6.75016,7.5721,-6.41083,4],
[-2.31186,-19.4665,3.96364,5],
[14.5793,5.64444,3.4035,4],
[-0.524567,-15.2951,-9.47552,7],
[-18.1256,12.3465,1.73998,7]
],
"reflectors": [
],
"reflector_prisms": [
],
"absorber_prisms": [
]
}