{"time_step": 1e-05, "number_of_molecules": 500000, "diff_coef": 300, "sim_time": 2.00556, "absorbers": [[1.01721, -5.76201, -20.1684, 2], [-3.116, -2.61643, -5.69603, 2], [4.26762, 6.01615, 11.8993, 2], [4.65832, -0.676044, -16.3353, 5], [-3.56943, 1.79419, 10.2489, 4], [12.2288, -18.2876, 0.144501, 5], [0.218131, -12.9854, -0.57546, 4]], "reflectors": [[9.35599, 20.6795, -3.71817, 6], [-3.61593, 0.852741, -21.684, 3]], "reflector_prisms": [], "absorber_prisms": [], "line_of_sight": [[422, 589, 0, 0, 0, 498], [78, 78, 0, 0, 0, 500], [468, 468, 0, 0, 0, 501], [373, 409, 0, 0, 0, 501], [220, 223, 0, 0, 0, 500], [0, 0, 0, 0, 0, 501], [62, 0, 62, 0, 0, 500]]}