{
"time_step": 1e-05,
"number_of_molecules": 500000,
"diff_coef": 250,
"sim_time": 2.16,
"absorbers": [
[-0.623845,0.291734,-17.9868,5],
[11.1651,-11.2961,-1.93386,6],
[11.5035,4.1084,-4.44877,4],
[5.60599,0.404994,-9.45563,3],
[0.321081,0.21538,12.9942,5],
[5.42328,-13.8611,13.3588,2],
[12.0087,14.4249,2.95173,3],
[-14.3978,1.23036,-15.2378,3]
],
"reflectors": [
[-0.303493,11.9663,20.8018,5],
[-5.75483,-4.24594,3.58524,3]
],
"reflector_prisms": [
],
"absorber_prisms": [
]
}