{"time_step": 1e-05, "number_of_molecules": 500000, "diff_coef": 150, "sim_time": 4.01111, "absorbers": [[20.2421, 1.74327, -5.31217, 2]], "reflectors": [[-5.77495, 0.828468, 6.853, 2]], "reflector_prisms": [[7.73202, -8.11684, -17.5157, 10.732, -3.11684, -12.5157], [-1.27213, -4.82361, 9.54687, 2.72787, -1.82361, 15.5469], [8.81934, -4.15642, 10.6062, 14.8193, 0.843575, 13.6062], [2.13431, 11.2987, -11.7494, 6.13431, 15.2987, -7.74945]], "absorber_prisms": [], "line_of_sight": [[0, 0, 0, 0, 0, 503]]}