{
"time_step": 1e-05,
"number_of_molecules": 500000,
"diff_coef": 250,
"sim_time": 2.40667,
"absorbers": [
[-4.06721,-5.29518,19.9103,2]
],
"reflectors": [
],
"reflector_prisms": [
[3.49265,-1.84171,6.53834,6.49265,0.158295,9.53834],
[0.890383,5.00111,1.11865,5.89038,10.0011,3.11865]
],
"absorber_prisms": [
[-11.5739,-3.56329,-12.4565,-5.57385,0.436714,-9.45651],
[-1.01033,-1.58347,-17.9296,1.98967,4.41653,-13.9296],
[-10.6683,-8.40537,15.6037,-8.6683,-4.40537,20.6037]
]
}