{"time_step": 1e-05, "number_of_molecules": 500000, "diff_coef": 150, "sim_time": 1.11111, "absorbers": [[-5.30049, -7.56442, 11.8188, 5], [4.00176, 3.80602, 12.8647, 5]], "reflectors": [[0.310074, -11.9743, -0.720388, 4]], "reflector_prisms": [], "absorber_prisms": [[-9.11379, 12.1593, 0.0977593, -5.11379, 17.1593, 5.09776], [-13.251, -9.69039, -11.2452, -8.25103, -4.69039, -9.24518], [-6.64214, -20.5834, -13.7083, -1.64214, -14.5834, -7.70827]], "line_of_sight": [[0, 0, 0, 0, 0, 504], [0, 0, 0, 0, 0, 496]]}