{
"time_step": 1e-05,
"number_of_molecules": 500000,
"diff_coef": 250,
"sim_time": 2.16,
"absorbers": [
[10.2715,14.7589,-8.75609,2]
],
"reflectors": [
[-3.91145,5.20273,2.57529,2]
],
"reflector_prisms": [
],
"absorber_prisms": [
[-0.151344,1.85845,-19.5926,4.84866,3.85845,-13.5926],
[3.35937,-2.71144,6.09843,8.35937,3.28856,10.0984],
[6.20733,-6.31564,10.6813,8.20733,-1.31564,15.6813]
]
}