{"time_step": 1e-05, "number_of_molecules": 500000, "diff_coef": 200, "sim_time": 2.7, "absorbers": [[11.4097, 1.05008, -17.5988, 3], [2.3068, -1.94097, 14.6939, 2], [-3.94254, 6.40434, 2.72778, 3]], "reflectors": [], "reflector_prisms": [[14.669, -2.19838, -10.2872, 16.669, 2.80162, -5.28719], [-7.81457, 7.90324, 7.38416, -5.81457, 9.90324, 9.38416]], "absorber_prisms": [], "line_of_sight": [[0, 0, 0, 0, 0, 499], [0, 0, 0, 0, 0, 503], [0, 0, 0, 0, 0, 500]]}