{
"time_step": 1e-05,
"number_of_molecules": 500000,
"diff_coef": 200,
"sim_time": 0.408333,
"absorbers": [
[-2.95049,0.401107,-10.5893,4]
],
"reflectors": [
[-3.27281,4.33355,11.8114,3],
[13.4036,7.36192,14.3926,2],
[6.61921,22.2116,9.37191,6]
],
"reflector_prisms": [
[-15.119,-9.46161,-7.32906,-13.119,-5.46161,-4.32906]
],
"absorber_prisms": [
]
}