{"time_step": 1e-05, "number_of_molecules": 500000, "diff_coef": 250, "sim_time": 1.92667, "absorbers": [[4.73093, 3.28779, 5.55057, 3], [-3.70115, 9.28761, 6.6364, 6], [3.18745, 18.675, -1.44431, 4], [-2.87131, -6.54214, -14.3163, 4], [-17.6155, 6.3514, -7.02532, 3], [-6.73857, 9.89431, -12.0704, 6], [3.74895, -10.2937, -0.992721, 3]], "reflectors": [[5.08717, -2.76416, 13.8376, 2], [7.60033, 19.2861, -13.9743, 6]], "reflector_prisms": [], "absorber_prisms": [], "line_of_sight": [[82, 82, 0, 0, 0, 499], [119, 119, 0, 0, 0, 498], [0, 0, 0, 0, 0, 498], [213, 213, 0, 0, 0, 498], [0, 0, 0, 0, 0, 501], [23, 0, 23, 0, 0, 501], [234, 234, 0, 0, 0, 504]]}