{"time_step": 1e-05, "number_of_molecules": 500000, "diff_coef": 250, "sim_time": 0.96, "absorbers": [[-14.455, -4.40938, 5.25454, 4]], "reflectors": [[-5.74244, -1.31197, -13.795, 4], [-1.13708, -12.2897, -21.741, 6]], "reflector_prisms": [[-1.5288, -1.0326, -9.98244, 0.4712, 0.9674, -5.98244]], "absorber_prisms": [], "line_of_sight": [[0, 0, 0, 0, 0, 503]]}