{
"time_step": 1e-05,
"number_of_molecules": 500000,
"diff_coef": 350,
"sim_time": 0.304762,
"absorbers": [
[8.27398,-0.986206,-8.63531,4]
],
"reflectors": [
[19.943,-1.49952,0.170652,2],
[-5.99671,5.24099,12.7111,4]
],
"reflector_prisms": [
],
"absorber_prisms": [
[-18.3225,7.5395,-14.0785,-12.3225,11.5395,-11.0785]
]
}