{
"time_step": 1e-05,
"number_of_molecules": 500000,
"diff_coef": 50,
"sim_time": 6.53333,
"absorbers": [
[-6.28236,-15.5126,2.98205,3],
[-1.91339,-0.889293,-15.8603,5]
],
"reflectors": [
],
"reflector_prisms": [
],
"absorber_prisms": [
[10.6744,-4.22545,-19.1474,16.6744,0.774547,-15.1474],
[14.542,-1.26676,-9.88289,16.542,0.733235,-3.88289],
[6.60291,-8.52719,10.9595,8.60291,-3.52719,16.9595],
[-12.047,-3.35349,11.0606,-8.04705,1.64651,15.0606]
]
}