{"time_step": 1e-05, "number_of_molecules": 500000, "diff_coef": 300, "sim_time": 0.138889, "absorbers": [[1.46256, 3.64181, 6.97123, 3]], "reflectors": [], "reflector_prisms": [[8.0213, 8.12133, -14.8107, 10.0213, 12.1213, -11.8107], [0.869001, 18.741, -4.83649, 3.869, 23.741, 0.163507], [4.54715, -2.86569, -20.773, 8.54715, -0.865691, -15.773]], "absorber_prisms": [[-5.09016, -3.73158, 14.0359, -0.0901623, -1.73158, 16.0359]], "line_of_sight": [[0, 0, 0, 0, 0, 500]]}