{
"time_step": 1e-05,
"number_of_molecules": 500000,
"diff_coef": 200,
"sim_time": 1.2,
"absorbers": [
[2.4165,-0.807376,16.808,5],
[-14.664,-0.625287,-3.09449,5]
],
"reflectors": [
],
"reflector_prisms": [
],
"absorber_prisms": [
[15.2,-3.31754,-9.90006,20.2,2.68246,-3.90006],
[-4.74845,-19.3048,-2.45865,0.251549,-17.3048,-0.458646]
]
}