{
"time_step": 1e-05,
"number_of_molecules": 500000,
"diff_coef": 400,
"sim_time": 1.50417,
"absorbers": [
[-7.81176,7.43668,-2.16152,5],
[-4.62258,6.11288,21.6856,6],
[0.17161,2.52092,-16.8112,6],
[-5.85916,1.43579,11.5156,3],
[-10.734,19.9462,-3.99117,6],
[2.54427,10.8349,11.4948,4],
[7.85451,-3.64256,-22.3839,5],
[-14.4961,6.38147,-10.4948,2]
],
"reflectors": [
[5.03033,-1.48764,12.9801,2],
[-9.57049,-6.62634,12.3894,4]
],
"reflector_prisms": [
],
"absorber_prisms": [
]
}