{
"time_step": 1e-05,
"number_of_molecules": 500000,
"diff_coef": 150,
"sim_time": 4.01111,
"absorbers": [
[-8.8323,-0.890097,15.6588,5],
[5.83252,8.9335,5.49312,6],
[-9.23539,-20.3767,-5.33823,5],
[5.66318,-1.72871,14.864,3],
[-1.50551,-7.70877,1.51931,2],
[-6.6739,4.45005,-23.6782,6],
[0.624184,21.1311,-11.3617,5]
],
"reflectors": [
[13.8588,-6.4295,9.5182,6],
[-13.9766,1.69956,-14.2044,6],
[17.8299,11.0689,0.756607,6],
[-6.73111,1.3784,5.8131,2],
[4.98959,-5.64025,11.8022,2],
[-9.35451,19.0139,-5.91321,6]
],
"reflector_prisms": [
],
"absorber_prisms": [
]
}