{
"time_step": 1e-05,
"number_of_molecules": 500000,
"diff_coef": 100,
"sim_time": 4.81667,
"absorbers": [
[9.47338,15.6461,13.9447,6],
[-0.161218,9.44125,-8.93515,5],
[-3.19834,-8.81718,3.46814,5]
],
"reflectors": [
[-18.457,7.4247,-6.724,3],
[0.382814,-1.51864,-14.918,3],
[-4.8837,5.48199,-5.2055,2],
[8.82098,-4.39719,-8.47674,4]
],
"reflector_prisms": [
],
"absorber_prisms": [
]
}