{
"time_step": 1e-05,
"number_of_molecules": 500000,
"diff_coef": 350,
"sim_time": 1.21905,
"absorbers": [
[9.04694,-3.79989,16.27,3]
],
"reflectors": [
[-19.5741,-3.9488,-6.50098,3]
],
"reflector_prisms": [
[3.49982,-9.82065,0.240301,8.49982,-6.82065,4.2403]
],
"absorber_prisms": [
[-10.8634,-0.434165,17.0295,-6.8634,1.56584,21.0295],
[-13.485,7.6603,0.192835,-7.485,13.6603,2.19284],
[2.68914,-5.59283,11.5713,7.68914,-2.59283,17.5713]
]
}