{"time_step": 1e-05, "number_of_molecules": 500000, "diff_coef": 350, "sim_time": 0.933333, "absorbers": [[-1.53524, 2.11847, -15.7846, 2]], "reflectors": [[-0.602437, 10.2833, 6.1555, 3], [0.773846, 0.460288, -8.95485, 3]], "reflector_prisms": [[3.97925, 7.02052, -9.75644, 8.97925, 11.0205, -3.75644]], "absorber_prisms": [[-5.63875, -8.41843, 3.12603, -1.63875, -2.41843, 6.12603], [3.78418, -16.0715, 8.49808, 6.78418, -10.0715, 10.4981]], "line_of_sight": [[502, 0, 502, 0, 0, 502]]}