{"time_step": 1e-05, "number_of_molecules": 500000, "diff_coef": 350, "sim_time": 1.37619, "absorbers": [[1.48641, 0.301512, 20.9452, 4], [1.06917, -0.690574, -21.9632, 5]], "reflectors": [], "reflector_prisms": [[6.64273, 7.01796, -6.61013, 8.64273, 10.018, -0.610134], [-4.87934, 6.41046, -18.184, 1.12066, 8.41046, -12.184]], "absorber_prisms": [[12.0197, -6.95592, 11.1, 18.0197, -0.955916, 14.1]], "line_of_sight": [[312, 312, 0, 0, 0, 501], [204, 204, 0, 0, 0, 502]]}