{
"time_step": 1e-05,
"number_of_molecules": 500000,
"diff_coef": 50,
"sim_time": 12.0333,
"absorbers": [
[-2.3679,8.84134,4.02787,5],
[2.62169,-9.92257,3.95846,4],
[-7.71085,2.67593,22.5695,5],
[-11.5956,-18.7544,-6.54347,4]
],
"reflectors": [
[15.5733,-14.1358,9.30865,6]
],
"reflector_prisms": [
],
"absorber_prisms": [
]
}