{"time_step": 1e-05, "number_of_molecules": 500000, "diff_coef": 300, "sim_time": 1.42222, "absorbers": [[-19.9197, 9.25581, -1.23864, 6], [0.889795, -10.1896, -13.5787, 5], [-8.84839, -8.7093, 10.0923, 5]], "reflectors": [[1.13285, 12.0028, -10.5189, 5]], "reflector_prisms": [], "absorber_prisms": [], "line_of_sight": [[0, 0, 0, 0, 0, 498], [0, 0, 0, 0, 0, 499], [75, 0, 75, 0, 0, 500]]}