{
"time_step": 1e-05,
"number_of_molecules": 500000,
"diff_coef": 50,
"sim_time": 12.0333,
"absorbers": [
[1.62203,-1.048,10.8292,3],
[17.5097,6.66587,-9.48569,2]
],
"reflectors": [
[-17.0607,-4.92164,-6.76081,2],
[8.30984,-0.109185,-12.4874,5]
],
"reflector_prisms": [
],
"absorber_prisms": [
[-2.85928,-2.89465,-9.98099,2.14072,2.10535,-4.98099]
]
}