{"time_step": 1e-05, "number_of_molecules": 500000, "diff_coef": 250, "sim_time": 0.326667, "absorbers": [[-5.07491, -5.79815, -2.15098, 3], [2.43981, 1.00507, 11.7063, 5], [9.10249, 4.01099, -1.02793, 5]], "reflectors": [], "reflector_prisms": [[-11.024, 0.334004, 14.3614, -5.02399, 5.334, 17.3614], [-5.52429, -11.3637, -8.42378, -1.52429, -6.36366, -4.42378]], "absorber_prisms": [], "line_of_sight": [[187, 186, 0, 0, 1, 504], [0, 0, 0, 0, 0, 499], [115, 115, 0, 0, 0, 502]]}