{
"time_step": 1e-05,
"number_of_molecules": 500000,
"diff_coef": 150,
"sim_time": 3.21111,
"absorbers": [
[-0.305823,0.814582,-18.9801,2],
[-3.3528,1.44015,11.4317,4],
[8.66339,-6.50203,1.91554,4],
[3.81045,-1.88434,19.543,3],
[0.63395,-7.75102,-1.87613,3],
[13.0078,6.26932,-4.06104,2],
[1.50966,-0.211955,6.83198,2]
],
"reflectors": [
[-2.89046,-5.13799,-9.28689,4],
[2.44995,6.01256,-8.87958,3],
[-9.29297,4.11843,-4.20468,4],
[-19.2819,-8.28631,-0.739296,4],
[-3.84686,5.57975,-16.6754,3],
[-10.9242,-0.333331,-17.9318,6],
[3.51523,16.7201,-12.2098,4]
],
"reflector_prisms": [
],
"absorber_prisms": [
]
}