{
"time_step": 1e-05,
"number_of_molecules": 500000,
"diff_coef": 200,
"sim_time": 2.40833,
"absorbers": [
[0.00207136,0.0579466,22.9999,6]
],
"reflectors": [
[6.67183,-17.7894,-0.155672,4]
],
"reflector_prisms": [
],
"absorber_prisms": [
[14.9159,1.55601,-5.7998,16.9159,5.55601,-3.7998],
[-12.4835,-11.2155,8.5511,-9.48347,-8.21545,10.5511],
[-10.2876,6.86708,15.9716,-5.28764,10.8671,19.9716],
[-13.8076,1.34351,7.4385,-8.80764,5.34351,9.4385]
]
}