{
"time_step": 1e-05,
"number_of_molecules": 500000,
"diff_coef": 300,
"sim_time": 0.672222,
"absorbers": [
[1.01517,-4.30659,-8.96787,2],
[1.62694,5.06733,-11.8607,2]
],
"reflectors": [
[-8.80731,7.89002,12.2139,2]
],
"reflector_prisms": [
],
"absorber_prisms": [
[3.98174,5.22966,-0.608545,8.98174,9.22966,5.39145]
]
}