{"time_step": 1e-05, "number_of_molecules": 500000, "diff_coef": 100, "sim_time": 6.01667, "absorbers": [[-4.2673, -16.1087, 17.2713, 5], [-9.81773, -6.89936, 0.104549, 7], [1.43267, -4.67863, -12.044, 7], [1.44005, -3.61476, 16.5487, 4], [-12.8177, -6.30538, -12.5279, 4]], "reflectors": [[-3.68788, -19.3773, -3.30445, 5]], "reflector_prisms": [], "absorber_prisms": [], "line_of_sight": [[0, 0, 0, 0, 0, 500], [63, 31, 32, 0, 0, 500], [60, 60, 0, 0, 0, 499], [184, 184, 0, 0, 0, 501], [109, 109, 0, 0, 0, 500]]}