{
"time_step": 1e-05,
"number_of_molecules": 500000,
"diff_coef": 150,
"sim_time": 1.34444,
"absorbers": [
[7.44651,4.75817,-9.53463,2]
],
"reflectors": [
],
"reflector_prisms": [
[-5.44616,-3.22825,-9.49495,-2.44616,0.771749,-6.49495],
[-12.4865,5.50382,-8.92752,-9.48645,9.50382,-4.92752]
],
"absorber_prisms": [
[-4.16104,-0.173083,16.3704,0.838956,2.82692,18.3704],
[2.3605,-6.41841,5.69165,7.3605,-2.41841,10.6917]
]
}