{"time_step": 1e-05, "number_of_molecules": 500000, "diff_coef": 150, "sim_time": 2.5, "absorbers": [[-8.76356, -5.72925, -3.3728, 6], [-3.85681, 7.80367, 14.6023, 2]], "reflectors": [[10.5714, 2.04902, -13.1548, 5]], "reflector_prisms": [[5.2966, -0.692548, 1.01209, 8.2966, 3.30745, 7.01209]], "absorber_prisms": [], "line_of_sight": [[0, 0, 0, 0, 0, 502], [0, 0, 0, 0, 0, 502]]}