{"time_step": 1e-05, "number_of_molecules": 500000, "diff_coef": 200, "sim_time": 3.00833, "absorbers": [[23.9593, -0.558518, -1.28085, 5], [3.4337, 4.47646, 10.5911, 7], [13.2446, 7.78542, 4.46842, 4]], "reflectors": [], "reflector_prisms": [], "absorber_prisms": [], "line_of_sight": [[0, 0, 0, 0, 0, 500], [13, 13, 0, 0, 0, 501], [39, 39, 0, 0, 0, 497]]}