{"time_step": 1e-05, "number_of_molecules": 500000, "diff_coef": 400, "sim_time": 0.9375, "absorbers": [[3.66096, 18.579, -1.555, 4]], "reflectors": [[-1.191, -2.64632, 17.7645, 6], [-9.86516, 5.59534, -3.92057, 3]], "reflector_prisms": [], "absorber_prisms": [[10.5769, -1.59634, 7.17385, 14.5769, 1.40366, 9.17385], [-11.0742, -4.28557, -6.72577, -9.07423, 1.71443, -1.72577], [-6.20729, 4.31333, -17.6499, -0.207293, 7.31333, -13.6499]], "line_of_sight": [[0, 0, 0, 0, 0, 501]]}