{"time_step": 1e-05, "number_of_molecules": 500000, "diff_coef": 200, "sim_time": 3.00833, "absorbers": [[4.98496, -0.386003, -22.45, 4]], "reflectors": [[-9.69568, -19.84, 6.43179, 5], [-9.26853, 2.44452, -18.6847, 4], [12.0572, -6.78926, 14.4406, 3]], "reflector_prisms": [[-11.3179, -7.07393, -7.10571, -5.31787, -3.07393, -3.10571]], "absorber_prisms": [], "line_of_sight": [[0, 0, 0, 0, 0, 500]]}