{
"time_step": 1e-05,
"number_of_molecules": 500000,
"diff_coef": 100,
"sim_time": 5.4,
"absorbers": [
[5.02624,6.21983,12.6906,6],
[1.37412,1.75178,21.8871,4]
],
"reflectors": [
],
"reflector_prisms": [
[-1.04096,-6.73096,9.62213,4.95904,-4.73096,15.6221],
[-4.20938,-3.4249,8.26147,0.790624,0.575099,12.2615]
],
"absorber_prisms": [
[-5.99513,4.42756,0.235813,-0.99513,8.42756,6.23581],
[-18.3072,-6.13874,-10.5501,-13.3072,-2.13874,-4.55014]
]
}