{
"time_step": 1e-05,
"number_of_molecules": 500000,
"diff_coef": 350,
"sim_time": 1.07143,
"absorbers": [
[5.48172,-15.2592,5.10965,5],
[-3.29415,16.6837,-12.3208,6],
[-0.0616458,2.87118,14.7225,7],
[-9.91664,5.46409,-3.97544,6],
[-8.26797,-7.77678,-3.89389,4]
],
"reflectors": [
[-15.855,-8.55375,14.2986,7]
],
"reflector_prisms": [
],
"absorber_prisms": [
]
}