{
"time_step": 1e-05,
"number_of_molecules": 500000,
"diff_coef": 350,
"sim_time": 1.71905,
"absorbers": [
[9.39524,-7.58301,-14.6706,4],
[1.34183,0.640429,15.9308,3],
[-11.7451,-0.819308,-22.054,6],
[-0.310372,0.624152,-15.9848,2],
[9.43395,7.90334,15.7651,5],
[-8.66885,-11.9033,13.5338,6],
[0.629423,-11.5039,-7.95394,6],
[8.08548,-2.48383,13.5814,3]
],
"reflectors": [
[-0.0770849,9.91004,-17.372,5],
[2.60536,14.7234,-1.19731,6]
],
"reflector_prisms": [
],
"absorber_prisms": [
]
}