{"time_step": 1e-05, "number_of_molecules": 500000, "diff_coef": 250, "sim_time": 1.70667, "absorbers": [[10.4149, 7.43341, 2.29666, 4], [-10.3108, 0.950359, 17.111, 4], [-13.0838, -4.75512, -12.9307, 5], [2.69353, 14.4524, 12.0363, 6], [-4.42363, -3.41267, -17.111, 4]], "reflectors": [[18.7747, 13.0486, -2.49912, 7], [-5.82058, 5.49163, -7.54737, 4], [-3.53618, 15.7579, -7.94889, 4], [1.03318, -13.31, 4.2162, 6]], "reflector_prisms": [], "absorber_prisms": [], "line_of_sight": [[188, 0, 188, 0, 0, 498], [0, 0, 0, 0, 0, 500], [0, 0, 0, 0, 0, 498], [0, 0, 0, 0, 0, 496], [0, 0, 0, 0, 0, 504]]}