{"time_step": 1e-05, "number_of_molecules": 500000, "diff_coef": 400, "sim_time": 0.9375, "absorbers": [[-1.12904, 0.329739, 11.9422, 4], [-0.151739, 3.81021, -17.5915, 3]], "reflectors": [], "reflector_prisms": [[4.27599, -3.35155, -10.9892, 9.27599, -1.35155, -6.98922], [8.63431, -8.2008, -0.436142, 10.6343, -2.2008, 2.56386], [-7.16043, 4.33193, -0.536557, -2.16043, 9.33193, 4.46344]], "absorber_prisms": [], "line_of_sight": [[87, 87, 0, 0, 0, 500], [323, 323, 0, 0, 0, 500]]}