{"time_step": 1e-05, "number_of_molecules": 500000, "diff_coef": 200, "sim_time": 3.00833, "absorbers": [[8.05038, 5.25632, -18.6698, 2]], "reflectors": [[-0.182388, -0.735467, 10.9739, 4], [-11.9709, -0.347155, -5.05745, 2], [-10.2573, -2.47465, 7.59371, 6], [15.9511, 3.01639, 14.848, 4]], "reflector_prisms": [[11.8275, 7.55069, -2.48939, 13.8275, 11.5507, 1.51061]], "absorber_prisms": [], "line_of_sight": [[249, 0, 249, 0, 0, 500]]}