{
"time_step": 1e-05,
"number_of_molecules": 500000,
"diff_coef": 350,
"sim_time": 0.233333,
"absorbers": [
[-0.820463,3.19226,-10.4946,4]
],
"reflectors": [
[-1.80156,-0.294509,13.8805,2],
[2.5571,10.8585,6.67487,4],
[2.42449,-4.72052,-8.47576,3],
[8.24067,3.08427,19.0677,5],
[3.18638,23.6079,2.91795,5]
],
"reflector_prisms": [
],
"absorber_prisms": [
]
}