{"time_step": 1e-05, "number_of_molecules": 500000, "diff_coef": 50, "sim_time": 9.63333, "absorbers": [[-8.17094, -2.55449, 13.517, 3], [7.315, -7.49592, -12.0955, 4], [-1.83022, -0.828534, 20.9037, 4], [-17.262, -4.47774, -2.44381, 6], [-1.65473, -0.670702, -16.906, 4], [3.5045, 12.4767, 7.55325, 6], [-9.23005, 1.00905, -5.89814, 3]], "reflectors": [[3.45656, 0.746885, 10.4161, 5], [7.68106, 3.8384, -6.87517, 2], [-6.82112, 13.5674, -7.64178, 6], [1.51862, -9.75507, 4.85103, 4]], "reflector_prisms": [], "absorber_prisms": [], "line_of_sight": [[32, 0, 32, 0, 0, 502], [0, 0, 0, 0, 0, 501], [283, 232, 283, 0, 0, 499], [50, 50, 0, 0, 0, 500], [500, 157, 500, 0, 0, 500], [0, 0, 0, 0, 0, 500], [112, 62, 50, 0, 0, 500]]}