{"time_step": 1e-05, "number_of_molecules": 500000, "diff_coef": 400, "sim_time": 1.35, "absorbers": [[-4.41075, 7.05563, 12.4805, 4], [-2.14027, -5.35408, 6.91036, 3], [0.325752, 2.70727, -19.8132, 2]], "reflectors": [[6.50666, -4.74135, 4.02281, 3]], "reflector_prisms": [], "absorber_prisms": [[9.62908, -13.9478, -13.6706, 15.6291, -11.9478, -7.67058]], "line_of_sight": [[0, 0, 0, 0, 0, 503], [0, 0, 0, 0, 0, 499], [0, 0, 0, 0, 0, 504]]}