{"time_step": 1e-05, "number_of_molecules": 500000, "diff_coef": 200, "sim_time": 1.40833, "absorbers": [[3.07469, 0.77992, 17.7183, 5]], "reflectors": [], "reflector_prisms": [[-10.3185, -7.7555, 10.8136, -6.31853, -1.7555, 14.8136], [-3.61, 1.20029, 8.89894, 2.39, 6.20029, 13.8989], [9.33972, -6.77474, 7.13002, 12.3397, -1.77474, 10.13]], "absorber_prisms": [], "line_of_sight": [[135, 0, 0, 0, 135, 500]]}