{"time_step": 1e-05, "number_of_molecules": 500000, "diff_coef": 350, "sim_time": 1.07143, "absorbers": [[-2.08442, 0.511233, 16.864, 2]], "reflectors": [], "reflector_prisms": [], "absorber_prisms": [[1.29865, -5.49402, 10.138, 6.29865, -0.494017, 16.138]], "line_of_sight": [[0, 0, 0, 0, 0, 501]]}