{
"time_step": 1e-05,
"number_of_molecules": 500000,
"diff_coef": 300,
"sim_time": 1.25,
"absorbers": [
[-12.5434,-1.45858,3.08816,4],
[0.464723,1.15991,-19.9609,5]
],
"reflectors": [
[-4.12864,9.06362,-12.5222,2],
[3.68878,-1.24859,19.6172,6],
[15.821,9.22906,-13.9112,6]
],
"reflector_prisms": [
],
"absorber_prisms": [
]
}