{"time_step": 1e-05, "number_of_molecules": 500000, "diff_coef": 250, "sim_time": 2.16, "absorbers": [[-0.757781, -0.334747, 11.9714, 5], [0.38169, 0.119789, 22.9965, 5], [-7.1727, -16.4463, 1.43985, 7], [-12.5088, -0.617368, -14.2881, 5]], "reflectors": [], "reflector_prisms": [], "absorber_prisms": [], "line_of_sight": [[28, 28, 0, 0, 0, 498], [501, 501, 0, 0, 0, 501], [0, 0, 0, 0, 0, 503], [0, 0, 0, 0, 0, 499]]}