{"time_step": 1e-05, "number_of_molecules": 500000, "diff_coef": 150, "sim_time": 2.17778, "absorbers": [[-8.68956, 1.52135, 8.13492, 6], [6.41881, -3.80238, -16.3811, 4]], "reflectors": [], "reflector_prisms": [[0.517614, 5.74635, 4.17762, 4.51761, 11.7463, 8.17762], [-0.0340549, 13.8229, 11.9946, 5.96595, 17.8229, 17.9946], [2.97947, 7.63758, -2.82309, 8.97947, 10.6376, 0.176906], [14.7497, -5.90489, -2.40687, 18.7497, 0.0951126, 2.59313]], "absorber_prisms": [], "line_of_sight": [[72, 72, 0, 0, 0, 501], [297, 297, 0, 0, 0, 500]]}