{
"time_step": 1e-05,
"number_of_molecules": 500000,
"diff_coef": 200,
"sim_time": 2.40833,
"absorbers": [
[-1.02254,8.76686,16.8255,2]
],
"reflectors": [
],
"reflector_prisms": [
[-2.76447,-2.42477,-21.9985,3.23553,2.57523,-17.9985]
],
"absorber_prisms": [
[-16.5684,-11.9292,-11.6546,-13.5684,-5.92921,-7.65461]
]
}