{
"time_step": 1e-05,
"number_of_molecules": 500000,
"diff_coef": 200,
"sim_time": 1.63333,
"absorbers": [
[-4.6783,15.498,5.18897,3]
],
"reflectors": [
],
"reflector_prisms": [
[1.97095,0.891114,5.25557,7.97095,6.89111,10.2556],
[2.47273,12.3891,-4.50059,7.47273,14.3891,-0.500589]
],
"absorber_prisms": [
[-15.8026,11.5195,1.99793,-11.8026,14.5195,6.99793],
[-5.68948,-8.74411,10.8625,-0.689476,-2.74411,13.8625]
]
}