{"time_step": 1e-05, "number_of_molecules": 500000, "diff_coef": 200, "sim_time": 0.208333, "absorbers": [[7.11025, -0.406862, -3.64401, 3]], "reflectors": [], "reflector_prisms": [], "absorber_prisms": [[-3.44331, -10.1893, 14.7389, 1.55669, -8.18926, 20.7389], [0.693339, -2.63686, -21.1371, 6.69334, 2.36314, -16.1371], [-3.82615, 9.79242, -2.76649, 0.173851, 13.7924, 0.233509], [-5.88353, 3.37471, 2.64999, 0.116466, 6.37471, 8.64999]], "line_of_sight": [[0, 0, 0, 0, 0, 501]]}