{
"time_step": 1e-05,
"number_of_molecules": 500000,
"diff_coef": 100,
"sim_time": 6.01667,
"absorbers": [
[-1.71066,-1.39159,21.8892,3]
],
"reflectors": [
[0.895084,-0.00590179,11.9666,4],
[-8.55334,4.24385,-17.5736,3],
[13.7833,-0.112934,-18.4121,5]
],
"reflector_prisms": [
],
"absorber_prisms": [
[-1.7963,6.51261,-12.7521,4.2037,8.51261,-10.7521]
]
}