{
"time_step": 1e-05,
"number_of_molecules": 500000,
"diff_coef": 150,
"sim_time": 0.9,
"absorbers": [
[-2.99806,3.08986,-11.2011,3]
],
"reflectors": [
[-6.53793,20.3125,-5.35332,5],
[10.7683,2.24253,0.121589,3],
[-14.79,5.46447,-8.68303,5]
],
"reflector_prisms": [
],
"absorber_prisms": [
[-15.699,-3.26747,-15.3334,-10.699,1.73253,-13.3334],
[3.66417,-5.88112,-14.0062,6.66417,-0.881123,-10.0062]
]
}