{
"time_step": 1e-05,
"number_of_molecules": 500000,
"diff_coef": 50,
"sim_time": 9.63333,
"absorbers": [
[-5.61254,-14.2431,-12.8698,3]
],
"reflectors": [
[2.31904,0.921587,10.7132,2],
[-6.90104,2.09434,6.92743,3],
[-16.5984,-2.44376,10.8868,6],
[7.00747,-8.31353,-13.0683,3]
],
"reflector_prisms": [
],
"absorber_prisms": [
]
}