{
"time_step": 1e-05,
"number_of_molecules": 500000,
"diff_coef": 350,
"sim_time": 1.37619,
"absorbers": [
[-15.2795,7.82731,-12.0943,4]
],
"reflectors": [
],
"reflector_prisms": [
[0.26818,3.23551,-6.54062,3.26818,6.23551,-4.54062],
[-1.48857,-1.61994,-10.9915,1.51143,2.38006,-5.99149]
],
"absorber_prisms": [
[1.16384,5.68747,-12.757,5.16384,10.6875,-7.75697],
[8.50261,-4.45502,6.17087,10.5026,-2.45502,10.1709]
]
}