{"time_step": 1e-05, "number_of_molecules": 500000, "diff_coef": 250, "sim_time": 2.40667, "absorbers": [[-3.04036, -15.4584, 18.1051, 5], [4.88564, -5.15265, 15.4461, 4], [13.2071, 5.55672, -10.8947, 7], [0.109058, 0.0203388, 25.9998, 7], [-16.43, -18.8323, 0.629949, 6]], "reflectors": [[-0.526377, 8.78352, -8.15921, 7], [-1.99798, -22.9085, 0.459077, 7], [7.04193, 5.57961, -21.1726, 4], [1.39197, 4.31231, 12.1847, 5]], "reflector_prisms": [], "absorber_prisms": [], "line_of_sight": [[498, 0, 498, 0, 0, 498], [350, 77, 291, 0, 0, 501], [95, 0, 95, 0, 0, 498], [375, 63, 336, 0, 0, 500], [0, 0, 0, 0, 0, 498]]}