{
"time_step": 1e-05,
"number_of_molecules": 500000,
"diff_coef": 50,
"sim_time": 10.8,
"absorbers": [
[-1.03655,-4.42341,-11.1067,4],
[20.2507,-8.05606,10.0503,6],
[1.56193,-0.382907,16.9238,7],
[-7.15236,13.1707,5.60153,5],
[-4.63423,-15.6389,11.5736,6]
],
"reflectors": [
[-13.7907,12.8445,-9.26479,4],
[-10.7607,7.56448,18.8676,5],
[-4.41761,-5.62722,-21.8591,4],
[20.5415,-0.780569,-14.2281,7],
[10.8502,1.47761,-1.04364,4]
],
"reflector_prisms": [
],
"absorber_prisms": [
]
}