{
"time_step": 1e-05,
"number_of_molecules": 500000,
"diff_coef": 200,
"sim_time": 0.408333,
"absorbers": [
[1.73996,-2.75975,10.5051,4]
],
"reflectors": [
[-9.77856,-9.42748,-3.39152,4],
[1.21229,13.9343,5.41894,4]
],
"reflector_prisms": [
[-5.15379,0.954224,-22.4248,-0.15379,6.95422,-16.4248],
[-2.03873,-8.2465,-22.7178,1.96127,-3.2465,-18.7178]
],
"absorber_prisms": [
]
}