{"time_step": 1e-05, "number_of_molecules": 500000, "diff_coef": 300, "sim_time": 1.08889, "absorbers": [[-10.0869, -0.126176, -9.70763, 5], [-0.555818, 1.41485, 18.9391, 5]], "reflectors": [[14.4879, -4.05797, -9.88095, 6]], "reflector_prisms": [], "absorber_prisms": [[5.57521, -3.56038, -5.67429, 11.5752, 2.43962, 0.325709], [-3.28066, 16.7598, 5.70081, -0.28066, 20.7598, 7.70081]], "line_of_sight": [[0, 0, 0, 0, 0, 500], [0, 0, 0, 0, 0, 503]]}