{"time_step": 1e-05, "number_of_molecules": 500000, "diff_coef": 50, "sim_time": 8.53333, "absorbers": [[7.23164, -0.730667, -10.7782, 5], [4.27138, 5.03763, 14.5732, 3], [-17.9377, -0.880788, -12.7068, 6]], "reflectors": [], "reflector_prisms": [[-5.23498, 7.2525, 15.4426, -2.23498, 13.2525, 20.4426]], "absorber_prisms": [], "line_of_sight": [[0, 0, 0, 0, 0, 501], [0, 0, 0, 0, 0, 503], [0, 0, 0, 0, 0, 501]]}