{
"time_step": 1e-05,
"number_of_molecules": 500000,
"diff_coef": 150,
"sim_time": 1.6,
"absorbers": [
[11.2988,6.55918,-7.36989,3]
],
"reflectors": [
[-0.841851,0.327707,-19.9796,3]
],
"reflector_prisms": [
],
"absorber_prisms": [
[-12.0367,-11.5747,-0.684617,-10.0367,-5.5747,2.31538],
[-7.45273,7.81158,-5.22428,-1.45273,12.8116,-3.22428],
[-3.73245,-7.80683,-16.2433,2.26755,-1.80683,-14.2433],
[-7.48426,-4.80129,15.7682,-5.48426,1.19871,19.7682]
]
}