{
"time_step": 1e-05,
"number_of_molecules": 500000,
"diff_coef": 350,
"sim_time": 1.71905,
"absorbers": [
[2.24606,0.997663,-24.8789,6]
],
"reflectors": [
[1.45879,2.29352,9.6235,2],
[1.18239,3.99595,17.511,6]
],
"reflector_prisms": [
[-5.86896,2.20263,14.8992,-0.868956,8.20263,18.8992],
[0.223546,11.0587,-11.9057,5.22355,17.0587,-9.90571],
[-7.60898,5.97762,-10.1714,-1.60898,9.97762,-8.17142]
],
"absorber_prisms": [
]
}