{"time_step": 1e-05, "number_of_molecules": 500000, "diff_coef": 50, "sim_time": 7.5, "absorbers": [[2.74721, 10.2349, -15.7702, 4], [3.65699, -3.469, -13.0611, 4], [1.36235, 1.19826, 15.8968, 6]], "reflectors": [], "reflector_prisms": [[-8.06294, 6.04747, -7.28578, -5.06294, 8.04747, -5.28578], [-8.15254, -4.03353, 2.38451, -5.15254, -0.0335333, 7.38451]], "absorber_prisms": [], "line_of_sight": [[0, 0, 0, 0, 0, 500], [195, 195, 0, 0, 0, 502], [120, 120, 0, 0, 0, 498]]}