{
"time_step": 1e-05,
"number_of_molecules": 500000,
"diff_coef": 250,
"sim_time": 1.12667,
"absorbers": [
[0.975999,-8.9253,4.403,4],
[1.05919,-3.24984,17.6725,5]
],
"reflectors": [
],
"reflector_prisms": [
],
"absorber_prisms": [
]
}