{
"time_step": 1e-05,
"number_of_molecules": 500000,
"diff_coef": 400,
"sim_time": 0.504167,
"absorbers": [
[-15.4264,4.56138,5.49724,6]
],
"reflectors": [
],
"reflector_prisms": [
[2.6757,-11.2596,-16.5366,5.6757,-8.25963,-12.5366],
[2.79112,-7.80831,6.10927,7.79112,-5.80831,9.10927]
],
"absorber_prisms": [
[-6.63091,15.7913,-12.2256,-3.63091,21.7913,-8.22558],
[0.76188,12.227,3.78025,6.76188,16.227,8.78025],
[2.52985,5.30507,-4.20472,5.52985,8.30507,1.79528]
]
}