{"time_step": 1e-05, "number_of_molecules": 500000, "diff_coef": 250, "sim_time": 0.96, "absorbers": [[-14.0406, -7.58291, -1.16717, 4], [-0.00684895, 1.62378, -10.8795, 6]], "reflectors": [], "reflector_prisms": [[6.39082, 3.94805, 2.74813, 8.39082, 8.94805, 4.74813]], "absorber_prisms": [[15.9671, -6.06562, -9.27456, 18.9671, -2.06562, -3.27456]], "line_of_sight": [[0, 0, 0, 0, 0, 502], [0, 0, 0, 0, 0, 501]]}