{"time_step": 1e-05, "number_of_molecules": 500000, "diff_coef": 400, "sim_time": 0.3375, "absorbers": [[-3.55333, -1.24339, -11.3942, 3]], "reflectors": [[8.14035, -1.64344, 19.2882, 3]], "reflector_prisms": [[4.46146, 5.46334, -9.77655, 8.46146, 7.46334, -5.77655]], "absorber_prisms": [[-3.91066, -9.69684, -7.67351, 2.08934, -7.69684, -5.67351], [1.47261, 6.82569, -18.961, 6.47261, 12.8257, -14.961], [4.75983, -1.18073, -7.91316, 6.75983, 0.81927, -5.91316]], "line_of_sight": [[103, 0, 103, 0, 0, 500]]}