{
"time_step": 1e-05,
"number_of_molecules": 500000,
"diff_coef": 100,
"sim_time": 2.81667,
"absorbers": [
[8.81322,-1.54564,-13.2642,3],
[5.16664,-7.27241,1.19074,4]
],
"reflectors": [
],
"reflector_prisms": [
[-0.734619,2.44243,4.72527,3.26538,8.44243,6.72527]
],
"absorber_prisms": [
[-15.2248,6.98812,7.89401,-13.2248,12.9881,11.894],
[-0.46091,-2.46636,12.9512,2.53909,3.53364,14.9512],
[12.4143,-3.62002,-0.0239533,17.4143,2.37998,2.97605]
]
}