{
"time_step": 1e-05,
"number_of_molecules": 500000,
"diff_coef": 300,
"sim_time": 1.08889,
"absorbers": [
[-10.475,-9.28656,-14.284,6]
],
"reflectors": [
[-7.21842,-0.59769,-20.7735,5]
],
"reflector_prisms": [
],
"absorber_prisms": [
[1.64474,1.43434,-11.6146,6.64474,4.43434,-5.61457]
]
}