{"time_step": 1e-05, "number_of_molecules": 500000, "diff_coef": 50, "sim_time": 6.53333, "absorbers": [[-0.699843, -10.9345, -10.2444, 4], [10.3641, 15.7937, -6.56847, 6], [-12.0264, -3.94277, -14.1711, 5], [-9.73161, -0.511396, -2.2437, 5]], "reflectors": [[3.25848, 4.11486, -20.3335, 6]], "reflector_prisms": [], "absorber_prisms": [], "line_of_sight": [[0, 0, 0, 0, 0, 503], [0, 0, 0, 0, 0, 500], [124, 124, 0, 0, 0, 505], [55, 55, 0, 0, 0, 501]]}