{"time_step": 1e-05, "number_of_molecules": 500000, "diff_coef": 350, "sim_time": 1.37619, "absorbers": [[5.07761, -10.8667, 0.36282, 6], [-5.09559, 1.76928, 19.2589, 5], [2.3092, 6.98255, 13.0733, 4], [1.37924, -12.8088, -17.8334, 5], [-17.7533, 14.0082, 4.19397, 6]], "reflectors": [[-18.1183, 3.25899, 13.7879, 5], [3.98644, 20.1363, 12.4354, 7]], "reflector_prisms": [], "absorber_prisms": [], "line_of_sight": [[84, 84, 0, 0, 0, 499], [0, 0, 0, 0, 0, 500], [187, 154, 47, 0, 0, 500], [265, 207, 70, 0, 0, 501], [227, 227, 0, 0, 0, 496]]}