{
"time_step": 1e-05,
"number_of_molecules": 500000,
"diff_coef": 400,
"sim_time": 1.06667,
"absorbers": [
[18.1409,6.99793,4.6835,4],
[8.115,9.20904,4.28257,6],
[-10.0713,-11.8325,9.08637,5]
],
"reflectors": [
],
"reflector_prisms": [
],
"absorber_prisms": [
]
}