{
"time_step": 1e-05,
"number_of_molecules": 500000,
"diff_coef": 400,
"sim_time": 1.35,
"absorbers": [
[-3.29998,6.83902,-20.648,4]
],
"reflectors": [
],
"reflector_prisms": [
[-8.05038,4.89689,-4.17471,-3.05038,9.89689,-0.174714],
[5.03963,-6.23913,9.83461,9.03963,-2.23913,12.8346],
[-15.7337,-7.62416,0.47689,-10.7337,-2.62416,5.47689]
],
"absorber_prisms": [
[-8.63398,6.62095,3.07096,-5.63398,10.6209,8.07096]
]
}