{"time_step": 1e-05, "number_of_molecules": 500000, "diff_coef": 200, "sim_time": 0.533333, "absorbers": [[1.26643, -9.52315, 2.77594, 2]], "reflectors": [], "reflector_prisms": [[-18.0163, 1.406, 1.37717, -16.0163, 7.406, 6.37717]], "absorber_prisms": [[-8.52176, -5.08635, 3.88836, -6.52176, -2.08635, 8.88836], [-1.56813, -2.51374, -23.9864, 0.431872, 1.48626, -18.9864], [7.08642, -1.38842, 17.2882, 9.08642, 0.611582, 19.2882]], "line_of_sight": [[0, 0, 0, 0, 0, 498]]}