{
"time_step": 1e-05,
"number_of_molecules": 500000,
"diff_coef": 150,
"sim_time": 4.01111,
"absorbers": [
[6.03901,11.0699,-21.5867,6]
],
"reflectors": [
[9.13674,8.6755,-3.20244,3],
[2.40899,0.457724,-6.55647,2]
],
"reflector_prisms": [
[-14.8185,-14.5148,11.0293,-8.81854,-10.5148,13.0293],
[-13.8774,4.09361,-7.79731,-9.87737,10.0936,-3.79731]
],
"absorber_prisms": [
[1.73457,-3.32033,-7.6863,7.73457,-0.320328,-4.6863]
]
}