{
"time_step": 1e-05,
"number_of_molecules": 500000,
"diff_coef": 200,
"sim_time": 1.2,
"absorbers": [
[-0.443066,-1.63828,15.9097,4]
],
"reflectors": [
[7.54441,4.78219,21.1946,4],
[-5.37767,-13.0025,-15.589,2]
],
"reflector_prisms": [
[-8.93798,-4.6792,-1.37489,-3.93798,-2.6792,3.62511],
[-1.74588,-12.7522,16.2366,0.254125,-7.75215,19.2366]
],
"absorber_prisms": [
]
}