{"time_step": 1e-05, "number_of_molecules": 500000, "diff_coef": 250, "sim_time": 0.54, "absorbers": [[-0.108629, 1.33632, 14.94, 6]], "reflectors": [[-14.4837, -11.0343, 5.42835, 4], [5.2272, -10.5227, -12.2861, 2], [13.8288, 13.3676, -10.6804, 4], [7.66086, 16.735, -7.82637, 3]], "reflector_prisms": [], "absorber_prisms": [], "line_of_sight": [[0, 0, 0, 0, 0, 502]]}