{"time_step": 1e-05, "number_of_molecules": 500000, "diff_coef": 200, "sim_time": 1.00833, "absorbers": [[-1.96506, 4.94775, 12.9483, 3]], "reflectors": [[12.2127, 3.09217, 14.2228, 5]], "reflector_prisms": [], "absorber_prisms": [[9.03385, -9.83012, 6.01663, 13.0339, -7.83012, 11.0166], [2.82707, 0.875924, 2.46774, 6.82707, 4.87592, 7.46774], [3.48588, -6.73192, 3.60507, 5.48588, -4.73192, 8.60507], [-3.01337, -3.65132, -18.9241, 2.98663, 0.34868, -16.9241]], "line_of_sight": [[0, 0, 0, 0, 0, 506]]}