{"time_step": 1e-05, "number_of_molecules": 500000, "diff_coef": 50, "sim_time": 7.5, "absorbers": [[-9.35471, 14.0788, -8.67617, 7], [-9.09291, -7.81819, -0.441491, 5], [-3.87974, -3.42957, 14.0778, 5], [5.83184, 2.33849, 13.6206, 5], [-15.913, 14.0001, 5.89684, 7]], "reflectors": [[-6.8714, -3.62287, -12.8319, 5], [-16.4548, -1.01087, -7.22615, 5], [3.20953, -11.4081, 5.34364, 5], [14.8933, -11.5316, 2.49244, 4]], "reflector_prisms": [], "absorber_prisms": [], "line_of_sight": [[290, 0, 290, 0, 0, 497], [0, 0, 0, 0, 0, 496], [0, 0, 0, 0, 0, 501], [279, 0, 279, 0, 0, 497], [76, 0, 76, 0, 0, 503]]}