{
"time_step": 1e-05,
"number_of_molecules": 500000,
"diff_coef": 100,
"sim_time": 1.66667,
"absorbers": [
[14.2891,4.37921,-5.7136,6]
],
"reflectors": [
[-5.42091,-6.90803,-14.5565,3],
[-0.504459,3.3889,18.6885,6],
[8.09846,-19.1977,2.61988,6]
],
"reflector_prisms": [
[-14.8701,-0.0822452,-3.04471,-8.87007,2.91775,0.95529]
],
"absorber_prisms": [
]
}