{"time_step": 1e-05, "number_of_molecules": 500000, "diff_coef": 200, "sim_time": 2.40833, "absorbers": [[-11.3091, -1.00213, 3.88591, 2], [7.22802, -1.18579, -20.7449, 6], [-9.6124, 9.34221, -10.4559, 2], [10.2456, 7.68872, 14.0325, 2]], "reflectors": [], "reflector_prisms": [[-7.24076, -10.7459, 14.421, -5.24076, -8.74591, 19.421]], "absorber_prisms": [], "line_of_sight": [[0, 0, 0, 0, 0, 498], [0, 0, 0, 0, 0, 497], [0, 0, 0, 0, 0, 500], [0, 0, 0, 0, 0, 497]]}