{
"time_step": 1e-05,
"number_of_molecules": 500000,
"diff_coef": 400,
"sim_time": 0.704167,
"absorbers": [
[4.84461,3.69135,14.7954,3]
],
"reflectors": [
],
"reflector_prisms": [
[-4.39284,8.501,-22.2818,1.60716,12.501,-16.2818],
[-1.24874,3.29965,3.92468,0.751262,9.29965,5.92468]
],
"absorber_prisms": [
[14.7331,4.27753,-1.77539,20.7331,9.27753,0.22461],
[-4.32479,-4.16041,6.76338,0.675207,1.83959,12.7634],
[-11.4765,-2.14883,16.7957,-7.47652,2.85117,21.7957]
]
}