{
"time_step": 1e-05,
"number_of_molecules": 500000,
"diff_coef": 200,
"sim_time": 0.3,
"absorbers": [
[-6.88566,-8.49634,1.18322,5]
],
"reflectors": [
],
"reflector_prisms": [
[16.8317,9.8659,-3.20596,18.8317,15.8659,1.79404],
[-15.5375,-10.2517,2.56758,-10.5375,-7.25169,7.56758]
],
"absorber_prisms": [
[0.403233,0.62616,11.7261,3.40323,3.62616,17.7261]
]
}