{
"time_step": 1e-05,
"number_of_molecules": 500000,
"diff_coef": 350,
"sim_time": 1.71905,
"absorbers": [
[1.06417,-4.56063,11.0484,4],
[8.7393,-4.78247,-13.7751,6],
[-0.911585,18.5823,-3.85555,3],
[7.79895,3.06837,3.28047,4],
[-4.2853,-1.7597,-9.97696,6],
[5.35712,-5.87406,-0.892524,3],
[-19.3654,1.47426,15.7419,6],
[0.302044,-5.4859,-19.2305,2]
],
"reflectors": [
[10.7954,7.06498,-9.46283,2]
],
"reflector_prisms": [
],
"absorber_prisms": [
]
}