{"time_step": 1e-05, "number_of_molecules": 500000, "diff_coef": 350, "sim_time": 0.804762, "absorbers": [[-0.16018, 2.68954, 15.7715, 3]], "reflectors": [[10.9622, -7.24506, -13.7236, 4]], "reflector_prisms": [[-1.55165, -6.85102, 2.80279, 0.448347, -4.85102, 4.80279]], "absorber_prisms": [[-5.33726, -9.74957, -18.3425, -0.337259, -3.74957, -12.3425]], "line_of_sight": [[0, 0, 0, 0, 0, 500]]}