{
"time_step": 1e-05,
"number_of_molecules": 500000,
"diff_coef": 250,
"sim_time": 2.16,
"absorbers": [
[-4.6617,-2.64971,-16.1322,3],
[1.72993,-13.4422,-16.041,3]
],
"reflectors": [
],
"reflector_prisms": [
],
"absorber_prisms": [
[0.650006,4.92913,9.47829,6.65001,6.92913,12.4783],
[0.736881,-8.4168,-21.0047,4.73688,-2.4168,-15.0047],
[13.3499,-9.03376,7.06066,16.3499,-6.03376,9.06066]
]
}