{"time_step": 1e-05, "number_of_molecules": 500000, "diff_coef": 50, "sim_time": 9.63333, "absorbers": [[13.78, 5.60936, 8.2247, 3], [3.06037, -1.92121, -19.6709, 3], [14.8635, -2.72697, -17.339, 6], [-3.63781, 13.9425, 9.02074, 4], [-20.7368, 3.08627, -6.66771, 5], [1.46794, -3.75876, 15.4828, 2], [-5.02719, 5.05876, 5.48965, 4]], "reflectors": [[-4.64455, -4.29854, -12.488, 4], [-0.433815, -12.5007, -8.27909, 6], [0.520927, -0.111746, -8.98422, 3], [6.75641, 17.5678, 16.4537, 6]], "reflector_prisms": [], "absorber_prisms": [], "line_of_sight": [[0, 0, 0, 0, 0, 499], [500, 0, 500, 0, 0, 500], [196, 196, 0, 0, 0, 499], [489, 231, 375, 0, 0, 499], [0, 0, 0, 0, 0, 500], [315, 0, 315, 0, 0, 501], [190, 172, 95, 0, 0, 498]]}