{
"time_step": 1e-05,
"number_of_molecules": 500000,
"diff_coef": 100,
"sim_time": 6.01667,
"absorbers": [
[0.607068,1.21749,13.9337,5],
[11.8185,6.63146,18.5835,6],
[-10.0807,-0.973321,-21.7585,5],
[-10.2548,-3.93929,-0.566432,6],
[9.1461,-1.06483,-6.01788,5]
],
"reflectors": [
[20.7324,-1.96372,-2.70419,6],
[0.136724,-17.9495,1.34086,7]
],
"reflector_prisms": [
],
"absorber_prisms": [
]
}