{"time_step": 1e-05, "number_of_molecules": 500000, "diff_coef": 300, "sim_time": 0.138889, "absorbers": [[1.67102, 0.849589, -6.74432, 2]], "reflectors": [[-17.313, -3.55909, -11.3399, 4], [4.09216, -4.65983, 7.84476, 5], [3.24121, 9.54982, -16.1027, 6]], "reflector_prisms": [[-6.12989, -11.2387, -5.05456, -4.12989, -7.23872, -1.05456], [-9.89271, -14.1925, 6.73523, -3.89271, -10.1925, 8.73523]], "absorber_prisms": [], "line_of_sight": [[159, 0, 182, 0, 0, 502]]}