{"time_step": 1e-05, "number_of_molecules": 500000, "diff_coef": 200, "sim_time": 1.2, "absorbers": [[-6.75024, 7.2745, -1.23122, 4], [7.63821, -10.6815, -7.25007, 3]], "reflectors": [[-2.03505, -13.2937, 10.3989, 5], [2.66375, -12.4221, 2.75611, 4], [4.05545, -0.244832, 15.4756, 2], [-1.15831, 0.278916, -13.9492, 3]], "reflector_prisms": [], "absorber_prisms": [], "line_of_sight": [[90, 0, 90, 0, 0, 501], [0, 0, 0, 0, 0, 502]]}