{"time_step": 1e-05, "number_of_molecules": 500000, "diff_coef": 350, "sim_time": 1.54286, "absorbers": [[-1.66122, 1.01174, 12.8537, 5], [-1.6454, -10.6329, 2.28793, 3], [17.4071, 0.907054, 11.712, 3], [10.7505, 14.4336, -0.312553, 3], [6.40013, 17.449, -13.5488, 5], [11.5733, 7.57352, 11.5196, 5], [-9.74446, -2.90374, 8.10024, 3]], "reflectors": [[-18.3041, 1.88624, 4.733, 3], [-4.92711, -18.0596, -11.5574, 6], [-15.3107, 9.82391, -5.48404, 3], [-14.1648, 6.58121, -14.0373, 2], [-5.20851, 20.332, -0.695142, 6], [16.0962, -12.2837, 10.9098, 4], [-10.0261, -8.39542, -20.1245, 5]], "reflector_prisms": [], "absorber_prisms": [], "line_of_sight": [[0, 0, 0, 0, 0, 501], [133, 36, 97, 0, 0, 500], [0, 0, 0, 0, 0, 498], [0, 0, 0, 0, 0, 499], [47, 47, 0, 0, 0, 504], [109, 0, 109, 0, 0, 498], [0, 0, 0, 0, 0, 498]]}