{
"time_step": 1e-05,
"number_of_molecules": 500000,
"diff_coef": 250,
"sim_time": 0.666667,
"absorbers": [
[-2.35559,-5.95291,14.6634,6]
],
"reflectors": [
[12.409,11.1296,9.11859,6]
],
"reflector_prisms": [
[-3.36107,6.38163,-5.76748,0.638927,8.38163,0.232519],
[-5.45923,4.08296,-12.12,0.540767,10.083,-9.11998],
[-10.6273,-9.40789,-16.6046,-5.62729,-7.40789,-14.6046]
],
"absorber_prisms": [
[-14.2071,-1.59884,7.71646,-10.2071,1.40116,9.71646]
]
}