{"time_step": 1e-05, "number_of_molecules": 500000, "diff_coef": 200, "sim_time": 2.40833, "absorbers": [[-17.2614, -2.78371, 9.71061, 3]], "reflectors": [[0.300631, -0.170628, -6.99146, 2]], "reflector_prisms": [], "absorber_prisms": [[-6.73876, 5.5129, -15.0872, -2.73876, 9.5129, -9.0872], [6.05243, -5.70441, -3.33935, 11.0524, -1.70441, -0.339353], [-6.34917, -0.147983, 4.07294, -3.34917, 4.85202, 9.07294]], "line_of_sight": [[10, 0, 0, 10, 0, 499]]}