{"time_step": 1e-05, "number_of_molecules": 500000, "diff_coef": 150, "sim_time": 3.21111, "absorbers": [[7.01136, -7.96527, -16.9527, 3], [6.51952, -9.59918, 3.05804, 6], [-10.4298, -9.29809, -9.68317, 3]], "reflectors": [[12.8839, 1.07309, -11.0387, 4]], "reflector_prisms": [[-0.161412, 5.84826, 0.00727845, 5.83859, 7.84826, 6.00728]], "absorber_prisms": [], "line_of_sight": [[0, 0, 0, 0, 0, 497], [0, 0, 0, 0, 0, 500], [0, 0, 0, 0, 0, 502]]}