{
"time_step": 1e-05,
"number_of_molecules": 500000,
"diff_coef": 250,
"sim_time": 0.426667,
"absorbers": [
[-3.85058,10.7166,-8.1442,6]
],
"reflectors": [
[2.08052,3.67898,6.79239,3],
[9.69991,1.03662,-15.1274,4]
],
"reflector_prisms": [
[-14.0331,-12.7124,-12.3792,-10.0331,-9.71236,-10.3792]
],
"absorber_prisms": [
[-11.8108,1.38773,15.4663,-6.81084,3.38773,18.4663]
]
}