{"time_step": 1e-05, "number_of_molecules": 500000, "diff_coef": 150, "sim_time": 2.84444, "absorbers": [[1.07641, -4.77966, -17.3204, 2], [-6.7366, 6.68261, -11.6173, 6], [1.57027, 7.90629, 5.91818, 4]], "reflectors": [], "reflector_prisms": [], "absorber_prisms": [[-7.79358, -3.88183, 7.37656, -2.79358, -1.88183, 13.3766]], "line_of_sight": [[0, 0, 0, 0, 0, 497], [0, 0, 0, 0, 0, 502], [0, 0, 0, 0, 0, 500]]}