{"time_step": 1e-05, "number_of_molecules": 500000, "diff_coef": 400, "sim_time": 1.35, "absorbers": [[13.6767, 4.806, -10.6701, 2], [-5.68074, 2.86903, -8.97206, 5], [-8.37581, -1.63344, -21.3583, 5], [2.54774, -2.9163, -23.6855, 6]], "reflectors": [[0.802519, -8.9196, 0.892599, 2], [11.3602, -17.6344, 0.987349, 5], [0.100351, -0.402593, -11.9928, 2], [-3.61374, -5.4027, -12.3997, 2], [9.77348, -1.31894, 13.847, 2], [3.6777, 5.71499, -1.67732, 2]], "reflector_prisms": [], "absorber_prisms": [], "line_of_sight": [[0, 0, 0, 0, 0, 500], [88, 83, 6, 0, 0, 501], [339, 307, 79, 0, 0, 500], [140, 0, 140, 0, 0, 499]]}