{"time_step": 1e-05, "number_of_molecules": 500000, "diff_coef": 300, "sim_time": 1.60556, "absorbers": [[5.84435, 7.71798, -20.8633, 6], [-12.6398, 2.46268, -5.49273, 4], [-5.04775, 17.1809, -10.9698, 5], [1.93215, 3.44493, 19.6061, 7], [-8.55012, 0.604954, 12.3097, 4], [10.4878, 2.31928, -2.37227, 5]], "reflectors": [[-9.69373, -12.7767, -19.1778, 6]], "reflector_prisms": [], "absorber_prisms": [], "line_of_sight": [[34, 34, 0, 0, 0, 499], [28, 28, 0, 0, 0, 501], [0, 0, 0, 0, 0, 498], [60, 0, 60, 0, 0, 500], [32, 32, 0, 0, 0, 502], [14, 14, 0, 0, 0, 500]]}