{
"time_step": 1e-05,
"number_of_molecules": 500000,
"diff_coef": 350,
"sim_time": 1.37619,
"absorbers": [
[-2.32348,0.987056,-9.67611,5],
[-11.3426,10.1079,-11.4095,2]
],
"reflectors": [
[-11.6377,14.9687,9.02787,2]
],
"reflector_prisms": [
],
"absorber_prisms": [
[-8.94109,-1.63721,4.34526,-2.94109,2.36279,6.34526],
[-4.90225,9.35389,-12.1162,1.09775,13.3539,-7.11616]
]
}