{
"time_step": 1e-05,
"number_of_molecules": 500000,
"diff_coef": 200,
"sim_time": 1.2,
"absorbers": [
[6.4888,-12.0698,2.86621,2]
],
"reflectors": [
[-6.0115,0.825485,14.8047,2],
[-5.76971,-3.75427,-12.1908,3],
[-1.23381,-19.2415,-5.31441,4],
[10.3979,16.5339,7.7144,5]
],
"reflector_prisms": [
],
"absorber_prisms": [
]
}