{
"time_step": 1e-05,
"number_of_molecules": 500000,
"diff_coef": 50,
"sim_time": 1.2,
"absorbers": [
[-10.8402,1.25851,-1.38078,5]
],
"reflectors": [
],
"reflector_prisms": [
[-1.37237,-0.650744,13.7963,4.62763,4.34926,15.7963]
],
"absorber_prisms": [
[2.89124,-2.8351,9.42604,6.89124,1.1649,12.426],
[-11.5245,8.45352,-20.6709,-5.52451,11.4535,-14.6709]
]
}