{"time_step": 1e-05, "number_of_molecules": 500000, "diff_coef": 250, "sim_time": 2.16, "absorbers": [[-12.2785, 5.19157, 12.0948, 5], [8.89066, 17.3097, 7.89505, 3], [-4.39025, -14.6257, 7.47082, 6], [-1.86629, -21.7693, -2.57205, 6]], "reflectors": [], "reflector_prisms": [], "absorber_prisms": [[-15.6505, -9.34327, 2.02601, -10.6505, -4.34327, 7.02601]], "line_of_sight": [[0, 0, 0, 0, 0, 501], [0, 0, 0, 0, 0, 499], [26, 26, 0, 0, 0, 497], [32, 32, 0, 0, 0, 500]]}