{
"time_step": 1e-05,
"number_of_molecules": 500000,
"diff_coef": 50,
"sim_time": 10.8,
"absorbers": [
[-6.26138,-14.2261,6.88571,3],
[7.96893,-4.08981,-0.877318,2],
[5.02917,-12.786,2.68802,3],
[-0.135546,7.78341,-4.51665,2],
[-14.8326,7.64544,-3.24691,3],
[-21.5835,-3.18452,2.83063,4],
[4.32943,10.807,-2.90936,2],
[-0.72945,17.7821,-11.1474,3]
],
"reflectors": [
[-13.623,-6.78247,9.61312,2]
],
"reflector_prisms": [
],
"absorber_prisms": [
]
}