{"time_step": 1e-05, "number_of_molecules": 500000, "diff_coef": 100, "sim_time": 6.01667, "absorbers": [[-1.56868, 11.0115, 8.50218, 5], [-10.8753, -7.10914, -0.433379, 5], [-8.9497, 5.96434, -16.8621, 6], [2.06374, 1.35888, 12.763, 5], [-1.09405, -4.82923, -12.02, 5], [6.63148, -3.49424, -20.6837, 3], [12.4764, 0.777108, 16.8741, 6], [11.3921, -0.0490235, -15.2059, 5]], "reflectors": [[-14.4408, -2.34209, 10.4871, 6], [-0.764649, 1.14012, -24.9623, 6]], "reflector_prisms": [], "absorber_prisms": [], "line_of_sight": [[114, 114, 0, 0, 0, 502], [0, 0, 0, 0, 0, 500], [215, 259, 27, 0, 0, 499], [473, 435, 114, 0, 0, 497], [347, 392, 91, 0, 0, 495], [244, 326, 0, 0, 0, 502], [251, 348, 0, 0, 0, 501], [237, 31, 206, 0, 0, 500]]}