{"time_step": 1e-05, "number_of_molecules": 500000, "diff_coef": 250, "sim_time": 2.16, "absorbers": [[8.54337, -20.8015, 4.82798, 5], [-1.40842, 8.31779, 11.1728, 5], [-10.5879, 5.13181, 2.358, 5], [-5.2921, -12.3407, 17.427, 5]], "reflectors": [[-3.13618, -9.61288, 9.68281, 3], [-7.83186, 10.3862, -5.17582, 2], [-15.7149, -9.53512, -4.80859, 5], [4.48091, -5.69336, -11.9794, 6], [2.68794, -4.41513, 7.36761, 4], [-6.17479, 19.5935, -10.3425, 4]], "reflector_prisms": [], "absorber_prisms": [], "line_of_sight": [[162, 0, 162, 0, 0, 502], [268, 0, 268, 0, 0, 501], [0, 0, 0, 0, 0, 499], [315, 0, 359, 0, 0, 507]]}