{
"time_step": 1e-05,
"number_of_molecules": 500000,
"diff_coef": 400,
"sim_time": 1.20417,
"absorbers": [
[-20.4439,4.31396,-9.61443,6],
[-5.08054,-6.85139,-8.44077,5]
],
"reflectors": [
[5.8109,-0.241669,5.49318,2],
[-3.57177,-0.41399,14.5627,4],
[-12.1558,-1.33266,6.81617,6],
[-2.61281,-9.62789,4.63433,3]
],
"reflector_prisms": [
],
"absorber_prisms": [
]
}