{
"time_step": 1e-05,
"number_of_molecules": 500000,
"diff_coef": 250,
"sim_time": 2.40667,
"absorbers": [
[12.2482,-10.3018,17.8844,5],
[-12.8912,8.26893,12.8624,3],
[-3.32071,-5.56932,-11.2675,6]
],
"reflectors": [
],
"reflector_prisms": [
[-4.53813,4.61916,7.03686,1.46187,9.61916,12.0369],
[4.08508,2.63413,-3.50814,6.08508,7.63413,-0.508142]
],
"absorber_prisms": [
]
}