{
"time_step": 1e-05,
"number_of_molecules": 500000,
"diff_coef": 100,
"sim_time": 3.75,
"absorbers": [
[1.01319,-18.5965,-3.76079,7],
[5.06504,-3.24631,-13.7407,6],
[-16.6428,-8.18338,-4.12914,4],
[-5.05007,8.05396,17.5963,7],
[9.70455,10.065,-0.719918,6],
[9.19508,2.74614,15.2286,6]
],
"reflectors": [
],
"reflector_prisms": [
],
"absorber_prisms": [
]
}