{
"time_step": 1e-05,
"number_of_molecules": 500000,
"diff_coef": 50,
"sim_time": 2.13333,
"absorbers": [
[-5.27018,-12.9701,0.0540747,6]
],
"reflectors": [
[-4.52697,14.1403,-14.8512,2],
[5.72809,23.6037,-5.92071,6],
[15.9956,-4.47279,3.62425,4],
[5.1115,-10.4188,-3.05313,2],
[-3.70509,7.17179,7.47246,6]
],
"reflector_prisms": [
],
"absorber_prisms": [
]
}