{
"time_step": 1e-05,
"number_of_molecules": 500000,
"diff_coef": 350,
"sim_time": 0.933333,
"absorbers": [
[5.33403,-18.871,3.92843,6]
],
"reflectors": [
[4.67744,-5.98745,-15.2076,6],
[0.0160979,-0.0962549,10.9996,4]
],
"reflector_prisms": [
],
"absorber_prisms": [
[-10.0555,-8.22121,1.8266,-5.05551,-5.22121,3.8266],
[-4.72203,-7.13336,-17.1147,1.27797,-3.13336,-15.1147],
[-7.32912,-9.89789,-6.80482,-1.32912,-7.89789,-2.80482]
]
}