{
"time_step": 1e-05,
"number_of_molecules": 500000,
"diff_coef": 350,
"sim_time": 1.54286,
"absorbers": [
[-5.73555,6.0181,-5.55751,5],
[-11.1693,8.7718,11.059,4],
[3.5322,-4.20466,23.3633,6],
[9.12588,-4.68102,6.22948,5],
[9.47695,-16.1359,-16.5777,7],
[8.16905,10.0845,12.4727,5],
[-3.78987,-10.0248,2.47787,5]
],
"reflectors": [
],
"reflector_prisms": [
],
"absorber_prisms": [
]
}