{
"time_step": 1e-05,
"number_of_molecules": 500000,
"diff_coef": 400,
"sim_time": 1.20417,
"absorbers": [
[-13.6129,-12.8856,3.10683,3],
[-7.8489,-7.98168,16.5737,3]
],
"reflectors": [
],
"reflector_prisms": [
],
"absorber_prisms": [
[15.3554,5.92581,-0.834064,17.3554,8.92581,3.16594],
[-0.222739,2.60695,14.1265,5.77726,6.60695,18.1265],
[0.0919623,9.65533,4.27111,2.09196,14.6553,7.27111]
]
}