{
"time_step": 1e-05,
"number_of_molecules": 500000,
"diff_coef": 300,
"sim_time": 1.25,
"absorbers": [
[11.3184,-4.87772,-15.7513,5]
],
"reflectors": [
[-8.69919,-6.9052,14.1648,2]
],
"reflector_prisms": [
[-4.05405,-2.91278,18.9746,1.94595,3.08722,24.9746],
[5.29143,-8.19896,-10.9028,9.29143,-3.19896,-5.90279],
[-3.8238,-5.30361,-10.8841,-0.823802,0.696389,-5.88411],
[0.590164,1.56173,-19.2821,5.59016,6.56173,-16.2821]
],
"absorber_prisms": [
]
}