{"time_step": 1e-05, "number_of_molecules": 500000, "diff_coef": 100, "sim_time": 0.6, "absorbers": [[2.84914, -2.31039, -9.30293, 4]], "reflectors": [[20.9442, -8.62663, 7.93235, 5]], "reflector_prisms": [], "absorber_prisms": [[0.18864, 5.77925, 6.03375, 6.18864, 11.7793, 9.03375], [-8.94414, -18.1908, -13.8669, -6.94414, -13.1908, -10.8669], [-1.26588, -0.551743, 15.3068, 2.73412, 5.44826, 18.3068], [-6.64172, 3.16472, -10.5311, -2.64172, 7.16472, -6.53113]], "line_of_sight": [[0, 0, 0, 0, 0, 497]]}