{
"time_step": 1e-05,
"number_of_molecules": 500000,
"diff_coef": 150,
"sim_time": 1.34444,
"absorbers": [
[-3.87391,-8.20974,13.1755,5]
],
"reflectors": [
[15.4441,-4.04367,1.0627,2],
[-6.62061,3.49311,2.82236,2],
[11.7933,1.85557,-1.21441,2]
],
"reflector_prisms": [
[4.81222,1.61775,-17.6821,9.81222,3.61775,-13.6821]
],
"absorber_prisms": [
[-9.13118,6.77395,-11.0699,-3.13118,11.7739,-9.06988]
]
}