{
"time_step": 1e-05,
"number_of_molecules": 500000,
"diff_coef": 50,
"sim_time": 1.63333,
"absorbers": [
[1.82637,-0.903972,-9.79016,3]
],
"reflectors": [
[8.95104,-5.0248,6.21533,5],
[-3.20148,7.35899,-7.52302,6]
],
"reflector_prisms": [
[6.31146,0.556348,-8.64575,12.3115,2.55635,-2.64575]
],
"absorber_prisms": [
[-11.1448,8.03941,-12.5009,-6.14475,11.0394,-6.50094],
[-10.9492,13.8156,-11.3191,-5.94921,19.8156,-7.3191]
]
}