{"time_step": 1e-05, "number_of_molecules": 500000, "diff_coef": 400, "sim_time": 1.35, "absorbers": [[12.0365, 7.79005, 19.2468, 6]], "reflectors": [[-11.298, -14.2134, 12.4231, 3], [9.45933, -3.20743, 0.483171, 5]], "reflector_prisms": [[-1.43912, -0.824271, -13.7878, 2.56088, 5.17573, -9.78777]], "absorber_prisms": [], "line_of_sight": [[0, 0, 0, 0, 0, 498]]}