{"time_step": 1e-05, "number_of_molecules": 500000, "diff_coef": 300, "sim_time": 0.8, "absorbers": [[14.0674, -5.19983, 8.00429, 5]], "reflectors": [[0.823872, -22.9545, -1.18925, 6], [6.13014, -10.862, -12.9784, 3]], "reflector_prisms": [[13.7448, 5.52252, -1.92005, 16.7448, 9.52252, 2.07995], [-5.57817, -5.85583, 6.33339, -3.57817, -0.855831, 11.3334]], "absorber_prisms": [[-1.71497, 3.84464, 10.1566, 4.28503, 7.84464, 15.1566]], "line_of_sight": [[0, 0, 0, 0, 0, 499]]}