{
"time_step": 1e-05,
"number_of_molecules": 500000,
"diff_coef": 300,
"sim_time": 1.8,
"absorbers": [
[-6.01674,-2.79598,-16.7326,4],
[12.1708,-8.74376,-0.646154,5],
[-4.60422,-9.45472,19.3238,4],
[0.0019797,0.0139925,14,4],
[-10.9479,8.41356,13.052,6]
],
"reflectors": [
[5.38884,2.01615,-24.3289,6],
[-17.0453,-5.71614,-0.884284,6],
[-1.20142,-5.88496,-7.99524,4],
[3.86464,7.13605,21.5207,6],
[8.2952,0.243066,5.57948,4]
],
"reflector_prisms": [
],
"absorber_prisms": [
]
}