{
"time_step": 1e-05,
"number_of_molecules": 500000,
"diff_coef": 400,
"sim_time": 0.704167,
"absorbers": [
[-7.87873,-5.70209,16.3221,6]
],
"reflectors": [
[-8.63009,16.9233,-0.350937,2],
[2.23084,-4.73303,8.52184,5],
[15.635,3.2956,-19.2272,6],
[-3.25734,6.65886,17.4943,5]
],
"reflector_prisms": [
[-15.5656,-3.25707,-13.6974,-13.5656,2.74293,-10.6974]
],
"absorber_prisms": [
]
}