{
"time_step": 1e-05,
"number_of_molecules": 500000,
"diff_coef": 300,
"sim_time": 2.00556,
"absorbers": [
[14.202,-17.5885,4.23636,4],
[-3.61377,11.2819,9.20107,4]
],
"reflectors": [
],
"reflector_prisms": [
[5.02377,8.59351,9.3768,7.02377,14.5935,12.3768]
],
"absorber_prisms": [
[-8.65202,0.0968963,0.41255,-5.65202,2.0969,6.41255]
]
}