{"time_step": 1e-05, "number_of_molecules": 500000, "diff_coef": 150, "sim_time": 4.01111, "absorbers": [[1.24491, -1.15619, -11.8791, 4], [-3.11823, 6.16093, -13.3161, 4], [16.8312, -7.82046, -4.06825, 6], [17.2307, 15.932, -8.61818, 6], [5.16962, 14.5976, 15.6265, 7]], "reflectors": [[-8.00522, 5.94557, 0.752745, 5]], "reflector_prisms": [], "absorber_prisms": [], "line_of_sight": [[0, 0, 0, 0, 0, 503], [0, 0, 0, 0, 0, 499], [421, 0, 421, 0, 0, 499], [0, 0, 0, 0, 0, 498], [0, 0, 0, 0, 0, 500]]}