{
"time_step": 1e-05,
"number_of_molecules": 500000,
"diff_coef": 50,
"sim_time": 12.0333,
"absorbers": [
[-0.0323295,-0.58333,-13.9878,6],
[7.82959,16.0827,6.40654,2],
[10.7021,-16.403,15.5372,6]
],
"reflectors": [
],
"reflector_prisms": [
[-8.77037,0.378298,-6.82545,-4.77037,3.3783,-0.825448]
],
"absorber_prisms": [
[-9.67864,-6.04296,4.74902,-3.67864,-2.04296,7.74902]
]
}