{"time_step": 1e-05, "number_of_molecules": 500000, "diff_coef": 300, "sim_time": 1.8, "absorbers": [[-13.5093, 8.82152, -16.3915, 5]], "reflectors": [], "reflector_prisms": [[15.083, -5.20653, -14.0372, 20.083, 0.793467, -12.0372], [-7.29595, 3.62432, -16.0739, -4.29595, 6.62432, -13.0739], [-7.41466, -8.8364, 11.7721, -5.41466, -6.8364, 16.7721]], "absorber_prisms": [[3.50838, -6.25017, 15.6909, 8.50838, -4.25017, 17.6909], [-3.31956, -1.28781, -10.9527, 1.68044, 0.712193, -4.9527]], "line_of_sight": [[46, 0, 0, 0, 46, 501]]}