{"time_step": 1e-05, "number_of_molecules": 500000, "diff_coef": 100, "sim_time": 6.01667, "absorbers": [[-4.26577, 16.6959, 18.1121, 6], [-6.14822, 3.68057, -14.3057, 5], [5.87896, 2.15292, -17.9389, 4], [-6.21997, -7.17854, -3.12739, 5], [0.372632, -0.990666, 16.967, 7]], "reflectors": [[11.2855, -9.71742, -17.5274, 6], [4.52739, -24.5861, -0.163342, 6], [-20.59, 1.32707, -7.63479, 6], [-12.2136, -9.95155, 10.6204, 6], [10.609, -7.2316, 12.6156, 5]], "reflector_prisms": [], "absorber_prisms": [], "line_of_sight": [[84, 0, 84, 0, 0, 501], [354, 203, 151, 0, 0, 501], [305, 305, 0, 0, 0, 503], [0, 0, 0, 0, 0, 497], [221, 221, 0, 0, 0, 503]]}