{"time_step": 1e-05, "number_of_molecules": 500000, "diff_coef": 350, "sim_time": 0.933333, "absorbers": [[-3.3907, -10.7412, 11.3635, 2]], "reflectors": [[-5.92946, 7.19443, -15.3975, 3]], "reflector_prisms": [[13.5014, -6.45919, 6.16958, 15.5014, -0.45919, 10.1696], [1.94098, -4.65753, -10.1004, 7.94098, -1.65753, -6.10042], [1.49217, 5.71475, -5.59171, 5.49217, 7.71475, 0.408294], [-15.1443, -11.1025, 6.0697, -13.1443, -8.10246, 8.0697]], "absorber_prisms": [], "line_of_sight": [[0, 0, 0, 0, 0, 501]]}