{
"time_step": 1e-05,
"number_of_molecules": 500000,
"diff_coef": 250,
"sim_time": 1.5,
"absorbers": [
[-17.059,-6.49146,-10.3852,6],
[-8.30997,8.12825,5.8203,6]
],
"reflectors": [
[12.6676,12.0352,-13.3674,5]
],
"reflector_prisms": [
],
"absorber_prisms": [
[0.26771,-10.5814,-18.0459,4.26771,-4.58137,-12.0459]
]
}