{
"time_step": 1e-05,
"number_of_molecules": 500000,
"diff_coef": 200,
"sim_time": 2.7,
"absorbers": [
[16.5638,-11.3721,11.1945,5]
],
"reflectors": [
[-17.6895,6.63634,-2.00986,3],
[-7.78182,10.0182,20.3735,6],
[-1.20024,-1.76739,-7.70946,3]
],
"reflector_prisms": [
],
"absorber_prisms": [
[9.25041,-16.594,-9.54487,13.2504,-10.594,-4.54487]
]
}