{
"time_step": 1e-05,
"number_of_molecules": 500000,
"diff_coef": 300,
"sim_time": 1.42222,
"absorbers": [
[18.5317,7.15183,-2.32956,4]
],
"reflectors": [
[0.376078,0.819115,10.963,5],
[6.55207,7.90291,3.95151,6]
],
"reflector_prisms": [
[5.69323,-0.0786663,-17.1068,7.69323,2.92133,-15.1068],
[-10.9124,-19.6747,-1.14155,-5.91235,-17.6747,2.85845]
],
"absorber_prisms": [
]
}