{
"time_step": 1e-05,
"number_of_molecules": 500000,
"diff_coef": 300,
"sim_time": 1.42222,
"absorbers": [
[-7.27573,12.836,-2.70203,7],
[15.9397,10.5643,12.7797,7],
[2.26718,14.1581,-15.343,5],
[-5.73527,-1.10595,8.11687,5]
],
"reflectors": [
[-12.7972,-14.2409,5.78183,5],
[-5.28811,-18.6371,-10.4256,6],
[-9.00086,-2.35625,22.1231,7],
[7.18024,-2.31668,6.56332,4]
],
"reflector_prisms": [
],
"absorber_prisms": [
]
}