{"time_step": 1e-05, "number_of_molecules": 500000, "diff_coef": 100, "sim_time": 0.6, "absorbers": [[3.76819, 2.50806, 11.1135, 6]], "reflectors": [[0.171543, 0.322776, 19.9967, 2]], "reflector_prisms": [[-17.3445, 0.16243, 5.1262, -13.3445, 3.16243, 9.1262]], "absorber_prisms": [[-5.06598, -15.1441, 4.65584, -3.06598, -9.1441, 6.65584], [-8.69626, -8.74246, 1.45167, -5.69626, -5.74246, 3.45167], [-15.3111, 5.9024, 8.67108, -9.31112, 7.9024, 13.6711]], "line_of_sight": [[6, 0, 6, 0, 0, 503]]}