{
"time_step": 1e-05,
"number_of_molecules": 500000,
"diff_coef": 50,
"sim_time": 0.833333,
"absorbers": [
[-9.20469,-5.94529,-0.962963,6]
],
"reflectors": [
[11.8162,2.07761,0.246074,6]
],
"reflector_prisms": [
[-20.565,-2.16614,-14.5048,-14.565,2.83386,-8.50479]
],
"absorber_prisms": [
[5.75959,-6.18098,12.792,8.75959,-3.18098,18.792]
]
}