{
"time_step": 1e-05,
"number_of_molecules": 500000,
"diff_coef": 350,
"sim_time": 1.37619,
"absorbers": [
[1.26643,-6.24175,16.8356,6],
[-3.34514,-4.80447,-18.0756,5],
[5.77674,3.67541,9.85498,4],
[3.85918,10.0767,19.172,5]
],
"reflectors": [
],
"reflector_prisms": [
],
"absorber_prisms": [
]
}