{
"time_step": 1e-05,
"number_of_molecules": 500000,
"diff_coef": 300,
"sim_time": 0.272222,
"absorbers": [
[-0.899785,3.96309,12.3485,6]
],
"reflectors": [
[-7.4775,-8.25216,6.70738,5]
],
"reflector_prisms": [
[-2.15192,-5.85812,-17.3519,-0.151918,-2.85812,-13.3519]
],
"absorber_prisms": [
[5.76881,-2.67537,11.1038,8.76881,1.32463,15.1038],
[6.61114,-2.50199,17.3025,11.6111,-0.501987,19.3025],
[-7.90836,8.70241,5.83099,-4.90836,14.7024,11.831]
]
}