{"time_step": 1e-05, "number_of_molecules": 500000, "diff_coef": 350, "sim_time": 0.304762, "absorbers": [[-1.23298, -10.1579, -9.55492, 6]], "reflectors": [[6.34214, -4.18689, -17.414, 4], [15.452, 2.39164, 8.91712, 3], [-4.68474, -14.3769, 5.23042, 6], [13.7608, 5.95397, 0.436673, 6], [-0.781407, -0.529454, 13.9681, 6]], "reflector_prisms": [], "absorber_prisms": [], "line_of_sight": [[15, 0, 15, 0, 0, 498]]}