{
"time_step": 1e-05,
"number_of_molecules": 500000,
"diff_coef": 400,
"sim_time": 1.50417,
"absorbers": [
[2.82758,-9.8981,3.87717,4],
[4.32642,5.42009,-14.4189,5],
[4.01288,-5.81664,18.71,5],
[-17.7778,10.8399,-2.72909,2],
[3.01722,-5.30238,-7.92346,4],
[-11.9207,-9.41847,-5.01887,4],
[14.6671,10.4021,-6.13778,4],
[-2.91437,1.27393,19.7455,3]
],
"reflectors": [
],
"reflector_prisms": [
],
"absorber_prisms": [
]
}