{"time_step": 1e-05, "number_of_molecules": 500000, "diff_coef": 250, "sim_time": 1.70667, "absorbers": [[-0.543792, -11.2389, 16.5346, 4], [7.49413, 9.70359, -4.32185, 5], [3.34247, 1.09227, 14.582, 5], [-6.06405, 4.67885, 9.23773, 4], [-13.2672, 8.78492, -1.67498, 4]], "reflectors": [[-8.22986, -3.53392, -4.44756, 5], [-2.20218, -16.0177, -5.25189, 6]], "reflector_prisms": [], "absorber_prisms": [], "line_of_sight": [[0, 0, 0, 0, 0, 496], [0, 0, 0, 0, 0, 499], [0, 0, 0, 0, 0, 499], [0, 0, 0, 0, 0, 502], [0, 0, 0, 0, 0, 505]]}