{"time_step": 1e-05, "number_of_molecules": 500000, "diff_coef": 400, "sim_time": 0.104167, "absorbers": [[9.72692, -1.68887, 1.59211, 5]], "reflectors": [], "reflector_prisms": [[2.10478, -1.06311, 10.5288, 8.10478, 1.93689, 15.5288], [-4.09042, 0.578103, 9.68362, -0.0904151, 2.5781, 11.6836], [-2.12082, -0.842466, -18.9952, 2.87918, 1.15753, -15.9952], [-1.7514, 1.28218, -9.0707, 4.2486, 6.28218, -7.0707]], "absorber_prisms": [], "line_of_sight": [[0, 0, 0, 0, 0, 499]]}