{
"time_step": 1e-05,
"number_of_molecules": 500000,
"diff_coef": 300,
"sim_time": 0.672222,
"absorbers": [
[-7.93433,0.19632,7.61629,6],
[-3.98626,9.33135,-9.6455,3]
],
"reflectors": [
[-7.02587,-11.7936,-14.5447,6],
[9.50802,6.38845,3.57567,3],
[0.760075,0.586519,-13.967,4]
],
"reflector_prisms": [
],
"absorber_prisms": [
]
}