{
"time_step": 1e-05,
"number_of_molecules": 500000,
"diff_coef": 100,
"sim_time": 4.26667,
"absorbers": [
[19.028,3.07335,-10.6061,6]
],
"reflectors": [
],
"reflector_prisms": [
[-1.91719,-2.2555,11.4973,2.08281,2.7445,13.4973],
[-10.4287,1.79102,-14.8626,-7.42871,4.79102,-10.8626],
[-3.35757,-3.15729,-19.8667,2.64243,-1.15729,-15.8667],
[-1.79973,0.643131,-13.5371,1.20027,5.64313,-7.53712]
],
"absorber_prisms": [
]
}