{
"time_step": 1e-05,
"number_of_molecules": 500000,
"diff_coef": 100,
"sim_time": 4.81667,
"absorbers": [
[13.0986,10.2429,3.53692,4],
[-13.8816,-2.48449,-18.1695,6]
],
"reflectors": [
],
"reflector_prisms": [
[-0.546354,-4.40503,-18.3901,1.45365,0.594974,-16.3901]
],
"absorber_prisms": [
[-2.68628,-1.36754,7.48702,3.31372,0.632463,10.487],
[-5.32585,4.23757,14.7368,-0.325852,10.2376,17.7368]
]
}