{"time_step": 1e-05, "number_of_molecules": 500000, "diff_coef": 200, "sim_time": 0.833333, "absorbers": [[2.81515, -12.5742, 1.72183, 3]], "reflectors": [], "reflector_prisms": [[10.5179, 0.970912, 6.6397, 14.5179, 6.97091, 11.6397], [7.53452, 2.13469, -6.39758, 13.5345, 7.13469, -0.397584]], "absorber_prisms": [[-2.15776, -1.57118, 13.999, 1.84224, 1.42882, 15.999], [-1.51306, -9.73278, -7.9724, 1.48694, -3.73278, -3.9724]], "line_of_sight": [[0, 0, 0, 0, 0, 500]]}