{
"time_step": 1e-05,
"number_of_molecules": 500000,
"diff_coef": 100,
"sim_time": 4.81667,
"absorbers": [
[-1.94216,6.50102,-19.8737,4],
[3.46368,-0.429036,16.6379,3]
],
"reflectors": [
],
"reflector_prisms": [
[-8.18743,0.390301,-7.38614,-4.18743,2.3903,-5.38614]
],
"absorber_prisms": [
[-5.01259,-21.8843,3.77156,0.987406,-15.8843,8.77156],
[-10.6123,-8.5018,-2.73873,-6.61228,-3.5018,2.26127],
[6.83495,-3.21127,-7.62919,10.8349,1.78873,-3.62919]
]
}