{
"time_step": 1e-05,
"number_of_molecules": 500000,
"diff_coef": 350,
"sim_time": 1.54286,
"absorbers": [
[-22.1029,4.25894,4.72491,5]
],
"reflectors": [
[-15.4596,-12.5299,2.0009,3],
[8.06404,-3.99654,9.38077,5],
[-0.871353,-3.09109,19.7405,2],
[-10.2858,10.5594,-10.3296,6],
[-5.2723,-4.17297,-18.8358,5]
],
"reflector_prisms": [
],
"absorber_prisms": [
]
}