{
"time_step": 1e-05,
"number_of_molecules": 500000,
"diff_coef": 200,
"sim_time": 2.40833,
"absorbers": [
[-0.411412,5.92716,12.6767,5],
[2.30384,-12.3042,15.5981,3],
[-13.1289,7.4225,-7.84457,6],
[-10.485,-9.87419,-12.3921,4],
[-15.5208,-1.557,-3.56087,2],
[10.3117,10.3441,13.6627,6],
[6.46454,-0.0744609,22.0727,6]
],
"reflectors": [
[19.2032,4.57287,-9.71212,3],
[7.63491,-15.1647,-12.3588,2],
[0.366892,-4.67032,-9.95256,3],
[3.23214,3.89002,-16.2303,6],
[-1.33823,-4.27254,12.2047,4],
[-1.97723,-20.1744,-5.48473,4]
],
"reflector_prisms": [
],
"absorber_prisms": [
]
}