{
"time_step": 1e-05,
"number_of_molecules": 500000,
"diff_coef": 200,
"sim_time": 2.13333,
"absorbers": [
[7.72944,15.9792,11.2214,5]
],
"reflectors": [
[0.469406,-0.320241,10.9853,4]
],
"reflector_prisms": [
],
"absorber_prisms": [
[0.418738,-4.63607,-11.3889,2.41874,-1.63607,-7.38894],
[4.85466,5.90514,-11.4153,9.85466,7.90514,-9.41528]
]
}