{"time_step": 1e-05, "number_of_molecules": 500000, "diff_coef": 400, "sim_time": 1.06667, "absorbers": [[4.26953, 15.1765, 12.3063, 4], [-12.9859, -9.83371, 7.65925, 6], [-5.04778, -7.07512, -2.33724, 4], [1.36806, -9.33784, 16.4904, 5], [1.44597, -2.6307, -12.6487, 4], [11.0278, 8.1843, 2.72135, 6]], "reflectors": [[-21.1234, 2.39876, 5.66126, 7], [12.0346, 6.19608, -14.7234, 6], [12.859, -7.19934, 8.47438, 4]], "reflector_prisms": [], "absorber_prisms": [], "line_of_sight": [[181, 181, 0, 0, 0, 503], [233, 139, 129, 0, 0, 499], [271, 294, 0, 0, 0, 500], [0, 0, 0, 0, 0, 498], [0, 0, 0, 0, 0, 502], [299, 304, 0, 0, 0, 502]]}