{
"time_step": 1e-05,
"number_of_molecules": 500000,
"diff_coef": 350,
"sim_time": 1.54286,
"absorbers": [
[-6.51714,18.0034,-12.7438,5],
[-6.96193,-4.43666,7.26963,3],
[-3.27476,0.849113,7.24948,2],
[-6.51827,-12.9055,16.5819,6]
],
"reflectors": [
],
"reflector_prisms": [
],
"absorber_prisms": [
[10.2852,5.02984,3.25906,12.2852,11.0298,8.25906]
]
}