{"time_step": 1e-05, "number_of_molecules": 500000, "diff_coef": 300, "sim_time": 0.355556, "absorbers": [[3.78233, -5.69525, -8.61731, 3]], "reflectors": [], "reflector_prisms": [[-2.0452, -3.29088, 9.42506, -0.0452014, 1.70912, 13.4251], [9.57984, -5.56796, 4.0167, 11.5798, -3.56796, 8.0167]], "absorber_prisms": [[-0.852064, -4.25247, -14.639, 3.14794, -1.25247, -9.63903], [8.9976, -1.42644, 5.50495, 11.9976, 4.57356, 9.50495], [-0.682053, 1.33901, -10.0289, 2.31795, 4.33901, -8.0289]], "line_of_sight": [[19, 0, 0, 19, 0, 500]]}