{
"time_step": 1e-05,
"number_of_molecules": 500000,
"diff_coef": 250,
"sim_time": 1.70667,
"absorbers": [
[7.29691,-4.76284,20.2008,6]
],
"reflectors": [
],
"reflector_prisms": [
[-7.57946,-2.14288,5.0807,-4.57946,3.85712,8.0807],
[-7.691,-7.9849,14.2974,-3.691,-4.9849,17.2974],
[-9.52585,-4.4066,-11.5903,-6.52585,-0.406598,-5.59034]
],
"absorber_prisms": [
]
}