{"time_step": 1e-05, "number_of_molecules": 500000, "diff_coef": 200, "sim_time": 0.533333, "absorbers": [[1.58252, -0.856855, 11.8643, 4]], "reflectors": [[-0.415997, -0.497135, -9.97897, 3], [-3.16808, 18.1939, 4.46591, 5]], "reflector_prisms": [[-3.72764, -8.88922, -23.1615, 1.27236, -2.88922, -19.1615], [7.86342, 2.96396, 6.48332, 11.8634, 4.96396, 8.48332]], "absorber_prisms": [], "line_of_sight": [[227, 0, 227, 0, 0, 497]]}