{"time_step": 1e-05, "number_of_molecules": 500000, "diff_coef": 50, "sim_time": 2.13333, "absorbers": [[8.36152, 0.99335, 7.07801, 3], [-0.259012, 3.95469, 5.77004, 2]], "reflectors": [], "reflector_prisms": [[6.09686, -8.5456, 8.08565, 10.0969, -3.5456, 14.0857], [-8.3039, -1.86489, 2.82743, -5.3039, 0.135105, 8.82743]], "absorber_prisms": [], "line_of_sight": [[0, 0, 0, 0, 0, 500], [0, 0, 0, 0, 0, 503]]}