{
"time_step": 1e-05,
"number_of_molecules": 500000,
"diff_coef": 300,
"sim_time": 1.8,
"absorbers": [
[-6.32907,-2.97598,-21.9109,5]
],
"reflectors": [
[-15.8456,6.51223,5.52328,5],
[0.0871661,0.0730619,16.9996,2],
[2.31034,1.09004,-14.7809,2]
],
"reflector_prisms": [
[-9.05373,3.27338,-5.17179,-4.05373,8.27338,0.828207],
[6.72072,-9.04574,8.36274,12.7207,-4.04574,10.3627]
],
"absorber_prisms": [
]
}