{
"time_step": 1e-05,
"number_of_molecules": 500000,
"diff_coef": 50,
"sim_time": 9.63333,
"absorbers": [
[3.31938,3.80582,-18.3166,2]
],
"reflectors": [
[17.7233,8.14765,-4.41584,3],
[8.10866,-5.03248,-19.8223,4],
[-10.9468,-14.0941,2.35034,3]
],
"reflector_prisms": [
],
"absorber_prisms": [
[-12.7698,4.39185,-2.52616,-6.76982,9.39185,0.473838],
[-19.6749,12.068,-0.778884,-14.6749,15.068,5.22112]
]
}