{
"time_step": 1e-05,
"number_of_molecules": 500000,
"diff_coef": 200,
"sim_time": 3.00833,
"absorbers": [
[0.526082,2.83388,20.8013,2]
],
"reflectors": [
[-0.382503,11.9682,0.785418,6],
[4.04546,-5.04305,-19.98,6]
],
"reflector_prisms": [
],
"absorber_prisms": [
[-2.06651,-1.71692,12.9983,1.93349,1.28308,16.9983]
]
}