{
"time_step": 1e-05,
"number_of_molecules": 500000,
"diff_coef": 250,
"sim_time": 1.30667,
"absorbers": [
[3.67124,4.59506,-9.29556,3],
[1.84896,-2.17257,12.6831,3],
[-13.014,10.7158,-2.19263,3],
[-12.5913,-2.69651,-1.78535,6]
],
"reflectors": [
[-12.2509,2.43109,-12.9617,5],
[8.52891,-1.439,-16.9171,2],
[-19.839,-0.684955,2.43847,2],
[10.8825,-10.8394,4.48083,4],
[4.27127,-0.287257,-19.5365,2]
],
"reflector_prisms": [
],
"absorber_prisms": [
]
}