{
"time_step": 1e-05,
"number_of_molecules": 500000,
"diff_coef": 200,
"sim_time": 3.00833,
"absorbers": [
[-5.00608,-3.17283,-23.2567,6],
[10.1348,-3.91934,1.71009,4],
[-3.98123,4.98304,8.96209,4],
[-12.063,-12.0865,16.8642,5],
[17.7787,-10.1946,-4.58111,4],
[-8.92149,-13.9532,-3.83605,4],
[-11.475,10.9735,6.07512,6]
],
"reflectors": [
[-11.344,-3.87346,7.23254,3],
[-6.43759,2.83876,-7.10626,2],
[8.22395,-9.63688,-5.95795,2]
],
"reflector_prisms": [
],
"absorber_prisms": [
]
}