{"time_step": 1e-05, "number_of_molecules": 500000, "diff_coef": 250, "sim_time": 2.16, "absorbers": [[6.51939, -4.07069, -22.736, 6]], "reflectors": [], "reflector_prisms": [], "absorber_prisms": [[-21.071, 1.19128, -7.94397, -15.071, 3.19128, -2.94397], [-2.44859, 9.6486, 14.4633, 0.551414, 15.6486, 16.4633], [-1.04111, -4.9088, -17.8116, 0.958889, 0.0912042, -12.8116], [-12.9175, 8.75154, -0.162886, -8.91753, 12.7515, 4.83711], [-6.38852, -20.7372, 1.1068, -3.38852, -18.7372, 4.1068]], "line_of_sight": [[67, 0, 0, 67, 0, 500]]}