{"time_step": 1e-05, "number_of_molecules": 500000, "diff_coef": 250, "sim_time": 0.666667, "absorbers": [[0.463998, -8.74009, 8.20947, 2]], "reflectors": [[4.86684, -10.561, 15.0259, 2], [2.43116, 4.79151, 8.43391, 2], [-1.88177, -1.14388, 12.8121, 3]], "reflector_prisms": [], "absorber_prisms": [[-7.00869, -4.08447, -13.3685, -2.00869, -1.08447, -9.36848], [-11.5185, 2.73452, 0.576465, -8.51847, 6.73452, 5.57646]], "line_of_sight": [[0, 0, 0, 0, 0, 506]]}