{"time_step": 1e-05, "number_of_molecules": 500000, "diff_coef": 150, "sim_time": 1.34444, "absorbers": [[-0.979449, -7.44802, -10.6098, 5], [-2.05567, -15.4925, 3.42895, 5]], "reflectors": [], "reflector_prisms": [[12.9817, -2.6767, -1.17164, 17.9817, 1.3233, 1.82836], [-12.1242, -3.90599, 15.4912, -6.12422, -0.905991, 17.4912]], "absorber_prisms": [], "line_of_sight": [[0, 0, 0, 0, 0, 501], [0, 0, 0, 0, 0, 501]]}