{"time_step": 1e-05, "number_of_molecules": 500000, "diff_coef": 250, "sim_time": 2.16, "absorbers": [[-0.579069, -0.317031, -11.9818, 4], [-9.69787, 1.66061, -22.9825, 7], [-12.0007, -4.56246, 7.7567, 6], [18.8293, -6.1357, -6.98657, 5], [4.44344, -13.8186, 3.78165, 5], [-11.1217, 5.91164, -11.4175, 5], [-12.9081, -13.0395, -7.95945, 7]], "reflectors": [[12.4901, 16.3753, 4.10475, 5]], "reflector_prisms": [], "absorber_prisms": [], "line_of_sight": [[137, 137, 0, 0, 0, 500], [267, 267, 0, 0, 0, 500], [7, 7, 0, 0, 0, 501], [15, 15, 0, 0, 0, 502], [0, 0, 0, 0, 0, 501], [84, 84, 0, 0, 0, 501], [137, 0, 137, 0, 0, 496]]}