{
"time_step": 1e-05,
"number_of_molecules": 500000,
"diff_coef": 200,
"sim_time": 0.208333,
"absorbers": [
[-5.06764,9.51749,2.17632,6]
],
"reflectors": [
],
"reflector_prisms": [
[2.34081,-1.74267,-16.2052,7.34081,3.25733,-13.2052],
[-11.8387,16.7494,-7.55517,-6.83868,19.7494,-1.55517]
],
"absorber_prisms": [
[13.9422,-0.361587,7.35486,15.9422,4.63841,10.3549],
[5.44734,-1.24877,-7.03412,10.4473,3.75123,-1.03412]
]
}