{
"time_step": 1e-05,
"number_of_molecules": 500000,
"diff_coef": 300,
"sim_time": 0.938889,
"absorbers": [
[0.459191,-0.761543,-15.9753,3]
],
"reflectors": [
[8.84453,11.0937,7.39623,5],
[-2.17492,-5.9495,24.1842,6],
[-5.6139,-9.48104,17.8772,2]
],
"reflector_prisms": [
],
"absorber_prisms": [
[-14.4332,-2.76439,0.636756,-8.43322,3.23561,6.63676],
[-9.86447,-15.5932,2.89004,-7.86447,-12.5932,7.89004]
]
}