{"time_step": 1e-05, "number_of_molecules": 500000, "diff_coef": 350, "sim_time": 0.57619, "absorbers": [[-11.2921, -3.51049, 12.2133, 6]], "reflectors": [], "reflector_prisms": [[8.65083, -12.3905, -5.25287, 13.6508, -7.39051, -3.25287], [-4.42071, 3.27091, -18.8961, -1.42071, 7.27091, -12.8961], [7.36888, -8.84541, 0.506308, 11.3689, -5.84541, 2.50631]], "absorber_prisms": [[-21.1332, -0.997892, 4.651, -15.1332, 2.00211, 6.651], [-4.36863, -8.8555, -6.16203, 1.63137, -3.8555, -3.16203]], "line_of_sight": [[0, 0, 0, 0, 0, 500]]}