{"time_step": 1e-05, "number_of_molecules": 500000, "diff_coef": 250, "sim_time": 1.30667, "absorbers": [[-9.88598, 2.57664, 9.57227, 4], [-3.77249, 2.0301, -15.4158, 2]], "reflectors": [], "reflector_prisms": [], "absorber_prisms": [[-10.1413, -7.87699, 4.23432, -4.14133, -4.87699, 10.2343], [2.96745, -8.00785, -6.62001, 6.96745, -6.00785, -3.62001], [-5.61152, -7.52997, -12.1101, -3.61152, -1.52997, -8.11006]], "line_of_sight": [[0, 0, 0, 0, 0, 499], [0, 0, 0, 0, 0, 499]]}