{"time_step": 1e-05, "number_of_molecules": 500000, "diff_coef": 350, "sim_time": 0.47619, "absorbers": [[-2.32166, -13.2305, 3.94497, 4]], "reflectors": [], "reflector_prisms": [[10.9675, -0.912037, 2.73335, 16.9675, 4.08796, 7.73335], [-2.34094, -2.19331, 18.9851, 1.65906, 0.806695, 20.9851], [11.5645, 3.35804, -15.1429, 17.5645, 9.35804, -9.14289], [5.53247, -5.25981, -5.61399, 11.5325, -2.25981, -1.61399]], "absorber_prisms": [[5.84158, -18.8844, -11.7148, 11.8416, -13.8844, -7.71478]], "line_of_sight": [[0, 0, 0, 0, 0, 501]]}