{
"time_step": 1e-05,
"number_of_molecules": 500000,
"diff_coef": 50,
"sim_time": 10.8,
"absorbers": [
[-4.34447,-14.9863,14.0548,3]
],
"reflectors": [
[-3.49724,1.27712,-9.28107,3],
[-0.404753,0.371972,20.9928,3],
[0.101978,-1.53086,13.9157,2],
[-8.43024,-10.6173,3.49349,6]
],
"reflector_prisms": [
],
"absorber_prisms": [
[5.21999,-12.8205,-4.03643,9.21999,-10.8205,-0.036433]
]
}