{"time_step": 1e-05, "number_of_molecules": 500000, "diff_coef": 300, "sim_time": 1.8, "absorbers": [[-8.17641, 0.269178, -18.2503, 3], [4.16664, 9.07195, -6.65875, 2], [8.90936, -15.6297, -0.57825, 4], [-7.16941, 2.71921, -10.4979, 3], [-9.87584, 11.1275, -1.90979, 2], [2.12036, -1.39871, -20.8458, 3], [1.95028, -12.6883, -15.3364, 4]], "reflectors": [[17.0751, -0.331369, 5.68616, 3], [-6.87396, 7.48594, -4.20826, 2], [8.82648, -3.49319, 11.6143, 3], [-7.70577, -8.83304, -2.56876, 3]], "reflector_prisms": [], "absorber_prisms": [], "line_of_sight": [[165, 165, 53, 0, 0, 500], [0, 0, 0, 0, 0, 502], [74, 74, 0, 0, 0, 499], [320, 88, 237, 0, 0, 501], [232, 154, 78, 0, 0, 498], [0, 0, 0, 0, 0, 499], [0, 0, 0, 0, 0, 497]]}