{"time_step": 1e-05, "number_of_molecules": 500000, "diff_coef": 250, "sim_time": 1.92667, "absorbers": [[-21.5632, -1.90971, -3.9221, 5], [2.67033, -19.5503, -7.18721, 6]], "reflectors": [], "reflector_prisms": [[-3.04011, 16.3041, -13.4194, 2.95989, 21.3041, -9.41939]], "absorber_prisms": [[-9.56599, -0.238902, -14.6757, -6.56599, 2.7611, -11.6757]], "line_of_sight": [[0, 0, 0, 0, 0, 500], [0, 0, 0, 0, 0, 502]]}