{
"time_step": 1e-05,
"number_of_molecules": 500000,
"diff_coef": 400,
"sim_time": 0.816667,
"absorbers": [
[11.0095,-6.54134,12.6492,7],
[-0.197802,-0.166399,14.9978,4],
[-4.35475,5.71682,-15.4063,7],
[6.82574,1.73727,-17.6463,5],
[-10.7851,-3.0938,-4.25565,5]
],
"reflectors": [
[2.24926,-16.5359,-6.74567,7],
[-4.36289,-17.9858,7.58129,7]
],
"reflector_prisms": [
],
"absorber_prisms": [
]
}