{
"time_step": 1e-05,
"number_of_molecules": 500000,
"diff_coef": 200,
"sim_time": 0.533333,
"absorbers": [
[-0.819725,12.949,0.806841,5]
],
"reflectors": [
],
"reflector_prisms": [
[-14.4095,-5.36462,0.0818865,-8.40951,-1.36462,3.08189]
],
"absorber_prisms": [
[8.83755,1.19289,-11.5871,12.8375,3.19289,-5.58713],
[-4.20775,-0.694918,-16.7631,-0.20775,3.30508,-10.7631]
]
}