{
"time_step": 1e-05,
"number_of_molecules": 500000,
"diff_coef": 250,
"sim_time": 2.40667,
"absorbers": [
[18.5001,-3.80427,-6.57822,7],
[-17.6107,-10.8598,-7.47836,4],
[-22.0907,-6.22031,1.51916,4],
[-7.99927,-16.1125,-0.630475,5]
],
"reflectors": [
[5.25846,-0.0758575,21.3622,5],
[-11.3914,-4.56613,-15.7919,6]
],
"reflector_prisms": [
],
"absorber_prisms": [
]
}