{"time_step": 1e-05, "number_of_molecules": 500000, "diff_coef": 350, "sim_time": 1.37619, "absorbers": [[-0.996706, -0.483077, 10.9441, 5], [8.96064, 5.1469, 3.77044, 6], [-1.88274, -2.69197, -22.7642, 6], [9.78807, -9.36298, 6.44423, 6], [-13.7767, 11.0152, -3.58701, 5]], "reflectors": [[-8.41787, 1.38172, -6.94481, 5], [-12.4118, -12.5122, 3.65963, 4]], "reflector_prisms": [], "absorber_prisms": [], "line_of_sight": [[91, 91, 0, 0, 0, 498], [185, 0, 185, 0, 0, 502], [437, 437, 0, 0, 0, 498], [289, 135, 160, 0, 0, 498], [321, 321, 80, 0, 0, 500]]}