{
"time_step": 1e-05,
"number_of_molecules": 500000,
"diff_coef": 50,
"sim_time": 12.0333,
"absorbers": [
[15.7328,-11.9847,-7.06021,5],
[3.08135,-1.36966,24.7715,6],
[-2.13325,-4.86348,-9.63306,5]
],
"reflectors": [
[-4.41297,15.6284,-5.0278,6]
],
"reflector_prisms": [
],
"absorber_prisms": [
]
}