{"time_step": 1e-05, "number_of_molecules": 500000, "diff_coef": 250, "sim_time": 2.16, "absorbers": [[10.0903, -3.15008, 3.04357, 6], [-2.63636, 2.21781, -12.5352, 4], [-9.22289, -3.45166, 20.7852, 5], [0.316469, -0.490092, -20.9919, 3], [-4.7146, -18.3948, 0.636624, 4], [-8.19504, -7.96977, -3.65022, 3], [-3.54059, 14.1821, -13.6503, 6]], "reflectors": [[-0.268947, -7.9064, 18.3689, 3], [-7.88507, 10.4245, -5.01561, 2]], "reflector_prisms": [], "absorber_prisms": [], "line_of_sight": [[34, 0, 34, 0, 0, 501], [139, 69, 70, 0, 0, 499], [0, 0, 0, 0, 0, 500], [249, 249, 0, 0, 0, 501], [0, 0, 0, 0, 0, 499], [0, 0, 0, 0, 0, 498], [15, 0, 15, 0, 0, 499]]}