{
"time_step": 1e-05,
"number_of_molecules": 500000,
"diff_coef": 150,
"sim_time": 1.87778,
"absorbers": [
[-5.46917,13.2765,7.05853,3],
[3.60209,11.3514,7.36007,4]
],
"reflectors": [
[-11.1405,-11.3092,-10.4399,4]
],
"reflector_prisms": [
],
"absorber_prisms": [
[-12.8156,2.73511,-4.70479,-9.81562,5.73511,-1.70479],
[-11.8218,-3.17725,-9.0224,-6.82176,-0.177249,-4.0224]
]
}