{
"time_step": 1e-05,
"number_of_molecules": 500000,
"diff_coef": 100,
"sim_time": 1.06667,
"absorbers": [
[4.64472,11.087,7.17676,6]
],
"reflectors": [
[7.08028,-4.57654,7.06576,6],
[-3.90581,-5.56256,-15.5821,6]
],
"reflector_prisms": [
[16.9847,-7.99784,-3.88789,19.9847,-2.99784,-1.88789],
[-13.3506,10.7722,6.47884,-10.3506,15.7722,9.47884]
],
"absorber_prisms": [
]
}