{
"time_step": 1e-05,
"number_of_molecules": 500000,
"diff_coef": 400,
"sim_time": 0.15,
"absorbers": [
[-5.65883,1.71869,-6.78408,3]
],
"reflectors": [
],
"reflector_prisms": [
[6.61863,3.13802,-5.87026,12.6186,5.13802,-0.870264],
[-2.05059,-3.55789,9.44242,2.94941,1.44211,13.4424]
],
"absorber_prisms": [
[9.46222,-12.2868,-10.1494,13.4622,-9.28677,-5.14937],
[-0.97892,-12.0448,-6.73321,2.02108,-6.0448,-1.73321],
[7.05788,-6.24715,-4.9079,13.0579,-1.24715,0.0920978]
]
}