{
"time_step": 1e-05,
"number_of_molecules": 500000,
"diff_coef": 50,
"sim_time": 12.0333,
"absorbers": [
[1.27643,8.72479,-22.3215,5],
[-3.36554,4.03297,10.7893,4],
[0.00959694,-10.5485,9.20483,3],
[3.38979,-10.7096,-9.94048,3],
[-3.36308,8.85871,3.19578,4],
[-2.46465,0.259312,-13.7789,5],
[-15.143,0.0180567,9.73077,2]
],
"reflectors": [
[6.08995,5.8318,20.32,6],
[-6.67413,5.40435,-9.75956,2],
[14.2984,13.8641,1.82843,5],
[-6.92375,-2.50705,14.2048,2]
],
"reflector_prisms": [
],
"absorber_prisms": [
]
}