{
"time_step": 1e-05,
"number_of_molecules": 500000,
"diff_coef": 400,
"sim_time": 1.50417,
"absorbers": [
[-0.324358,13.9589,-12.8858,4],
[18.9195,-16.3309,0.595202,6],
[-8.11695,1.22017,5.71194,5]
],
"reflectors": [
[6.43694,-6.97164,-10.2938,4],
[8.69687,-7.46911,13.8772,4],
[3.69946,-0.90645,23.6958,6],
[-9.33069,6.16792,-6.62532,6]
],
"reflector_prisms": [
],
"absorber_prisms": [
]
}