{"time_step": 1e-05, "number_of_molecules": 500000, "diff_coef": 150, "sim_time": 3.21111, "absorbers": [[3.37572, 1.41982, 12.4735, 5], [8.69304, 4.78861, 4.74345, 3], [3.18972, -7.49984, -17.1633, 2], [-18.5175, 6.08171, -12.2113, 6]], "reflectors": [[-10.8377, 5.98754, -6.53398, 2], [0.0687108, 18.9089, -1.8567, 5], [-9.14387, -2.53732, 8.88548, 6], [11.9206, -10.8991, 17.7513, 5], [6.20258, -1.42512, -13.583, 2]], "reflector_prisms": [], "absorber_prisms": [], "line_of_sight": [[0, 0, 0, 0, 0, 501], [0, 0, 0, 0, 0, 499], [0, 0, 0, 0, 0, 501], [149, 0, 149, 0, 0, 500]]}