{
"time_step": 1e-05,
"number_of_molecules": 500000,
"diff_coef": 100,
"sim_time": 3.26667,
"absorbers": [
[-6.24956,13.8037,-13.0537,6],
[4.90017,1.00388,13.076,5]
],
"reflectors": [
[2.33895,2.36977,-19.7209,2]
],
"reflector_prisms": [
[-12.203,-1.15105,-15.5186,-6.20301,3.84895,-10.5186],
[13.7234,-6.59273,2.13725,18.7234,-3.59273,6.13725]
],
"absorber_prisms": [
]
}