{
"time_step": 1e-05,
"number_of_molecules": 500000,
"diff_coef": 150,
"sim_time": 4.01111,
"absorbers": [
[6.12884,4.14785,10.688,5],
[-6.80923,7.33606,6.61941,6],
[-13.1238,5.81074,19.2354,6],
[-5.55278,-6.51923,-6.90408,4],
[-17.7581,12.1322,-14.6102,7],
[9.5375,-16.7022,-10.6804,5]
],
"reflectors": [
[-5.51516,-1.77789,-23.29,7],
[11.0918,-14.157,-0.74334,4],
[18.7249,-11.5482,-0.136278,4],
[-1.98756,-6.78912,17.634,6],
[15.403,2.17741,-3.74254,7],
[-13.6091,-6.80943,-15.8878,5]
],
"reflector_prisms": [
],
"absorber_prisms": [
]
}