{
"time_step": 1e-05,
"number_of_molecules": 500000,
"diff_coef": 250,
"sim_time": 0.666667,
"absorbers": [
[0.0936832,1.58727,-10.8845,4],
[6.32263,-12.3614,1.79439,4]
],
"reflectors": [
],
"reflector_prisms": [
[-15.8214,9.18728,-5.31751,-10.8214,12.1873,-2.31751]
],
"absorber_prisms": [
[-1.2515,-6.51449,-14.0135,1.7485,-0.514492,-11.0135],
[5.75088,8.50939,-14.5825,9.75088,11.5094,-9.58247],
[-5.68079,-1.25245,-20.058,-1.68079,4.74755,-17.058]
]
}