{"time_step": 1e-05, "number_of_molecules": 500000, "diff_coef": 400, "sim_time": 1.35, "absorbers": [[-13.5555, 18.0269, 4.50348, 5], [10.1909, 3.61101, 11.7943, 3], [-3.32344, -5.46849, 13.5665, 3]], "reflectors": [], "reflector_prisms": [], "absorber_prisms": [[-6.35809, -0.238036, 13.2732, -3.35809, 1.76196, 19.2732], [-5.38199, -11.6479, 13.4664, -2.38199, -5.64791, 19.4664]], "line_of_sight": [[0, 0, 0, 0, 0, 500], [0, 0, 0, 0, 0, 498], [0, 0, 0, 0, 0, 500]]}