{
"time_step": 1e-05,
"number_of_molecules": 500000,
"diff_coef": 250,
"sim_time": 0.666667,
"absorbers": [
[-0.912612,-1.62662,-11.8542,2],
[-1.78524,7.70377,-7.64623,4]
],
"reflectors": [
],
"reflector_prisms": [
[-7.63631,-2.51097,-6.79427,-4.63631,0.48903,-4.79427],
[7.5436,-7.3543,1.52373,10.5436,-4.3543,6.52373],
[5.33557,-14.9238,-0.888688,9.33557,-8.9238,1.11131]
],
"absorber_prisms": [
]
}