{
"time_step": 1e-05,
"number_of_molecules": 500000,
"diff_coef": 250,
"sim_time": 1.12667,
"absorbers": [
[-6.72709,-1.10797,11.0688,2],
[5.86933,-11.8844,13.613,6]
],
"reflectors": [
[0.932442,12.4172,18.1368,5],
[-0.456313,-15.8945,-10.3998,3]
],
"reflector_prisms": [
],
"absorber_prisms": [
[-10.622,-7.67399,-13.6087,-6.62196,-4.67399,-7.60866]
]
}