{"time_step": 1e-05, "number_of_molecules": 500000, "diff_coef": 350, "sim_time": 1.07143, "absorbers": [[-3.35529, 6.81635, -12.9337, 2], [1.1486, 1.98565, -19.868, 5]], "reflectors": [[4.23293, 4.78492, 14.6692, 2]], "reflector_prisms": [], "absorber_prisms": [[-4.51056, -4.45794, -8.88122, -0.510558, 0.542063, -6.88122], [-6.72414, -20.1088, -1.75479, -0.724137, -15.1088, 2.24521]], "line_of_sight": [[0, 0, 0, 0, 0, 500], [68, 0, 0, 68, 0, 500]]}