{"time_step": 1e-05, "number_of_molecules": 500000, "diff_coef": 100, "sim_time": 0.6, "absorbers": [[7.0269, -5.77595, -7.82694, 6]], "reflectors": [[-8.52544, -3.22669, 4.11161, 4], [-0.945376, 0.32306, -21.9773, 6]], "reflector_prisms": [[-13.2892, 3.1083, 0.251033, -9.28917, 6.1083, 5.25103]], "absorber_prisms": [], "line_of_sight": [[14, 0, 14, 0, 0, 500]]}