{
"time_step": 1e-05,
"number_of_molecules": 500000,
"diff_coef": 50,
"sim_time": 2.7,
"absorbers": [
[8.97311,-3.70303,2.40228,3],
[6.21155,-3.10336,8.53146,2]
],
"reflectors": [
],
"reflector_prisms": [
],
"absorber_prisms": [
[-1.87489,-8.20525,18.3721,1.12511,-2.20525,24.3721],
[-7.2633,-11.6865,-5.49919,-1.2633,-7.68654,-0.499188],
[-3.5489,6.84389,-11.6715,-1.5489,11.8439,-5.6715],
[-10.6826,0.453589,-20.7301,-5.68256,4.45359,-18.7301]
]
}