{"time_step": 1e-05, "number_of_molecules": 500000, "diff_coef": 250, "sim_time": 2.40667, "absorbers": [[-1.37478, 7.94151, -10.2001, 7], [16.2024, 13.6313, 5.97254, 6], [1.67272, 2.12906, 18.8061, 4], [-12.3701, -4.50407, -20.0673, 5], [8.68061, 22.1728, 3.00245, 5], [-5.44337, -10.6469, 1.00713, 5]], "reflectors": [], "reflector_prisms": [], "absorber_prisms": [], "line_of_sight": [[15, 15, 0, 0, 0, 496], [135, 135, 0, 0, 0, 500], [18, 18, 0, 0, 0, 502], [0, 0, 0, 0, 0, 501], [468, 468, 0, 0, 0, 500], [166, 166, 0, 0, 0, 501]]}