{
"time_step": 1e-05,
"number_of_molecules": 500000,
"diff_coef": 200,
"sim_time": 0.533333,
"absorbers": [
[3.34384,4.1093,9.64014,3]
],
"reflectors": [
[-19.9893,9.17175,-0.554568,4]
],
"reflector_prisms": [
[6.56217,-8.37347,-16.7777,9.56217,-4.37347,-12.7777]
],
"absorber_prisms": [
]
}