{"time_step": 1e-05, "number_of_molecules": 500000, "diff_coef": 150, "sim_time": 3.6, "absorbers": [[-6.09628, 14.4345, 3.2372, 5], [-3.63821, 2.84434, -11.0758, 5], [-15.5838, 1.70941, 3.19734, 6], [-2.72656, -8.54539, 0.736282, 2], [8.79683, -3.50466, -3.21451, 3], [1.52909, -1.50611, -21.8951, 4], [-12.7337, -13.6405, 9.63272, 6], [14.3705, 3.52226, -2.46611, 3]], "reflectors": [[6.80878, 14.7388, 16.2914, 6], [-11.2519, -12.1362, -14.495, 6], [-0.210991, 0.268991, 10.9947, 2], [-3.23132, -17.6151, -1.80786, 2]], "reflector_prisms": [], "absorber_prisms": [], "line_of_sight": [[0, 0, 0, 0, 0, 499], [66, 52, 66, 0, 0, 500], [249, 249, 0, 0, 0, 498], [71, 0, 71, 0, 0, 497], [253, 253, 0, 0, 0, 500], [301, 150, 301, 0, 0, 497], [0, 0, 0, 0, 0, 504], [257, 257, 0, 0, 0, 502]]}