{
"time_step": 1e-05,
"number_of_molecules": 500000,
"diff_coef": 50,
"sim_time": 12.0333,
"absorbers": [
[-4.0993,-11.2343,12.0825,2],
[-8.9108,-4.76702,14.8954,4],
[0.859368,9.0268,11.949,5],
[-9.57954,3.53191,-9.57904,3],
[-2.98669,-8.15192,-13.4397,4],
[0.171621,-6.92301,1.02101,2],
[23.6064,2.5933,-7.8112,6],
[8.73024,-5.45995,3.86936,2]
],
"reflectors": [
[4.99941,-6.65579,-3.42146,3],
[0.986814,-0.309668,7.93286,2],
[7.49713,1.45935,-9.25545,6],
[15.8189,-8.4557,-10.9208,4]
],
"reflector_prisms": [
],
"absorber_prisms": [
]
}