{"time_step": 1e-05, "number_of_molecules": 500000, "diff_coef": 200, "sim_time": 2.7, "absorbers": [[-3.21214, 9.21008, -6.98975, 4], [-12.1538, -13.7178, 8.00675, 5], [1.6451, -2.61533, -9.51071, 4], [6.56854, 13.9697, -14.2373, 6], [-2.9392, -14.5244, 11.8913, 4], [-8.9433, -14.7214, -13.6856, 5], [-4.10547, 3.76342, 21.2834, 4], [0.000950233, -4.69749, -18.4101, 2]], "reflectors": [[3.38402, -9.16861, 5.04826, 3], [2.44709, 3.4951, 20.562, 2], [14.3374, 11.6584, -4.41824, 3], [9.51117, -5.7601, -14.1548, 5], [-12.2016, 5.29232, -18.7647, 6], [5.2857, 1.94701, 4.15579, 2], [2.62558, -8.60847, 0.0241743, 2]], "reflector_prisms": [], "absorber_prisms": [], "line_of_sight": [[264, 90, 196, 0, 0, 498], [214, 109, 105, 0, 0, 500], [151, 30, 126, 0, 0, 498], [248, 273, 0, 0, 0, 499], [414, 418, 0, 0, 0, 495], [0, 0, 0, 0, 0, 500], [501, 576, 64, 0, 0, 501], [501, 675, 101, 0, 0, 501]]}