{"time_step": 1e-05, "number_of_molecules": 500000, "diff_coef": 150, "sim_time": 2.17778, "absorbers": [[2.18018, -2.91283, 5.98015, 2], [7.57606, -17.1817, -2.89672, 5]], "reflectors": [], "reflector_prisms": [[-5.71153, -2.2969, 6.59232, 0.288473, 0.703097, 12.5923]], "absorber_prisms": [[-3.0302, -3.38628, -7.68855, -0.0301951, 0.61372, -5.68855]], "line_of_sight": [[0, 0, 0, 0, 0, 500], [0, 0, 0, 0, 0, 499]]}