{"time_step": 1e-05, "number_of_molecules": 500000, "diff_coef": 150, "sim_time": 1.34444, "absorbers": [[-2.85582, 3.02826, -14.4109, 4], [-13.0338, 2.87823, 8.82249, 5], [-1.11834, 12.4905, 9.93659, 7]], "reflectors": [[11.8477, -15.0509, -12.732, 7], [-9.3367, 4.62707, -23.8205, 7], [4.62102, -7.55059, 4.65132, 5]], "reflector_prisms": [], "absorber_prisms": [], "line_of_sight": [[240, 0, 240, 0, 0, 502], [46, 0, 46, 0, 0, 501], [108, 0, 108, 0, 0, 499]]}