{"time_step": 1e-05, "number_of_molecules": 500000, "diff_coef": 50, "sim_time": 12.0333, "absorbers": [[-0.0368333, 10.413, 7.78257, 6], [-0.094263, -11.5618, 13.7955, 4], [0.522139, 5.03249, -17.2743, 5], [4.98634, -18.9269, 4.11225, 4], [14.6895, 15.5355, 10.9026, 5]], "reflectors": [[-9.38745, 20.4608, 8.32044, 5], [-13.3401, 2.66826, -3.30488, 5]], "reflector_prisms": [], "absorber_prisms": [], "line_of_sight": [[85, 16, 69, 0, 0, 500], [87, 87, 0, 0, 0, 504], [66, 66, 0, 0, 0, 504], [0, 0, 0, 0, 0, 506], [38, 38, 0, 0, 0, 501]]}