{
"time_step": 1e-05,
"number_of_molecules": 500000,
"diff_coef": 200,
"sim_time": 2.40833,
"absorbers": [
[-13.7326,11.2278,-6.80813,2]
],
"reflectors": [
[-0.0396138,-5.55836,11.7517,4],
[0.582378,3.40805,-8.30939,2],
[-2.061,11.3817,-3.19509,3],
[-14.9521,0.873768,0.819896,6]
],
"reflector_prisms": [
[16.6975,-8.78622,0.666653,20.6975,-6.78622,5.66665]
],
"absorber_prisms": [
]
}