{
"time_step": 1e-05,
"number_of_molecules": 500000,
"diff_coef": 100,
"sim_time": 1.06667,
"absorbers": [
[-0.934433,-3.14172,10.5003,3]
],
"reflectors": [
],
"reflector_prisms": [
[5.37168,-12.1447,5.93025,9.37168,-7.14466,9.93025],
[3.00046,12.1932,10.4515,7.00046,15.1932,15.4515],
[8.93778,-6.58984,-2.26343,14.9378,-3.58984,0.736567]
],
"absorber_prisms": [
]
}