{"time_step": 1e-05, "number_of_molecules": 500000, "diff_coef": 100, "sim_time": 4.81667, "absorbers": [[9.23912, -3.55627, -1.41128, 5], [6.21637, -17.7699, -9.30527, 4], [0.336321, -2.1731, 10.778, 5], [-10.9872, -7.33686, 7.10294, 2], [-0.486482, -4.39838, -22.5703, 6], [-7.92441, -7.42698, -1.74462, 6], [-6.02853, 2.27416, 2.73587, 2], [-0.646669, 7.6561, 10.4865, 4]], "reflectors": [[-12.3676, 15.8999, -5.93597, 4], [-1.48452, -16.4159, -13.0121, 3], [-16.5761, -2.48554, -2.83828, 3], [-2.80574, -0.1425, -8.55029, 4]], "reflector_prisms": [], "absorber_prisms": [], "line_of_sight": [[135, 85, 50, 0, 0, 499], [0, 0, 0, 0, 0, 501], [234, 102, 207, 0, 0, 500], [77, 77, 0, 0, 0, 502], [451, 383, 306, 0, 0, 499], [58, 13, 45, 0, 0, 499], [448, 448, 0, 0, 0, 501], [171, 85, 129, 0, 0, 501]]}