{"time_step": 1e-05, "number_of_molecules": 500000, "diff_coef": 250, "sim_time": 1.70667, "absorbers": [[1.88184, 7.43043, -4.71671, 4], [-7.02783, 16.4813, -10.9533, 5], [-5.96402, -0.383511, -21.1727, 7], [14.2225, -8.34284, 7.21923, 6], [-15.7057, -10.1485, 3.36761, 4], [0.0541118, -9.60589, -8.75922, 6]], "reflectors": [[0.446808, -15.8253, 2.31526, 6], [-5.70656, 4.74759, 17.4899, 7], [15.1574, -1.92431, -11.2938, 6], [-14.585, -8.8953, 15.3997, 5], [-19.385, 9.96698, -2.97984, 4]], "reflector_prisms": [], "absorber_prisms": [], "line_of_sight": [[212, 60, 165, 0, 0, 500], [189, 144, 89, 0, 0, 501], [60, 0, 60, 0, 0, 501], [96, 2, 94, 0, 0, 500], [0, 0, 0, 0, 0, 499], [99, 0, 99, 0, 0, 499]]}