{"time_step": 1e-05, "number_of_molecules": 500000, "diff_coef": 150, "sim_time": 3.21111, "absorbers": [[-4.33131, 12.1075, 5.53597, 6], [2.15891, 1.9613, 8.51425, 4], [-6.09748, -20.0913, 0.398883, 5], [-8.73861, 6.3441, -16.8342, 7], [-6.92071, -6.39077, 22.074, 7]], "reflectors": [[3.41637, -18.7514, 6.05901, 6], [-14.9964, -1.48565, 5.37603, 5], [-1.19293, -12.7265, -9.62362, 4], [5.33694, 14.7191, -12.4445, 4], [-8.37182, -2.70249, -4.75491, 5]], "reflector_prisms": [], "absorber_prisms": [], "line_of_sight": [[102, 0, 102, 0, 0, 499], [219, 115, 109, 0, 0, 503], [0, 0, 0, 0, 0, 503], [181, 138, 51, 0, 0, 499], [27, 27, 0, 0, 0, 502]]}