{
"time_step": 1e-05,
"number_of_molecules": 500000,
"diff_coef": 300,
"sim_time": 1.8,
"absorbers": [
[1.0004,1.76348,13.8524,5],
[8.56692,-4.58338,20.8471,6],
[7.90043,0.0629306,-11.5577,6],
[0.139972,-3.13508,-22.7849,6],
[-0.740247,22.4533,4.9296,7],
[-8.47273,-7.84944,18.7243,4]
],
"reflectors": [
[4.27926,-10.1087,-8.68914,4]
],
"reflector_prisms": [
],
"absorber_prisms": [
]
}