{
"time_step": 1e-05,
"number_of_molecules": 500000,
"diff_coef": 400,
"sim_time": 1.50417,
"absorbers": [
[10.0425,-19.7544,-6.15723,4]
],
"reflectors": [
],
"reflector_prisms": [
[-1.55986,-5.91175,-10.5158,1.44014,0.0882484,-6.51576],
[9.66799,-1.65457,6.33461,12.668,4.34543,10.3346]
],
"absorber_prisms": [
[5.97854,6.70135,-9.77902,8.97854,12.7014,-3.77902],
[2.81425,-2.07202,-18.3968,5.81425,0.927975,-12.3968],
[0.1763,-3.90912,14.6295,4.1763,-1.90912,20.6295]
]
}