{"time_step": 1e-05, "number_of_molecules": 500000, "diff_coef": 300, "sim_time": 0.138889, "absorbers": [[-1.65551, -10.3518, -3.33166, 6]], "reflectors": [], "reflector_prisms": [[-12.2507, 4.54665, -9.78115, -10.2507, 7.54665, -7.78115], [-8.7955, 5.61232, -0.69438, -4.7955, 11.6123, 2.30562], [-12.351, 2.91584, 8.57459, -10.351, 4.91584, 12.5746]], "absorber_prisms": [], "line_of_sight": [[0, 0, 0, 0, 0, 503]]}