{
"time_step": 1e-05,
"number_of_molecules": 500000,
"diff_coef": 350,
"sim_time": 0.933333,
"absorbers": [
[4.6612,-12.8335,15.9554,7],
[-0.491703,-0.332715,14.9882,6],
[7.43854,-11.0468,-14.921,7],
[-1.36812,0.249727,-18.949,5]
],
"reflectors": [
[-9.44909,-16.4778,-0.44184,7],
[18.7944,-7.9805,-4.90717,4],
[11.7267,19.6523,-2.29635,5],
[-15.5966,7.65994,-11.7929,6]
],
"reflector_prisms": [
],
"absorber_prisms": [
]
}