{
"time_step": 1e-05,
"number_of_molecules": 500000,
"diff_coef": 150,
"sim_time": 4.01111,
"absorbers": [
[4.84571,-10.8795,1.4684,3],
[-0.279981,0.05085,-19.998,2],
[-6.97777,-14.4686,-10.1474,4],
[12.1983,-4.64192,5.06499,3],
[-3.97674,6.54825,21.6865,4],
[5.45803,-5.51063,-7.80018,5],
[19.1464,12.4992,-2.48684,4],
[-9.08947,0.130338,-10.6473,5]
],
"reflectors": [
[5.95702,-5.23433,22.6521,5],
[6.22155,12.6365,-5.15853,3],
[-0.25133,0.0900538,-12.9973,4],
[-12.8752,-14.4569,-5.02264,3],
[-2.80723,4.21402,7.44053,4]
],
"reflector_prisms": [
],
"absorber_prisms": [
]
}