{
"time_step": 1e-05,
"number_of_molecules": 500000,
"diff_coef": 300,
"sim_time": 1.42222,
"absorbers": [
[0.209958,-14.2917,7.19049,2],
[3.59107,3.31246,21.4507,6]
],
"reflectors": [
[-0.153997,12.1231,-10.4406,2]
],
"reflector_prisms": [
],
"absorber_prisms": [
[-3.87339,1.98386,-18.1309,0.126613,3.98386,-15.1309],
[-13.9681,0.151227,-9.1721,-9.96811,2.15123,-5.1721],
[-12.1197,-6.68471,-4.04566,-8.11969,-4.68471,-2.04566]
]
}