{"time_step": 1e-05, "number_of_molecules": 500000, "diff_coef": 150, "sim_time": 4.01111, "absorbers": [[-18.3545, -8.00088, 6.3323, 2]], "reflectors": [], "reflector_prisms": [[-0.106347, 0.140522, 16.6225, 3.89365, 6.14052, 18.6225], [2.99193, -1.56892, -5.44307, 4.99193, 0.431075, -3.44307]], "absorber_prisms": [[-0.33489, -1.74694, 9.95444, 1.66511, 0.25306, 11.9544], [5.22189, -1.94829, 13.2459, 9.22189, 0.0517132, 15.2459]], "line_of_sight": [[0, 0, 0, 0, 0, 499]]}