{
"time_step": 1e-05,
"number_of_molecules": 500000,
"diff_coef": 100,
"sim_time": 4.26667,
"absorbers": [
[6.78997,2.37369,-18.6618,4],
[-2.07057,2.08283,14.7097,4],
[-8.05281,16.4923,4.91494,3],
[-13.8592,-14.2895,-9.36659,6]
],
"reflectors": [
[4.29859,8.15143,19.9769,3],
[-12.5546,-5.70929,-2.4055,2],
[-12.0646,2.28814,4.26727,6],
[-7.55806,-1.90232,-12.8163,5],
[6.81951,11.6311,-16.1,5]
],
"reflector_prisms": [
],
"absorber_prisms": [
]
}