{
"time_step": 1e-05,
"number_of_molecules": 500000,
"diff_coef": 50,
"sim_time": 12.0333,
"absorbers": [
[-5.00875,-2.33421,-12.8633,6],
[0.468755,-1.04806,21.97,3],
[-10.7033,-9.11179,19.4529,6],
[-0.0554346,-5.86039,10.4715,3],
[3.78406,-19.5766,-1.56162,5],
[5.73423,-11.0383,-8.38302,2],
[1.43945,-0.986674,15.9045,3]
],
"reflectors": [
[7.45626,3.94107,11.1746,2],
[-13.1243,8.86953,-18.0301,5],
[-12.2577,-16.8303,-2.73667,3]
],
"reflector_prisms": [
],
"absorber_prisms": [
]
}