{"time_step": 1e-05, "number_of_molecules": 500000, "diff_coef": 50, "sim_time": 10.8, "absorbers": [[6.30252, -5.64519, 3.06758, 4], [10.644, 8.49041, 15.988, 6], [-0.114984, -10.7809, -20.3165, 5], [2.44035, -6.92227, -8.1931, 6], [-3.3401, 10.1757, 2.50982, 2], [-6.46343, 10.497, -8.54611, 4], [2.32155, 2.16008, -8.42286, 2]], "reflectors": [[-7.65371, -1.77729, -13.9378, 6], [9.19563, 20.7523, 10.4777, 6], [8.02861, 12.4223, -8.38017, 6], [0.474217, -0.159679, 16.9926, 4]], "reflector_prisms": [], "absorber_prisms": [], "line_of_sight": [[111, 111, 0, 0, 0, 500], [307, 78, 241, 0, 0, 496], [504, 504, 1, 0, 0, 504], [183, 100, 90, 0, 0, 497], [191, 191, 0, 0, 0, 499], [287, 287, 0, 0, 0, 503], [82, 0, 82, 0, 0, 501]]}