{"time_step": 1e-05, "number_of_molecules": 500000, "diff_coef": 400, "sim_time": 1.50417, "absorbers": [[13.8423, -16.5323, -8.00461, 4]], "reflectors": [], "reflector_prisms": [], "absorber_prisms": [[-9.80703, 1.04239, -2.12887, -7.80703, 6.04239, 2.87113], [1.79069, -9.65629, -13.6741, 4.79069, -4.65629, -10.6741], [-4.27295, -0.134271, 13.7089, -0.272948, 3.86573, 15.7089]], "line_of_sight": [[0, 0, 0, 0, 0, 502]]}