{"time_step": 1e-05, "number_of_molecules": 500000, "diff_coef": 50, "sim_time": 9.63333, "absorbers": [[-5.08192, 3.7498, 15.7833, 7], [10.0262, -9.58914, 7.97013, 5], [-7.25339, -9.24928, -2.41644, 4], [-17.2367, -4.84909, 1.83925, 7], [-2.56591, 7.16977, -12.9233, 5], [17.6443, -2.69017, 12.8624, 5]], "reflectors": [[6.77765, -12.5941, -20.5049, 6], [11.3563, -1.10202, -8.11294, 7]], "reflector_prisms": [], "absorber_prisms": [], "line_of_sight": [[261, 0, 262, 0, 0, 503], [67, 67, 0, 0, 0, 499], [39, 39, 0, 0, 0, 499], [193, 32, 161, 0, 0, 503], [41, 41, 0, 0, 0, 499], [32, 32, 0, 0, 0, 502]]}