{
"time_step": 1e-05,
"number_of_molecules": 500000,
"diff_coef": 200,
"sim_time": 1.2,
"absorbers": [
[5.4135,-10.8092,-13.3362,6]
],
"reflectors": [
[-7.02763,4.64463,-11.1821,4]
],
"reflector_prisms": [
[2.99675,1.13328,-13.022,7.99675,3.13328,-9.02202],
[-1.60809,-0.332897,-13.9728,2.39191,1.6671,-7.97276]
],
"absorber_prisms": [
]
}