{"time_step": 1e-05, "number_of_molecules": 500000, "diff_coef": 300, "sim_time": 0.2, "absorbers": [[8.9072, 0.154612, 1.27977, 3]], "reflectors": [], "reflector_prisms": [[4.86625, 14.8613, -3.03584, 6.86625, 17.8613, -1.03584], [-8.18629, -5.31552, 16.3758, -2.18629, -2.31552, 19.3758]], "absorber_prisms": [[-2.51391, -2.73714, -11.3812, -0.513915, 3.26286, -8.38124]], "line_of_sight": [[0, 0, 0, 0, 0, 500]]}