{"time_step": 1e-05, "number_of_molecules": 500000, "diff_coef": 200, "sim_time": 1.40833, "absorbers": [[-2.2411, 0.666799, -16.8384, 4]], "reflectors": [[-13.2786, -9.4269, 11.6109, 6], [2.52517, 7.75889, -14.9139, 4]], "reflector_prisms": [[-2.25906, -6.94033, 16.1609, -0.259056, -3.94033, 20.1609]], "absorber_prisms": [[8.33924, -14.3378, 0.17041, 10.3392, -12.3378, 5.17041], [7.10295, -14.5501, -3.18248, 11.1029, -11.5501, -0.182484]], "line_of_sight": [[0, 0, 0, 0, 0, 501]]}