{
"time_step": 1e-05,
"number_of_molecules": 500000,
"diff_coef": 350,
"sim_time": 1.71905,
"absorbers": [
[-22.8974,-1.77303,1.25049,4],
[10.0594,-4.38497,6.97,3]
],
"reflectors": [
],
"reflector_prisms": [
[4.88699,-8.06537,-15.2756,10.887,-5.06537,-9.27564],
[-0.0981245,-0.516633,-18.6646,5.90188,3.48337,-12.6646]
],
"absorber_prisms": [
]
}