{
"time_step": 1e-05,
"number_of_molecules": 500000,
"diff_coef": 200,
"sim_time": 0.533333,
"absorbers": [
[-3.92024,11.0009,-7.72089,6]
],
"reflectors": [
],
"reflector_prisms": [
],
"absorber_prisms": [
[-3.95774,-2.67478,-13.9427,2.04226,1.32522,-9.94267],
[2.56225,10.2948,-18.7099,7.56225,12.2948,-12.7099],
[14.3834,-1.77178,6.05821,19.3834,1.22822,9.05821],
[9.8111,-15.2891,7.82023,14.8111,-13.2891,12.8202],
[-4.02473,-9.87855,-1.48538,-2.02473,-5.87855,3.51462]
]
}