{"time_step": 1e-05, "number_of_molecules": 500000, "diff_coef": 250, "sim_time": 1.92667, "absorbers": [[-16.6257, 10.3173, 4.14021, 3]], "reflectors": [], "reflector_prisms": [[-2.86017, 5.26317, 4.11283, 2.13983, 9.26317, 8.11283], [5.94729, -3.37543, -2.14365, 10.9473, 1.62457, 2.85635]], "absorber_prisms": [[1.96612, 2.17588, -11.5886, 3.96612, 6.17588, -5.58861], [-1.95659, -1.46739, -15.4999, 2.04341, 1.53261, -12.4999], [-1.05369, -2.80891, 8.46709, 0.946312, 1.19109, 11.4671]], "line_of_sight": [[0, 0, 0, 0, 0, 501]]}