{"time_step": 1e-05, "number_of_molecules": 500000, "diff_coef": 100, "sim_time": 6.01667, "absorbers": [[1.54036, -0.886343, 11.8677, 4], [-13.8, -1.69986, 9.78116, 6], [20.7006, 5.53596, -8.35686, 4]], "reflectors": [], "reflector_prisms": [[13.0713, -5.26848, -15.713, 15.0713, -0.268479, -10.713], [6.96581, -19.0419, -5.08312, 12.9658, -13.0419, 0.916879]], "absorber_prisms": [], "line_of_sight": [[0, 0, 0, 0, 0, 498], [87, 87, 0, 0, 0, 501], [337, 337, 0, 0, 0, 502]]}