{
"time_step": 1e-05,
"number_of_molecules": 500000,
"diff_coef": 250,
"sim_time": 0.166667,
"absorbers": [
[4.33882,-0.454115,-7.872,4]
],
"reflectors": [
],
"reflector_prisms": [
[-3.98686,-14.4404,-0.366954,-0.986857,-8.44039,5.63305]
],
"absorber_prisms": [
[9.65406,0.438872,-2.48771,15.6541,5.43887,1.51229],
[-0.129629,-2.31746,-11.8177,2.87037,-0.317459,-7.81766]
]
}