{"time_step": 1e-05, "number_of_molecules": 500000, "diff_coef": 150, "sim_time": 3.6, "absorbers": [[0.774036, -9.65457, -2.48802, 3], [-7.06996, -10.651, 5.7072, 5], [-0.249902, -3.29833, -8.3701, 4], [-8.41888, -3.38802, -17.8226, 3], [-11.2653, -8.8722, 16.6847, 4], [3.76949, -9.47488, 12.3295, 6], [1.181, 13.5955, -10.1374, 2]], "reflectors": [[0.0275796, -0.354267, 8.99298, 3], [-8.67907, 13.1257, -2.89656, 3], [7.05472, 4.81588, -14.6982, 6], [-1.26515, 11.2017, 20.048, 5], [-10.0032, 5.63011, 3.49824, 6], [14.7456, 10.5446, -8.44857, 3], [-2.2048, -0.572581, -13.8134, 2]], "reflector_prisms": [], "absorber_prisms": [], "line_of_sight": [[0, 0, 0, 0, 0, 499], [111, 30, 107, 0, 0, 500], [214, 51, 218, 0, 0, 503], [254, 254, 14, 0, 0, 499], [488, 59, 469, 0, 0, 498], [86, 37, 49, 0, 0, 499], [185, 185, 0, 0, 0, 499]]}