{
"time_step": 1e-05,
"number_of_molecules": 500000,
"diff_coef": 400,
"sim_time": 1.50417,
"absorbers": [
[6.84585,13.4651,-5.275,5],
[-2.58161,-1.92345,11.5601,5],
[8.29105,-8.80498,-8.87304,6],
[1.37173,0.134979,-16.944,6],
[-0.419921,-22.0981,6.36372,4],
[-13.9046,-3.02897,18.0689,5]
],
"reflectors": [
[-4.40805,-12.8212,3.49066,5],
[-13.5118,9.58118,3.8252,6],
[5.10744,19.2865,6.55324,4]
],
"reflector_prisms": [
],
"absorber_prisms": [
]
}