{
"time_step": 1e-05,
"number_of_molecules": 500000,
"diff_coef": 400,
"sim_time": 1.20417,
"absorbers": [
[-5.57646,-9.00463,20.4162,6],
[-1.37678,-10.6369,5.38143,6]
],
"reflectors": [
],
"reflector_prisms": [
[14.1835,-1.30609,-5.5379,16.1835,2.69391,-0.537902],
[10.6599,1.54743,8.89466,14.6599,7.54743,11.8947]
],
"absorber_prisms": [
]
}