{"time_step": 1e-05, "number_of_molecules": 500000, "diff_coef": 300, "sim_time": 1.8, "absorbers": [[0.730048, 0.619236, 21.9792, 4], [3.97276, -5.654, -5.76624, 4], [6.35886, 3.7451, -19.6606, 4], [-5.2149, -0.844153, 18.2508, 3], [-7.05764, 5.75866, 7.81201, 2], [5.02534, 1.74991, -5.97359, 2], [-17.3961, -5.40179, -8.25806, 5]], "reflectors": [[1.5283, 1.19322, -11.8423, 3], [7.20673, -1.50951, 19.6668, 2], [-17.8774, 9.12562, 6.17414, 4]], "reflector_prisms": [], "absorber_prisms": [], "line_of_sight": [[252, 28, 252, 0, 0, 498], [51, 16, 35, 0, 0, 500], [362, 249, 254, 0, 0, 500], [411, 292, 345, 0, 0, 501], [501, 501, 0, 0, 0, 501], [55, 55, 0, 0, 0, 502], [0, 0, 0, 0, 0, 501]]}