{
"time_step": 1e-05,
"number_of_molecules": 500000,
"diff_coef": 300,
"sim_time": 2.00556,
"absorbers": [
[-9.18334,11.5933,11.9273,5],
[-8.66256,-3.67532,-12.9403,4],
[10.9909,0.888665,4.73387,5],
[6.59877,-4.2725,-12.7751,6],
[8.53267,-12.7896,-4.42954,5],
[22.8065,0.68425,-2.89741,4],
[-0.748301,-7.92576,0.788956,2]
],
"reflectors": [
[-4.9071,-18.117,-2.94855,4],
[4.42233,1.40521,-18.4247,2],
[-11.2811,4.35254,-17.1695,5],
[-6.16084,14.3712,3.39315,4],
[5.15339,8.70005,6.46156,2],
[1.15599,-10.2703,20.5472,5],
[-3.67373,6.868,-9.12876,6]
],
"reflector_prisms": [
],
"absorber_prisms": [
]
}