{
"time_step": 1e-05,
"number_of_molecules": 500000,
"diff_coef": 200,
"sim_time": 0.208333,
"absorbers": [
[3.93097,0.64744,-9.17215,5]
],
"reflectors": [
],
"reflector_prisms": [
],
"absorber_prisms": [
[12.5948,-4.63063,5.72311,18.5948,-2.63063,10.7231],
[1.80751,-4.90771,15.4197,4.80751,-0.907707,17.4197],
[-20.5413,2.31564,-13.5087,-17.5413,4.31564,-7.50874]
]
}