{
"time_step": 1e-05,
"number_of_molecules": 500000,
"diff_coef": 50,
"sim_time": 0.833333,
"absorbers": [
[-1.53791,-3.16916,8.28198,4]
],
"reflectors": [
[5.75981,-5.36224,-16.1886,3]
],
"reflector_prisms": [
[-4.61558,-11.4602,6.73726,1.38442,-5.46024,12.7373],
[-9.99108,-5.30456,12.4489,-4.99108,0.695442,15.4489]
],
"absorber_prisms": [
[-11.7098,-4.90255,-2.94884,-7.70985,1.09745,0.0511611],
[-8.60738,5.65667,-21.5762,-3.60738,9.65667,-15.5762]
]
}