{"time_step": 1e-05, "number_of_molecules": 500000, "diff_coef": 250, "sim_time": 1.70667, "absorbers": [[-13.1771, 11.822, -11.2962, 5]], "reflectors": [[2.33986, 16.2319, 11.4477, 5], [1.82871, -2.36773, 13.6766, 2], [7.80134, -3.48018, -19.184, 6]], "reflector_prisms": [], "absorber_prisms": [[-6.02313, -0.912124, 5.57075, -1.02313, 4.08788, 9.57075], [0.988761, -0.0120202, 8.39792, 2.98876, 5.98798, 12.3979]], "line_of_sight": [[0, 0, 0, 0, 0, 499]]}