{"time_step": 1e-05, "number_of_molecules": 500000, "diff_coef": 50, "sim_time": 4.8, "absorbers": [[0.302918, 0.155085, -14.9961, 3]], "reflectors": [[-3.65835, -1.59091, 10.2511, 2]], "reflector_prisms": [[-5.97499, -8.9738, -12.7421, -3.97499, -5.9738, -8.74205], [4.40236, 4.18511, -1.43442, 6.40236, 10.1851, 0.565582]], "absorber_prisms": [[-1.26115, 3.43682, 15.2036, 0.738851, 7.43682, 21.2036], [-11.5349, -11.0937, 6.44412, -9.53485, -6.09372, 8.44412]], "line_of_sight": [[40, 0, 40, 0, 0, 503]]}