{"time_step": 1e-05, "number_of_molecules": 500000, "diff_coef": 250, "sim_time": 0.96, "absorbers": [[-12.1029, -3.57483, 6.06144, 2], [-10.6368, 0.411725, -2.77276, 3], [-0.274325, 6.70844, 14.5231, 6]], "reflectors": [[5.44776, 1.50568, 7.00391, 4]], "reflector_prisms": [[10.7853, -7.37185, -10.4845, 13.7853, -5.37185, -7.48453]], "absorber_prisms": [], "line_of_sight": [[0, 0, 0, 0, 0, 501], [55, 0, 55, 0, 0, 501], [94, 0, 94, 0, 0, 505]]}