{"time_step": 1e-05, "number_of_molecules": 500000, "diff_coef": 50, "sim_time": 10.8, "absorbers": [[4.28093, -20.1081, 4.28212, 6], [14.0504, 8.98242, -14.3493, 4], [9.75961, 1.33374, 18.5465, 6]], "reflectors": [[21.7053, 3.57757, 0.281831, 6], [-12.6328, -4.0919, -4.435, 6], [-4.45023, -1.73952, -12.0901, 4]], "reflector_prisms": [], "absorber_prisms": [], "line_of_sight": [[0, 0, 0, 0, 0, 496], [0, 0, 0, 0, 0, 504], [289, 0, 289, 0, 0, 503]]}