{"time_step": 1e-05, "number_of_molecules": 500000, "diff_coef": 200, "sim_time": 3.00833, "absorbers": [[1.00353, 2.50759, 8.58516, 2], [7.75669, 11.165, 16.0055, 2]], "reflectors": [], "reflector_prisms": [[13.9291, 0.291429, 6.73602, 17.9291, 3.29143, 11.736], [-19.4575, -7.66272, -5.09706, -16.4575, -1.66272, -3.09706]], "absorber_prisms": [[0.531593, -12.0202, 15.7306, 6.53159, -7.02018, 18.7306]], "line_of_sight": [[0, 0, 0, 0, 0, 501], [0, 0, 0, 0, 0, 501]]}