{
"time_step": 1e-05,
"number_of_molecules": 500000,
"diff_coef": 50,
"sim_time": 9.63333,
"absorbers": [
[-11.2642,3.01414,-15.0011,2]
],
"reflectors": [
[3.26221,4.08366,-4.65636,2],
[-12.8549,9.38156,-13.7018,3]
],
"reflector_prisms": [
[-4.52933,-13.2228,-15.9383,0.470669,-8.22283,-13.9383],
[-2.6815,-1.44635,-18.9934,2.3185,0.553646,-15.9934]
],
"absorber_prisms": [
[-8.44824,-3.13506,1.75113,-5.44824,1.86494,3.75113]
]
}