{
"time_step": 1e-05,
"number_of_molecules": 500000,
"diff_coef": 100,
"sim_time": 1.35,
"absorbers": [
[-8.98457,-6.05067,8.86943,5],
[-5.15144,-8.51255,-4.69033,3]
],
"reflectors": [
],
"reflector_prisms": [
[-0.512146,-3.1945,-17.4767,1.48785,1.8055,-13.4767],
[-15.1868,0.829489,-12.3182,-9.18681,5.82949,-7.31815],
[-21.7723,-9.98232,-2.64175,-17.7723,-3.98232,0.358245],
[-12.7111,1.13074,-20.3793,-7.71111,7.13074,-15.3793]
],
"absorber_prisms": [
]
}