{"time_step": 1e-05, "number_of_molecules": 500000, "diff_coef": 300, "sim_time": 1.42222, "absorbers": [[-10.3335, -18.281, -0.153733, 5]], "reflectors": [[-9.30655, -7.04345, 2.7889, 3]], "reflector_prisms": [[-20.6328, -5.06445, -4.97, -14.6328, 0.93555, -0.969996]], "absorber_prisms": [[-4.10856, -0.553226, -18.7511, -1.10856, 3.44677, -16.7511], [0.819434, -6.61448, -7.69757, 3.81943, -3.61448, -3.69757], [-0.268266, 6.83091, 10.7342, 2.73173, 8.83091, 14.7342]], "line_of_sight": [[25, 0, 25, 0, 0, 500]]}