{"time_step": 1e-05, "number_of_molecules": 500000, "diff_coef": 250, "sim_time": 2.40667, "absorbers": [[-2.3693, -3.71004, 16.4202, 4], [1.93412, 6.50583, -18.8131, 6], [-3.51444, 11.337, 18.5235, 4], [6.68249, -6.021, -0.303145, 4], [-21.249, 6.19936, -13.6399, 7], [-18.4066, -1.45046, 4.48245, 7]], "reflectors": [[-4.76452, 3.35132, 8.12822, 5], [-2.82749, 22.8193, -0.533704, 7], [-5.54573, -22.0664, 10.3595, 6], [23.4973, 4.38019, -2.16606, 5], [-7.67452, -8.93936, -5.4945, 7], [-9.71694, 15.3999, 5.42434, 4]], "reflector_prisms": [], "absorber_prisms": [], "line_of_sight": [[459, 378, 90, 0, 0, 499], [184, 184, 39, 0, 0, 503], [440, 0, 440, 0, 0, 501], [173, 13, 160, 0, 0, 501], [14, 14, 0, 0, 0, 502], [105, 9, 96, 0, 0, 499]]}