{"time_step": 1e-05, "number_of_molecules": 500000, "diff_coef": 150, "sim_time": 0.711111, "absorbers": [[-4.85644, 8.1837, 8.85676, 5]], "reflectors": [[-16.6824, 1.76566, -2.75296, 3], [-6.8649, -4.19903, -8.90176, 3], [4.86664, 15.9513, -12.7622, 4]], "reflector_prisms": [[2.83537, -3.8926, 9.49895, 8.83537, -0.892601, 15.499]], "absorber_prisms": [[13.8828, -6.37181, 5.89121, 16.8828, -1.37181, 8.89121]], "line_of_sight": [[0, 0, 0, 0, 0, 502]]}