{"time_step": 1e-05, "number_of_molecules": 500000, "diff_coef": 400, "sim_time": 1.06667, "absorbers": [[3.44738, 17.2177, -3.95808, 2]], "reflectors": [[5.88051, 4.48741, 13.0492, 2], [-5.19521, -15.069, 16.5812, 4], [7.07901, -11.5771, -10.2401, 5]], "reflector_prisms": [[-0.0990542, 3.35738, 5.6532, 5.90095, 9.35738, 8.6532]], "absorber_prisms": [], "line_of_sight": [[0, 0, 0, 0, 0, 503]]}