{
"time_step": 1e-05,
"number_of_molecules": 500000,
"diff_coef": 150,
"sim_time": 2.17778,
"absorbers": [
[8.54368,-7.44948,16.4776,6]
],
"reflectors": [
],
"reflector_prisms": [
[-9.93647,-11.4071,13.7692,-3.93647,-5.40713,19.7692],
[-0.913798,-1.55857,-12.7913,5.0862,2.44143,-8.79133],
[-7.28691,3.00082,-7.53637,-1.28691,6.00082,-2.53637],
[-2.7251,13.4384,-1.37916,1.2749,15.4384,3.62084]
],
"absorber_prisms": [
]
}