{"time_step": 1e-05, "number_of_molecules": 500000, "diff_coef": 150, "sim_time": 1.34444, "absorbers": [[-16.2546, 4.06529, 2.87407, 6]], "reflectors": [[0.0299611, 1.61337, 6.81147, 2]], "reflector_prisms": [[-1.98044, -2.7927, 5.79653, 2.01956, -0.792699, 9.79653], [4.49255, -9.93076, 11.3218, 10.4925, -3.93076, 13.3218]], "absorber_prisms": [[5.09333, -13.0591, -16.4396, 11.0933, -7.05908, -11.4396]], "line_of_sight": [[0, 0, 0, 0, 0, 496]]}