{"time_step": 1e-05, "number_of_molecules": 500000, "diff_coef": 50, "sim_time": 12.0333, "absorbers": [[5.80773, -10.6928, 6.92345, 3], [-9.12539, -3.60737, -19.6905, 3]], "reflectors": [], "reflector_prisms": [[2.67215, 8.52761, 3.49757, 8.67215, 13.5276, 9.49757]], "absorber_prisms": [[0.955493, 5.15579, 13.2499, 4.95549, 9.15579, 19.2499], [15.5773, 9.26585, -6.98402, 20.5773, 11.2658, -3.98402]], "line_of_sight": [[0, 0, 0, 0, 0, 497], [0, 0, 0, 0, 0, 500]]}