{
"time_step": 1e-05,
"number_of_molecules": 500000,
"diff_coef": 100,
"sim_time": 2.01667,
"absorbers": [
[-15.3584,2.95524,-3.37437,5]
],
"reflectors": [
[2.6836,14.9982,-12.9558,5],
[0.924937,6.34883,-21.0437,3],
[0.43308,1.62383,-12.8909,3],
[-9.59616,13.5643,9.21541,2]
],
"reflector_prisms": [
[12.2861,-12.0139,-14.531,14.2861,-7.01389,-8.53102]
],
"absorber_prisms": [
]
}