{"time_step": 1e-05, "number_of_molecules": 500000, "diff_coef": 250, "sim_time": 0.54, "absorbers": [[4.52087, -1.08931, 13.2051, 5]], "reflectors": [[-4.62086, -8.8462, -0.626454, 5], [-0.305852, 4.08358, -17.528, 2]], "reflector_prisms": [[-14.3197, -0.845856, 5.78657, -11.3197, 1.15414, 9.78657]], "absorber_prisms": [], "line_of_sight": [[47, 0, 47, 0, 0, 500]]}