{
"time_step": 1e-05,
"number_of_molecules": 500000,
"diff_coef": 350,
"sim_time": 0.233333,
"absorbers": [
[-1.489,11.8235,1.40987,5]
],
"reflectors": [
],
"reflector_prisms": [
[8.74934,-10.9009,-6.37993,12.7493,-8.90089,-0.379934]
],
"absorber_prisms": [
[8.81217,-20.1266,-0.917336,11.8122,-14.1266,2.08266]
]
}