{"time_step": 1e-05, "number_of_molecules": 500000, "diff_coef": 300, "sim_time": 1.08889, "absorbers": [[-5.49082, -11.82, 9.28114, 2]], "reflectors": [], "reflector_prisms": [[-2.36371, -1.14591, -13.993, 1.63629, 0.854095, -7.99302], [9.64152, -3.75969, -15.0772, 13.6415, -1.75969, -9.07721]], "absorber_prisms": [[1.70155, 7.77536, -17.5299, 3.70155, 12.7754, -11.5299], [12.1976, -2.05137, 13.482, 18.1976, 0.948631, 15.482], [6.18381, -15.326, -7.44151, 12.1838, -9.32602, -1.44151]], "line_of_sight": [[0, 0, 0, 0, 0, 501]]}