{"time_step": 1e-05, "number_of_molecules": 500000, "diff_coef": 350, "sim_time": 1.71905, "absorbers": [[0.573002, 2.1963, -10.7633, 3], [5.61216, -9.11154, 20.3589, 4]], "reflectors": [], "reflector_prisms": [[-9.24039, -8.62568, -8.74866, -4.24039, -5.62568, -6.74866], [-10.6815, -6.11746, -16.7798, -6.68152, -0.117458, -11.7798]], "absorber_prisms": [[14.9616, -14.5289, 1.09905, 20.9616, -10.5289, 3.09905]], "line_of_sight": [[55, 55, 0, 0, 0, 496], [102, 102, 0, 0, 0, 494]]}