{"time_step": 1e-05, "number_of_molecules": 500000, "diff_coef": 250, "sim_time": 0.806667, "absorbers": [[9.43163, -1.46431, -5.4681, 5], [-0.396174, 1.26334, -14.9415, 4]], "reflectors": [[-5.70913, -2.88458, 10.1531, 5]], "reflector_prisms": [[15.3221, -2.80997, -5.07423, 18.3221, 0.190025, 0.925767]], "absorber_prisms": [[-12.0877, -5.14893, -1.9483, -6.08765, -3.14893, 1.0517]], "line_of_sight": [[111, 0, 111, 0, 0, 497], [123, 0, 123, 0, 0, 498]]}