{"time_step": 1e-05, "number_of_molecules": 500000, "diff_coef": 350, "sim_time": 1.21905, "absorbers": [[8.91733, -2.03637, 10.5988, 2], [15.0469, 0.185264, -9.87701, 2], [2.43051, -3.93922, 7.71849, 2], [-4.82597, 9.00649, -8.03698, 2], [-19.0238, 6.02721, 6.53972, 5], [5.34798, -17.1846, 0.297194, 6], [-7.00561, -1.17207, -9.672, 6], [-2.0095, -8.76523, 0.364187, 2]], "reflectors": [[2.0717, 1.24285, 17.8371, 2], [-8.54692, 7.11463, 4.50912, 3], [10.3978, 4.01034, -17.799, 3]], "reflector_prisms": [], "absorber_prisms": [], "line_of_sight": [[498, 498, 0, 0, 0, 498], [0, 0, 0, 0, 0, 501], [141, 141, 0, 0, 0, 504], [22, 22, 0, 0, 0, 503], [103, 0, 103, 0, 0, 499], [29, 29, 0, 0, 0, 503], [84, 53, 31, 0, 0, 499], [42, 42, 0, 0, 0, 500]]}