{"time_step": 1e-05, "number_of_molecules": 500000, "diff_coef": 250, "sim_time": 2.16, "absorbers": [[-8.16645, -9.05679, -4.50375, 6], [-2.91739, -19.4794, -3.47035, 2], [7.16003, -4.39823, -8.56678, 3], [-5.34285, -13.335, 4.31655, 3], [-11.9648, 2.50982, 11.8129, 2], [-11.1469, -0.984409, -4.33335, 2], [-0.801741, 1.37238, 21.9425, 6]], "reflectors": [[3.41077, -18.7148, 8.89514, 5], [-6.3388, 4.03168, 2.75048, 2]], "reflector_prisms": [], "absorber_prisms": [], "line_of_sight": [[0, 0, 0, 0, 0, 499], [0, 0, 0, 0, 0, 502], [127, 70, 57, 0, 0, 498], [0, 0, 0, 0, 0, 502], [236, 236, 0, 0, 0, 499], [0, 0, 0, 0, 0, 500], [0, 0, 0, 0, 0, 503]]}