{"time_step": 1e-05, "number_of_molecules": 500000, "diff_coef": 350, "sim_time": 1.54286, "absorbers": [[-3.3444, 2.16607, 13.421, 7], [-9.27123, -5.32686, 5.4469, 4], [-9.83514, -4.31558, -11.8594, 6], [-1.72889, 2.74782, -24.7883, 7], [15.3594, 5.42159, -7.66137, 5]], "reflectors": [[6.11901, -4.97797, -17.2852, 4]], "reflector_prisms": [], "absorber_prisms": [], "line_of_sight": [[111, 98, 13, 0, 0, 499], [197, 197, 0, 0, 0, 497], [0, 0, 0, 0, 0, 497], [303, 303, 0, 0, 0, 501], [317, 317, 0, 0, 0, 500]]}