{
"time_step": 1e-05,
"number_of_molecules": 500000,
"diff_coef": 250,
"sim_time": 2.40667,
"absorbers": [
[-19.7103,-6.92822,-13.7296,6]
],
"reflectors": [
],
"reflector_prisms": [
],
"absorber_prisms": [
[1.02253,8.55315,0.178522,5.02253,14.5532,2.17852]
]
}