{
"time_step": 1e-05,
"number_of_molecules": 500000,
"diff_coef": 250,
"sim_time": 0.96,
"absorbers": [
[3.57321,1.36924,-16.5637,5]
],
"reflectors": [
[-15.627,-4.68667,-7.60476,2],
[0.851317,19.1783,5.60961,5],
[-3.39798,2.14167,15.4876,3],
[7.34402,-4.19415,5.33615,2]
],
"reflector_prisms": [
],
"absorber_prisms": [
[-8.51296,-11.2039,-17.637,-5.51296,-5.20387,-13.637]
]
}