{"time_step": 1e-05, "number_of_molecules": 500000, "diff_coef": 150, "sim_time": 0.544444, "absorbers": [[-7.88787, 0.0026769, 7.6669, 4]], "reflectors": [[-0.351946, -4.2961, 6.73941, 3], [13.517, -4.21583, 9.40834, 3]], "reflector_prisms": [[10.7597, 12.4674, -0.832264, 16.7597, 16.4674, 3.16774]], "absorber_prisms": [], "line_of_sight": [[0, 0, 0, 0, 0, 500]]}