{
"time_step": 1e-05,
"number_of_molecules": 500000,
"diff_coef": 400,
"sim_time": 1.20417,
"absorbers": [
[0.0199834,-0.485346,-20.9944,4],
[-7.01771,5.89261,4.00361,5],
[-6.21637,6.81897,-10.5289,6],
[10.1867,2.29346,-9.32584,6]
],
"reflectors": [
[-18.4561,-7.07263,3.05757,3],
[9.53017,-0.467861,14.0697,2],
[-3.00322,16.1361,-7.38973,2],
[5.10636,16.711,-4.32055,6],
[-4.40089,8.98391,18.4641,3],
[0.897337,0.988344,20.9575,5]
],
"reflector_prisms": [
],
"absorber_prisms": [
]
}