{"time_step": 1e-05, "number_of_molecules": 500000, "diff_coef": 200, "sim_time": 3.00833, "absorbers": [[12.7585, 16.4083, -2.99788, 3], [-1.94809, 9.06973, -23.2152, 6], [11.5005, 5.35496, -2.83945, 2], [3.41436, -1.19391, -21.7006, 4], [-6.96011, -3.92841, 0.352745, 2], [-1.26614, 6.65453, -12.2521, 3], [0.695772, -7.86449, 11.5614, 4]], "reflectors": [[-7.2315, 18.0144, 4.81509, 3], [-1.50296, 19.2344, 5.27057, 2], [-13.6307, 1.50107, 19.6965, 5], [-0.15393, 0.470366, 8.98638, 4], [6.78037, 5.22921, -12.3159, 2], [5.31915, 13.9457, -10.061, 2], [-4.95178, -9.27018, -19.3273, 5]], "reflector_prisms": [], "absorber_prisms": [], "line_of_sight": [[0, 0, 0, 0, 0, 500], [455, 457, 236, 0, 0, 496], [297, 297, 0, 0, 0, 505], [502, 0, 502, 0, 0, 502], [118, 118, 0, 0, 0, 502], [500, 704, 126, 0, 0, 500], [196, 340, 84, 0, 0, 501]]}