{"time_step": 1e-05, "number_of_molecules": 500000, "diff_coef": 300, "sim_time": 0.272222, "absorbers": [[-5.04166, 9.64328, -7.11259, 6]], "reflectors": [[6.8443, 2.25852, 22.8922, 5], [6.80019, 20.7876, -2.37369, 3]], "reflector_prisms": [], "absorber_prisms": [], "line_of_sight": [[0, 0, 0, 0, 0, 493]]}