{"time_step": 1e-05, "number_of_molecules": 500000, "diff_coef": 300, "sim_time": 1.60556, "absorbers": [[0.00793883, -0.408129, 15.9948, 3], [-0.0810893, -0.173225, -10.9983, 6], [2.62277, -0.313837, 7.55133, 3], [-11.5752, 3.90568, -8.70404, 6], [17.1793, 4.26971, -9.30822, 3], [12.1427, -6.79363, 1.54935, 4], [-6.45677, 10.3245, 4.55135, 6], [16.9718, 0.668115, -0.715737, 4]], "reflectors": [[8.06235, -4.68409, 18.8164, 6], [13.7149, -5.47055, -13.4898, 2]], "reflector_prisms": [], "absorber_prisms": [], "line_of_sight": [[499, 773, 43, 0, 0, 499], [149, 160, 93, 0, 0, 501], [453, 526, 166, 0, 0, 501], [196, 210, 91, 0, 0, 501], [0, 0, 0, 0, 0, 500], [208, 208, 0, 0, 0, 502], [46, 46, 0, 0, 0, 501], [0, 0, 0, 0, 0, 500]]}