{"time_step": 1e-05, "number_of_molecules": 500000, "diff_coef": 400, "sim_time": 1.35, "absorbers": [[3.79134, 18.606, 0.664072, 6], [-15.6297, 14.5584, 5.26915, 6], [-1.5379, -17.1918, 18.0853, 7], [13.3891, -2.83634, 14.5838, 6], [13.0273, 5.1163, -0.337731, 4], [3.8702, 6.5454, -10.5442, 5]], "reflectors": [[-1.12358, 16.1824, -13.3367, 5]], "reflector_prisms": [], "absorber_prisms": [], "line_of_sight": [[0, 0, 0, 0, 0, 502], [0, 0, 0, 0, 0, 501], [428, 258, 196, 0, 0, 499], [0, 0, 0, 0, 0, 499], [0, 0, 0, 0, 0, 501], [140, 140, 74, 0, 0, 501]]}