{
"time_step": 1e-05,
"number_of_molecules": 500000,
"diff_coef": 150,
"sim_time": 1.34444,
"absorbers": [
[0.926257,-1.27125,15.9225,5]
],
"reflectors": [
[7.76093,-9.20914,15.9675,2],
[-2.91099,-5.93334,-14.5713,6]
],
"reflector_prisms": [
[-14.0767,-14.5475,0.132034,-10.0767,-8.54746,6.13203]
],
"absorber_prisms": [
[-13.9904,10.6721,-5.43245,-9.99043,14.6721,-3.43245],
[-3.81814,12.3836,-4.31965,1.18186,17.3836,1.68035]
]
}