{
"time_step": 1e-05,
"number_of_molecules": 500000,
"diff_coef": 350,
"sim_time": 1.54286,
"absorbers": [
[-1.1701,-0.628862,-19.9558,6],
[-10.5792,7.21213,-15.3644,2]
],
"reflectors": [
],
"reflector_prisms": [
[-1.65103,-14.3869,16.8047,3.34897,-8.38688,20.8047],
[5.06235,-14.6877,4.2467,8.06235,-11.6877,8.2467]
],
"absorber_prisms": [
]
}