{"time_step": 1e-05, "number_of_molecules": 500000, "diff_coef": 150, "sim_time": 3.6, "absorbers": [[10.2512, -11.1915, -11.4308, 2], [0.359286, 1.35161, 22.9574, 5]], "reflectors": [], "reflector_prisms": [], "absorber_prisms": [[-2.51508, -11.8653, -6.48105, 2.48492, -8.86527, -3.48105], [-13.1942, 10.1254, -1.46417, -8.1942, 16.1254, 4.53583], [5.79692, 2.93401, 3.63989, 8.79692, 4.93401, 5.63989]], "line_of_sight": [[0, 0, 0, 0, 0, 500], [0, 0, 0, 0, 0, 503]]}