{
"time_step": 1e-05,
"number_of_molecules": 500000,
"diff_coef": 350,
"sim_time": 1.37619,
"absorbers": [
[-0.505296,-2.16615,21.8873,5]
],
"reflectors": [
],
"reflector_prisms": [
[6.90357,10.2945,-14.2597,12.9036,13.2945,-11.2597],
[-8.04935,2.31573,0.613268,-3.04935,6.31573,4.61327]
],
"absorber_prisms": [
[-8.2299,-16.7352,12.3592,-4.2299,-11.7352,17.3592]
]
}