{"time_step": 1e-05, "number_of_molecules": 500000, "diff_coef": 50, "sim_time": 3.33333, "absorbers": [[-6.81237, -7.65127, -8.0031, 5], [0.433978, -0.669902, -11.9734, 2]], "reflectors": [[-8.31375, -15.245, 4.74046, 2]], "reflector_prisms": [], "absorber_prisms": [[2.50916, 15.5918, -1.17343, 8.50916, 20.5918, 4.82657]], "line_of_sight": [[0, 0, 0, 0, 0, 501], [0, 0, 0, 0, 0, 499]]}