{"time_step": 1e-05, "number_of_molecules": 500000, "diff_coef": 300, "sim_time": 1.8, "absorbers": [[4.91866, 7.70222, 4.05988, 5], [-10.5953, -2.22212, 5.17697, 5], [-6.48293, 7.83747, -20.6288, 5], [-6.87996, 5.52812, 12.1287, 3], [19.4008, -5.32288, -8.90367, 6], [11.8824, -16.5707, -5.02198, 5], [-14.2911, 11.6697, 4.53671, 2], [-9.80681, 1.17228, -13.8366, 5]], "reflectors": [[15.415, 2.51691, 12.4918, 2], [13.138, 2.22265, -14.9149, 2], [-2.99848, -0.978516, 20.7618, 3]], "reflector_prisms": [], "absorber_prisms": [], "line_of_sight": [[0, 0, 0, 0, 0, 503], [139, 104, 35, 0, 0, 500], [104, 104, 0, 0, 0, 498], [0, 0, 0, 0, 0, 499], [211, 211, 0, 0, 0, 501], [58, 58, 0, 0, 0, 501], [191, 191, 0, 0, 0, 503], [104, 69, 35, 0, 0, 501]]}