{"time_step": 1e-05, "number_of_molecules": 500000, "diff_coef": 400, "sim_time": 1.06667, "absorbers": [[11.7213, 9.31609, 14.7249, 5], [-1.69153, 1.55166, 11.7784, 6]], "reflectors": [[1.88424, -13.9872, 12.7203, 2]], "reflector_prisms": [], "absorber_prisms": [[-15.1038, 1.02848, 2.27141, -10.1038, 5.02848, 5.27141], [-6.50823, -8.69562, 5.01207, -1.50823, -5.69562, 8.01207], [-2.00684, -7.07938, 9.5873, -0.00684296, -2.07938, 13.5873]], "line_of_sight": [[0, 0, 0, 0, 0, 503], [17, 0, 0, 17, 0, 500]]}