{"time_step": 1e-05, "number_of_molecules": 500000, "diff_coef": 200, "sim_time": 3.00833, "absorbers": [[-8.60631, 9.05684, 3.59237, 3], [-1.20414, -1.49364, -11.8456, 5], [-9.16409, 13.9628, -3.17172, 3], [-21.2401, -0.020595, -5.73213, 3]], "reflectors": [], "reflector_prisms": [[4.81895, 2.88973, 13.3878, 6.81895, 4.88973, 15.3878]], "absorber_prisms": [], "line_of_sight": [[0, 0, 0, 0, 0, 498], [0, 0, 0, 0, 0, 500], [0, 0, 0, 0, 0, 497], [0, 0, 0, 0, 0, 500]]}