{
"time_step": 1e-05,
"number_of_molecules": 500000,
"diff_coef": 100,
"sim_time": 5.4,
"absorbers": [
[-3.78342,-1.32026,18.5726,2],
[-5.01977,1.43933,-14.0617,4],
[1.03073,-1.97084,-7.68462,2],
[3.46323,-9.87696,14.6442,5],
[-17.7802,16.1161,-0.365295,6],
[0.431605,-1.74929,-19.9187,4],
[3.47641,-1.27963,9.28855,4],
[4.38485,12.989,2.83883,4]
],
"reflectors": [
],
"reflector_prisms": [
],
"absorber_prisms": [
]
}