{
"time_step": 1e-05,
"number_of_molecules": 500000,
"diff_coef": 100,
"sim_time": 2.81667,
"absorbers": [
[-0.158723,0.0104187,16.9993,4]
],
"reflectors": [
],
"reflector_prisms": [
],
"absorber_prisms": [
[-12.6091,12.7972,-6.37184,-6.60907,18.7972,-2.37184],
[-12.2594,8.52446,12.0639,-8.25944,12.5245,15.0639],
[-7.84936,-7.08377,-2.98501,-3.84936,-3.08377,-0.985011],
[-0.832719,-21.1737,-11.323,2.16728,-15.1737,-5.32297]
]
}