{
"time_step": 1e-05,
"number_of_molecules": 500000,
"diff_coef": 50,
"sim_time": 6.53333,
"absorbers": [
[-4.8253,-1.01597,12.0285,6],
[3.42862,-0.313786,-15.6252,4],
[2.09289,-11.6517,-13.5594,6],
[16.1887,-6.43417,-4.53085,4]
],
"reflectors": [
[13.4149,-0.8136,-18.6649,4]
],
"reflector_prisms": [
],
"absorber_prisms": [
]
}