{"time_step": 1e-05, "number_of_molecules": 500000, "diff_coef": 100, "sim_time": 5.4, "absorbers": [[-20.3902, 1.64663, -4.74651, 3], [0.209656, 17.3299, 7.78664, 6], [15.3829, 8.36317, -9.66557, 6], [-5.74919, -6.17275, -20.3186, 4], [11.6559, -9.24115, -8.23048, 5], [-11.0427, 0.284447, 17.86, 3], [-4.28706, 6.07911, 13.0256, 4], [1.39004, 3.84774, -11.2811, 3]], "reflectors": [[3.52421, 1.21913, 11.4059, 5]], "reflector_prisms": [], "absorber_prisms": [], "line_of_sight": [[0, 0, 0, 0, 0, 498], [0, 0, 0, 0, 0, 499], [0, 0, 0, 0, 0, 500], [501, 0, 501, 0, 0, 501], [0, 0, 0, 0, 0, 499], [0, 0, 0, 0, 0, 498], [31, 0, 31, 0, 0, 498], [86, 0, 86, 0, 0, 501]]}