{
"time_step": 1e-05,
"number_of_molecules": 500000,
"diff_coef": 400,
"sim_time": 0.6,
"absorbers": [
[-3.6989,-13.6744,-4.93231,3],
[-0.795552,1.79998,11.8375,2]
],
"reflectors": [
[-2.29249,16.4976,3.40218,3]
],
"reflector_prisms": [
[-10.2663,-12.2435,3.99817,-6.26627,-6.24351,8.99817]
],
"absorber_prisms": [
[5.31499,-2.17579,3.44201,8.31499,-0.175791,6.44201]
]
}