{"time_step": 1e-05, "number_of_molecules": 500000, "diff_coef": 100, "sim_time": 1.06667, "absorbers": [[-0.473194, 9.92814, 8.37903, 5], [-0.146102, 1.31232, -11.9271, 5]], "reflectors": [[-4.9527, -0.214432, 15.2127, 2], [-7.76691, 6.60124, 6.33235, 3], [8.99013, -7.91997, -0.672052, 6]], "reflector_prisms": [], "absorber_prisms": [], "line_of_sight": [[0, 0, 0, 0, 0, 504], [43, 0, 43, 0, 0, 498]]}