{"time_step": 1e-05, "number_of_molecules": 500000, "diff_coef": 150, "sim_time": 1.11111, "absorbers": [[-0.392504, -0.0375442, -13.9944, 4]], "reflectors": [], "reflector_prisms": [[4.94104, -0.594045, -2.24539, 9.94104, 2.40596, 1.75461]], "absorber_prisms": [[-0.438933, -14.3122, 10.5704, 1.56107, -9.3122, 16.5704], [4.96481, -10.2921, -13.9258, 6.96481, -8.29214, -11.9258], [-5.44134, -0.84956, 7.95597, 0.558658, 5.15044, 10.956], [-12.9358, -11.9474, -1.56798, -9.93584, -8.94744, 0.432023]], "line_of_sight": [[0, 0, 0, 0, 0, 501]]}