{
"time_step": 1e-05,
"number_of_molecules": 500000,
"diff_coef": 350,
"sim_time": 1.54286,
"absorbers": [
[-3.91313,-0.819884,10.2477,2],
[6.09186,-10.8322,6.44621,2],
[3.5331,3.52843,10.9118,3],
[-4.42206,-13.9843,3.14401,5],
[2.84566,-7.15884,-14.0233,3],
[13.6169,-15.8295,-11.8325,6],
[1.46992,3.17231,19.692,6]
],
"reflectors": [
[3.104,2.07979,-22.6945,4],
[13.4076,-2.18028,3.38858,3],
[-7.93047,0.466548,0.943368,2],
[3.28474,0.138305,-9.44412,3]
],
"reflector_prisms": [
],
"absorber_prisms": [
]
}