{"time_step": 1e-05, "number_of_molecules": 500000, "diff_coef": 100, "sim_time": 5.4, "absorbers": [[-14.7257, -16.3444, -0.115815, 4], [12.1368, 4.11215, 2.18848, 5], [-8.24913, 20.1495, 12.2861, 7], [-2.03304, 7.08426, -16.4219, 7], [-2.99802, -10.4779, -10.3066, 6], [2.71008, 11.4832, -2.18886, 4]], "reflectors": [], "reflector_prisms": [], "absorber_prisms": [], "line_of_sight": [[61, 61, 0, 0, 0, 502], [26, 26, 0, 0, 0, 501], [96, 96, 0, 0, 0, 504], [0, 0, 0, 0, 0, 501], [61, 61, 0, 0, 0, 501], [0, 0, 0, 0, 0, 499]]}