{
"time_step": 1e-05,
"number_of_molecules": 500000,
"diff_coef": 100,
"sim_time": 6.01667,
"absorbers": [
[-10.6743,5.18759,-1.77434,5],
[1.71091,7.24958,-11.854,7],
[-9.91007,10.185,-12.6118,5],
[-3.06373,12.5356,20.2354,5],
[6.87193,-0.994702,16.6068,5],
[9.39545,7.45984,-0.27632,6],
[4.39416,-9.9227,-5.12165,5]
],
"reflectors": [
],
"reflector_prisms": [
],
"absorber_prisms": [
]
}