{
"time_step": 1e-05,
"number_of_molecules": 500000,
"diff_coef": 100,
"sim_time": 6.01667,
"absorbers": [
[-21.692,0.648375,3.6109,6],
[-6.38086,4.26485,-24.8414,7],
[9.17848,0.0464043,9.20616,4],
[-0.0971362,0.249129,12.9972,4],
[3.79088,18.4142,11.4257,4],
[-2.01325,15.7434,-13.7511,7]
],
"reflectors": [
[-10.8624,-14.3776,-6.02454,7],
[-13.7211,7.27518,-3.84737,6],
[8.25595,13.6954,-5.76838,4],
[-3.45878,-14.9354,-17.1456,4],
[4.9901,-5.5075,-11.8645,4],
[4.6654,5.33595,25.0152,7]
],
"reflector_prisms": [
],
"absorber_prisms": [
]
}