{"time_step": 1e-05, "number_of_molecules": 500000, "diff_coef": 350, "sim_time": 1.71905, "absorbers": [[5.39267, 17.0113, 16.0479, 5]], "reflectors": [[14.441, -9.27394, -5.42685, 4]], "reflector_prisms": [[-12.6556, 2.94227, -1.02176, -9.65556, 7.94227, 3.97824], [0.28455, 9.79992, -10.0006, 5.28455, 13.7999, -4.00059]], "absorber_prisms": [], "line_of_sight": [[0, 0, 0, 0, 0, 499]]}