{"time_step": 1e-05, "number_of_molecules": 500000, "diff_coef": 350, "sim_time": 1.37619, "absorbers": [[-2.99365, -9.92785, -21.6443, 7], [-4.33042, -14.2993, -1.33305, 7], [11.9251, -13.7478, 5.45821, 7], [1.49785, 0.981007, 12.8761, 4], [-0.0309708, 7.90962, -4.29382, 4], [-5.91713, 18.7739, 7.31622, 7]], "reflectors": [[-10.5785, -3.84025, -11.3731, 7]], "reflector_prisms": [], "absorber_prisms": [], "line_of_sight": [[247, 161, 114, 0, 0, 499], [205, 205, 0, 0, 0, 497], [99, 99, 0, 0, 0, 502], [213, 149, 92, 0, 0, 501], [210, 210, 0, 0, 0, 496], [124, 124, 0, 0, 0, 501]]}