{
"time_step": 1e-05,
"number_of_molecules": 500000,
"diff_coef": 200,
"sim_time": 2.7,
"absorbers": [
[11.5654,-10.1228,18.4328,6],
[9.90519,-1.03865,-6.69391,6]
],
"reflectors": [
[-5.19785,-6.02176,-0.848956,2]
],
"reflector_prisms": [
[-0.981272,-5.61009,-8.13911,1.01873,-1.61009,-6.13911],
[-2.02155,-0.0842682,-15.9227,1.97845,2.91573,-9.92266]
],
"absorber_prisms": [
]
}