{
"time_step": 1e-05,
"number_of_molecules": 500000,
"diff_coef": 350,
"sim_time": 1.54286,
"absorbers": [
[-2.28838,0.000332832,-16.8453,3],
[-14.8837,6.46732,-11.6897,2]
],
"reflectors": [
[-0.336628,-0.486052,-8.98056,4]
],
"reflector_prisms": [
],
"absorber_prisms": [
[-7.73915,1.0895,1.55287,-3.73915,5.0895,3.55287]
]
}