{"time_step": 1e-05, "number_of_molecules": 500000, "diff_coef": 200, "sim_time": 3.00833, "absorbers": [[-3.27577, -1.95297, -18.6133, 6], [-15.884, 11.2489, -12.2541, 4], [12.0362, 16.3039, 5.50556, 6], [-1.41723, 4.11444, 22.5846, 5], [5.71418, 5.06055, 7.92079, 4]], "reflectors": [], "reflector_prisms": [], "absorber_prisms": [], "line_of_sight": [[223, 223, 0, 0, 0, 501], [0, 0, 0, 0, 0, 498], [80, 80, 0, 0, 0, 500], [275, 275, 0, 0, 0, 504], [133, 133, 0, 0, 0, 503]]}