{
"time_step": 1e-05,
"number_of_molecules": 500000,
"diff_coef": 50,
"sim_time": 8.53333,
"absorbers": [
[-1.90585,-14.4282,15.1392,5],
[13.8264,-2.20262,-15.6518,6],
[-6.64886,-18.0015,-5.63357,5],
[-11.8661,1.87428,15.9901,5],
[-3.32419,0.115816,-15.6504,5]
],
"reflectors": [
[17.3585,10.8596,-10.4762,6],
[-0.132703,-0.0678723,15.9993,6]
],
"reflector_prisms": [
],
"absorber_prisms": [
]
}