{
"time_step": 1e-05,
"number_of_molecules": 500000,
"diff_coef": 400,
"sim_time": 1.35,
"absorbers": [
[-4.93419,-13.0403,1.26688,3],
[2.46989,6.6027,-15.4695,2],
[-15.2312,-12.9563,0.381191,4],
[4.81065,-0.509264,19.4061,2],
[2.66048,7.93109,-5.47902,2],
[-2.95543,-6.82313,-6.68658,3],
[-11.9383,3.7139,-8.28759,2],
[-19.7344,2.26599,11.5939,5]
],
"reflectors": [
[-9.99721,-7.16296,14.4827,2],
[-2.80173,-0.361184,9.5927,3],
[-0.762795,3.43366,-22.7295,5],
[12.355,-10.0337,12.1111,5],
[19.3201,-0.123042,12.4787,6]
],
"reflector_prisms": [
],
"absorber_prisms": [
]
}