{"time_step": 1e-05, "number_of_molecules": 500000, "diff_coef": 250, "sim_time": 1.92667, "absorbers": [[2.71032, -13.5229, 18.4061, 6], [4.28033, -5.28158, 1.66842, 2]], "reflectors": [], "reflector_prisms": [[13.7309, -7.79241, -1.822, 16.7309, -4.79241, 0.177999], [0.309623, -5.3657, -10.1952, 4.30962, -3.3657, -7.19519], [-11.055, -1.83335, 14.053, -7.05501, 1.16665, 17.053]], "absorber_prisms": [[11.8648, -4.64136, 13.3963, 14.8648, 0.358641, 17.3963]], "line_of_sight": [[0, 0, 0, 0, 0, 498], [0, 0, 0, 0, 0, 507]]}