{
"time_step": 1e-05,
"number_of_molecules": 500000,
"diff_coef": 50,
"sim_time": 1.2,
"absorbers": [
[-2.86928,-11.33,2.71982,6]
],
"reflectors": [
[-3.56592,0.266732,14.5675,3],
[-1.04013,0.532578,-17.962,5],
[-16.2972,-14.6641,-1.83454,3]
],
"reflector_prisms": [
[-13.2485,2.63303,-11.9352,-10.2485,4.63303,-6.93521]
],
"absorber_prisms": [
]
}