{"time_step": 1e-05, "number_of_molecules": 500000, "diff_coef": 400, "sim_time": 1.20417, "absorbers": [[6.72811, -10.0831, -17.1483, 4]], "reflectors": [[5.05477, -6.66478, 7.14352, 5], [-12.317, -1.70851, -19.3487, 6]], "reflector_prisms": [[12.4041, 5.80929, -9.42022, 18.4041, 9.80929, -6.42022], [-13.7847, -8.97442, -17.049, -7.78471, -3.97442, -14.049]], "absorber_prisms": [[-0.91765, -3.11333, 6.34787, 3.08235, 0.886672, 9.34787]], "line_of_sight": [[0, 0, 0, 0, 0, 499]]}