{
"time_step": 1e-05,
"number_of_molecules": 500000,
"diff_coef": 50,
"sim_time": 10.8,
"absorbers": [
[16.044,12.9861,-12.2454,7],
[-9.53997,15.1017,2.21979,5],
[4.33589,-8.00459,11.9217,7],
[0.278141,-0.291417,-12.9938,4],
[-5.12787,1.8933,22.341,5],
[6.23295,17.1892,-5.16529,5]
],
"reflectors": [
[10.7992,-9.71266,-16.524,5],
[-16.2263,-1.45606,-9.77686,6],
[-10.7574,-8.08899,10.3849,6],
[6.75272,-17.2503,4.22246,5]
],
"reflector_prisms": [
],
"absorber_prisms": [
]
}