{"time_step": 1e-05, "number_of_molecules": 500000, "diff_coef": 50, "sim_time": 10.8, "absorbers": [[3.72984, 14.0341, 8.83932, 6], [5.9744, -15.9797, -10.4382, 4], [-0.656378, -0.345012, -12.9788, 2], [1.45084, -3.03877, 13.589, 2], [3.09834, -3.30723, -7.77576, 2], [6.9868, -6.75943, 10.0745, 5], [17.3099, 8.07892, -8.72349, 3], [13.6683, -1.65782, 2.53552, 6]], "reflectors": [[-3.53712, 5.14754, 17.9441, 2], [-6.44612, 20.4628, 4.87066, 3], [-8.33187, 8.92697, 11.8275, 5], [-4.78974, -0.482409, 8.76503, 2], [-19.6789, -11.6906, -2.25198, 6], [-8.22197, -15.9391, -1.53127, 2], [-0.932668, 11.2699, -20.028, 4]], "reflector_prisms": [], "absorber_prisms": [], "line_of_sight": [[28, 28, 0, 0, 0, 501], [192, 51, 141, 0, 0, 502], [60, 60, 0, 0, 0, 500], [98, 66, 32, 0, 0, 501], [292, 0, 292, 0, 0, 497], [31, 0, 31, 0, 0, 497], [0, 0, 0, 0, 0, 505], [31, 0, 31, 0, 0, 498]]}