{"time_step": 1e-05, "number_of_molecules": 500000, "diff_coef": 150, "sim_time": 1.11111, "absorbers": [[-2.32814, -8.36822, 9.67226, 5], [-2.88356, -12.6579, 0.679738, 3]], "reflectors": [[-1.58365, 1.77087, 8.68079, 4]], "reflector_prisms": [], "absorber_prisms": [[7.14255, -3.1786, -10.1407, 12.1426, 2.8214, -4.14068]], "line_of_sight": [[0, 0, 0, 0, 0, 503], [0, 0, 0, 0, 0, 501]]}