{"time_step": 1e-05, "number_of_molecules": 500000, "diff_coef": 400, "sim_time": 0.266667, "absorbers": [[-4.68303, -3.47229, -11.6195, 5]], "reflectors": [], "reflector_prisms": [[1.68738, -4.00556, 5.31036, 5.68738, -0.00555675, 8.31036], [8.71266, -16.4183, -2.978, 11.7127, -14.4183, 2.022]], "absorber_prisms": [[-14.8425, 11.5307, 0.242457, -10.8425, 14.5307, 5.24246], [7.51066, 2.48056, -16.2547, 11.5107, 5.48056, -13.2547], [7.06257, 12.218, -3.89105, 11.0626, 15.218, 1.10895]], "line_of_sight": [[0, 0, 0, 0, 0, 500]]}