{
"time_step": 1e-05,
"number_of_molecules": 500000,
"diff_coef": 100,
"sim_time": 1.66667,
"absorbers": [
[-9.79173,-11.3561,0.402105,5]
],
"reflectors": [
[13.834,-1.07661,-1.86034,4],
[-7.08445,5.44975,1.05394,2]
],
"reflector_prisms": [
],
"absorber_prisms": [
[-2.56008,0.00129997,-10.3804,2.43992,3.0013,-8.38043],
[5.06634,-2.50271,1.43639,9.06634,-0.502712,5.43639]
]
}