{
"time_step": 1e-05,
"number_of_molecules": 500000,
"diff_coef": 200,
"sim_time": 1.40833,
"absorbers": [
[0.833989,-1.28232,15.9267,4],
[-4.28391,-12.346,-12.3783,5],
[3.35305,10.395,4.96997,4],
[-12.4842,-1.86083,-6.05654,3]
],
"reflectors": [
],
"reflector_prisms": [
[-4.67201,0.399256,9.14016,-1.67201,6.39926,15.1402]
],
"absorber_prisms": [
]
}