{
"time_step": 1e-05,
"number_of_molecules": 500000,
"diff_coef": 250,
"sim_time": 1.30667,
"absorbers": [
[0.0713314,11.7704,16.1695,6]
],
"reflectors": [
[-0.0547928,-0.497856,-20.994,4]
],
"reflector_prisms": [
],
"absorber_prisms": [
[-9.69183,-17.9936,-12.4718,-7.69183,-13.9936,-8.47177],
[-7.14622,-5.07347,4.77136,-5.14622,-0.0734688,8.77136]
]
}