{"time_step": 1e-05, "number_of_molecules": 500000, "diff_coef": 50, "sim_time": 10.8, "absorbers": [[-3.47202, 5.96265, -18.7721, 7], [-4.23753, 7.41546, 19.1847, 5], [14.2235, 10.112, 11.6807, 7], [3.69452, 1.43719, 9.18069, 4], [-9.67348, -6.21598, -19.9195, 6], [4.75172, 14.3446, -5.25865, 7], [-13.4909, 16.4421, 13.1398, 7]], "reflectors": [], "reflector_prisms": [], "absorber_prisms": [], "line_of_sight": [[159, 159, 0, 0, 0, 501], [39, 39, 0, 0, 0, 498], [104, 188, 0, 0, 0, 499], [284, 323, 0, 0, 0, 502], [499, 618, 0, 0, 0, 499], [0, 0, 0, 0, 0, 498], [0, 0, 0, 0, 0, 498]]}