{
"time_step": 1e-05,
"number_of_molecules": 500000,
"diff_coef": 50,
"sim_time": 2.7,
"absorbers": [
[-1.54289,-8.74272,-6.49494,5],
[0.555105,2.30577,14.8113,6]
],
"reflectors": [
[-15.2815,-4.04786,-18.058,5]
],
"reflector_prisms": [
[19.6232,-1.23169,-9.01684,22.6232,3.76831,-3.01684],
[-7.89621,-18.7684,3.04786,-1.89621,-12.7684,5.04786]
],
"absorber_prisms": [
]
}