{
"time_step": 1e-05,
"number_of_molecules": 500000,
"diff_coef": 250,
"sim_time": 0.666667,
"absorbers": [
[-0.967133,-0.554505,-11.9481,2]
],
"reflectors": [
],
"reflector_prisms": [
[-2.9992,-2.42176,-21.9956,3.0008,1.57824,-17.9956],
[-13.1408,-9.74774,7.77663,-9.14082,-7.74774,12.7766],
[-17.2173,11.4557,-1.46852,-12.2173,15.4557,4.53148],
[-7.40206,-5.83744,7.70417,-5.40206,-0.837438,12.7042]
],
"absorber_prisms": [
]
}