{
"time_step": 1e-05,
"number_of_molecules": 500000,
"diff_coef": 50,
"sim_time": 9.63333,
"absorbers": [
[-18.2897,0.220446,5.14165,6],
[-6.06812,4.13618,-8.18963,2],
[3.56417,-3.41529,12.0263,5],
[-7.14532,1.99065,20.7119,5],
[-7.20024,-16.0659,3.74734,2],
[17.1262,2.9897,4.66422,5],
[-2.28227,2.25764,-22.7749,6],
[3.4219,10.4521,0.209353,4]
],
"reflectors": [
[-8.93049,-4.47751,0.445307,5]
],
"reflector_prisms": [
],
"absorber_prisms": [
]
}