{
"time_step": 1e-05,
"number_of_molecules": 500000,
"diff_coef": 150,
"sim_time": 2.17778,
"absorbers": [
[9.93051,1.90656,4.33014,6],
[-8.8969,-1.35793,6.32465,5],
[12.0743,-7.62812,15.3955,7],
[0.330975,-1.07158,-11.9475,7]
],
"reflectors": [
[-9.76534,-21.3541,-4.96371,6],
[9.24087,-4.50402,-6.19033,4]
],
"reflector_prisms": [
],
"absorber_prisms": [
]
}