{"time_step": 1e-05, "number_of_molecules": 500000, "diff_coef": 50, "sim_time": 12.0333, "absorbers": [[2.64537, 0.290494, 22.8455, 4], [-7.62767, -10.3585, 1.87601, 4]], "reflectors": [[2.7912, 13.5178, 8.09186, 2]], "reflector_prisms": [[-11.8753, 7.45551, 3.28647, -8.87529, 11.4555, 7.28647], [10.5064, -10.7681, -11.9288, 12.5064, -6.76814, -5.92881]], "absorber_prisms": [], "line_of_sight": [[0, 0, 0, 0, 0, 499], [0, 0, 0, 0, 0, 501]]}