{
"time_step": 1e-05,
"number_of_molecules": 500000,
"diff_coef": 50,
"sim_time": 4.8,
"absorbers": [
[-0.0514902,4.64645,-17.3899,6],
[-14.6104,3.08713,1.41656,6]
],
"reflectors": [
[9.43085,2.92191,-1.58791,4],
[23.794,-7.35799,-2.16937,6]
],
"reflector_prisms": [
],
"absorber_prisms": [
]
}