{
"time_step": 1e-05,
"number_of_molecules": 500000,
"diff_coef": 250,
"sim_time": 2.16,
"absorbers": [
[-8.10851,-9.62443,11.429,3],
[-1.67454,0.564088,-23.9349,6]
],
"reflectors": [
],
"reflector_prisms": [
],
"absorber_prisms": [
[-11.7033,-8.09568,-3.86342,-9.70335,-2.09568,0.136578],
[-3.98792,-5.65284,16.013,0.0120839,-1.65284,19.013],
[-8.92206,-5.87956,1.49451,-3.92206,-1.87956,6.49451]
]
}