{
"time_step": 1e-05,
"number_of_molecules": 500000,
"diff_coef": 50,
"sim_time": 0.833333,
"absorbers": [
[6.12479,-4.93816,-4.37054,4]
],
"reflectors": [
[7.49844,19.9317,-5.52282,3]
],
"reflector_prisms": [
[-8.76312,14.4989,1.94613,-2.76312,16.4989,5.94613],
[-0.297709,-2.77586,5.4897,5.70229,1.22414,9.4897],
[10.9085,1.02008,5.14681,16.9085,3.02008,10.1468]
],
"absorber_prisms": [
[0.800365,-10.2707,8.15142,2.80037,-6.2707,14.1514]
]
}