{"time_step": 1e-05, "number_of_molecules": 500000, "diff_coef": 100, "sim_time": 3.75, "absorbers": [[9.67875, 1.21527, 17.4598, 6], [-3.727, 19.2623, 7.48815, 6], [10.4375, 2.92939, -5.14568, 6], [0.3489, -1.76682, 15.8983, 3], [-5.58982, -0.964358, -16.0257, 2], [-8.15254, -10.5411, 4.29194, 6], [-8.51218, 0.978412, -2.75417, 2]], "reflectors": [[7.46651, 15.0817, 14.1702, 5], [2.97723, -5.86382, 2.39827, 2], [-2.6247, 10.7407, 8.58772, 2], [4.22175, -12.7321, 8.72185, 5], [-1.01444, -11.8405, -7.40092, 4], [-8.95643, -2.24321, -11.8216, 3], [2.17397, 6.62278, 5.69321, 4]], "reflector_prisms": [], "absorber_prisms": [], "line_of_sight": [[171, 32, 139, 0, 0, 500], [197, 0, 395, 0, 0, 502], [130, 130, 0, 0, 0, 499], [0, 0, 0, 0, 0, 499], [503, 503, 0, 0, 0, 503], [165, 165, 0, 0, 0, 501], [0, 0, 0, 0, 0, 499]]}