{"time_step": 1e-05, "number_of_molecules": 500000, "diff_coef": 400, "sim_time": 1.35, "absorbers": [[-6.61395, -8.55614, 21.4254, 6], [6.05771, -14.7446, 1.37847, 5], [-0.863393, -10.9316, -12.9906, 5], [6.61556, -4.44857, 11.5085, 2], [-3.71865, 2.48398, -10.0499, 5], [-7.26128, 1.07189, 9.49341, 2], [0.147131, 1.33482, 9.90942, 2]], "reflectors": [[3.48627, 14.077, -10.6622, 4], [18.1805, 8.13175, 9.34578, 4], [5.903, -6.47322, 19.0854, 4], [1.76448, -0.983882, -15.8719, 2], [-13.9139, 1.27435, 15.6774, 2]], "reflector_prisms": [], "absorber_prisms": [], "line_of_sight": [[85, 85, 0, 0, 0, 498], [0, 0, 0, 0, 0, 500], [0, 0, 0, 0, 0, 498], [501, 501, 176, 0, 0, 501], [126, 113, 36, 0, 0, 498], [108, 0, 108, 0, 0, 499], [307, 203, 124, 0, 0, 502]]}