{"time_step": 1e-05, "number_of_molecules": 500000, "diff_coef": 200, "sim_time": 0.533333, "absorbers": [[8.82596, -1.7872, 4.34838, 2]], "reflectors": [[11.4937, 1.21311, -17.5335, 2], [-5.53086, -12.6999, 2.03039, 3], [-5.44808, 13.9756, -0.0349066, 4], [-0.0853193, 13.2317, 4.57335, 3]], "reflector_prisms": [], "absorber_prisms": [[-0.746691, -0.105322, 14.976, 1.25331, 1.89468, 20.976]], "line_of_sight": [[0, 0, 0, 0, 0, 499]]}