{"time_step": 1e-05, "number_of_molecules": 500000, "diff_coef": 300, "sim_time": 0.555556, "absorbers": [[-0.822388, -4.70668, 15.2699, 6]], "reflectors": [[-12.8599, -7.19208, -2.81001, 6]], "reflector_prisms": [[9.56516, -12.5515, -1.62653, 13.5652, -6.55149, 1.37347], [8.94482, -0.791471, 1.3528, 13.9448, 5.20853, 4.3528], [-2.29241, -21.4704, -2.54769, 1.70759, -18.4704, 0.452313]], "absorber_prisms": [[12.0939, -10.1585, 7.18382, 16.0939, -5.15853, 13.1838]], "line_of_sight": [[0, 0, 0, 0, 0, 499]]}