{"time_step": 1e-05, "number_of_molecules": 500000, "diff_coef": 300, "sim_time": 1.8, "absorbers": [[2.1185, 6.13462, 13.5233, 5], [0.591116, -1.89081, 17.8907, 4], [3.07485, 14.6123, 14.7657, 3], [2.46325, -0.958999, -8.60306, 2], [-0.713552, -1.70794, -22.9254, 6], [18.8586, 9.16044, -1.19952, 4], [7.57728, -6.6812, -4.35274, 4]], "reflectors": [[1.60675, 1.8886, -14.7936, 2], [-9.99009, -11.491, 4.91476, 2], [-2.16034, -15.4036, -16.9429, 6], [-13.3491, -7.37255, -19.8103, 6], [-1.71469, 1.95508, -7.56555, 2], [-20.0343, 13.1254, -1.53263, 6], [-9.92072, 9.80508, -11.3772, 2]], "reflector_prisms": [], "absorber_prisms": [], "line_of_sight": [[354, 230, 225, 0, 0, 502], [470, 365, 322, 0, 0, 498], [503, 213, 503, 0, 0, 503], [186, 273, 56, 0, 0, 499], [471, 487, 188, 0, 0, 501], [0, 0, 0, 0, 0, 500], [71, 0, 71, 0, 0, 499]]}