{"time_step": 1e-05, "number_of_molecules": 500000, "diff_coef": 200, "sim_time": 3.00833, "absorbers": [[3.15802, 5.17016, -20.1071, 3], [4.48176, 3.91741, -3.68344, 2], [-0.0953108, 8.93035, -13.2755, 5], [-6.93416, -11.4795, -21.0983, 6], [-1.42877, -13.8836, -5.49589, 2], [-16.0979, -2.11538, -11.6783, 4], [9.49013, -0.659778, -10.2714, 3], [2.11853, 4.67425, 7.39346, 2]], "reflectors": [], "reflector_prisms": [], "absorber_prisms": [], "line_of_sight": [[138, 138, 0, 0, 0, 501], [0, 0, 0, 0, 0, 497], [47, 47, 0, 0, 0, 499], [265, 265, 0, 0, 0, 500], [0, 0, 0, 0, 0, 499], [0, 0, 0, 0, 0, 501], [0, 0, 0, 0, 0, 499], [338, 338, 0, 0, 0, 499]]}