{
"time_step": 1e-05,
"number_of_molecules": 500000,
"diff_coef": 250,
"sim_time": 0.806667,
"absorbers": [
[-1.36598,0.736874,15.9245,5]
],
"reflectors": [
[-5.44427,-10.3857,17.4212,5],
[7.31247,14.2762,-5.63197,2],
[-10.5196,-5.13643,-5.6529,5]
],
"reflector_prisms": [
[10.7707,12.9873,-2.19702,16.7707,15.9873,0.802979]
],
"absorber_prisms": [
[10.2939,-16.1719,-9.84536,15.2939,-11.1719,-6.84536]
]
}