{"time_step": 1e-05, "number_of_molecules": 500000, "diff_coef": 200, "sim_time": 1.00833, "absorbers": [[-0.55716, -1.48865, 10.8846, 4], [-4.08142, -12.1063, -5.7253, 3], [-6.17596, -2.27707, -2.3817, 2]], "reflectors": [[8.24709, -11.5478, 4.86151, 4]], "reflector_prisms": [], "absorber_prisms": [[-15.219, -11.8087, -13.6602, -12.219, -9.80872, -9.6602]], "line_of_sight": [[0, 0, 0, 0, 0, 500], [0, 0, 0, 0, 0, 500], [0, 0, 0, 0, 0, 497]]}