{
"time_step": 1e-05,
"number_of_molecules": 500000,
"diff_coef": 350,
"sim_time": 1.54286,
"absorbers": [
[2.15249,1.80046,-21.8203,5],
[21.9034,-7.85114,5.88219,6],
[1.20316,2.86388,21.7796,5],
[-5.59466,3.69617,-12.2898,5],
[6.72052,-5.87795,9.44904,6]
],
"reflectors": [
[-1.92824,13.8666,-0.0232756,7],
[-15.903,7.77748,-9.30627,6]
],
"reflector_prisms": [
],
"absorber_prisms": [
]
}