{
"time_step": 1e-05,
"number_of_molecules": 500000,
"diff_coef": 150,
"sim_time": 1.11111,
"absorbers": [
[11.7959,6.13838,4.37914,4]
],
"reflectors": [
[7.20954,10.6074,-5.61297,6]
],
"reflector_prisms": [
[-9.98606,0.919924,-11.7329,-4.98606,5.91992,-5.73287],
[-14.0875,-3.54316,-5.02182,-11.0875,-1.54316,0.97818]
],
"absorber_prisms": [
[-11.5797,-15.8316,-5.0005,-7.57969,-13.8316,-2.0005]
]
}