{"time_step": 1e-05, "number_of_molecules": 500000, "diff_coef": 250, "sim_time": 1.92667, "absorbers": [[-18.8663, 6.68607, 9.13004, 5], [-3.41208, 5.66932, -12.3376, 5], [-11.7903, -12.9624, 9.64187, 5]], "reflectors": [], "reflector_prisms": [[10.648, 10.6401, -2.53924, 12.648, 12.6401, 0.460763]], "absorber_prisms": [[-19.2583, -2.46002, 1.38992, -16.2583, 3.53998, 4.38992]], "line_of_sight": [[8, 0, 0, 8, 0, 501], [0, 0, 0, 0, 0, 505], [0, 0, 0, 0, 0, 496]]}