{"time_step": 1e-05, "number_of_molecules": 500000, "diff_coef": 100, "sim_time": 2.81667, "absorbers": [[-0.857373, -1.1826, 13.9236, 4], [-2.25644, 0.657692, -17.8459, 5], [1.43012, 16.7293, 2.66183, 5]], "reflectors": [], "reflector_prisms": [], "absorber_prisms": [[9.17101, -7.4972, -4.87758, 15.171, -5.4972, 0.122418], [16.8973, -3.46166, -2.50028, 22.8973, -0.461659, 1.49972]], "line_of_sight": [[222, 222, 0, 0, 0, 499], [239, 239, 0, 0, 0, 500], [0, 0, 0, 0, 0, 499]]}