{
"time_step": 1e-05,
"number_of_molecules": 500000,
"diff_coef": 400,
"sim_time": 0.504167,
"absorbers": [
[4.32873,5.88089,-11.9448,3]
],
"reflectors": [
],
"reflector_prisms": [
[7.45548,-11.8246,3.78977,9.45548,-7.82462,6.78977],
[-0.282796,-6.44566,4.12954,1.7172,-4.44566,10.1295]
],
"absorber_prisms": [
[8.34192,-16.2243,6.52442,12.3419,-12.2243,12.5244]
]
}