{"time_step": 1e-05, "number_of_molecules": 500000, "diff_coef": 100, "sim_time": 4.26667, "absorbers": [[12.187, -15.5547, 3.087, 4], [5.69054, -10.2561, -5.6062, 5], [-8.38029, -15.5637, -3.39737, 6], [2.118, 6.86728, -9.61013, 4]], "reflectors": [], "reflector_prisms": [], "absorber_prisms": [], "line_of_sight": [[0, 0, 0, 0, 0, 500], [0, 0, 0, 0, 0, 496], [0, 0, 0, 0, 0, 499], [0, 0, 0, 0, 0, 503]]}