{
"time_step": 1e-05,
"number_of_molecules": 500000,
"diff_coef": 200,
"sim_time": 0.3,
"absorbers": [
[2.21917,10.7005,1.25491,5]
],
"reflectors": [
[-0.810995,2.23496,22.8768,5],
[-8.79678,3.69591,-19.8231,6],
[2.06007,-4.19545,-9.95762,2],
[7.47278,-2.79634,12.7019,3]
],
"reflector_prisms": [
],
"absorber_prisms": [
]
}