{
"time_step": 1e-05,
"number_of_molecules": 500000,
"diff_coef": 200,
"sim_time": 1.875,
"absorbers": [
[-16.1826,5.86513,5.26518,5],
[12.5717,4.5131,-6.82532,7],
[16.0697,-0.490305,8.09474,4],
[4.2449,19.8964,-5.20705,6],
[3.94957,-3.12063,18.3211,5],
[2.93901,6.95605,15.2307,5]
],
"reflectors": [
[-10.556,-12.4991,9.66143,4],
[-7.73713,12.3199,3.6546,4],
[-6.99726,3.51935,-15.0882,5],
[20.9501,-12.9923,4.15869,7]
],
"reflector_prisms": [
],
"absorber_prisms": [
]
}