{
"time_step": 1e-05,
"number_of_molecules": 500000,
"diff_coef": 50,
"sim_time": 10.8,
"absorbers": [
[-5.60703,0.276314,9.45964,5],
[0.844881,8.95226,-20.0784,4],
[3.12538,3.75642,20.4235,5],
[-2.26519,-10.3002,-15.8043,4],
[8.07143,-15.5392,-9.66365,7],
[8.58966,-5.04344,-0.884003,4]
],
"reflectors": [
[4.18223,-2.90685,-16.2191,5],
[-17.5766,2.57962,-16.1372,5],
[1.87175,-21.7428,2.7835,5]
],
"reflector_prisms": [
],
"absorber_prisms": [
]
}