{
"time_step": 1e-05,
"number_of_molecules": 500000,
"diff_coef": 350,
"sim_time": 0.385714,
"absorbers": [
[5.26463,-9.04487,-3.38733,6],
[-3.05203,-10.9383,8.18773,7],
[4.91516,11.2683,-4.22691,4]
],
"reflectors": [
[-4.70044,7.42775,12.1546,4],
[0.511945,-2.88226,-18.7731,7]
],
"reflector_prisms": [
],
"absorber_prisms": [
]
}