{
"time_step": 1e-05,
"number_of_molecules": 500000,
"diff_coef": 250,
"sim_time": 1.12667,
"absorbers": [
[5.36592,-0.357188,10.7275,6],
[-17.6418,-1.92171,-3.01216,5]
],
"reflectors": [
[-0.0192141,-0.00449089,-11,2]
],
"reflector_prisms": [
[-3.48016,-6.68418,-10.0378,2.51984,-3.68418,-7.03778],
[-9.40448,-2.5304,-0.387383,-6.40448,1.4696,2.61262]
],
"absorber_prisms": [
]
}