{
"time_step": 1e-05,
"number_of_molecules": 500000,
"diff_coef": 50,
"sim_time": 10.8,
"absorbers": [
[-6.0624,-11.6159,-7.30188,2],
[2.50344,-9.77692,4.37546,6],
[16.8171,-2.24674,1.06694,6],
[-2.22172,2.93519,8.21271,4],
[4.44468,0.770993,-12.1922,4],
[-7.21551,-8.68249,-9.87678,2],
[-17.5865,-10.885,12.1751,6],
[0.325901,-5.63506,19.187,6]
],
"reflectors": [
],
"reflector_prisms": [
],
"absorber_prisms": [
]
}