{"time_step": 1e-05, "number_of_molecules": 500000, "diff_coef": 100, "sim_time": 4.81667, "absorbers": [[-19.3429, 0.377032, 5.07047, 5], [6.76995, 0.464826, -19.8734, 4]], "reflectors": [], "reflector_prisms": [[1.17732, -5.57933, 16.0286, 5.17732, 0.420671, 19.0286], [-2.87095, -2.0983, 9.96222, 3.12905, 3.9017, 11.9622], [-11.1567, -5.06678, 4.28831, -9.1567, -2.06678, 10.2883]], "absorber_prisms": [[2.60762, 7.42538, -3.46622, 8.60762, 13.4254, -0.466225]], "line_of_sight": [[14, 0, 0, 0, 14, 500], [0, 0, 0, 0, 0, 500]]}