{"time_step": 1e-05, "number_of_molecules": 500000, "diff_coef": 100, "sim_time": 4.81667, "absorbers": [[-5.74753, 1.71979, 19.079, 3]], "reflectors": [[-17.1663, 14.8786, 3.59799, 4], [2.41748, -0.817228, -16.8074, 3], [9.27002, -1.77068, -5.65078, 6]], "reflector_prisms": [[-0.350086, 5.56689, -23.8867, 4.64991, 7.56689, -17.8867]], "absorber_prisms": [], "line_of_sight": [[225, 0, 225, 0, 0, 502]]}