{"time_step": 1e-05, "number_of_molecules": 500000, "diff_coef": 200, "sim_time": 1.63333, "absorbers": [[-16.6983, 8.59714, 2.87305, 5], [1.36138, -4.81637, -17.2901, 5]], "reflectors": [], "reflector_prisms": [[-9.66256, -5.88186, -6.73899, -5.66256, 0.118137, -0.738988], [-4.53561, 8.45946, -14.6089, 0.464391, 10.4595, -9.60888], [-5.02902, 3.80611, 8.39116, -2.02902, 7.80611, 11.3912]], "absorber_prisms": [], "line_of_sight": [[0, 0, 0, 0, 0, 503], [0, 0, 0, 0, 0, 494]]}