{"time_step": 1e-05, "number_of_molecules": 500000, "diff_coef": 250, "sim_time": 1.5, "absorbers": [[1.57126, 6.9534, -13.1978, 6], [-4.24404, -10.5473, -13.955, 7], [-9.63722, 14.2344, -5.3391, 4], [3.98648, -0.533073, 20.6113, 6], [-14.6792, -5.48823, 3.22503, 4]], "reflectors": [[9.74301, -8.53762, 1.08759, 6], [9.38075, 14.0025, 2.22053, 4], [-9.79897, 4.48647, 19.1795, 4], [10.4659, 11.665, -12.4254, 4], [-1.86197, -3.88448, 10.1215, 6]], "reflector_prisms": [], "absorber_prisms": [], "line_of_sight": [[503, 78, 551, 0, 0, 503], [23, 23, 0, 0, 0, 501], [369, 0, 369, 0, 0, 498], [311, 158, 276, 0, 0, 500], [0, 0, 0, 0, 0, 501]]}