{"time_step": 1e-05, "number_of_molecules": 500000, "diff_coef": 300, "sim_time": 0.555556, "absorbers": [[-0.696943, -6.6997, -9.93118, 2]], "reflectors": [], "reflector_prisms": [[-1.68564, -0.436945, 5.978, 1.31436, 1.56306, 9.978], [12.7978, 6.55924, -13.4181, 16.7978, 11.5592, -8.41808], [2.1657, -6.77513, -13.6043, 8.1657, -2.77513, -10.6043]], "absorber_prisms": [], "line_of_sight": [[0, 0, 0, 0, 0, 502]]}