{"time_step": 1e-05, "number_of_molecules": 500000, "diff_coef": 300, "sim_time": 2.00556, "absorbers": [[2.085, 0.929754, 7.66736, 3], [5.68497, -7.17264, 20.0059, 3], [5.19062, 7.75446, -5.82459, 6]], "reflectors": [[-4.60174, -3.79188, 12.6667, 4]], "reflector_prisms": [[14.7747, 0.455399, -10.5499, 19.7747, 5.4554, -6.54994]], "absorber_prisms": [], "line_of_sight": [[36, 36, 0, 0, 0, 501], [124, 124, 0, 0, 0, 500], [77, 0, 77, 0, 0, 499]]}