{
"time_step": 1e-05,
"number_of_molecules": 500000,
"diff_coef": 250,
"sim_time": 2.16,
"absorbers": [
[9.13018,-0.0482486,-21.1101,5]
],
"reflectors": [
],
"reflector_prisms": [
[-8.37413,5.845,-7.92592,-2.37413,7.845,-1.92592]
],
"absorber_prisms": [
[3.56142,-7.32379,-14.1668,9.56142,-4.32379,-10.1668],
[2.16068,-10.7954,0.782051,6.16068,-8.79535,4.78205],
[-3.12203,-3.1185,-16.4866,1.87797,2.8815,-13.4866],
[-2.03095,-0.421029,18.8941,2.96905,4.57897,23.8941]
]
}