{
"time_step": 1e-05,
"number_of_molecules": 500000,
"diff_coef": 300,
"sim_time": 0.555556,
"absorbers": [
[-2.32008,1.19008,-11.7133,2],
[-6.7272,9.50508,2.89798,5]
],
"reflectors": [
],
"reflector_prisms": [
[-7.04511,-4.31021,13.8287,-2.04511,1.68979,18.8287]
],
"absorber_prisms": [
[-10.6637,-4.78848,-3.04581,-5.66366,-2.78848,2.95419]
]
}