{"time_step": 1e-05, "number_of_molecules": 500000, "diff_coef": 400, "sim_time": 0.266667, "absorbers": [[-0.96688, 0.765958, 11.9364, 4]], "reflectors": [[-14.8351, -4.42411, -14.1896, 3], [-3.4378, 3.88345, -8.54987, 5]], "reflector_prisms": [[3.59791, 6.32137, -4.28122, 8.59791, 9.32137, 1.71878]], "absorber_prisms": [], "line_of_sight": [[145, 0, 145, 0, 0, 503]]}