{"time_step": 1e-05, "number_of_molecules": 500000, "diff_coef": 100, "sim_time": 6.01667, "absorbers": [[-8.64041, 19.3655, -5.8584, 7], [-4.95232, -3.70386, 25.2538, 7]], "reflectors": [], "reflector_prisms": [], "absorber_prisms": [], "line_of_sight": [[0, 0, 0, 0, 0, 498], [0, 0, 0, 0, 0, 501]]}