{"time_step": 1e-05, "number_of_molecules": 500000, "diff_coef": 300, "sim_time": 0.355556, "absorbers": [[-0.0343258, 0.0229767, 11.9999, 4], [-4.968, -7.95046, 3.47981, 3]], "reflectors": [[-1.59778, 8.83093, 0.679595, 2]], "reflector_prisms": [[-17.8863, -11.636, 5.34609, -15.8863, -5.63599, 7.34609], [-5.90198, 2.34286, -13.567, -3.90198, 4.34286, -9.56702]], "absorber_prisms": [], "line_of_sight": [[0, 0, 0, 0, 0, 500], [0, 0, 0, 0, 0, 499]]}