{"time_step": 1e-05, "number_of_molecules": 500000, "diff_coef": 150, "sim_time": 0.544444, "absorbers": [[-1.03424, -0.311983, 12.955, 6]], "reflectors": [], "reflector_prisms": [[-12.8277, -12.4457, -15.9205, -7.8277, -9.44566, -11.9205], [-19.1955, 0.171431, -9.22265, -15.1955, 2.17143, -4.22265], [-16.7013, 3.64014, 7.98105, -10.7013, 6.64014, 12.9811], [13.3672, 1.50496, 8.22109, 16.3672, 3.50496, 13.2211]], "absorber_prisms": [[-2.72239, -11.1339, -17.816, 0.277613, -6.13395, -14.816]], "line_of_sight": [[0, 0, 0, 0, 0, 499]]}