{
"time_step": 1e-05,
"number_of_molecules": 500000,
"diff_coef": 50,
"sim_time": 12.0333,
"absorbers": [
[6.84478,21.9423,0.82609,4],
[5.53823,-12.8288,-0.866196,3]
],
"reflectors": [
],
"reflector_prisms": [
[-3.64395,-1.41367,-12.4808,2.35605,1.58633,-9.4808],
[-2.05027,15.8782,-7.43169,1.94973,19.8782,-5.43169]
],
"absorber_prisms": [
[0.571096,-3.53864,4.24414,4.5711,-0.538637,9.24414]
]
}