{
"time_step": 1e-05,
"number_of_molecules": 500000,
"diff_coef": 250,
"sim_time": 1.30667,
"absorbers": [
[-16.3234,1.19792,-7.49067,4]
],
"reflectors": [
],
"reflector_prisms": [
],
"absorber_prisms": [
[17.8138,-12.4089,-5.17893,19.8138,-7.40889,-1.17893]
]
}