{
"time_step": 1e-05,
"number_of_molecules": 500000,
"diff_coef": 400,
"sim_time": 0.9375,
"absorbers": [
[-0.0936232,8.43248,-11.1752,5],
[8.96455,2.89739,-18.7681,6],
[-1.10429,8.12595,14.8913,5]
],
"reflectors": [
[-11.3532,9.77583,0.733473,3]
],
"reflector_prisms": [
[-2.76991,-18.3825,-9.19571,1.23009,-15.3825,-3.19571]
],
"absorber_prisms": [
]
}