{
"time_step": 1e-05,
"number_of_molecules": 500000,
"diff_coef": 50,
"sim_time": 1.2,
"absorbers": [
[-2.1156,-0.532274,8.7316,3]
],
"reflectors": [
[-9.0771,1.65368,-3.85638,5],
[3.5084,-10.2391,5.18188,6],
[9.72513,-14.8899,-17.5702,6],
[14.6255,2.48758,14.8629,6]
],
"reflector_prisms": [
[-3.07057,-4.70303,-15.2344,1.92943,-0.703026,-13.2344]
],
"absorber_prisms": [
]
}