{
"time_step": 1e-05,
"number_of_molecules": 500000,
"diff_coef": 100,
"sim_time": 3.75,
"absorbers": [
[-9.60001,-8.68781,1.16693,6],
[18.4256,0.664904,7.74942,5]
],
"reflectors": [
[-2.41273,7.3854,-11.6462,2]
],
"reflector_prisms": [
],
"absorber_prisms": [
[-3.48835,-1.4924,-9.60316,-1.48835,1.5076,-5.60316],
[11.4554,-0.120047,-11.9686,16.4554,2.87995,-8.96864],
[-2.85434,-2.08405,5.92487,3.14566,-0.0840514,9.92487]
]
}