{
"time_step": 1e-05,
"number_of_molecules": 500000,
"diff_coef": 350,
"sim_time": 0.385714,
"absorbers": [
[1.57263,5.1314,-12.9304,5]
],
"reflectors": [
[-0.150328,19.6245,3.85425,2]
],
"reflector_prisms": [
[8.89767,-4.48984,-1.82727,10.8977,-2.48984,1.17273],
[-14.1019,-4.00644,-17.5143,-8.10188,-0.00643502,-15.5143],
[-5.40835,-12.0771,-0.696249,-2.40835,-7.07712,4.30375]
],
"absorber_prisms": [
]
}