{"time_step": 1e-05, "number_of_molecules": 500000, "diff_coef": 50, "sim_time": 12.0333, "absorbers": [[0.402312, 9.69149, 2.43171, 5], [-10.0881, 2.48162, -7.81489, 4], [-2.37728, 0.808836, -15.8017, 4], [-5.3545, -0.0261384, 24.4198, 6]], "reflectors": [[18.6709, 3.51752, -0.15794, 6]], "reflector_prisms": [], "absorber_prisms": [], "line_of_sight": [[0, 0, 0, 0, 0, 501], [0, 0, 0, 0, 0, 500], [99, 99, 0, 0, 0, 497], [106, 106, 0, 0, 0, 498]]}