{"time_step": 1e-05, "number_of_molecules": 500000, "diff_coef": 250, "sim_time": 2.16, "absorbers": [[-2.52423, 3.27745, -20.5885, 3], [18.9992, 2.23376, 14.4928, 6]], "reflectors": [], "reflector_prisms": [[-4.34714, -4.77719, -16.7004, 0.652858, 0.222809, -11.7004]], "absorber_prisms": [[-4.12828, -8.3384, -6.41721, 0.871719, -3.3384, -2.41721], [2.68108, 17.3988, -3.72187, 5.68108, 23.3988, -1.72187], [0.544652, 17.1633, -7.51182, 2.54465, 21.1633, -3.51182]], "line_of_sight": [[15, 0, 0, 0, 15, 501], [0, 0, 0, 0, 0, 502]]}