{
"time_step": 1e-05,
"number_of_molecules": 500000,
"diff_coef": 100,
"sim_time": 6.01667,
"absorbers": [
[-17.6583,16.1164,-2.10797,5],
[-8.9941,-0.103784,0.308863,2],
[0.428836,-10.9552,0.893882,3]
],
"reflectors": [
],
"reflector_prisms": [
],
"absorber_prisms": [
[10.4284,-8.066,-6.48042,14.4284,-3.066,-3.48042],
[-0.297051,-4.82521,7.60774,1.70295,-0.825209,13.6077]
]
}