{"time_step": 1e-05, "number_of_molecules": 500000, "diff_coef": 300, "sim_time": 1.60556, "absorbers": [[-13.1241, -9.90868, 16.0803, 6], [-4.28292, 0.284471, 16.4492, 6]], "reflectors": [], "reflector_prisms": [[6.16645, 1.76628, -18.2562, 12.1665, 6.76628, -16.2562]], "absorber_prisms": [[5.10917, 1.37716, -2.74249, 9.10917, 3.37716, 2.25751]], "line_of_sight": [[6, 6, 0, 0, 0, 501], [3, 3, 0, 0, 0, 501]]}