{"time_step": 1e-05, "number_of_molecules": 500000, "diff_coef": 400, "sim_time": 0.9375, "absorbers": [[-0.94886, -5.26202, -16.1372, 2]], "reflectors": [[-5.63057, -6.50803, -6.85144, 4], [-1.8076, 2.36577, -14.7016, 3], [12.5429, 1.10124, 3.23471, 3], [3.86083, 9.13022, 8.4103, 6], [3.74759, -19.1867, -7.66983, 6]], "reflector_prisms": [], "absorber_prisms": [], "line_of_sight": [[87, 0, 87, 0, 0, 497]]}