{
"time_step": 1e-05,
"number_of_molecules": 500000,
"diff_coef": 300,
"sim_time": 1.60556,
"absorbers": [
[-2.41721,0.99233,16.798,6],
[9.6573,11.9898,12.7664,3]
],
"reflectors": [
],
"reflector_prisms": [
[-4.36355,-14.8068,-13.6362,0.636448,-8.80675,-7.63615],
[-9.51399,-9.32726,-13.4104,-5.51399,-7.32726,-9.41038]
],
"absorber_prisms": [
]
}