{"time_step": 1e-05, "number_of_molecules": 500000, "diff_coef": 350, "sim_time": 1.71905, "absorbers": [[4.18829, 0.0725792, 10.1712, 4], [-2.20944, -0.950746, -20.8618, 2], [-7.02106, 16.4596, 8.9323, 4], [16.2909, -1.06129, -4.74132, 4], [1.40933, -4.28428, -12.1926, 4], [-12.4184, 9.71827, 12.302, 3], [17.5747, 9.26098, -6.80917, 3]], "reflectors": [[3.2374, -15.0694, 4.29335, 4], [5.44722, -1.40382, -23.3315, 6], [-12.0801, 1.3946, 4.59626, 4], [-5.10037, 4.67549, -13.3089, 3], [-1.14439, 7.61241, 7.85759, 4]], "reflector_prisms": [], "absorber_prisms": [], "line_of_sight": [[175, 91, 98, 0, 0, 500], [500, 578, 33, 0, 0, 500], [197, 0, 197, 0, 0, 500], [447, 0, 447, 0, 0, 503], [374, 94, 304, 0, 0, 501], [0, 0, 0, 0, 0, 498], [0, 0, 0, 0, 0, 497]]}