{
"time_step": 1e-05,
"number_of_molecules": 500000,
"diff_coef": 100,
"sim_time": 4.81667,
"absorbers": [
[1.25878,2.59975,15.7371,6],
[6.9826,-10.793,17.8537,5],
[9.5153,5.37501,-7.04048,6],
[5.31289,15.2844,14.9051,6],
[-8.07214,-4.09979,-7.87606,5]
],
"reflectors": [
[-10.1378,15.391,7.76804,4],
[6.92642,2.89894,-17.4534,5],
[-23.0165,6.55252,10.164,7],
[4.2339,-4.08382,-9.29497,4],
[-10.14,6.23527,-18.5014,6]
],
"reflector_prisms": [
],
"absorber_prisms": [
]
}