{"time_step": 1e-05, "number_of_molecules": 500000, "diff_coef": 100, "sim_time": 1.66667, "absorbers": [[0.303612, 1.30555, -15.9438, 6], [-5.65693, 5.60615, -0.755183, 2]], "reflectors": [[7.36509, 8.01649, -1.57842, 6], [-17.7897, 5.36445, 9.78511, 2]], "reflector_prisms": [], "absorber_prisms": [[-9.28263, -4.56219, 3.87023, -3.28263, -2.56219, 6.87023]], "line_of_sight": [[0, 0, 0, 0, 0, 496], [0, 0, 0, 0, 0, 500]]}