{"time_step": 1e-05, "number_of_molecules": 500000, "diff_coef": 50, "sim_time": 2.7, "absorbers": [[3.31551, -2.89089, 12.2332, 4]], "reflectors": [], "reflector_prisms": [], "absorber_prisms": [[-9.96702, -9.06863, 4.45662, -6.96702, -3.06863, 7.45662], [-5.34033, 5.61092, 4.14079, 0.659671, 7.61092, 7.14079], [-4.02384, 0.926515, 8.40244, 1.97616, 5.92652, 12.4024], [-3.65173, -2.38705, -17.9831, 2.34827, 1.61295, -15.9831]], "line_of_sight": [[0, 0, 0, 0, 0, 498]]}