{
"time_step": 1e-05,
"number_of_molecules": 500000,
"diff_coef": 350,
"sim_time": 1.54286,
"absorbers": [
[-6.98207,-2.43141,13.0514,2],
[6.30667,8.41328,21.5741,6],
[-1.46253,1.66037,-9.75214,4]
],
"reflectors": [
],
"reflector_prisms": [
[-15.2371,2.29081,5.13621,-13.2371,8.29081,10.1362],
[-11.742,6.61253,-12.343,-6.74204,8.61253,-7.34297]
],
"absorber_prisms": [
]
}