{
"time_step": 1e-05,
"number_of_molecules": 500000,
"diff_coef": 200,
"sim_time": 0.408333,
"absorbers": [
[0.538788,0.940037,-10.9465,4],
[-5.1718,-5.08231,-5.33128,4]
],
"reflectors": [
],
"reflector_prisms": [
[18.9729,-1.70509,0.0585988,23.9729,1.29491,2.0586]
],
"absorber_prisms": [
[-11.4642,-17.0858,5.7863,-9.46422,-11.0858,8.7863]
]
}