{
"time_step": 1e-05,
"number_of_molecules": 500000,
"diff_coef": 350,
"sim_time": 1.54286,
"absorbers": [
[0.00187478,11.0858,-16.6464,6],
[14.6574,1.19635,2.95476,7],
[1.38955,-5.03658,21.3706,7],
[0.836614,-5.06912,-18.2922,4],
[1.82053,17.8651,6.20677,6],
[20.4114,-0.303838,-8.20261,4]
],
"reflectors": [
[4.78964,-4.71274,7.40604,4],
[-8.58807,-13.44,1.26933,6],
[-13.8893,1.47865,19.5167,7]
],
"reflector_prisms": [
],
"absorber_prisms": [
]
}