{
"time_step": 1e-05,
"number_of_molecules": 500000,
"diff_coef": 400,
"sim_time": 0.6,
"absorbers": [
[-0.0491131,-0.161341,6.99797,2],
[-1.97829,0.297912,16.8819,5]
],
"reflectors": [
],
"reflector_prisms": [
[-10.9673,10.923,4.29873,-5.96735,13.923,9.29873],
[-8.05702,-8.90141,-20.5847,-6.05702,-3.90141,-14.5847],
[9.61212,-9.405,-0.471701,14.6121,-6.405,2.5283]
],
"absorber_prisms": [
[-8.60161,-12.9645,14.8501,-6.60161,-6.9645,18.8501]
]
}