{"time_step": 1e-05, "number_of_molecules": 500000, "diff_coef": 100, "sim_time": 5.4, "absorbers": [[5.88138, 19.9507, 11.9741, 7], [0.679742, -2.14975, -10.7665, 6], [3.07121, 21.6337, -2.55945, 4], [4.29653, -15.8545, -7.36024, 6]], "reflectors": [], "reflector_prisms": [], "absorber_prisms": [], "line_of_sight": [[100, 100, 0, 0, 0, 500], [0, 0, 0, 0, 0, 499], [0, 0, 0, 0, 0, 501], [84, 84, 0, 0, 0, 497]]}