{"time_step": 1e-05, "number_of_molecules": 500000, "diff_coef": 350, "sim_time": 1.37619, "absorbers": [[-3.19417, 6.11039, 19.8358, 4]], "reflectors": [[13.4564, 2.84628, 5.98522, 7]], "reflector_prisms": [], "absorber_prisms": [], "line_of_sight": [[0, 0, 0, 0, 0, 498]]}