{
"time_step": 1e-05,
"number_of_molecules": 500000,
"diff_coef": 250,
"sim_time": 1.92667,
"absorbers": [
[-2.79089,-2.71876,-18.5962,2]
],
"reflectors": [
],
"reflector_prisms": [
[-2.9353,2.33216,5.83616,-0.935295,5.33216,8.83616],
[-11.3009,11.0269,-15.0387,-9.30091,14.0269,-10.0387],
[2.7168,-17.6316,-13.8089,7.7168,-12.6316,-11.8089]
],
"absorber_prisms": [
[10.4098,0.62026,-9.61063,13.4098,2.62026,-6.61063]
]
}