{
"time_step": 1e-05,
"number_of_molecules": 500000,
"diff_coef": 50,
"sim_time": 12.0333,
"absorbers": [
[-18.2647,13.921,1.26831,4],
[0.976979,-2.45504,-15.7803,2]
],
"reflectors": [
],
"reflector_prisms": [
[-6.91085,1.53276,3.54411,-1.91085,6.53276,8.54411],
[9.45842,-7.36766,13.8942,12.4584,-1.36766,15.8942]
],
"absorber_prisms": [
[0.216473,-4.58372,-14.3508,4.21647,-2.58372,-12.3508],
[-3.59952,-14.1375,-16.2787,2.40048,-10.1375,-10.2787]
]
}