{
"time_step": 1e-05,
"number_of_molecules": 500000,
"diff_coef": 400,
"sim_time": 1.20417,
"absorbers": [
[-5.31654,-8.1746,-19.7208,5]
],
"reflectors": [
],
"reflector_prisms": [
[0.243113,-2.63256,17.9536,2.24311,1.36744,23.9536],
[-13.1236,5.57026,9.67922,-10.1236,10.5703,15.6792]
],
"absorber_prisms": [
[2.23498,-2.82659,-8.15237,4.23498,1.17341,-4.15237],
[5.83414,-9.80705,-2.44674,8.83414,-7.80705,0.553262]
]
}