{
"time_step": 1e-05,
"number_of_molecules": 500000,
"diff_coef": 250,
"sim_time": 0.326667,
"absorbers": [
[-2.7192,-2.97038,-11.3041,5]
],
"reflectors": [
[7.33096,-17.5038,0.935506,6],
[-9.45551,-2.17911,8.65129,3]
],
"reflector_prisms": [
],
"absorber_prisms": [
[13.8701,1.01935,12.4873,16.8701,5.01935,15.4873]
]
}