{
"time_step": 1e-05,
"number_of_molecules": 500000,
"diff_coef": 200,
"sim_time": 0.675,
"absorbers": [
[5.47614,-7.98772,10.1098,5]
],
"reflectors": [
[3.61065,10.2736,7.10038,3],
[-10.2564,-7.63176,-7.84616,5],
[1.29909,1.24591,18.9145,3],
[8.58261,3.7165,3.53928,4]
],
"reflector_prisms": [
],
"absorber_prisms": [
[-20.7467,-5.74646,-9.80401,-14.7467,0.253542,-7.80401]
]
}