{"time_step": 1e-05, "number_of_molecules": 500000, "diff_coef": 200, "sim_time": 1.875, "absorbers": [[-11.5597, 4.83008, 8.24879, 3], [-5.15018, 14.0522, -1.005, 3], [5.32554, -7.64412, 16.5592, 4]], "reflectors": [[0.699933, -17.9081, -12.7597, 4], [-12.8724, 9.00258, -8.78944, 5], [2.96604, 7.84949, -3.25394, 4], [13.0874, -2.665, -8.81011, 5]], "reflector_prisms": [], "absorber_prisms": [], "line_of_sight": [[395, 0, 395, 0, 0, 501], [0, 0, 0, 0, 0, 502], [0, 0, 0, 0, 0, 499]]}