{"time_step": 1e-05, "number_of_molecules": 500000, "diff_coef": 400, "sim_time": 1.20417, "absorbers": [[-16.2092, 3.20216, -12.9618, 4]], "reflectors": [], "reflector_prisms": [[-1.12787, -0.610659, 8.48472, 1.87213, 1.38934, 10.4847], [13.6772, -9.27499, 4.59523, 19.6772, -3.27499, 8.59523], [1.9697, 4.62158, 2.79005, 5.9697, 9.62158, 8.79005]], "absorber_prisms": [], "line_of_sight": [[0, 0, 0, 0, 0, 504]]}