{
"time_step": 1e-05,
"number_of_molecules": 500000,
"diff_coef": 50,
"sim_time": 7.5,
"absorbers": [
[-12.2373,0.089587,13.2,3]
],
"reflectors": [
[-8.08483,-1.64161,-7.27603,6],
[4.92183,0.994401,10.8989,2]
],
"reflector_prisms": [
[-0.755901,8.41765,-1.19607,3.2441,11.4177,1.80393]
],
"absorber_prisms": [
[1.53522,0.79544,14.6721,3.53522,3.79544,20.6721]
]
}