{
"time_step": 1e-05,
"number_of_molecules": 500000,
"diff_coef": 300,
"sim_time": 1.42222,
"absorbers": [
[-8.26958,-2.54327,-14.6337,5],
[-19.2117,-5.32842,-1.5871,5],
[-0.842013,-0.577559,22.9773,7],
[0.952564,-12.7602,2.29538,7],
[-6.73053,13.247,11.8413,4],
[-6.50408,-8.07598,10.8386,4]
],
"reflectors": [
[-2.71383,9.67112,-11.1402,5],
[-17.9215,-17.0474,8.01289,7],
[-0.0682881,0.245162,-17.9982,4],
[14.9901,2.99229,-9.50488,4]
],
"reflector_prisms": [
],
"absorber_prisms": [
]
}