{
"time_step": 1e-05,
"number_of_molecules": 500000,
"diff_coef": 400,
"sim_time": 1.50417,
"absorbers": [
[-1.13568,11.9398,-0.38848,4],
[2.13976,-0.442261,-13.8284,6],
[-5.40453,-9.57973,0.14095,4],
[8.37952,6.34302,7.65178,6],
[14.6808,4.886,-17.0176,6],
[-0.626388,1.8418,23.921,5]
],
"reflectors": [
[11.4191,-13.912,-15.8764,5],
[-9.25011,15.3519,-1.6593,4],
[8.18673,-5.97567,9.65757,4],
[-4.17704,-8.65187,11.5194,6]
],
"reflector_prisms": [
],
"absorber_prisms": [
]
}