{
"time_step": 1e-05,
"number_of_molecules": 500000,
"diff_coef": 150,
"sim_time": 0.277778,
"absorbers": [
[2.60913,1.34155,-8.50839,4]
],
"reflectors": [
[-0.842621,2.49939,8.60483,4]
],
"reflector_prisms": [
],
"absorber_prisms": [
[-15.3188,1.87804,-16.1181,-9.31878,7.87804,-11.1181]
]
}