{"time_step": 1e-05, "number_of_molecules": 500000, "diff_coef": 200, "sim_time": 3.00833, "absorbers": [[6.40999, -3.19827, -17.5978, 4], [6.32827, 5.48388, 8.59535, 4], [-2.72036, 7.37458, 9.06726, 3], [12.795, 15.9926, -12.511, 5], [12.8585, -0.0384819, -12.596, 2], [-3.97903, -2.6307, -6.42236, 2], [-1.15327, 7.36717, 18.5579, 2], [10.0246, -3.69713, 10.528, 4]], "reflectors": [[-0.273312, -4.27829, 5.53367, 2], [8.73131, 3.31944, -3.57008, 3]], "reflector_prisms": [], "absorber_prisms": [], "line_of_sight": [[0, 0, 0, 0, 0, 499], [167, 167, 0, 0, 0, 502], [6, 6, 0, 0, 0, 501], [8, 0, 8, 0, 0, 498], [0, 0, 0, 0, 0, 501], [364, 364, 0, 0, 0, 501], [18, 18, 0, 0, 0, 501], [0, 0, 0, 0, 0, 500]]}