{"time_step": 1e-05, "number_of_molecules": 500000, "diff_coef": 350, "sim_time": 1.54286, "absorbers": [[-14.4163, 7.14255, -10.1072, 7], [3.21054, 15.5308, 10.4636, 5], [-1.54546, -2.369, -21.8174, 4]], "reflectors": [[8.57486, 4.49189, 5.22443, 5]], "reflector_prisms": [], "absorber_prisms": [], "line_of_sight": [[36, 0, 36, 0, 0, 502], [0, 0, 0, 0, 0, 500], [0, 0, 0, 0, 0, 499]]}