{
"time_step": 1e-05,
"number_of_molecules": 500000,
"diff_coef": 300,
"sim_time": 0.672222,
"absorbers": [
[-1.80614,-4.38745,15.2803,5],
[-12.6467,-6.6256,-7.22235,6]
],
"reflectors": [
],
"reflector_prisms": [
[3.9889,5.54414,-13.7742,5.9889,11.5441,-8.77424]
],
"absorber_prisms": [
[8.33575,-5.29914,-14.1915,11.3358,-2.29914,-11.1915],
[-4.62198,-9.46545,17.7447,1.37802,-4.46545,21.7447],
[4.95407,-1.25162,-0.239956,8.95407,0.748382,1.76004]
]
}