{"time_step": 1e-05, "number_of_molecules": 500000, "diff_coef": 150, "sim_time": 3.6, "absorbers": [[2.60373, 7.41249, -23.7334, 7], [-6.43585, 6.33217, -13.2092, 5], [2.4839, -10.8836, -4.402, 7], [11.1461, 7.8434, 8.38124, 7], [17.9817, -10.7369, 11.7209, 6]], "reflectors": [[-6.93129, 14.2883, 1.94949, 6]], "reflector_prisms": [], "absorber_prisms": [], "line_of_sight": [[56, 56, 0, 0, 0, 499], [107, 107, 0, 0, 0, 497], [125, 9, 116, 0, 0, 501], [16, 16, 0, 0, 0, 498], [74, 74, 0, 0, 0, 502]]}