{
"time_step": 1e-05,
"number_of_molecules": 500000,
"diff_coef": 300,
"sim_time": 1.8,
"absorbers": [
[10.2101,10.3417,19.0998,6],
[-1.16401,-13.9511,-0.114706,6]
],
"reflectors": [
],
"reflector_prisms": [
],
"absorber_prisms": [
[-2.88286,-6.07162,-11.5732,1.11714,-4.07162,-5.57317],
[-2.44418,-3.03281,8.97993,1.55582,1.96719,14.9799],
[-8.54284,0.574553,7.01756,-3.54284,5.57455,9.01756],
[8.85133,-11.8457,-0.963348,12.8513,-5.84575,1.03665]
]
}