{"time_step": 1e-05, "number_of_molecules": 500000, "diff_coef": 300, "sim_time": 0.672222, "absorbers": [[0.611974, 0.046667, 13.9865, 3], [9.98971, 9.79867, -0.438025, 3], [-2.31056, 3.48265, 7.97073, 3], [2.49804, 0.930682, -8.59614, 2]], "reflectors": [[-2.81308, 5.47334, 3.33605, 2], [7.44915, -13.1834, -11.4764, 3], [4.78715, 9.76157, 1.67183, 2], [4.91964, -4.63809, -17.7563, 5], [-1.82097, -16.9789, 13.8709, 5], [8.11002, -6.09108, -4.25749, 2]], "reflector_prisms": [], "absorber_prisms": [], "line_of_sight": [[159, 146, 86, 0, 0, 498], [17, 0, 17, 0, 0, 502], [218, 79, 243, 0, 0, 499], [200, 159, 132, 0, 0, 501]]}