{"time_step": 1e-05, "number_of_molecules": 500000, "diff_coef": 100, "sim_time": 0.816667, "absorbers": [[3.45348, 7.91659, -9.71602, 6]], "reflectors": [[-22.3222, -4.61032, 3.07678, 4], [17.6113, 2.76618, -6.57202, 6], [-1.43238, 1.25571, 20.9134, 4], [10.9963, 5.44626, 11.7652, 6], [-0.416038, 0.795322, -15.9748, 4]], "reflector_prisms": [], "absorber_prisms": [], "line_of_sight": [[23, 0, 23, 0, 0, 499]]}