{"time_step": 1e-05, "number_of_molecules": 500000, "diff_coef": 200, "sim_time": 3.00833, "absorbers": [[14.7062, 10.2767, 10.914, 2], [-8.94782, -0.380802, 0.889678, 2], [18.4987, 4.22812, -0.958825, 2], [-2.28386, -8.69622, -0.399712, 2], [9.47682, -8.51401, -7.91843, 4], [-1.23667, -21.768, 2.93708, 6], [3.44246, -3.90712, 17.2303, 3], [1.23737, 2.70648, 10.5898, 5]], "reflectors": [[-14.8042, 2.38652, -0.375434, 3], [-0.899723, -2.95421, -9.51121, 2], [-12.2855, -6.01519, 18.4901, 6]], "reflector_prisms": [], "absorber_prisms": [], "line_of_sight": [[0, 0, 0, 0, 0, 498], [228, 81, 147, 0, 0, 500], [300, 300, 0, 0, 0, 500], [204, 204, 0, 0, 0, 502], [0, 0, 0, 0, 0, 501], [142, 142, 0, 0, 0, 502], [223, 223, 0, 0, 0, 501], [69, 53, 16, 0, 0, 501]]}