{"time_step": 1e-05, "number_of_molecules": 500000, "diff_coef": 100, "sim_time": 6.01667, "absorbers": [[1.72456, -15.6348, 15.3812, 3], [3.30447, -2.21099, -9.17562, 5], [-2.45012, -12.6836, -15.2684, 5]], "reflectors": [], "reflector_prisms": [[9.9897, -5.18612, -11.9489, 13.9897, -0.186119, -6.94891]], "absorber_prisms": [[-2.7827, 8.59004, -14.6828, -0.7827, 10.59, -10.6828]], "line_of_sight": [[0, 0, 0, 0, 0, 499], [54, 54, 0, 0, 0, 498], [125, 125, 0, 0, 0, 502]]}