{"time_step": 1e-05, "number_of_molecules": 500000, "diff_coef": 400, "sim_time": 1.50417, "absorbers": [[-0.924342, 1.62755, -21.9202, 4], [-1.05709, -5.92963, 12.6381, 7], [-6.05363, -8.06459, -16.1033, 7], [8.3646, -9.11935, -21.7226, 6], [10.7764, 18.4223, -14.8488, 7]], "reflectors": [[-16.1251, 5.33532, 18.3443, 7], [-4.86953, 5.34721, 10.8026, 5], [-21.1377, 6.93205, -9.00791, 6]], "reflector_prisms": [], "absorber_prisms": [], "line_of_sight": [[416, 416, 0, 0, 0, 497], [132, 132, 0, 0, 0, 499], [51, 0, 51, 0, 0, 501], [496, 0, 622, 0, 0, 496], [190, 190, 0, 0, 0, 500]]}