{
"time_step": 1e-05,
"number_of_molecules": 500000,
"diff_coef": 300,
"sim_time": 1.8,
"absorbers": [
[-14.1043,-16.4753,-3.69243,5],
[3.16932,21.7693,-0.228276,4],
[1.53971,-11.9711,10.5034,7],
[-2.08703,14.4611,-8.6902,7],
[5.99113,3.84164,-15.4385,6],
[-18.2526,-8.0563,1.39204,5]
],
"reflectors": [
[2.92813,-3.94799,23.4913,5],
[16.9969,-11.4382,-16.0085,7],
[2.75583,3.52543,10.0487,6],
[0.527193,-9.81583,-11.3301,4],
[-15.6573,10.9396,12.8131,6],
[-5.93076,-22.3346,-6.48012,5]
],
"reflector_prisms": [
],
"absorber_prisms": [
]
}