{"time_step": 1e-05, "number_of_molecules": 500000, "diff_coef": 350, "sim_time": 0.804762, "absorbers": [[2.74505, 18.3554, 4.06738, 6], [-0.210444, 1.94507, 12.8519, 4]], "reflectors": [], "reflector_prisms": [[11.6697, 8.00499, -12.4945, 13.6697, 11.005, -8.49448]], "absorber_prisms": [[-18.9246, -9.50055, -6.12586, -12.9246, -4.50055, -3.12586]], "line_of_sight": [[0, 0, 0, 0, 0, 500], [0, 0, 0, 0, 0, 498]]}