{"time_step": 1e-05, "number_of_molecules": 500000, "diff_coef": 150, "sim_time": 1.11111, "absorbers": [[-2.78884, 14.6815, 1.29502, 5]], "reflectors": [[-10.4779, 7.54686, 1.50295, 2]], "reflector_prisms": [[6.15672, 3.80618, 4.15676, 12.1567, 6.80618, 7.15676]], "absorber_prisms": [[-4.37727, 1.94355, -20.4625, -1.37727, 4.94355, -16.4625], [-12.4647, -5.94193, 12.2946, -6.4647, -1.94193, 17.2946]], "line_of_sight": [[0, 0, 0, 0, 0, 500]]}