{
"time_step": 1e-05,
"number_of_molecules": 500000,
"diff_coef": 300,
"sim_time": 0.2,
"absorbers": [
[0.177105,6.24458,6.47872,3]
],
"reflectors": [
[5.65538,8.49412,12.3234,3],
[8.92395,1.98347,21.1052,4],
[-1.03307,0.315326,-11.9513,3],
[12.8551,2.94454,-12.2505,3]
],
"reflector_prisms": [
],
"absorber_prisms": [
]
}