{"time_step": 1e-05, "number_of_molecules": 500000, "diff_coef": 50, "sim_time": 12.0333, "absorbers": [[-3.03723, -1.45556, 11.5177, 2], [-22.8593, 9.732, -2.78191, 6], [-17.603, 0.637784, -3.70484, 4]], "reflectors": [[3.80142, 10.971, 3.03102, 3]], "reflector_prisms": [], "absorber_prisms": [[-6.52213, 4.52894, -3.04738, -2.52213, 9.52894, -0.0473812]], "line_of_sight": [[0, 0, 0, 0, 0, 502], [130, 77, 0, 53, 0, 500], [86, 86, 0, 0, 0, 501]]}