{"time_step": 1e-05, "number_of_molecules": 500000, "diff_coef": 200, "sim_time": 1.00833, "absorbers": [[-7.75783, 14.7887, -3.17982, 6]], "reflectors": [], "reflector_prisms": [], "absorber_prisms": [[6.85582, -6.53009, -2.58484, 11.8558, -0.530086, 2.41516], [2.65433, 8.37585, -6.10872, 7.65433, 14.3759, -1.10872], [1.97566, 7.51082, -13.8654, 7.97566, 11.5108, -9.86537]], "line_of_sight": [[0, 0, 0, 0, 0, 499]]}