{
"time_step": 1e-05,
"number_of_molecules": 500000,
"diff_coef": 400,
"sim_time": 1.20417,
"absorbers": [
[-21.5986,-2.01606,-3.66568,5],
[1.89118,-9.39887,-8.77979,4],
[-0.217888,12.8825,1.72994,6],
[7.73856,14.4188,16.1621,7],
[2.41622,-0.310323,-11.7501,5],
[-4.58195,-18.1403,7.06653,5],
[16.3208,8.58732,-10.0444,6]
],
"reflectors": [
[6.34926,2.18414,20.9503,5]
],
"reflector_prisms": [
],
"absorber_prisms": [
]
}