{"time_step": 1e-05, "number_of_molecules": 500000, "diff_coef": 400, "sim_time": 0.15, "absorbers": [[8.75324, -2.16351, -4.32435, 4], [4.60363, 9.22002, 3.84679, 5]], "reflectors": [], "reflector_prisms": [[-2.47213, -2.76604, -20.4985, 2.52787, 3.23396, -15.4985], [-1.23399, -0.897773, 6.97678, 0.766008, 2.10223, 10.9768]], "absorber_prisms": [], "line_of_sight": [[0, 0, 0, 0, 0, 500], [0, 0, 0, 0, 0, 501]]}