{"time_step": 1e-05, "number_of_molecules": 500000, "diff_coef": 400, "sim_time": 1.50417, "absorbers": [[-12.8856, 18.0269, 9.21915, 7], [13.4154, 5.36406, 8.95849, 6], [-4.99599, -2.60285, 7.01892, 4], [3.30765, 0.781488, 22.7475, 4]], "reflectors": [], "reflector_prisms": [], "absorber_prisms": [], "line_of_sight": [[0, 0, 0, 0, 0, 501], [0, 0, 0, 0, 0, 502], [0, 0, 0, 0, 0, 498], [0, 0, 0, 0, 0, 500]]}