{
"time_step": 1e-05,
"number_of_molecules": 500000,
"diff_coef": 100,
"sim_time": 2.81667,
"absorbers": [
[13.0423,0.784371,-9.23496,3]
],
"reflectors": [
[-7.4524,-15.2478,0.983525,2],
[-5.41043,-3.10312,-6.48829,2],
[-0.0388816,7.42577,2.97598,2]
],
"reflector_prisms": [
],
"absorber_prisms": [
[2.96431,-7.5357,-6.83557,7.96431,-4.5357,-0.835567],
[3.44151,-0.965504,-21.6377,7.44151,5.0345,-16.6377]
]
}