{"time_step": 1e-05, "number_of_molecules": 500000, "diff_coef": 50, "sim_time": 7.5, "absorbers": [[-18.2274, 9.98798, 3.0004, 6], [-1.19643, -7.85219, 18.3552, 5], [-8.69401, 2.03758, -1.12359, 4]], "reflectors": [[-5.26341, 10.7021, 5.1732, 6], [-4.17839, -9.2075, -4.33163, 6], [-7.1701, -19.697, -1.27175, 3], [9.5694, 1.38962, 17.507, 6]], "reflector_prisms": [], "absorber_prisms": [], "line_of_sight": [[372, 265, 107, 0, 0, 502], [0, 0, 0, 0, 0, 501], [116, 116, 0, 0, 0, 499]]}