{"time_step": 1e-05, "number_of_molecules": 500000, "diff_coef": 350, "sim_time": 1.37619, "absorbers": [[5.09271, -7.21721, 16.8219, 5], [-3.00022, -11.4041, 2.22391, 6], [-13.1227, -18.8858, 0.351206, 6], [7.97209, 9.88708, -7.98069, 5], [6.71927, -12.7028, -9.08237, 6]], "reflectors": [[-1.52614, 13.8718, -1.11483, 4], [-13.035, 5.65092, -11.0525, 7], [-12.5002, 5.63248, 10.0509, 7]], "reflector_prisms": [], "absorber_prisms": [], "line_of_sight": [[107, 0, 107, 0, 0, 503], [305, 202, 103, 0, 0, 501], [327, 381, 0, 0, 0, 498], [202, 242, 0, 0, 0, 500], [139, 0, 139, 0, 0, 500]]}