{
"time_step": 1e-05,
"number_of_molecules": 500000,
"diff_coef": 400,
"sim_time": 0.704167,
"absorbers": [
[-13.9855,2.06243,-11.1423,5],
[6.24348,-1.76934,-8.88191,2]
],
"reflectors": [
[2.49951,-13.6002,2.18807,4]
],
"reflector_prisms": [
],
"absorber_prisms": [
[-4.63516,0.970452,11.2645,-2.63516,3.97045,14.2645],
[11.377,6.2959,1.61303,13.377,11.2959,4.61303]
]
}