{
"time_step": 1e-05,
"number_of_molecules": 500000,
"diff_coef": 400,
"sim_time": 1.50417,
"absorbers": [
[-1.6038,-9.06474,15.468,4],
[17.2977,9.52586,15.3313,6],
[-4.10615,-7.15687,-5.64967,3]
],
"reflectors": [
],
"reflector_prisms": [
[3.28867,-1.624,-15.1215,6.28867,1.376,-10.1215]
],
"absorber_prisms": [
]
}