{
"time_step": 1e-05,
"number_of_molecules": 500000,
"diff_coef": 400,
"sim_time": 0.6,
"absorbers": [
[-17.3796,2.68705,-3.83796,6]
],
"reflectors": [
[-4.27503,-4.67493,6.3929,4]
],
"reflector_prisms": [
[9.48716,-5.24369,-5.0948,13.4872,-0.24369,-3.0948],
[7.10227,5.59524,-13.0181,9.10227,9.59524,-10.0181],
[1.36398,0.634415,9.7749,6.36398,2.63442,13.7749]
],
"absorber_prisms": [
]
}