{"time_step": 1e-05, "number_of_molecules": 500000, "diff_coef": 50, "sim_time": 8.53333, "absorbers": [[0.544874, 1.96883, -8.76509, 4], [7.35876, -6.73585, 16.1702, 4], [-19.1647, 8.04956, 2.98614, 5]], "reflectors": [], "reflector_prisms": [[-7.7386, -1.04216, 8.73745, -2.7386, 0.957839, 11.7374]], "absorber_prisms": [], "line_of_sight": [[64, 64, 0, 0, 0, 499], [195, 195, 0, 0, 0, 500], [0, 0, 0, 0, 0, 501]]}