{
"time_step": 1e-05,
"number_of_molecules": 500000,
"diff_coef": 200,
"sim_time": 1.00833,
"absorbers": [
[-9.70128,-6.89222,-5.23282,2]
],
"reflectors": [
],
"reflector_prisms": [
[1.76082,-7.81171,-22.6354,5.76082,-1.81171,-19.6354],
[-0.808119,7.19176,6.74165,2.19188,9.19176,10.7416]
],
"absorber_prisms": [
[-3.45962,4.79591,0.349759,-0.459619,7.79591,4.34976],
[6.58575,2.21428,17.0217,9.58575,5.21428,21.0217]
]
}