{
"time_step": 1e-05,
"number_of_molecules": 500000,
"diff_coef": 250,
"sim_time": 0.96,
"absorbers": [
[-1.07904,5.36084,12.8879,2]
],
"reflectors": [
],
"reflector_prisms": [
],
"absorber_prisms": [
[-18.2276,-11.317,-2.63694,-14.2276,-8.31701,0.363064],
[-3.1115,-3.63795,-21.8715,-1.1115,2.36205,-15.8715],
[-8.88132,1.61922,-9.28886,-2.88132,3.61922,-3.28886],
[5.64277,-8.51203,-7.37002,7.64277,-4.51203,-2.37002]
]
}