{"time_step": 1e-05, "number_of_molecules": 500000, "diff_coef": 100, "sim_time": 4.26667, "absorbers": [[-1.88093, -5.97096, 11.3934, 4], [8.1545, 10.0259, -1.40913, 2], [-0.172639, -0.488638, -13.9904, 5], [-1.85029, 11.0137, -6.65394, 5], [-3.58485, 13.3785, 9.85721, 3], [17.7776, 4.68857, -10.1477, 5], [-12.773, 12.5672, 1.70772, 5], [6.73986, 1.30642, 12.2011, 6]], "reflectors": [[8.90592, 0.577507, -1.16233, 2], [-0.912502, 2.90312, 24.8141, 6], [3.25152, -18.1761, -7.68496, 2], [-3.27354, -7.67366, 3.37621, 2], [11.4699, -9.14583, 13.594, 4], [11.1649, -18.7619, 2.7087, 4], [5.89894, 6.69114, -8.0269, 2]], "reflector_prisms": [], "absorber_prisms": [], "line_of_sight": [[213, 171, 42, 0, 0, 502], [0, 0, 0, 0, 0, 497], [310, 255, 67, 0, 0, 502], [128, 57, 71, 0, 0, 500], [40, 0, 40, 0, 0, 499], [45, 0, 45, 0, 0, 500], [80, 0, 80, 0, 0, 499], [152, 127, 89, 0, 0, 496]]}