{"time_step": 1e-05, "number_of_molecules": 500000, "diff_coef": 100, "sim_time": 3.75, "absorbers": [[16.2258, 5.05349, 8.49617, 4], [5.71445, -2.79816, -14.6804, 5]], "reflectors": [[-18.4184, -4.41827, 9.06876, 4], [-10.3039, 13.0779, -12.7983, 3], [-7.52118, 20.6685, -0.49301, 3], [-1.68131, -4.80393, 9.75169, 3]], "reflector_prisms": [], "absorber_prisms": [], "line_of_sight": [[0, 0, 0, 0, 0, 501], [0, 0, 0, 0, 0, 501]]}