{
"time_step": 1e-05,
"number_of_molecules": 500000,
"diff_coef": 250,
"sim_time": 1.5,
"absorbers": [
[5.84607,0.387511,19.1226,5],
[-6.49149,-3.75185,9.36932,7]
],
"reflectors": [
[-1.56845,11.2059,3.99599,7],
[-12.8434,5.76088,-9.53203,6]
],
"reflector_prisms": [
],
"absorber_prisms": [
]
}