{
"time_step": 1e-05,
"number_of_molecules": 500000,
"diff_coef": 100,
"sim_time": 4.81667,
"absorbers": [
[3.84752,0.691508,-10.2819,3],
[-0.497709,-1.91225,18.897,2]
],
"reflectors": [
],
"reflector_prisms": [
[-1.93794,6.92667,-3.52444,1.06206,9.92667,1.47556],
[3.06225,4.92443,11.5952,7.06225,8.92443,16.5952],
[-1.80606,10.9864,-8.41691,2.19394,16.9864,-2.41691],
[2.67857,-22.663,-0.785426,4.67857,-18.663,2.21457]
],
"absorber_prisms": [
]
}