{
"time_step": 1e-05,
"number_of_molecules": 500000,
"diff_coef": 350,
"sim_time": 1.37619,
"absorbers": [
[7.86825,19.677,-5.90823,5],
[0.547018,-13.4,-8.7258,3],
[4.36343,7.14937,-21.4207,6],
[8.72341,3.68188,3.21651,5]
],
"reflectors": [
[4.82714,-1.43159,-11.9854,5],
[-2.39346,-0.694686,10.714,2],
[14.7379,-8.01088,-2.76063,3],
[-10.6854,-5.32716,1.20143,2],
[0.0881487,7.82,-4.4542,2],
[21.3124,1.687,5.19002,6]
],
"reflector_prisms": [
],
"absorber_prisms": [
]
}