{"time_step": 1e-05, "number_of_molecules": 500000, "diff_coef": 100, "sim_time": 4.81667, "absorbers": [[3.81917, 1.28921, -11.3027, 2], [10.9216, -16.3453, -11.9394, 6]], "reflectors": [[6.214, -3.12909, -5.7092, 2], [0.380033, 0.0234103, 21.9967, 3]], "reflector_prisms": [[-16.3443, 3.10233, -1.17463, -11.3443, 5.10233, 3.82537]], "absorber_prisms": [], "line_of_sight": [[0, 0, 0, 0, 0, 501], [43, 0, 43, 0, 0, 501]]}