{"time_step": 1e-05, "number_of_molecules": 500000, "diff_coef": 200, "sim_time": 2.13333, "absorbers": [[3.74011, 16.8127, 5.2293, 2]], "reflectors": [], "reflector_prisms": [[-2.68224, -5.40138, 5.30453, 1.31776, -1.40138, 11.3045]], "absorber_prisms": [], "line_of_sight": [[0, 0, 0, 0, 0, 502]]}