{
"time_step": 1e-05,
"number_of_molecules": 500000,
"diff_coef": 400,
"sim_time": 0.204167,
"absorbers": [
[-5.39116,6.80059,-6.75924,4]
],
"reflectors": [
[-0.882677,-1.71935,-20.9109,5]
],
"reflector_prisms": [
[8.62552,-5.44581,10.5032,14.6255,-3.44581,15.5032]
],
"absorber_prisms": [
[-13.6851,-13.8909,2.11449,-7.68509,-10.8909,7.11449]
]
}