{
"time_step": 1e-05,
"number_of_molecules": 500000,
"diff_coef": 350,
"sim_time": 0.304762,
"absorbers": [
[9.20718,3.7215,-6.73634,4],
[7.31805,-1.29183,-2.96266,2]
],
"reflectors": [
],
"reflector_prisms": [
[-3.85487,6.38934,-16.9438,0.145133,9.38934,-12.9438]
],
"absorber_prisms": [
[-5.44696,2.53226,-13.4589,-0.446964,5.53226,-9.4589],
[0.877401,-3.15508,-15.9027,6.8774,0.844915,-10.9027],
[14.0143,0.99015,-2.09659,19.0143,6.99015,0.903414]
]
}