{"time_step": 1e-05, "number_of_molecules": 500000, "diff_coef": 250, "sim_time": 1.5, "absorbers": [[2.63132, 2.01423, 13.6022, 4], [-12.5848, -2.476, -14.0176, 4]], "reflectors": [], "reflector_prisms": [], "absorber_prisms": [[-6.261, -6.29119, -5.68709, -4.261, -2.29119, -0.687092], [-23.3197, -6.48054, -0.681901, -17.3197, -3.48054, 4.3181], [-7.19736, 9.59587, -18.4791, -3.19736, 15.5959, -13.4791]], "line_of_sight": [[0, 0, 0, 0, 0, 501], [69, 0, 0, 69, 0, 499]]}