{"time_step": 1e-05, "number_of_molecules": 500000, "diff_coef": 50, "sim_time": 12.0333, "absorbers": [[3.43733, 9.20083, -12.6305, 5], [-7.28071, 15.3748, -15.4792, 5], [2.02394, -10.9078, -20.1476, 4]], "reflectors": [[3.97011, -0.614247, 13.4112, 4], [7.98135, 10.331, 5.05644, 6]], "reflector_prisms": [], "absorber_prisms": [], "line_of_sight": [[0, 0, 0, 0, 0, 499], [0, 0, 0, 0, 0, 501], [0, 0, 0, 0, 0, 501]]}