{"time_step": 1e-05, "number_of_molecules": 500000, "diff_coef": 150, "sim_time": 3.21111, "absorbers": [[-5.95093, -8.51024, 7.82063, 6], [18.9735, 8.69752, -9.66234, 6], [-3.62931, 7.22678, 10.1785, 2], [0.380235, 0.712126, 16.9808, 3], [2.37078, -14.263, 10.7213, 4], [-0.878995, -8.73933, -1.96254, 3], [-12.2035, -3.8718, -15.365, 3], [12.4958, -5.87927, 5.85572, 6]], "reflectors": [[-8.85623, -4.68126, -4.54455, 4], [4.77503, -0.796383, -9.87749, 3], [9.36681, 13.2894, 7.72361, 3], [-1.08281, -9.56215, -17.5326, 5], [10.0318, 11.3033, 15.9875, 5]], "reflector_prisms": [], "absorber_prisms": [], "line_of_sight": [[128, 128, 0, 0, 0, 498], [199, 199, 0, 0, 0, 503], [76, 0, 76, 0, 0, 500], [0, 0, 0, 0, 0, 501], [98, 98, 0, 0, 0, 504], [0, 0, 0, 0, 0, 499], [114, 0, 114, 0, 0, 499], [0, 0, 0, 0, 0, 499]]}