{"time_step": 1e-05, "number_of_molecules": 500000, "diff_coef": 150, "sim_time": 4.01111, "absorbers": [[4.1378, -7.99117, 0.14093, 4], [-7.30178, 0.12887, -16.452, 4], [-21.9452, -5.11578, -4.60841, 4], [-16.6128, -9.09731, 1.50174, 5]], "reflectors": [], "reflector_prisms": [], "absorber_prisms": [[-1.55153, 1.72254, -21.5293, 0.448465, 6.72254, -16.5293]], "line_of_sight": [[0, 0, 0, 0, 0, 501], [0, 0, 0, 0, 0, 499], [67, 67, 0, 0, 0, 499], [43, 43, 0, 0, 0, 500]]}