{"time_step": 1e-05, "number_of_molecules": 500000, "diff_coef": 250, "sim_time": 1.70667, "absorbers": [[-7.67318, 8.02252, 12.8748, 2], [-6.24963, -9.17977, -15.4167, 3]], "reflectors": [], "reflector_prisms": [[-2.18944, -19.3929, 12.1239, -0.189436, -13.3929, 17.1239], [-1.34785, -1.13685, 5.98511, 0.652153, 1.86315, 10.9851]], "absorber_prisms": [[2.75584, 14.8711, 5.61583, 4.75584, 16.8711, 9.61583], [2.28126, 1.28338, 14.1287, 7.28126, 4.28338, 20.1287]], "line_of_sight": [[0, 0, 0, 0, 0, 499], [0, 0, 0, 0, 0, 501]]}