{"time_step": 1e-05, "number_of_molecules": 500000, "diff_coef": 250, "sim_time": 0.426667, "absorbers": [[5.99616, -1.98014, 7.75404, 2]], "reflectors": [], "reflector_prisms": [[-13.2581, 4.97731, 2.22498, -9.25807, 7.97731, 8.22498], [-3.00817, -2.18761, -16.4905, 1.99183, 1.81239, -14.4905], [-0.114042, 7.80388, 16.975, 3.88596, 11.8039, 19.975]], "absorber_prisms": [[18.0465, -5.84274, 5.8756, 20.0465, 0.157261, 10.8756], [-1.11381, 4.10203, -11.5718, 3.88619, 6.10203, -6.57181]], "line_of_sight": [[0, 0, 0, 0, 0, 502]]}