{"time_step": 1e-05, "number_of_molecules": 500000, "diff_coef": 400, "sim_time": 0.15, "absorbers": [[-1.1652, -2.14479, 8.66269, 3]], "reflectors": [[12.1196, -8.30194, -13.5717, 4], [0.794187, -0.674049, 21.9753, 3]], "reflector_prisms": [[-4.22164, 3.93503, -16.3479, -2.22164, 8.93503, -13.3479]], "absorber_prisms": [], "line_of_sight": [[68, 0, 68, 0, 0, 501]]}