{"time_step": 1e-05, "number_of_molecules": 500000, "diff_coef": 350, "sim_time": 1.71905, "absorbers": [[0.956264, -12.9627, 0.232245, 2], [6.87193, -1.01716, 15.5159, 3], [-12.1642, 3.8955, 9.63628, 3], [-13.0865, -13.288, -13.4601, 6], [-12.2754, 11.4614, -14.2109, 6], [9.97001, 11.7762, -4.2331, 3], [1.38614, 3.15197, -20.7158, 2], [9.79169, 3.82468, 7.64818, 4]], "reflectors": [[-0.241704, -0.521903, -6.97633, 2], [-2.82526, -1.55526, 10.5166, 3]], "reflector_prisms": [], "absorber_prisms": [], "line_of_sight": [[0, 0, 0, 0, 0, 501], [81, 0, 81, 0, 0, 503], [0, 0, 0, 0, 0, 500], [176, 176, 0, 0, 0, 501], [0, 0, 0, 0, 0, 500], [0, 0, 0, 0, 0, 501], [501, 0, 791, 0, 0, 501], [134, 134, 0, 0, 0, 504]]}