{"time_step": 1e-05, "number_of_molecules": 500000, "diff_coef": 150, "sim_time": 2.17778, "absorbers": [[7.44003, 0.632386, -16.3782, 4]], "reflectors": [], "reflector_prisms": [[12.195, -10.4409, -10.9705, 17.195, -4.44088, -7.97047], [-1.37265, -2.02793, 12.4528, 3.62735, 1.97207, 14.4528], [-5.51392, -7.53878, 3.4217, -0.51392, -3.53878, 9.4217]], "absorber_prisms": [], "line_of_sight": [[0, 0, 0, 0, 0, 502]]}