{
"time_step": 1e-05,
"number_of_molecules": 500000,
"diff_coef": 100,
"sim_time": 3.75,
"absorbers": [
[9.35707,-16.0986,7.29934,5]
],
"reflectors": [
],
"reflector_prisms": [
[1.06365,9.00975,2.02848,3.06365,15.0098,7.02848]
],
"absorber_prisms": [
[-7.02908,-14.4152,10.9189,-3.02908,-9.41517,16.9189],
[-3.6043,-0.899565,-11.5452,-1.6043,4.10043,-8.54521]
]
}