{
"time_step": 1e-05,
"number_of_molecules": 500000,
"diff_coef": 100,
"sim_time": 2.01667,
"absorbers": [
[9.8941,-10.7429,-3.41997,4],
[4.73842,4.16817,11.3655,7],
[2.80122,0.186718,-14.7349,4]
],
"reflectors": [
[22.0534,8.92437,3.1627,7],
[-5.84437,-18.0765,0.289217,6],
[15.0033,-9.24847,9.45346,7]
],
"reflector_prisms": [
],
"absorber_prisms": [
]
}