{"time_step": 1e-05, "number_of_molecules": 500000, "diff_coef": 400, "sim_time": 1.20417, "absorbers": [[-17.5351, 10.5651, 8.05608, 5]], "reflectors": [[4.23486, 12.8909, -11.8275, 4], [15.6714, -12.3975, 0.842357, 6]], "reflector_prisms": [[3.09053, -6.99674, 5.05434, 7.09053, -3.99674, 11.0543]], "absorber_prisms": [[-0.353917, -5.65688, -10.0305, 4.64608, -0.656878, -4.03054], [-5.34655, 15.0833, -5.64248, -3.34655, 19.0833, -1.64248]], "line_of_sight": [[96, 0, 96, 0, 0, 498]]}