{"time_step": 1e-05, "number_of_molecules": 500000, "diff_coef": 350, "sim_time": 0.933333, "absorbers": [[0.558793, 9.1464, -17.7773, 6], [5.79317, -11.3364, 11.2661, 6], [-3.24106, -10.4934, 0.620465, 6], [-3.64658, 7.98005, -4.79805, 4]], "reflectors": [], "reflector_prisms": [], "absorber_prisms": [], "line_of_sight": [[122, 162, 0, 0, 0, 499], [376, 378, 0, 0, 0, 498], [71, 71, 0, 0, 0, 500], [305, 336, 0, 0, 0, 500]]}