{"time_step": 1e-05, "number_of_molecules": 500000, "diff_coef": 400, "sim_time": 1.50417, "absorbers": [[-3.58646, -17.9721, 8.00885, 7], [-8.54557, -5.37137, -8.19278, 4], [7.95704, 1.82623, -23.6294, 6], [-0.873458, 1.48392, 11.8758, 4], [7.64174, -1.95387, -10.3337, 6], [8.2732, 10.1078, -5.03853, 6], [-18.2382, 11.8842, 3.18316, 6]], "reflectors": [], "reflector_prisms": [], "absorber_prisms": [], "line_of_sight": [[191, 191, 0, 0, 0, 501], [0, 0, 0, 0, 0, 505], [402, 519, 0, 0, 0, 497], [200, 281, 0, 0, 0, 498], [145, 192, 0, 0, 0, 500], [136, 136, 0, 0, 0, 499], [0, 0, 0, 0, 0, 496]]}