{
"time_step": 1e-05,
"number_of_molecules": 500000,
"diff_coef": 350,
"sim_time": 1.71905,
"absorbers": [
[-1.20172,5.21985,11.8452,6],
[12.6465,-2.35293,11.1144,5],
[-0.32413,0.845569,-9.95891,2],
[3.55655,9.51024,-11.0411,2],
[-12.0437,17.9283,4.18616,4],
[-0.841107,4.63283,-21.4902,3],
[6.10012,13.3985,18.9544,5],
[-14.862,-9.91717,12.8363,4]
],
"reflectors": [
[-4.68888,3.80966,-9.19244,3],
[-4.22906,-2.25982,-6.40377,3],
[-13.7845,1.39461,-13.0016,5],
[10.0613,-8.27521,-15.1754,5],
[1.31505,14.0526,7.5363,4],
[-6.83261,-0.930302,8.5703,2]
],
"reflector_prisms": [
],
"absorber_prisms": [
]
}