{
"time_step": 1e-05,
"number_of_molecules": 500000,
"diff_coef": 150,
"sim_time": 3.6,
"absorbers": [
[-17.1394,-8.24977,6.1792,7],
[6.26399,-11.3913,0.0279453,7],
[-2.1879,20.4646,4.17311,4],
[3.58957,0.611508,10.3798,4],
[5.6849,12.2696,-18.6048,5]
],
"reflectors": [
[-8.61389,-5.64717,-7.9316,5],
[-9.57774,7.48686,8.78714,7],
[-18.7524,1.36334,-13.2472,5]
],
"reflector_prisms": [
],
"absorber_prisms": [
]
}