{
"time_step": 1e-05,
"number_of_molecules": 500000,
"diff_coef": 150,
"sim_time": 0.9,
"absorbers": [
[-8.51456,0.674264,6.93164,3],
[9.95017,-0.123983,-0.989338,4],
[9.07315,-3.13595,5.37065,2]
],
"reflectors": [
],
"reflector_prisms": [
],
"absorber_prisms": [
[-4.67756,-3.33936,9.27352,-2.67756,-0.339355,13.2735],
[-2.07216,-2.93818,13.4172,0.927838,0.0618156,15.4172]
]
}