{"time_step": 1e-05, "number_of_molecules": 500000, "diff_coef": 50, "sim_time": 12.0333, "absorbers": [[1.99165, 1.83124, -22.8403, 4]], "reflectors": [[-13.1699, -5.59178, 15.3716, 5]], "reflector_prisms": [[-2.61432, -9.43144, 15.9508, 0.38568, -5.43144, 18.9508], [14.3063, -3.09977, -10.2642, 20.3063, 0.900228, -5.26416]], "absorber_prisms": [[0.538648, -16.9847, -9.84735, 4.53865, -10.9847, -4.84735], [11.684, 12.5242, -8.35747, 17.684, 15.5242, -2.35747]], "line_of_sight": [[0, 0, 0, 0, 0, 499]]}