{"time_step": 1e-05, "number_of_molecules": 500000, "diff_coef": 400, "sim_time": 0.504167, "absorbers": [[1.12489, 0.372686, 13.9498, 4], [9.25168, -11.738, -1.27473, 4]], "reflectors": [[6.80857, 14.2407, 13.8509, 3]], "reflector_prisms": [[-12.9329, 9.2888, -6.39809, -7.93293, 15.2888, -4.39809]], "absorber_prisms": [[-8.93102, -2.59589, -11.7778, -4.93102, 1.40411, -7.77783]], "line_of_sight": [[0, 0, 0, 0, 0, 502], [0, 0, 0, 0, 0, 502]]}