{
"time_step": 1e-05,
"number_of_molecules": 500000,
"diff_coef": 100,
"sim_time": 5.4,
"absorbers": [
[11.8024,-4.89543,7.85731,5],
[6.87045,18.7828,-0.0397547,2],
[9.03801,5.54513,-2.92677,2]
],
"reflectors": [
],
"reflector_prisms": [
],
"absorber_prisms": [
[-7.13304,-10.6722,-16.7648,-2.13304,-5.67222,-12.7648],
[-0.679984,-8.55348,1.44709,4.32002,-6.55348,5.44709]
]
}