{
"time_step": 1e-05,
"number_of_molecules": 500000,
"diff_coef": 300,
"sim_time": 0.555556,
"absorbers": [
[-7.58954,2.4664,10.2624,3]
],
"reflectors": [
[-16.6387,-11.6109,-10.8323,4]
],
"reflector_prisms": [
[-4.18465,2.14502,7.95219,-0.184653,6.14502,11.9522]
],
"absorber_prisms": [
]
}