{
"time_step": 1e-05,
"number_of_molecules": 500000,
"diff_coef": 50,
"sim_time": 12.0333,
"absorbers": [
[0.413901,1.67793,6.78331,2],
[16.439,-1.92333,-12.9252,2],
[-8.74225,-4.46569,11.3415,6],
[8.99371,0.985254,-7.88305,2],
[4.58439,4.67017,12.3763,2],
[5.81307,5.84232,-3.61601,2],
[-6.32792,-20.6923,-7.79655,5],
[-1.48184,15.3299,-19.6926,6]
],
"reflectors": [
[-11.035,-6.63927,-17.8367,5],
[11.7263,5.59413,7.4967,5],
[-5.87562,13.6484,13.3865,4],
[3.74161,-5.87598,8.51312,2]
],
"reflector_prisms": [
],
"absorber_prisms": [
]
}