{"time_step": 1e-05, "number_of_molecules": 500000, "diff_coef": 350, "sim_time": 0.57619, "absorbers": [[0.588125, -2.85039, -15.7331, 5]], "reflectors": [[-3.47962, 8.69967, 17.6694, 5], [-15.1709, 1.27024, 9.60359, 3]], "reflector_prisms": [[14.9785, -16.8295, -4.11604, 18.9785, -10.8295, -0.116038]], "absorber_prisms": [], "line_of_sight": [[136, 0, 136, 0, 0, 496]]}