{"time_step": 1e-05, "number_of_molecules": 500000, "diff_coef": 350, "sim_time": 1.71905, "absorbers": [[0.107988, -0.534049, 12.9886, 7], [-11.4772, 16.8728, 10.6106, 4], [-2.60893, -1.88872, -16.6921, 4], [11.6092, 4.40522, 3.84963, 5]], "reflectors": [[-1.33694, 18.1761, -8.23661, 6], [-12.7066, -6.35155, -4.81668, 4], [5.89233, 10.8309, 10.1967, 4]], "reflector_prisms": [], "absorber_prisms": [], "line_of_sight": [[15, 15, 0, 0, 0, 497], [0, 0, 0, 0, 0, 499], [502, 502, 0, 0, 0, 502], [71, 0, 71, 0, 0, 500]]}