{"time_step": 1e-05, "number_of_molecules": 500000, "diff_coef": 150, "sim_time": 0.544444, "absorbers": [[-2.9683, 5.18179, -6.73337, 2]], "reflectors": [[11.5692, -7.2824, 14.5986, 6], [2.79742, 1.27748, 6.28828, 2], [1.24952, -4.25694, -16.4109, 6]], "reflector_prisms": [[-8.72374, -5.24582, -7.54671, -6.72374, -2.24582, -4.54671]], "absorber_prisms": [], "line_of_sight": [[178, 0, 178, 0, 0, 499]]}