{"time_step": 1e-05, "number_of_molecules": 500000, "diff_coef": 150, "sim_time": 0.544444, "absorbers": [[-2.88395, 0.318249, 9.56983, 3]], "reflectors": [], "reflector_prisms": [[6.1248, -1.09353, -11.4047, 9.1248, 0.906471, -8.40473], [-4.42649, -14.8897, -7.61439, -1.42649, -10.8897, -1.61439], [-10.6965, -7.54446, -17.1012, -8.69648, -5.54446, -14.1012]], "absorber_prisms": [[-12.1014, 3.71827, 2.82535, -6.10137, 6.71827, 8.82535], [4.70869, -4.26749, 2.79558, 10.7087, 0.732507, 5.79558]], "line_of_sight": [[0, 0, 0, 0, 0, 500]]}