{"time_step": 1e-05, "number_of_molecules": 500000, "diff_coef": 100, "sim_time": 3.26667, "absorbers": [[-2.90916, 3.38221, -19.4961, 6]], "reflectors": [[7.55708, 6.83301, -4.14736, 4]], "reflector_prisms": [[-11.0587, -3.74041, -0.82736, -6.05866, 0.259586, 5.17264], [-20.1938, 1.35974, -4.54837, -18.1938, 7.35974, -2.54837], [-12.6621, 4.46154, -12.8159, -10.6621, 6.46154, -7.81588]], "absorber_prisms": [], "line_of_sight": [[0, 0, 0, 0, 0, 500]]}