{
"time_step": 1e-05,
"number_of_molecules": 500000,
"diff_coef": 100,
"sim_time": 2.4,
"absorbers": [
[2.49399,-7.54804,12.7203,3]
],
"reflectors": [
[9.18086,-10.5262,0.954427,4],
[18.5714,-4.88249,-8.50095,2],
[0.452704,0.58961,-17.9846,5],
[10.5152,8.05432,-12.1885,4]
],
"reflector_prisms": [
],
"absorber_prisms": [
]
}