{
"time_step": 1e-05,
"number_of_molecules": 500000,
"diff_coef": 100,
"sim_time": 6.01667,
"absorbers": [
[0.223692,10.6822,-9.04658,6],
[-5.97534,4.70697,15.2033,5],
[-1.25766,-9.06631,23.2641,6],
[2.42892,-1.80257,-21.7911,4],
[-3.7489,-7.44768,7.17481,6],
[6.05681,-1.83534,-10.1954,6],
[9.57897,4.12313,7.76164,4]
],
"reflectors": [
],
"reflector_prisms": [
],
"absorber_prisms": [
]
}