{
"time_step": 1e-05,
"number_of_molecules": 500000,
"diff_coef": 300,
"sim_time": 1.8,
"absorbers": [
[1.67212,-1.71464,-19.8561,2],
[-0.725052,1.38857,7.84514,2],
[-2.60677,-1.84212,19.7436,2],
[-3.31656,-7.44972,18.262,3],
[8.69938,-7.66862,-3.08433,5],
[9.48801,0.261716,3.14788,3],
[19.6948,-1.23979,-3.25252,2],
[12.2613,6.64316,-7.84403,3]
],
"reflectors": [
[-4.76269,-0.256102,-7.63225,2]
],
"reflector_prisms": [
],
"absorber_prisms": [
]
}