{
"time_step": 1e-05,
"number_of_molecules": 500000,
"diff_coef": 300,
"sim_time": 2.00556,
"absorbers": [
[6.92595,-13.0311,-10.3064,4],
[-7.36658,-11.0516,-4.42662,3],
[1.25138,0.837074,9.88602,2],
[8.13382,-0.490879,21.5081,4],
[2.21885,13.1503,-10.5427,3],
[-7.53284,-17.4028,11.1535,4],
[1.21641,-5.15302,-15.0986,2],
[-2.71594,13.8682,15.5337,2]
],
"reflectors": [
[13.6329,-3.09125,0.766951,5],
[-0.499728,0.746918,-8.95502,2]
],
"reflector_prisms": [
],
"absorber_prisms": [
]
}