{
"time_step": 1e-05,
"number_of_molecules": 500000,
"diff_coef": 150,
"sim_time": 1.6,
"absorbers": [
[-5.5307,-13.3223,6.92291,4]
],
"reflectors": [
[-4.67193,-10.2716,-6.45508,5],
[23.0317,6.56536,-1.56124,6],
[-2.0209,10.2985,3.29488,6]
],
"reflector_prisms": [
],
"absorber_prisms": [
]
}