{
"time_step": 1e-05,
"number_of_molecules": 500000,
"diff_coef": 100,
"sim_time": 4.26667,
"absorbers": [
[4.65099,-8.16692,3.4161,5],
[12.4446,14.3313,0.862817,3]
],
"reflectors": [
],
"reflector_prisms": [
[10.5665,-9.96629,-11.2341,15.5665,-3.96629,-9.23411]
],
"absorber_prisms": [
[-4.65457,-7.45285,1.00081,-2.65457,-5.45285,5.00081],
[-9.75554,-10.3057,-9.84617,-5.75554,-8.30574,-7.84617],
[-6.7327,-10.152,-18.9638,-2.7327,-8.15202,-12.9638]
]
}