{"time_step": 1e-05, "number_of_molecules": 500000, "diff_coef": 150, "sim_time": 0.711111, "absorbers": [[11.4262, -4.89422, 3.80631, 5]], "reflectors": [[0.250685, 0.553442, 17.9897, 4], [6.477, 16.6828, -8.92926, 2], [8.09927, 1.91679, -12.4791, 6]], "reflector_prisms": [], "absorber_prisms": [], "line_of_sight": [[0, 0, 0, 0, 0, 499]]}