{
"time_step": 1e-05,
"number_of_molecules": 500000,
"diff_coef": 300,
"sim_time": 0.355556,
"absorbers": [
[-2.51709,-0.548943,11.7202,4]
],
"reflectors": [
],
"reflector_prisms": [
[-14.1198,-11.695,7.92188,-11.1198,-6.69499,11.9219],
[5.60167,7.50099,2.28322,10.6017,9.50099,6.28322]
],
"absorber_prisms": [
[12.4787,4.11732,-11.7991,18.4787,9.11732,-9.79909],
[-6.76373,-6.15301,7.04181,-4.76373,-0.153009,13.0418]
]
}