{
"time_step": 1e-05,
"number_of_molecules": 500000,
"diff_coef": 50,
"sim_time": 8.53333,
"absorbers": [
[-6.03146,16.871,-1.72957,2],
[-10.0539,9.52967,5.75369,4]
],
"reflectors": [
],
"reflector_prisms": [
],
"absorber_prisms": [
[-1.90948,-0.506556,9.30864,2.09052,4.49344,11.3086],
[8.17784,0.159821,-9.64807,14.1778,4.15982,-6.64807],
[5.7963,-11.9026,7.28285,8.7963,-6.90257,9.28285]
]
}