{
"time_step": 1e-05,
"number_of_molecules": 500000,
"diff_coef": 100,
"sim_time": 5.4,
"absorbers": [
[4.57609,-3.84694,-3.64149,2],
[0.646745,12.6458,19.2007,5],
[14.8591,5.99425,-5.68132,3],
[13.8911,-7.10552,6.74904,4],
[1.45901,-8.57811,12.2183,2],
[-5.11381,-5.26507,-17.5251,4],
[13.2578,-5.10031,-12.6181,3],
[-1.19508,1.17644,-8.84238,2]
],
"reflectors": [
[6.95438,9.73392,0.941964,6],
[-19.5997,-9.81475,-1.87721,6],
[-1.75806,2.05764,-16.7832,3],
[3.48234,17.5746,10.9548,3],
[-12.3142,-17.1964,9.03578,4],
[-3.97748,-2.76716,10.9783,2],
[5.9812,-12.1682,3.48724,2]
],
"reflector_prisms": [
],
"absorber_prisms": [
]
}