{"time_step": 1e-05, "number_of_molecules": 500000, "diff_coef": 350, "sim_time": 0.233333, "absorbers": [[6.87774, -6.5534, 7.33142, 5]], "reflectors": [[11.7984, 1.37324, 13.5245, 6], [22.9749, 1.17726, 6.83868, 6], [-2.58752, -4.6563, 20.3131, 2], [-18.1062, -10.1008, -7.35782, 6]], "reflector_prisms": [[-11.6392, -18.8595, -5.21454, -6.63918, -16.8595, -3.21454]], "absorber_prisms": [], "line_of_sight": [[63, 0, 63, 0, 0, 500]]}