{"time_step": 1e-05, "number_of_molecules": 500000, "diff_coef": 250, "sim_time": 1.5, "absorbers": [[-3.285, 5.55031, 10.1194, 3], [-0.52256, 0.912319, 14.9631, 3], [-0.210699, 1.89221, -10.834, 3], [12.1496, 0.448445, -17.1227, 6], [-9.15632, -6.54578, -6.50496, 2], [-9.31526, 3.47671, -11.2311, 4], [-11.5431, 1.82972, 13.6898, 4], [6.00926, -12.1799, 10.2244, 6]], "reflectors": [[-7.64382, -14.9982, -14.1643, 4], [0.78744, 19.3229, -8.18558, 5], [2.88514, 5.74151, 18.9397, 2], [3.67828, -12.8645, -10.4869, 2], [-15.1936, 11.1181, 11.3816, 5], [17.3726, 11.7553, -1.00293, 2], [7.02495, -4.91394, -9.77258, 4]], "reflector_prisms": [], "absorber_prisms": [], "line_of_sight": [[209, 0, 209, 0, 0, 501], [250, 240, 10, 0, 0, 503], [135, 135, 0, 0, 0, 498], [212, 180, 132, 0, 0, 502], [0, 0, 0, 0, 0, 499], [48, 48, 0, 0, 0, 498], [449, 337, 217, 0, 0, 502], [101, 38, 63, 0, 0, 499]]}