{
"time_step": 1e-05,
"number_of_molecules": 500000,
"diff_coef": 50,
"sim_time": 2.13333,
"absorbers": [
[-8.97551,-8.74695,-6.23948,6]
],
"reflectors": [
[12.4212,0.852841,-11.5753,4],
[-2.03724,0.871525,18.8703,5]
],
"reflector_prisms": [
[-16.9881,7.72373,-11.992,-14.9881,12.7237,-5.992]
],
"absorber_prisms": [
[-11.4783,10.5696,-7.70025,-5.47829,13.5696,-4.70025],
[4.22013,-8.70811,-10.5799,10.2201,-6.70811,-4.57989]
]
}