{"time_step": 1e-05, "number_of_molecules": 500000, "diff_coef": 300, "sim_time": 0.938889, "absorbers": [[-9.32007, 8.4473, 11.4359, 4]], "reflectors": [[1.5296, 0.722451, 18.9245, 3], [5.92088, 10.5349, 8.8859, 5], [-10.1323, -13.4329, -10.8117, 6], [-4.79762, 10.4577, -7.97623, 5], [-9.14441, -12.2018, 7.51634, 3]], "reflector_prisms": [], "absorber_prisms": [], "line_of_sight": [[0, 0, 0, 0, 0, 501]]}