{"time_step": 1e-05, "number_of_molecules": 500000, "diff_coef": 200, "sim_time": 0.533333, "absorbers": [[-6.00965, 7.48999, 8.76265, 5], [1.91476, -7.35012, -6.50457, 5]], "reflectors": [[-5.09124, -10.2755, 6.1232, 4], [7.03081, 12.1154, 15.6456, 5], [-7.2154, 19.4949, -2.98119, 4], [9.51476, 3.42691, -17.2547, 3]], "reflector_prisms": [], "absorber_prisms": [], "line_of_sight": [[301, 301, 0, 0, 0, 502], [230, 158, 72, 0, 0, 503]]}