{"time_step": 1e-05, "number_of_molecules": 500000, "diff_coef": 50, "sim_time": 0.833333, "absorbers": [[-6.45423, 6.95031, 3.16799, 5]], "reflectors": [[-0.0413817, -1.43175, 13.9265, 3]], "reflector_prisms": [[-7.86075, -1.54783, 16.877, -1.86075, 3.45217, 21.877]], "absorber_prisms": [[-7.21301, 0.888783, -13.4565, -4.21301, 2.88878, -8.45646], [-0.0767082, 8.9143, 5.78907, 4.92329, 13.9143, 7.78907]], "line_of_sight": [[0, 0, 0, 0, 0, 502]]}