{"time_step": 1e-05, "number_of_molecules": 500000, "diff_coef": 350, "sim_time": 1.54286, "absorbers": [[-6.99801, -18.5878, 11.5984, 5]], "reflectors": [], "reflector_prisms": [[13.3369, 7.3371, 6.12885, 18.3369, 13.3371, 12.1289]], "absorber_prisms": [[-7.34692, 5.95996, -13.1651, -1.34692, 9.95996, -8.16505], [1.43315, 12.9856, 6.20858, 5.43315, 15.9856, 10.2086], [-0.886601, -0.125213, -10.959, 1.1134, 1.87479, -7.95896]], "line_of_sight": [[0, 0, 0, 0, 0, 501]]}