{"time_step": 1e-05, "number_of_molecules": 500000, "diff_coef": 200, "sim_time": 2.7, "absorbers": [[-7.00495, -6.16468, 11.7442, 5], [9.8459, -12.3162, -2.71475, 7], [-0.525916, 6.68042, 22.0022, 5]], "reflectors": [[2.32359, 17.5071, -9.38627, 7], [7.37311, 3.60212, 16.0207, 5], [3.9167, 4.84141, -11.4114, 5]], "reflector_prisms": [], "absorber_prisms": [], "line_of_sight": [[306, 0, 326, 0, 0, 498], [0, 0, 0, 0, 0, 498], [57, 0, 57, 0, 0, 501]]}