{
"time_step": 1e-05,
"number_of_molecules": 500000,
"diff_coef": 300,
"sim_time": 0.355556,
"absorbers": [
[8.96392,5.42043,-5.85381,4]
],
"reflectors": [
[-1.45431,0.185155,16.9367,2]
],
"reflector_prisms": [
[-15.2656,-16.8192,10.9409,-9.26564,-10.8192,12.9409],
[-1.54032,-2.86081,-8.3754,1.45968,0.139194,-6.3754],
[8.57212,-14.7495,9.62361,13.5721,-10.7495,13.6236]
],
"absorber_prisms": [
]
}