{
"time_step": 1e-05,
"number_of_molecules": 500000,
"diff_coef": 50,
"sim_time": 12.0333,
"absorbers": [
[-0.920794,-1.05421,23.9591,5],
[-3.016,-0.822673,-22.7866,7],
[-13.9105,-5.11971,-2.29905,4],
[3.0096,-11.3808,9.29624,7]
],
"reflectors": [
[1.55115,6.56973,13.3952,5],
[2.92268,17.7055,-17.4061,7],
[9.94474,8.20154,1.68429,6],
[-19.1902,1.88419,-5.30887,5]
],
"reflector_prisms": [
],
"absorber_prisms": [
]
}