{
"time_step": 1e-05,
"number_of_molecules": 500000,
"diff_coef": 200,
"sim_time": 1.2,
"absorbers": [
[0.130698,-0.503406,-17.9925,6],
[3.80441,-6.82467,9.10771,4],
[-6.34437,2.80928,5.7321,2],
[-3.89533,-7.12054,-10.155,4]
],
"reflectors": [
[16.7788,-12.0417,7.58087,4],
[-0.47182,-4.90931,4.9675,2],
[-7.11793,4.91947,16.9155,2],
[-11.2777,6.41544,-0.809483,4],
[6.10484,3.95893,14.2498,5]
],
"reflector_prisms": [
],
"absorber_prisms": [
]
}