{"time_step": 1e-05, "number_of_molecules": 500000, "diff_coef": 100, "sim_time": 3.75, "absorbers": [[20.8922, -2.0393, -0.597549, 6]], "reflectors": [], "reflector_prisms": [], "absorber_prisms": [[-14.1711, -7.57447, -2.49106, -8.17113, -5.57447, 0.508937]], "line_of_sight": [[0, 0, 0, 0, 0, 502]]}