{
"time_step": 1e-05,
"number_of_molecules": 500000,
"diff_coef": 50,
"sim_time": 8.53333,
"absorbers": [
[-9.75989,17.8947,8.27792,6]
],
"reflectors": [
[-0.826356,-14.6404,-6.40132,2],
[3.99621,4.24892,15.968,6]
],
"reflector_prisms": [
[-2.78213,-3.45942,4.78543,-0.782134,2.54058,10.7854],
[14.3556,-2.78795,-11.237,16.3556,0.212052,-9.237]
],
"absorber_prisms": [
[14.8671,11.9887,0.25204,16.8671,17.9887,5.25204]
]
}