{
"time_step": 1e-05,
"number_of_molecules": 500000,
"diff_coef": 100,
"sim_time": 4.81667,
"absorbers": [
[0.0765754,0.0288369,-17.9998,3],
[2.84085,-19.9085,-6.04822,4],
[9.28951,2.22072,17.572,4],
[-1.7876,-5.4627,8.18312,4],
[-15.3729,6.65682,2.89151,5],
[-6.17618,5.21309,-11.4315,5],
[1.35907,-5.38134,-12.8528,3],
[12.2738,-5.15256,-8.87727,2]
],
"reflectors": [
[4.12372,-9.29569,16.0495,4],
[6.09445,15.718,-8.76361,2]
],
"reflector_prisms": [
],
"absorber_prisms": [
]
}