{"time_step": 1e-05, "number_of_molecules": 500000, "diff_coef": 400, "sim_time": 1.35, "absorbers": [[8.75703, -5.39209, 19.4484, 4], [-6.01342, -14.4674, 13.9833, 6], [2.78065, -1.76681, -14.6337, 6], [-5.15782, 3.22879, 17.9992, 7], [-3.21355, 16.3012, 3.59758, 7], [-14.3339, -2.54179, 13.7142, 4]], "reflectors": [[-16.7138, 7.35748, -8.15576, 5], [-1.22417, -12.6814, -2.58507, 4], [8.90576, -5.11855, 3.93546, 6], [2.20112, 15.5459, -10.6995, 7]], "reflector_prisms": [], "absorber_prisms": [], "line_of_sight": [[63, 0, 63, 0, 0, 498], [293, 0, 293, 0, 0, 503], [248, 248, 0, 0, 0, 502], [351, 351, 0, 0, 0, 500], [152, 0, 152, 0, 0, 498], [0, 0, 0, 0, 0, 499]]}