{
"time_step": 1e-05,
"number_of_molecules": 500000,
"diff_coef": 50,
"sim_time": 9.63333,
"absorbers": [
[5.8991,-1.2506,10.3748,5],
[-9.63478,2.89363,-8.23395,2],
[-10.3402,14.3649,-6.90864,2],
[0.424854,-0.132983,-10.991,4]
],
"reflectors": [
],
"reflector_prisms": [
],
"absorber_prisms": [
[-0.158303,7.20376,-7.96217,5.8417,9.20376,-1.96217]
]
}