{
"time_step": 1e-05,
"number_of_molecules": 500000,
"diff_coef": 200,
"sim_time": 0.533333,
"absorbers": [
[-1.37093,-2.34764,-13.7335,6],
[0.464245,2.58664,9.64851,3]
],
"reflectors": [
],
"reflector_prisms": [
],
"absorber_prisms": [
[-7.90546,-3.8055,14.593,-2.90546,1.1945,18.593],
[-9.60193,4.72157,0.662899,-3.60193,6.72157,3.6629],
[4.84766,1.52551,-12.746,10.8477,5.52551,-6.74602]
]
}