{"time_step": 1e-05, "number_of_molecules": 500000, "diff_coef": 250, "sim_time": 2.40667, "absorbers": [[-0.665279, -0.0160628, 20.9895, 5], [2.26913, -3.68747, -24.6222, 6], [9.72297, 6.84638, -10.7047, 6], [-11.9103, 0.0955667, 13.4958, 5], [-15.4407, -13.952, -9.7942, 6], [19.9284, -12.5691, 4.56928, 5]], "reflectors": [], "reflector_prisms": [], "absorber_prisms": [], "line_of_sight": [[237, 237, 0, 0, 0, 499], [233, 233, 0, 0, 0, 499], [103, 103, 0, 0, 0, 498], [162, 162, 0, 0, 0, 499], [0, 0, 0, 0, 0, 500], [0, 0, 0, 0, 0, 500]]}