{
"time_step": 1e-05,
"number_of_molecules": 500000,
"diff_coef": 50,
"sim_time": 6.53333,
"absorbers": [
[4.71848,15.7331,-9.55021,5]
],
"reflectors": [
[-5.33744,-16.2818,5.51498,2],
[21.2623,-3.98873,4.00079,4],
[-3.79081,-3.43863,15.1593,3]
],
"reflector_prisms": [
],
"absorber_prisms": [
[-12.1656,2.48475,5.91719,-6.16564,4.48475,7.91719],
[-12.5133,7.49739,11.3133,-10.5133,11.4974,15.3133]
]
}