{"time_step": 1e-05, "number_of_molecules": 500000, "diff_coef": 300, "sim_time": 1.60556, "absorbers": [[4.50791, 1.93623, -19.3889, 3]], "reflectors": [[2.59098, -10.9654, -16.5242, 3]], "reflector_prisms": [[-19.8801, -0.444663, 4.61244, -16.8801, 4.55534, 10.6124], [-8.95054, 8.74824, -1.03474, -5.95054, 13.7482, 1.96526], [-10.4217, -16.2903, -16.821, -8.4217, -12.2903, -10.821]], "absorber_prisms": [], "line_of_sight": [[0, 0, 0, 0, 0, 498]]}