{
"time_step": 1e-05,
"number_of_molecules": 500000,
"diff_coef": 200,
"sim_time": 3.00833,
"absorbers": [
[-1.19431,-1.04378,-12.9029,4],
[1.14279,12.7287,7.85335,6],
[-11.1679,-18.1938,5.31658,4],
[-0.174958,0.827605,11.9701,5],
[3.99667,24.5254,2.74393,6],
[9.07864,-17.9252,-6.10463,2],
[-9.1405,18.03,-8.68167,5]
],
"reflectors": [
[10.8112,8.21417,-3.41262,2],
[4.03494,8.43171,17.6812,3],
[2.1106,-0.214368,-6.67079,2],
[10.8597,0.762353,-1.57655,3],
[-18.0641,8.47719,-1.35051,4],
[3.19214,-9.06874,-7.1811,4],
[0.472199,-5.52755,5.76396,2]
],
"reflector_prisms": [
],
"absorber_prisms": [
]
}