{"time_step": 1e-05, "number_of_molecules": 500000, "diff_coef": 150, "sim_time": 2.84444, "absorbers": [[-1.48433, -4.23333, -13.2618, 4], [1.46015, -3.12655, 18.684, 3], [0.496464, -1.81132, 7.77642, 3]], "reflectors": [], "reflector_prisms": [[-6.56956, -22.6109, -2.64176, -1.56956, -19.6109, 2.35824]], "absorber_prisms": [[5.51527, 10.391, -8.77442, 9.51527, 15.391, -2.77442]], "line_of_sight": [[106, 106, 0, 0, 0, 500], [501, 501, 0, 0, 0, 501], [95, 95, 0, 0, 0, 499]]}