{"time_step": 1e-05, "number_of_molecules": 500000, "diff_coef": 100, "sim_time": 5.4, "absorbers": [[-8.35427, 11.1592, 1.29585, 5], [0.734589, 1.75074, 18.9049, 4], [-11.8593, -4.83647, 2.22862, 3], [-7.71648, 0.409393, -19.5266, 5], [7.62415, 22.7544, 0.32949, 6], [-4.79859, 2.01459, -9.69097, 5], [21.0292, -3.98835, -8.41825, 5], [-13.8916, -9.00145, -3.87263, 4]], "reflectors": [], "reflector_prisms": [], "absorber_prisms": [], "line_of_sight": [[0, 0, 0, 0, 0, 498], [194, 290, 0, 0, 0, 501], [32, 32, 0, 0, 0, 502], [502, 583, 0, 0, 0, 502], [0, 0, 0, 0, 0, 504], [93, 98, 0, 0, 0, 502], [0, 0, 0, 0, 0, 496], [29, 29, 0, 0, 0, 500]]}