{
"time_step": 1e-05,
"number_of_molecules": 500000,
"diff_coef": 300,
"sim_time": 1.60556,
"absorbers": [
[-4.67108,2.30356,-7.33993,3],
[1.43402,-12.5667,-8.06362,2],
[5.07287,-0.303704,18.3078,4],
[-7.02165,5.60669,0.511276,4],
[-1.92823,12.323,6.35804,3],
[-0.770565,-4.10685,7.9712,2],
[12.3938,7.11182,-18.0226,6]
],
"reflectors": [
[-11.0373,-0.0996499,21.3112,5],
[0.512579,-2.65823,-19.8159,4],
[15.3466,6.41752,9.1813,6],
[-5.7221,-12.3733,-3.18715,5],
[-14.5824,-7.30008,9.74999,2]
],
"reflector_prisms": [
],
"absorber_prisms": [
]
}