{
"time_step": 1e-05,
"number_of_molecules": 500000,
"diff_coef": 400,
"sim_time": 1.35,
"absorbers": [
[-0.914945,-0.952338,20.9584,3]
],
"reflectors": [
],
"reflector_prisms": [
[-4.36832,-0.753538,4.46405,-1.36832,1.24646,10.464]
],
"absorber_prisms": [
[7.23689,9.63473,-1.75239,12.2369,15.6347,4.24761],
[7.09769,3.25279,-9.65138,13.0977,7.25279,-6.65138],
[-2.20499,-6.61445,-21.0321,3.79501,-1.61445,-16.0321]
]
}