{"time_step": 1e-05, "number_of_molecules": 500000, "diff_coef": 300, "sim_time": 0.555556, "absorbers": [[6.4005, -9.78719, 5.67842, 3]], "reflectors": [[10.2548, 15.5113, 3.90346, 5], [-3.92844, -0.0188553, -16.5399, 4], [5.7367, 3.78944, 5.80779, 2]], "reflector_prisms": [], "absorber_prisms": [[9.59248, 10.0844, 0.750518, 15.5925, 12.0844, 4.75052], [-19.1601, -13.683, -10.0224, -14.1601, -7.68304, -4.02242]], "line_of_sight": [[0, 0, 0, 0, 0, 498]]}