{
"time_step": 1e-05,
"number_of_molecules": 500000,
"diff_coef": 350,
"sim_time": 1.71905,
"absorbers": [
[-19.8602,-0.130151,13.4742,5],
[-5.37716,-1.366,15.0073,5],
[7.17651,-6.93144,0.672955,3],
[3.80203,-4.52281,8.06776,5],
[1.30715,-3.35018,-17.6371,6],
[5.36234,6.32434,-5.59,2],
[-6.99927,0.00105969,0.10117,2],
[-4.94945,13.8847,2.77818,3]
],
"reflectors": [
[6.70995,-1.73933,-0.975373,2],
[10.2372,-0.0542504,16.0062,2],
[-7.34886,10.3496,9.74064,2]
],
"reflector_prisms": [
],
"absorber_prisms": [
]
}