{"time_step": 1e-05, "number_of_molecules": 500000, "diff_coef": 100, "sim_time": 5.4, "absorbers": [[-5.4433, -22.3463, 0.108562, 5]], "reflectors": [[3.64985, -14.4904, 20.0426, 6], [8.54414, 12.4135, 5.37613, 4], [13.1136, 9.19309, 8.21709, 2], [0.814912, -5.38898, 10.6909, 5]], "reflector_prisms": [], "absorber_prisms": [], "line_of_sight": [[0, 0, 0, 0, 0, 500]]}