{
"time_step": 1e-05,
"number_of_molecules": 500000,
"diff_coef": 100,
"sim_time": 4.26667,
"absorbers": [
[9.59408,12.9907,10.0098,3],
[7.63185,2.03623,-1.26833,2]
],
"reflectors": [
],
"reflector_prisms": [
[-2.59349,-0.405129,-14.9814,3.40651,1.59487,-12.9814],
[-3.59804,-6.10814,-11.6427,-1.59804,-0.108143,-6.64274],
[-4.39219,0.444744,9.16497,-2.39219,5.44474,14.165]
],
"absorber_prisms": [
[-12.6057,-3.39227,-14.7386,-8.60574,-1.39227,-8.73862]
]
}