{
"time_step": 1e-05,
"number_of_molecules": 500000,
"diff_coef": 50,
"sim_time": 8.53333,
"absorbers": [
[9.22196,-5.23112,-19.2767,6]
],
"reflectors": [
[-16.6953,10.393,11.927,6]
],
"reflector_prisms": [
],
"absorber_prisms": [
[-4.08746,-0.176724,4.9057,-1.08746,1.82328,6.9057],
[2.4782,-5.14039,-8.93045,5.4782,-3.14039,-4.93045],
[-7.81175,-3.78943,12.9857,-2.81175,-0.789431,18.9857]
]
}