{"time_step": 1e-05, "number_of_molecules": 500000, "diff_coef": 250, "sim_time": 2.16, "absorbers": [[-9.94458, -13.2838, 17.3391, 6]], "reflectors": [[0.0212993, -2.28811, 15.8355, 3]], "reflector_prisms": [[8.20713, -7.28766, -12.325, 12.2071, -5.28766, -7.32496]], "absorber_prisms": [], "line_of_sight": [[0, 0, 0, 0, 0, 501]]}