{"time_step": 1e-05, "number_of_molecules": 500000, "diff_coef": 200, "sim_time": 1.63333, "absorbers": [[-0.000946739, -0.184224, 18.9991, 5]], "reflectors": [[10.368, 10.4386, 6.28809, 6], [3.29264, 4.11397, -17.2114, 5], [-5.22838, 7.44767, 11.9246, 2], [-0.419832, -7.17826, -3.50662, 2]], "reflector_prisms": [[16.5074, 0.854395, 2.16415, 21.5074, 3.8544, 5.16415]], "absorber_prisms": [], "line_of_sight": [[180, 0, 180, 0, 0, 500]]}