{
"time_step": 1e-05,
"number_of_molecules": 500000,
"diff_coef": 150,
"sim_time": 0.9,
"absorbers": [
[8.86524,-5.57674,3.36265,2]
],
"reflectors": [
[-2.53201,2.86695,13.4673,4],
[-3.74699,7.37508,-7.2504,6],
[2.28307,1.03605,7.59699,3]
],
"reflector_prisms": [
],
"absorber_prisms": [
[6.41566,-7.8922,-12.6168,9.41566,-4.8922,-6.61676]
]
}