{"time_step": 1e-05, "number_of_molecules": 500000, "diff_coef": 400, "sim_time": 0.9375, "absorbers": [[-1.36072, -3.31047, 17.6406, 3]], "reflectors": [], "reflector_prisms": [[-8.24527, -2.92957, -4.15106, -5.24527, -0.929574, -1.15106]], "absorber_prisms": [[-5.78675, 7.65984, -0.424924, -2.78675, 9.65984, 5.57508], [-11.3128, -2.31455, 17.8266, -5.31278, -0.31455, 22.8266]], "line_of_sight": [[0, 0, 0, 0, 0, 498]]}