{"time_step": 1e-05, "number_of_molecules": 500000, "diff_coef": 100, "sim_time": 5.4, "absorbers": [[10.6407, -11.9404, 16.5288, 7], [-4.67705, 0.173952, -9.95465, 5], [16.6216, -2.74339, -2.27918, 5], [1.0581, 5.93879, 16.9591, 6], [-18.4061, -8.50979, 8.53234, 4]], "reflectors": [[10.1421, 14.6434, 6.61113, 6], [3.13602, -10.0182, -10.7145, 4], [-15.9602, -14.9088, 2.64558, 4]], "reflector_prisms": [], "absorber_prisms": [], "line_of_sight": [[164, 164, 0, 0, 0, 499], [204, 204, 0, 0, 0, 500], [0, 0, 0, 0, 0, 503], [260, 186, 74, 0, 0, 505], [0, 0, 0, 0, 0, 497]]}