{"time_step": 1e-05, "number_of_molecules": 500000, "diff_coef": 50, "sim_time": 9.63333, "absorbers": [[-7.31158, -9.95047, 14.4405, 2], [2.55519, -9.81734, 8.12963, 6]], "reflectors": [[10.0394, -4.46459, -20.2059, 5]], "reflector_prisms": [[-22.9375, -2.36794, -3.29101, -16.9375, -0.367941, 1.70899]], "absorber_prisms": [[-7.32533, 1.10816, 7.03268, -3.32533, 6.10816, 12.0327]], "line_of_sight": [[0, 0, 0, 0, 0, 500], [0, 0, 0, 0, 0, 497]]}