{"time_step": 1e-05, "number_of_molecules": 500000, "diff_coef": 400, "sim_time": 1.50417, "absorbers": [[2.23178, 14.0882, -9.24884, 6], [-10.492, -18.7412, 8.22709, 4], [-2.82585, -4.50338, 8.4696, 5], [-0.24379, 0.94985, -13.9656, 7], [-1.38801, -10.6705, 16.8586, 4]], "reflectors": [[10.2403, -1.61052, 10.8417, 7]], "reflector_prisms": [], "absorber_prisms": [], "line_of_sight": [[267, 344, 0, 0, 0, 499], [220, 277, 0, 0, 0, 503], [312, 336, 0, 0, 0, 501], [301, 247, 116, 0, 0, 499], [500, 894, 0, 0, 0, 500]]}