{"time_step": 1e-05, "number_of_molecules": 500000, "diff_coef": 200, "sim_time": 2.40833, "absorbers": [[-2.03056, 2.6854, -23.7627, 7], [-9.07931, -1.40279, 16.6312, 5], [6.59262, 4.06192, -4.58674, 4]], "reflectors": [[1.40906, -13.407, -6.57766, 7], [10.5667, 7.65094, -17.7147, 5], [-7.9591, -5.6512, 5.07117, 4]], "reflector_prisms": [], "absorber_prisms": [], "line_of_sight": [[0, 0, 0, 0, 0, 498], [183, 117, 141, 0, 0, 503], [219, 60, 200, 0, 0, 501]]}