{"time_step": 1e-05, "number_of_molecules": 500000, "diff_coef": 50, "sim_time": 7.5, "absorbers": [[-8.27898, 0.803094, -5.55099, 5], [2.15428, 3.80976, 12.2411, 2], [14.896, -3.78119, 4.45107, 6], [-0.0091903, 2.4184, -17.8368, 3], [-5.83487, 11.3122, -2.64373, 2], [-2.59458, -2.27606, -10.4445, 2], [-4.64194, -17.1623, 6.70141, 4]], "reflectors": [[-3.8464, 0.892582, 17.5616, 4], [-4.01575, 21.6297, -0.166894, 6]], "reflector_prisms": [], "absorber_prisms": [], "line_of_sight": [[152, 152, 0, 0, 0, 496], [290, 290, 0, 0, 0, 499], [297, 297, 0, 0, 0, 501], [134, 0, 134, 0, 0, 502], [118, 0, 118, 0, 0, 498], [201, 201, 0, 0, 0, 500], [0, 0, 0, 0, 0, 499]]}