{
"time_step": 1e-05,
"number_of_molecules": 500000,
"diff_coef": 300,
"sim_time": 1.25,
"absorbers": [
[0.193154,11.0658,14.1955,3]
],
"reflectors": [
],
"reflector_prisms": [
[-1.38889,4.5134,-4.74527,1.61111,10.5134,-0.745271],
[-0.480635,-13.3329,2.03609,5.51936,-9.33291,4.03609],
[4.48271,-21.653,-5.56838,8.48271,-17.653,-1.56838]
],
"absorber_prisms": [
]
}