{"time_step": 1e-05, "number_of_molecules": 500000, "diff_coef": 50, "sim_time": 4.8, "absorbers": [[7.12887, -4.32071, -14.8159, 5]], "reflectors": [[-11.7173, -14.4353, 9.76349, 6], [1.48458, -1.29267, 9.80434, 5]], "reflector_prisms": [], "absorber_prisms": [[-0.911568, 5.49263, -21.5895, 4.08843, 9.49263, -18.5895]], "line_of_sight": [[95, 0, 95, 0, 0, 499]]}