{"time_step": 1e-05, "number_of_molecules": 500000, "diff_coef": 400, "sim_time": 0.204167, "absorbers": [[-8.02956, 2.60466, 3.12119, 4], [-0.851749, 1.69025, -11.8498, 5]], "reflectors": [[12.2616, -1.37416, -4.09447, 5], [-13.3773, 7.98416, 16.9204, 6]], "reflector_prisms": [], "absorber_prisms": [[7.25199, 1.39754, -0.983997, 10.252, 7.39754, 5.016]], "line_of_sight": [[286, 0, 288, 0, 0, 496], [0, 0, 0, 0, 0, 502]]}