{
"time_step": 1e-05,
"number_of_molecules": 500000,
"diff_coef": 150,
"sim_time": 2.84444,
"absorbers": [
[0.325744,1.59199,20.937,5],
[-0.850197,-4.71476,-17.3507,6],
[-4.63145,8.9046,8.26183,4],
[-3.56489,17.1454,-14.9106,7]
],
"reflectors": [
[-15.9046,11.7615,9.62851,6],
[10.5042,-5.55303,-1.68079,7],
[-8.81644,5.05061,16.055,5],
[-7.96721,22.4157,-3.17179,5]
],
"reflector_prisms": [
],
"absorber_prisms": [
]
}