{"time_step": 1e-05, "number_of_molecules": 500000, "diff_coef": 250, "sim_time": 2.40667, "absorbers": [[-3.08059, -4.98843, -13.8067, 5], [-0.78317, 2.47678, -20.8387, 2]], "reflectors": [], "reflector_prisms": [], "absorber_prisms": [[-20.3194, -8.80221, -6.83926, -18.3194, -2.80221, -4.83926], [4.04529, 14.5348, 9.52317, 9.04529, 16.5348, 15.5232]], "line_of_sight": [[0, 0, 0, 0, 0, 500], [0, 0, 0, 0, 0, 500]]}