{
"time_step": 1e-05,
"number_of_molecules": 500000,
"diff_coef": 100,
"sim_time": 4.26667,
"absorbers": [
[-0.671857,-6.81809,17.7218,6],
[-2.68175,-1.05907,-11.6485,3],
[-13.0303,8.24977,9.2819,2]
],
"reflectors": [
],
"reflector_prisms": [
[16.2947,-5.53638,-5.04703,19.2947,-0.536379,-3.04703],
[-9.48783,-4.56623,-4.56611,-4.48783,1.43377,-2.56611]
],
"absorber_prisms": [
]
}