{"time_step": 1e-05, "number_of_molecules": 500000, "diff_coef": 300, "sim_time": 0.938889, "absorbers": [[-3.19526, 9.02122, -7.23933, 6], [-6.8723, -13.0155, 13.5413, 7], [10.8162, -10.1105, -10.2366, 6]], "reflectors": [[22.7638, 0.748323, 3.20158, 7], [0.0218984, -4.55397, -8.90286, 4]], "reflector_prisms": [], "absorber_prisms": [], "line_of_sight": [[92, 92, 0, 0, 0, 498], [149, 149, 0, 0, 0, 500], [43, 0, 43, 0, 0, 497]]}