{"time_step": 1e-05, "number_of_molecules": 500000, "diff_coef": 150, "sim_time": 4.01111, "absorbers": [[-2.47543, 10.2916, 10.6281, 6], [15.9591, 5.66583, 1.48505, 5], [9.13887, -0.606502, -20.0028, 3], [-8.65744, -7.43149, 9.73765, 6], [-3.13903, -18.9299, 14.4154, 6], [-6.00416, 7.44749, -14.0529, 2], [-1.40561, -14.0208, 5.1421, 3], [-10.6587, 1.80005, -2.03782, 3]], "reflectors": [[0.291303, 0.0788558, 21.9979, 3], [11.3013, 6.54871, -7.37534, 5], [-17.5726, 12.7504, 3.55423, 3]], "reflector_prisms": [], "absorber_prisms": [], "line_of_sight": [[0, 0, 0, 0, 0, 500], [64, 49, 15, 0, 0, 500], [0, 0, 0, 0, 0, 503], [246, 61, 185, 0, 0, 500], [217, 217, 0, 0, 0, 498], [0, 0, 0, 0, 0, 497], [157, 157, 0, 0, 0, 503], [56, 56, 0, 0, 0, 500]]}