{
"time_step": 1e-05,
"number_of_molecules": 500000,
"diff_coef": 100,
"sim_time": 1.35,
"absorbers": [
[4.56191,8.867,-9.82676,5]
],
"reflectors": [
[9.2753,-7.29531,2.17882,2],
[-3.55315,-8.04656,9.57225,3]
],
"reflector_prisms": [
],
"absorber_prisms": [
[2.08492,-6.58771,-8.67729,5.08492,-3.58771,-5.67729],
[-10.4463,-4.72825,0.791107,-7.44627,0.271748,3.79111]
]
}