{"time_step": 1e-05, "number_of_molecules": 500000, "diff_coef": 350, "sim_time": 0.47619, "absorbers": [[-7.13532, 1.78602, -11.9121, 4]], "reflectors": [], "reflector_prisms": [[6.68543, -18.0571, 0.904659, 12.6854, -16.0571, 6.90466], [2.54632, -21.4063, 4.86569, 7.54632, -18.4063, 7.86569], [1.23789, -5.58374, -12.1902, 5.23789, 0.416257, -8.19021]], "absorber_prisms": [[-2.38472, 14.3006, -9.38334, 3.61528, 16.3006, -5.38334]], "line_of_sight": [[0, 0, 0, 0, 0, 498]]}