{
"time_step": 1e-05,
"number_of_molecules": 500000,
"diff_coef": 50,
"sim_time": 10.8,
"absorbers": [
[-1.12036,0.585643,-23.9667,6]
],
"reflectors": [
[-0.34445,3.92612,9.19059,5]
],
"reflector_prisms": [
[-7.69378,10.0051,4.6731,-3.69378,15.0051,9.6731]
],
"absorber_prisms": [
[-9.03361,0.957109,-3.09879,-6.03361,3.95711,0.901212],
[-12.6822,10.2668,-8.70822,-8.68218,14.2668,-6.70822]
]
}