{
"time_step": 1e-05,
"number_of_molecules": 500000,
"diff_coef": 50,
"sim_time": 5.63333,
"absorbers": [
[-10.867,-6.15171,-8.31056,2]
],
"reflectors": [
[-3.35685,12.1824,-3.05317,3],
[-11.6447,7.29368,-2.68398,3],
[0.0662108,4.75822,-16.3204,5],
[-1.08445,-2.23003,19.8457,6]
],
"reflector_prisms": [
],
"absorber_prisms": [
[-7.7708,4.17833,3.18751,-3.7708,9.17833,8.18751]
]
}