{
"time_step": 1e-05,
"number_of_molecules": 500000,
"diff_coef": 50,
"sim_time": 8.53333,
"absorbers": [
[-4.51516,10.0689,-17.867,5]
],
"reflectors": [
[7.23471,0.754725,-5.29995,2]
],
"reflector_prisms": [
],
"absorber_prisms": [
[-12.3424,0.912817,0.24501,-9.3424,5.91282,3.24501],
[4.42768,-0.753815,7.7571,9.42768,4.24619,12.7571]
]
}