{"time_step": 1e-05, "number_of_molecules": 500000, "diff_coef": 400, "sim_time": 1.20417, "absorbers": [[13.8917, 1.73372, 16.971, 5], [-13.9283, -0.977357, 7.8132, 2]], "reflectors": [], "reflector_prisms": [], "absorber_prisms": [[-2.59283, -20.2282, 3.83392, 2.40717, -15.2282, 9.83392], [-8.072, -3.44963, -20.8924, -5.072, 0.550375, -18.8924], [6.97784, -1.31113, 2.15419, 8.97784, 0.688874, 6.15419], [-8.04402, -2.98549, -5.20361, -4.04402, 0.0145133, -1.20361]], "line_of_sight": [[44, 0, 0, 44, 0, 502], [0, 0, 0, 0, 0, 501]]}