{"time_step": 1e-05, "number_of_molecules": 500000, "diff_coef": 400, "sim_time": 1.35, "absorbers": [[12.7911, -12.0543, 7.21661, 7], [2.0619, -6.48583, -24.0558, 7], [-2.02617, -15.1577, 14.3923, 4], [-2.33658, 2.13814, 15.6834, 7], [1.83494, 6.6035, -11.0466, 6], [-19.072, 12.3225, 10.4603, 7]], "reflectors": [[-6.16651, -9.10444, -4.80451, 4], [23.8364, 7.53818, 0.0175286, 6], [1.69943, -17.5796, -9.38448, 4]], "reflector_prisms": [], "absorber_prisms": [], "line_of_sight": [[0, 0, 0, 0, 0, 501], [493, 493, 0, 0, 0, 493], [502, 502, 0, 0, 0, 502], [180, 180, 0, 0, 0, 498], [152, 152, 0, 0, 0, 499], [0, 0, 0, 0, 0, 504]]}