{"time_step": 1e-05, "number_of_molecules": 500000, "diff_coef": 300, "sim_time": 2.00556, "absorbers": [[18.7621, -14.9297, -1.04202, 5], [-7.62376, -1.31394, 20.5949, 4], [4.71687, 10.0484, 12.8756, 6], [-1.50158, -5.80439, -23.2391, 5], [-14.4534, -0.399007, 10.721, 2], [-18.5457, -4.90019, -16.0326, 6], [6.00209, 7.89069, -1.30843, 2], [1.72869, -2.96358, 19.7035, 5]], "reflectors": [[-3.18148, -14.5111, 14.8427, 6], [-6.28177, -12.5841, -11.233, 6]], "reflector_prisms": [], "absorber_prisms": [], "line_of_sight": [[0, 0, 0, 0, 0, 503], [0, 0, 0, 0, 0, 501], [293, 62, 231, 0, 0, 500], [188, 188, 0, 0, 0, 501], [0, 0, 0, 0, 0, 501], [0, 0, 0, 0, 0, 499], [0, 0, 0, 0, 0, 500], [58, 58, 0, 0, 0, 498]]}