{
"time_step": 1e-05,
"number_of_molecules": 500000,
"diff_coef": 350,
"sim_time": 0.171429,
"absorbers": [
[0.386881,-1.00582,10.9471,5]
],
"reflectors": [
[-10.0916,6.27672,9.15218,5]
],
"reflector_prisms": [
[-2.29299,4.51211,7.5718,0.707008,7.51211,9.5718],
[-15.4098,-4.4566,-15.3135,-9.4098,1.5434,-13.3135],
[10.5384,-7.63318,10.9503,13.5384,-1.63318,16.9503],
[14.8381,-4.23332,-4.6731,20.8381,0.766678,1.3269]
],
"absorber_prisms": [
]
}