{"time_step": 1e-05, "number_of_molecules": 500000, "diff_coef": 200, "sim_time": 1.2, "absorbers": [[9.38444, -3.69453, -11.1033, 3]], "reflectors": [[-14.6254, -7.00209, 5.10571, 5]], "reflector_prisms": [[-2.7506, -3.78203, 7.82965, 0.249401, 1.21797, 10.8297], [0.44087, -2.79959, 19.7958, 5.44087, 2.20041, 22.7958], [5.68921, -4.44804, 8.34695, 7.68921, -2.44804, 10.3469]], "absorber_prisms": [], "line_of_sight": [[0, 0, 0, 0, 0, 500]]}