{"time_step": 1e-05, "number_of_molecules": 500000, "diff_coef": 250, "sim_time": 1.5, "absorbers": [[1.03168, 9.74763, -9.99597, 5], [17.9458, 2.4308, -10.632, 6]], "reflectors": [], "reflector_prisms": [[0.186106, -3.66333, 9.56129, 4.18611, -0.663332, 11.5613]], "absorber_prisms": [[-1.11901, 15.8324, -9.27087, 4.88099, 20.8324, -6.27087], [-1.64669, 3.85517, 6.17403, 3.35331, 7.85517, 11.174], [-0.609371, -13.9861, 2.8637, 5.39063, -10.9861, 8.8637]], "line_of_sight": [[0, 0, 0, 0, 0, 499], [0, 0, 0, 0, 0, 500]]}