{
"time_step": 1e-05,
"number_of_molecules": 500000,
"diff_coef": 50,
"sim_time": 10.8,
"absorbers": [
[1.41528,-0.101962,-14.9327,7],
[-1.61576,15.5913,3.20946,7],
[-0.379274,0.791234,9.96143,4],
[7.38996,3.66028,21.4707,5],
[10.2793,-6.53385,15.8633,4]
],
"reflectors": [
[-8.86658,-5.0249,4.13934,4],
[10.8785,8.57836,2.0172,6],
[-16.6482,8.20311,4.0677,6],
[-1.71169,-14.3794,12.3006,6],
[19.2984,-12.6902,-6.52163,7]
],
"reflector_prisms": [
],
"absorber_prisms": [
]
}