{
"time_step": 1e-05,
"number_of_molecules": 500000,
"diff_coef": 400,
"sim_time": 0.15,
"absorbers": [
[6.49305,7.78936,-4.26218,5]
],
"reflectors": [
[-9.63457,6.88073,-10.7625,3],
[-5.93893,2.25764,-16.8414,2]
],
"reflector_prisms": [
],
"absorber_prisms": [
[2.48241,-15.3695,10.8208,7.48241,-10.3695,13.8208],
[-0.470458,-7.6326,-17.9403,2.52954,-3.6326,-11.9403]
]
}