{"time_step": 1e-05, "number_of_molecules": 500000, "diff_coef": 400, "sim_time": 1.50417, "absorbers": [[12.5607, 5.41635, -2.98198, 5], [-3.26343, 4.21162, 17.1934, 3], [-7.00526, 2.74642, -23.8408, 6], [-0.121622, -2.442, -9.69649, 2], [7.986, 3.93704, -19.019, 2], [2.84305, 2.1361, -13.5408, 4], [-3.18772, -11.5008, -10.6569, 4], [11.9935, 18.4312, 0.669165, 3]], "reflectors": [[-1.00495, 2.03758, 9.7385, 5]], "reflector_prisms": [], "absorber_prisms": [], "line_of_sight": [[0, 0, 0, 0, 0, 501], [499, 296, 499, 0, 0, 499], [243, 41, 243, 0, 0, 498], [501, 189, 501, 0, 0, 501], [497, 497, 321, 0, 0, 497], [342, 147, 328, 0, 0, 503], [95, 0, 95, 0, 0, 500], [0, 0, 0, 0, 0, 501]]}