{
"time_step": 1e-05,
"number_of_molecules": 500000,
"diff_coef": 400,
"sim_time": 1.50417,
"absorbers": [
[12.5607,5.41635,-2.98198,5],
[-3.26343,4.21162,17.1934,3],
[-7.00526,2.74642,-23.8408,6],
[-0.121622,-2.442,-9.69649,2],
[7.986,3.93704,-19.019,2],
[2.84305,2.1361,-13.5408,4],
[-3.18772,-11.5008,-10.6569,4],
[11.9935,18.4312,0.669165,3]
],
"reflectors": [
[-1.00495,2.03758,9.7385,5]
],
"reflector_prisms": [
],
"absorber_prisms": [
]
}