{
"time_step": 1e-05,
"number_of_molecules": 500000,
"diff_coef": 150,
"sim_time": 0.544444,
"absorbers": [
[10.3058,6.75252,-4.14647,6]
],
"reflectors": [
],
"reflector_prisms": [
[-1.65185,4.87768,-6.61713,1.34815,7.87768,-4.61713],
[-14.3683,-3.13513,-7.72257,-9.36827,-0.135131,-4.72257],
[-0.723182,0.36081,14.7315,2.27682,5.36081,17.7315],
[-7.88522,9.95628,8.59997,-2.88522,11.9563,13.6],
[-2.59928,-18.259,-7.35243,1.40072,-13.259,-2.35243]
],
"absorber_prisms": [
]
}