{"time_step": 1e-05, "number_of_molecules": 500000, "diff_coef": 50, "sim_time": 8.53333, "absorbers": [[10.4745, 4.7264, 6.07824, 7], [-14.9908, -3.81851, 11.0316, 4], [-1.4355, -0.714695, 12.9007, 4], [6.43755, -8.17258, -19.3847, 6]], "reflectors": [[16.9957, 11.4216, -8.04316, 5]], "reflector_prisms": [], "absorber_prisms": [], "line_of_sight": [[0, 0, 0, 0, 0, 496], [59, 0, 59, 0, 0, 501], [75, 75, 0, 0, 0, 503], [88, 88, 0, 0, 0, 502]]}