{
"time_step": 1e-05,
"number_of_molecules": 500000,
"diff_coef": 200,
"sim_time": 0.833333,
"absorbers": [
[-0.0964356,0.87234,-15.9759,6]
],
"reflectors": [
[-0.873179,-16.1373,-14.9273,4]
],
"reflector_prisms": [
[-7.45583,-10.2975,1.12996,-5.45583,-7.29748,6.12996]
],
"absorber_prisms": [
[-7.59559,3.7293,7.9273,-3.59559,9.7293,13.9273]
]
}