{
"time_step": 1e-05,
"number_of_molecules": 500000,
"diff_coef": 100,
"sim_time": 6.01667,
"absorbers": [
[0.992499,12.0849,6.99795,7],
[0.455556,2.07679,-9.77136,5],
[19.966,10.9291,10.3398,6],
[12.2383,-9.01351,-9.64259,7]
],
"reflectors": [
[8.73736,-7.87769,5.53178,4]
],
"reflector_prisms": [
],
"absorber_prisms": [
]
}