{"time_step": 1e-05, "number_of_molecules": 500000, "diff_coef": 50, "sim_time": 6.53333, "absorbers": [[2.9208, 0.751318, -10.5785, 4], [-0.529145, -2.69022, -18.8011, 5], [9.36977, 7.62612, 17.177, 7], [2.20891, -13.7399, 1.52798, 7]], "reflectors": [[-8.57437, -2.38165, -10.8078, 6], [12.6642, 1.45576, -14.089, 4], [-5.7007, 15.8125, -17.1309, 5], [13.66, 10.0411, 1.25737, 4]], "reflector_prisms": [], "absorber_prisms": [], "line_of_sight": [[182, 120, 62, 0, 0, 500], [316, 294, 70, 0, 0, 500], [346, 64, 303, 0, 0, 499], [13, 0, 13, 0, 0, 499]]}