{
"time_step": 1e-05,
"number_of_molecules": 500000,
"diff_coef": 350,
"sim_time": 0.385714,
"absorbers": [
[12.387,-5.91492,2.75256,5]
],
"reflectors": [
],
"reflector_prisms": [
],
"absorber_prisms": [
[-10.6086,-5.87285,-4.30057,-6.60856,-1.87285,-2.30057],
[-9.75515,-7.08504,17.6169,-4.75515,-2.08504,19.6169],
[-9.60634,-0.355918,-13.6377,-3.60634,2.64408,-8.63765]
]
}