{"time_step": 1e-05, "number_of_molecules": 500000, "diff_coef": 400, "sim_time": 1.50417, "absorbers": [[0.895398, -1.58731, -15.8959, 6], [-21.5591, 1.36563, -7.89571, 5], [-14.3538, -13.3772, -12.0007, 6], [8.69457, 3.66791, 7.41288, 2], [11.8903, -18.3462, 2.45767, 3], [9.57725, 16.7106, 8.36845, 5], [1.88149, 6.23778, 11.2494, 3]], "reflectors": [[-1.64794, -9.34534, 7.34499, 3], [7.5401, 7.72871, -5.23584, 5]], "reflector_prisms": [], "absorber_prisms": [], "line_of_sight": [[75, 75, 0, 0, 0, 502], [0, 0, 0, 0, 0, 502], [216, 216, 0, 0, 0, 499], [150, 150, 0, 0, 0, 501], [0, 0, 0, 0, 0, 498], [164, 164, 0, 0, 0, 501], [156, 156, 0, 0, 0, 499]]}