{
"time_step": 1e-05,
"number_of_molecules": 500000,
"diff_coef": 50,
"sim_time": 4.8,
"absorbers": [
[-1.83145,-12.8595,-9.34233,4]
],
"reflectors": [
],
"reflector_prisms": [
[-10.761,-6.3537,2.70343,-8.76098,-1.3537,6.70343],
[-3.68489,-4.37063,-15.3305,0.315107,1.62937,-12.3305],
[6.59048,0.459397,4.71371,10.5905,2.4594,8.71371],
[9.57594,3.32434,10.7552,11.5759,5.32434,15.7552]
],
"absorber_prisms": [
]
}