{"time_step": 1e-05, "number_of_molecules": 500000, "diff_coef": 150, "sim_time": 3.6, "absorbers": [[11.9079, 5.00546, 5.39883, 5], [-15.2458, 14.0514, -3.33527, 3], [-1.57706, 1.5382, -21.8894, 6], [5.20414, -9.43359, 2.21906, 3]], "reflectors": [[-6.46096, 6.12808, -6.45776, 4], [-3.53194, -1.16834, 21.6832, 3], [-3.19338, 11.4893, 1.34091, 2], [0.499388, -0.0894253, -10.9883, 4], [21.8051, 1.8467, 7.07994, 4]], "reflector_prisms": [], "absorber_prisms": [], "line_of_sight": [[85, 0, 85, 0, 0, 502], [220, 158, 84, 0, 0, 501], [401, 0, 487, 0, 0, 497], [211, 61, 157, 0, 0, 500]]}