{
"time_step": 1e-05,
"number_of_molecules": 500000,
"diff_coef": 200,
"sim_time": 2.40833,
"absorbers": [
[4.08726,0.801477,22.6197,6],
[-6.65928,-8.417,2.40998,4],
[4.50096,5.70318,-10.7803,2]
],
"reflectors": [
],
"reflector_prisms": [
[-1.93689,2.60482,9.40175,1.06311,7.60482,13.4017]
],
"absorber_prisms": [
[1.15465,10.9043,-0.912968,6.15465,12.9043,3.08703]
]
}