{
"time_step": 1e-05,
"number_of_molecules": 500000,
"diff_coef": 400,
"sim_time": 0.816667,
"absorbers": [
[-10.5486,-9.71506,-10.8786,4],
[-10.338,5.43075,-2.76286,6]
],
"reflectors": [
],
"reflector_prisms": [
[0.498277,4.56055,-15.7677,6.49828,7.56055,-10.7677],
[-0.527792,-0.17348,16.9478,1.47221,2.82652,20.9478],
[4.52512,-5.47409,-0.461747,7.52512,-2.47409,4.53825],
[-2.82874,-2.34091,-21.4942,2.17126,1.65909,-17.4942]
],
"absorber_prisms": [
]
}