{"time_step": 1e-05, "number_of_molecules": 500000, "diff_coef": 100, "sim_time": 1.35, "absorbers": [[-12.2721, 7.3326, 4.54179, 6]], "reflectors": [], "reflector_prisms": [[2.7026, 6.97787, 8.55029, 7.7026, 9.97787, 12.5503], [5.96123, -1.74846, -9.91672, 10.9612, 4.25154, -6.91672]], "absorber_prisms": [[-1.13345, -17.9107, 10.6175, 0.86655, -13.9107, 13.6175], [-2.85769, -11.7154, -9.23863, -0.857689, -6.71542, -7.23863], [8.27515, -3.86995, 11.0083, 10.2752, 2.13005, 15.0083]], "line_of_sight": [[0, 0, 0, 0, 0, 502]]}