{
"time_step": 1e-05,
"number_of_molecules": 500000,
"diff_coef": 400,
"sim_time": 0.504167,
"absorbers": [
[2.67272,2.54544,14.5388,4]
],
"reflectors": [
[9.22516,9.88605,19.8283,5],
[-4.21157,5.04393,17.8275,2],
[0.966378,-8.73006,8.17632,3]
],
"reflector_prisms": [
[-5.44654,-0.709037,7.02926,0.553457,4.29096,12.0293]
],
"absorber_prisms": [
]
}