{"time_step": 1e-05, "number_of_molecules": 500000, "diff_coef": 100, "sim_time": 5.4, "absorbers": [[9.47871, 10.484, -15.5319, 4], [-5.3819, 22.0826, -3.52037, 5]], "reflectors": [[-4.56372, -12.1793, -22.5131, 7], [2.0647, -9.1337, -12.9735, 5]], "reflector_prisms": [], "absorber_prisms": [], "line_of_sight": [[0, 0, 0, 0, 0, 499], [0, 0, 0, 0, 0, 498]]}