{
"time_step": 1e-05,
"number_of_molecules": 500000,
"diff_coef": 400,
"sim_time": 1.20417,
"absorbers": [
[8.41951,1.86313,21.3223,6],
[-4.72987,11.1159,-7.07569,4]
],
"reflectors": [
[10.0648,-2.13066,3.89371,2]
],
"reflector_prisms": [
],
"absorber_prisms": [
[-5.71387,-6.24697,7.37977,-3.71387,-1.24697,13.3798],
[7.48849,8.18663,-2.11258,13.4885,13.1866,3.88742]
]
}