{
"time_step": 1e-05,
"number_of_molecules": 500000,
"diff_coef": 150,
"sim_time": 1.34444,
"absorbers": [
[8.64725,1.91221,-12.1066,4]
],
"reflectors": [
],
"reflector_prisms": [
[-6.07575,-19.5422,10.9579,-2.07575,-14.5422,13.9579],
[-1.33256,-1.36761,15.9988,1.66744,1.63239,20.9988],
[-11.4471,-21.2906,5.10701,-8.44707,-15.2906,9.10701]
],
"absorber_prisms": [
[-9.27739,-2.43338,10.4051,-7.27739,2.56662,13.4051]
]
}