{"time_step": 1e-05, "number_of_molecules": 500000, "diff_coef": 50, "sim_time": 3.33333, "absorbers": [[2.48151, 12.5325, 9.63214, 6]], "reflectors": [[2.65862, 6.2591, -19.8685, 3]], "reflector_prisms": [[-4.26318, -2.88358, -13.3434, 0.736816, 1.11642, -11.3434], [-4.12545, -18.7172, -1.72313, -2.12545, -15.7172, 1.27687], [11.3767, 5.05472, 1.02819, 14.3767, 8.05472, 7.02819]], "absorber_prisms": [[-14.7887, 1.11358, -4.62023, -8.78866, 7.11358, -2.62023]], "line_of_sight": [[0, 0, 0, 0, 0, 500]]}