{"time_step": 1e-05, "number_of_molecules": 500000, "diff_coef": 50, "sim_time": 7.5, "absorbers": [[3.74573, 12.1442, -12.747, 3], [-9.49088, -0.409771, -10.2837, 5]], "reflectors": [], "reflector_prisms": [[1.4544, -4.90326, 5.44882, 4.4544, -2.90326, 8.44882], [2.99342, -19.7556, 1.24829, 7.99342, -17.7556, 7.24829], [-2.50891, -9.60179, -13.3044, 0.491095, -3.60179, -11.3044]], "absorber_prisms": [], "line_of_sight": [[0, 0, 0, 0, 0, 498], [0, 0, 0, 0, 0, 500]]}