{
"time_step": 1e-05,
"number_of_molecules": 500000,
"diff_coef": 400,
"sim_time": 1.50417,
"absorbers": [
[1.69161,1.02773,13.8594,3],
[20.2583,5.68057,-6.42912,3]
],
"reflectors": [
],
"reflector_prisms": [
[-7.44494,7.73521,-8.9494,-2.44494,9.73521,-5.9494],
[-12.8021,-7.49534,1.01049,-9.80208,-5.49534,6.01049],
[-5.30255,-2.06976,-10.5044,-0.302547,0.93024,-5.50444]
],
"absorber_prisms": [
[-3.56012,-1.59656,5.97016,2.43988,2.40344,9.97016]
]
}