{"time_step": 1e-05, "number_of_molecules": 500000, "diff_coef": 350, "sim_time": 1.21905, "absorbers": [[10.0837, 15.0865, -5.63165, 3]], "reflectors": [], "reflector_prisms": [], "absorber_prisms": [[-10.4309, -11.1022, 6.61128, -4.43092, -7.10219, 8.61128], [-10.9812, 7.89268, 10.208, -4.98124, 10.8927, 13.208], [5.20522, 6.41359, -1.93951, 9.20522, 11.4136, 0.0604855], [3.52694, -3.42993, 4.90695, 5.52694, 1.57007, 6.90695], [-8.39463, -4.55002, 11.2633, -3.39463, -2.55002, 14.2633]], "line_of_sight": [[104, 0, 0, 104, 0, 500]]}