{"time_step": 1e-05, "number_of_molecules": 500000, "diff_coef": 350, "sim_time": 1.71905, "absorbers": [[3.01164, 21.758, -1.2334, 3]], "reflectors": [], "reflector_prisms": [[1.52445, -6.56358, -13.6771, 3.52445, -0.563579, -8.67712]], "absorber_prisms": [[16.9702, -3.60515, 7.62231, 20.9702, -1.60515, 9.62231], [2.15473, 2.0016, 9.21329, 8.15473, 7.0016, 15.2133]], "line_of_sight": [[0, 0, 0, 0, 0, 501]]}