{"time_step": 1e-05, "number_of_molecules": 500000, "diff_coef": 250, "sim_time": 0.166667, "absorbers": [[1.35919, 5.49224, -4.12163, 2], [6.7583, -5.64803, -1.85071, 4]], "reflectors": [[2.7876, -1.42905, 21.7758, 4], [18.5896, -16.7137, 0.282398, 6]], "reflector_prisms": [[-3.93907, -1.48646, -21.4058, 0.0609346, 1.51354, -18.4058]], "absorber_prisms": [], "line_of_sight": [[0, 0, 0, 0, 0, 499], [66, 0, 66, 0, 0, 499]]}