{
"time_step": 1e-05,
"number_of_molecules": 500000,
"diff_coef": 50,
"sim_time": 10.8,
"absorbers": [
[-10.9453,6.05182,3.54631,6],
[2.28139,-14.9965,13.0346,2]
],
"reflectors": [
[5.34399,-9.57939,8.69926,5],
[-0.0916182,-1.65309,-16.9192,6]
],
"reflector_prisms": [
[14.7759,-10.8203,-6.03774,17.7759,-7.82025,-0.0377426]
],
"absorber_prisms": [
]
}