{
"time_step": 1e-05,
"number_of_molecules": 500000,
"diff_coef": 250,
"sim_time": 1.30667,
"absorbers": [
[-7.87416,-5.94199,16.2385,5],
[1.39141,-14.0158,7.59087,3]
],
"reflectors": [
],
"reflector_prisms": [
[0.205813,7.01491,-14.1164,3.20581,12.0149,-10.1164],
[4.74001,5.70683,-9.89267,9.74001,9.70683,-6.89267]
],
"absorber_prisms": [
[11.8929,1.46569,5.13518,13.8929,6.46569,10.1352],
[-0.856238,-1.98306,-10.9618,2.14376,1.01694,-5.96181]
]
}