{"time_step": 1e-05, "number_of_molecules": 500000, "diff_coef": 250, "sim_time": 2.40667, "absorbers": [[0.900558, -5.88882, 23.2489, 6], [11.5051, 9.25069, -6.16905, 6], [-1.68287, 9.34302, -3.1426, 2], [-10.4375, 11.8873, 2.3979, 4], [1.16958, -1.79674, 9.76749, 4], [-11.3383, 22.2467, -1.23572, 6], [-4.76267, 1.39652, -9.81666, 5]], "reflectors": [[-4.0168, 3.4959, 9.62518, 3], [-6.45068, -13.1349, -3.29609, 3]], "reflector_prisms": [], "absorber_prisms": [], "line_of_sight": [[500, 751, 0, 0, 0, 500], [0, 0, 0, 0, 0, 501], [57, 57, 0, 0, 0, 503], [133, 133, 0, 0, 0, 502], [270, 294, 0, 0, 0, 496], [186, 186, 0, 0, 0, 498], [185, 280, 0, 0, 0, 499]]}