{
"time_step": 1e-05,
"number_of_molecules": 500000,
"diff_coef": 250,
"sim_time": 2.40667,
"absorbers": [
[-16.4624,-17.9236,-5.72127,6],
[3.85897,16.5393,0.748333,6],
[-4.08974,-18.4069,-2.33698,5],
[-4.46567,7.22123,-19.2071,5],
[-2.05637,11.1499,9.82093,5]
],
"reflectors": [
[14.1965,6.22747,18.3215,5],
[-8.1517,-10.5474,-13.5389,7],
[7.3624,6.84675,-6.55111,4],
[13.3938,-6.49317,8.21248,7]
],
"reflector_prisms": [
],
"absorber_prisms": [
]
}