{
"time_step": 1e-05,
"number_of_molecules": 500000,
"diff_coef": 350,
"sim_time": 1.21905,
"absorbers": [
[-2.97195,4.74535,21.2756,6]
],
"reflectors": [
[11.9252,-8.7324,8.39844,6]
],
"reflector_prisms": [
[-5.4106,-2.42214,11.8048,0.589401,2.57786,17.8048]
],
"absorber_prisms": [
[9.71324,-17.1584,-4.34203,12.7132,-13.1584,-0.342029],
[-10.356,-19.6102,8.70214,-4.35602,-14.6102,10.7021],
[-3.20266,13.4821,-1.83762,1.79734,15.4821,2.16238]
]
}