{"time_step": 1e-05, "number_of_molecules": 500000, "diff_coef": 50, "sim_time": 12.0333, "absorbers": [[2.27446, 13.0701, 12.1655, 7], [14.0787, -7.24054, -20.6244, 7], [-7.83009, 0.23411, -17.31, 5]], "reflectors": [[-12.1479, -8.4004, 6.15312, 6]], "reflector_prisms": [], "absorber_prisms": [], "line_of_sight": [[0, 0, 0, 0, 0, 501], [0, 0, 0, 0, 0, 502], [0, 0, 0, 0, 0, 500]]}