{"time_step": 1e-05, "number_of_molecules": 500000, "diff_coef": 250, "sim_time": 0.326667, "absorbers": [[-6.31734, -4.38658, 7.86442, 4]], "reflectors": [[-1.90823, 1.47707, 9.70448, 3], [-7.05265, -12.6899, -12.2567, 2]], "reflector_prisms": [[2.38428, -0.111974, -15.5862, 4.38428, 1.88803, -13.5862]], "absorber_prisms": [[-10.1186, -22.6589, -9.84502, -4.11857, -16.6589, -3.84502], [10.0523, -16.1173, 11.2761, 12.0523, -10.1173, 16.2761]], "line_of_sight": [[0, 0, 0, 0, 0, 502]]}