{
"time_step": 1e-05,
"number_of_molecules": 500000,
"diff_coef": 400,
"sim_time": 0.816667,
"absorbers": [
[12.4107,-1.60208,14.2971,5]
],
"reflectors": [
],
"reflector_prisms": [
[-2.59389,-0.988271,4.98193,2.40611,2.01173,9.98193],
[-6.59913,3.64043,-12.9648,-0.599127,5.64043,-7.96483],
[-1.4961,-3.03249,-9.99994,1.5039,2.96751,-7.99994],
[-0.446536,2.62623,-14.702,1.55346,6.62623,-11.702]
],
"absorber_prisms": [
]
}