{"time_step": 1e-05, "number_of_molecules": 500000, "diff_coef": 300, "sim_time": 1.60556, "absorbers": [[-10.7257, -4.36859, 18.7049, 5]], "reflectors": [[-0.869982, -7.43692, -6.62838, 4], [-4.06247, 4.60887, 6.57682, 2]], "reflector_prisms": [[-1.54245, -0.193112, 4.94604, 2.45755, 1.80689, 10.946]], "absorber_prisms": [[-22.3328, -9.90268, 0.689022, -16.3328, -5.90268, 3.68902], [-4.62134, 6.63537, -20.8482, -0.621341, 10.6354, -14.8482]], "line_of_sight": [[0, 0, 0, 0, 0, 499]]}