{"time_step": 1e-05, "number_of_molecules": 500000, "diff_coef": 250, "sim_time": 2.40667, "absorbers": [[9.52333, 11.9865, 15.7996, 3], [-1.75716, -0.318479, -13.8856, 2], [-5.51419, -4.80941, 5.24055, 2], [-0.42847, 1.27161, 17.9499, 3], [-0.221184, -4.63886, 14.263, 3], [3.65107, -0.970225, 9.25896, 2], [0.785721, -1.77659, -7.76056, 3]], "reflectors": [[-11.1743, -6.46282, 7.63981, 4], [-17.6425, 8.50411, 7.57776, 5]], "reflector_prisms": [], "absorber_prisms": [], "line_of_sight": [[0, 0, 0, 0, 0, 503], [457, 669, 0, 0, 0, 500], [267, 0, 267, 0, 0, 501], [502, 656, 0, 0, 0, 502], [55, 55, 0, 0, 0, 502], [63, 84, 0, 0, 0, 497], [107, 127, 0, 0, 0, 503]]}