{"time_step": 1e-05, "number_of_molecules": 500000, "diff_coef": 50, "sim_time": 4.8, "absorbers": [[3.50947, 12.0819, 8.16776, 3]], "reflectors": [[-6.12542, -2.12378, -6.2425, 3]], "reflector_prisms": [], "absorber_prisms": [[-0.117653, -14.7932, -2.75838, 3.88235, -9.79322, 0.24162]], "line_of_sight": [[0, 0, 0, 0, 0, 499]]}