{
"time_step": 1e-05,
"number_of_molecules": 500000,
"diff_coef": 200,
"sim_time": 2.13333,
"absorbers": [
[-6.92453,-9.13224,-8.04072,6],
[16.0797,-3.99962,-3.80071,5],
[-1.09109,-12.6684,19.1656,7]
],
"reflectors": [
[-4.84187,3.6429,10.3579,6],
[0.285008,-1.82056,-14.8864,5]
],
"reflector_prisms": [
],
"absorber_prisms": [
]
}