{"time_step": 1e-05, "number_of_molecules": 500000, "diff_coef": 400, "sim_time": 0.816667, "absorbers": [[-4.46325, -6.27975, -16.2679, 4]], "reflectors": [], "reflector_prisms": [[0.195384, -2.96519, -11.7786, 4.19538, 3.03481, -9.77864]], "absorber_prisms": [[1.94969, -8.10599, 1.66486, 5.94969, -5.10599, 7.66486], [2.44745, -8.6437, 14.4636, 4.44745, -4.6437, 20.4636]], "line_of_sight": [[0, 0, 0, 0, 0, 500]]}