{
"time_step": 1e-05,
"number_of_molecules": 500000,
"diff_coef": 150,
"sim_time": 0.4,
"absorbers": [
[-0.188436,5.49539,-10.6661,6]
],
"reflectors": [
[-8.58372,-14.374,12.6771,6],
[6.688,-5.75202,-13.3486,4],
[10.208,-9.80145,4.97281,4]
],
"reflector_prisms": [
[-10.1504,-2.66925,2.67485,-6.1504,0.330753,8.67485],
[-1.70237,13.8177,5.40905,2.29763,19.8177,7.40905]
],
"absorber_prisms": [
]
}