{"time_step": 1e-05, "number_of_molecules": 500000, "diff_coef": 150, "sim_time": 2.84444, "absorbers": [[14.0344, 13.8653, -3.28469, 4]], "reflectors": [[-6.17709, 17.9537, 0.7128, 2], [-4.40693, -15.969, -3.81694, 2], [-0.851191, 4.38922, 11.136, 2]], "reflector_prisms": [], "absorber_prisms": [[-1.79558, -1.25761, -8.45374, 0.204424, 1.74239, -6.45374], [-6.18334, -12.911, -16.0755, -1.18334, -7.91105, -11.0755]], "line_of_sight": [[0, 0, 0, 0, 0, 499]]}