{"time_step": 1e-05, "number_of_molecules": 500000, "diff_coef": 400, "sim_time": 1.35, "absorbers": [[8.36987, 1.59244, -2.89989, 4], [-2.3791, 9.70353, 0.425894, 5], [0.409227, 0.245632, -15.9929, 7], [2.74877, -22.7335, -2.15191, 5], [-8.34059, 13.2588, 12.4354, 4]], "reflectors": [[2.44293, 18.7143, 2.1922, 4]], "reflector_prisms": [], "absorber_prisms": [], "line_of_sight": [[0, 0, 0, 0, 0, 500], [90, 26, 68, 0, 0, 500], [0, 0, 0, 0, 0, 501], [498, 498, 150, 0, 0, 498], [46, 46, 0, 0, 0, 500]]}