{"time_step": 1e-05, "number_of_molecules": 500000, "diff_coef": 350, "sim_time": 0.304762, "absorbers": [[-1.5628, 4.59071, -12.0616, 5]], "reflectors": [], "reflector_prisms": [[7.59337, 7.62425, -10.78, 13.5934, 10.6243, -4.78001], [-13.2618, -4.83277, -1.99773, -7.26184, -2.83277, 4.00227], [-9.52446, 4.6978, 1.14973, -7.52446, 7.6978, 5.14973]], "absorber_prisms": [[-2.44397, -2.20527, 17.9989, 2.55603, 1.79473, 23.9989]], "line_of_sight": [[0, 0, 0, 0, 0, 501]]}