{
"time_step": 1e-05,
"number_of_molecules": 500000,
"diff_coef": 400,
"sim_time": 0.504167,
"absorbers": [
[3.9614,-6.6748,7.79451,4],
[0.648401,0.919111,-14.9578,4],
[-8.74935,11.79,-6.35959,7]
],
"reflectors": [
[1.49739,3.28516,15.5874,4]
],
"reflector_prisms": [
],
"absorber_prisms": [
]
}