{"time_step": 1e-05, "number_of_molecules": 500000, "diff_coef": 100, "sim_time": 2.01667, "absorbers": [[2.85427, 14.7248, -0.181613, 4], [-0.848459, 0.758584, 14.9568, 5], [11.973, -8.32603, 3.51046, 5], [-11.6987, -4.04103, -8.47411, 4]], "reflectors": [[-2.6134, 9.02506, -10.3788, 5]], "reflector_prisms": [], "absorber_prisms": [], "line_of_sight": [[0, 0, 0, 0, 0, 502], [0, 0, 0, 0, 0, 500], [0, 0, 0, 0, 0, 500], [0, 0, 0, 0, 0, 498]]}