{"time_step": 1e-05, "number_of_molecules": 500000, "diff_coef": 100, "sim_time": 4.26667, "absorbers": [[-8.66288, -4.58515, 9.99655, 4], [6.66657, 0.0527231, -17.792, 5], [1.91601, 2.44348, -7.37281, 3], [6.66274, 5.9739, 4.46322, 3], [-12.8884, 8.83502, -3.43954, 2], [-1.25149, 18.4947, 4.169, 6], [7.76343, -13.4611, 3.81155, 6], [15.2582, 9.45418, 8.82075, 4]], "reflectors": [[-0.876497, -8.89322, 21.193, 5], [-1.86918, 8.61877, 4.71413, 2], [-2.61728, -8.39168, -6.61283, 4], [-4.02232, 1.01539, 16.4861, 3], [-17.3405, -2.3426, 11.6112, 2], [-13.5809, -4.88562, -6.90569, 3], [-15.9805, -9.44002, -15.2154, 5]], "reflector_prisms": [], "absorber_prisms": [], "line_of_sight": [[205, 229, 27, 0, 0, 500], [342, 313, 142, 0, 0, 501], [339, 243, 178, 0, 0, 500], [339, 137, 335, 0, 0, 501], [135, 135, 0, 0, 0, 501], [238, 51, 214, 0, 0, 500], [77, 77, 0, 0, 0, 504], [495, 373, 346, 0, 0, 500]]}