{
"time_step": 1e-05,
"number_of_molecules": 500000,
"diff_coef": 50,
"sim_time": 9.63333,
"absorbers": [
[-0.296527,-2.87656,16.7522,6],
[9.10464,6.2671,-11.5684,5],
[-9.24907,15.2291,-2.55551,3],
[-13.0146,12.5357,5.87162,2],
[8.77035,-13.378,-0.330507,2],
[-4.0888,2.38926,-8.80756,4],
[-6.63006,-3.52041,-15.2528,4]
],
"reflectors": [
[-11.5648,-12.2201,-8.82741,5],
[-7.85066,4.92526,9.11641,5],
[2.6559,-5.17197,-10.4975,3],
[-11.8039,-0.147042,5.44484,2]
],
"reflector_prisms": [
],
"absorber_prisms": [
]
}