{
"time_step": 1e-05,
"number_of_molecules": 500000,
"diff_coef": 200,
"sim_time": 1.875,
"absorbers": [
[-19.6531,-5.5975,-4.8399,6],
[1.30661,-0.717726,9.88826,5],
[6.69411,6.90841,8.74429,4],
[3.74983,1.73671,-18.5452,6],
[-12.5461,8.21766,5.57362,6],
[-6.00779,-9.17876,-11.6472,5]
],
"reflectors": [
[-8.8335,-6.28502,1.86218,4],
[-0.366851,-16.8831,-8.70774,4],
[5.4168,-14.5254,3.95849,6]
],
"reflector_prisms": [
],
"absorber_prisms": [
]
}