{
"time_step": 1e-05,
"number_of_molecules": 500000,
"diff_coef": 350,
"sim_time": 1.37619,
"absorbers": [
[4.17862,-2.39558,19.4113,4],
[-9.41615,12.121,4.51862,7],
[0.180942,12.2353,20.6462,7],
[-11.007,-5.78832,-3.78699,4]
],
"reflectors": [
[-18.3532,11.2915,-10.567,7],
[-0.295651,-5.03522,8.63477,4],
[7.6293,-3.10329,-14.8716,5]
],
"reflector_prisms": [
],
"absorber_prisms": [
]
}