{"time_step": 1e-05, "number_of_molecules": 500000, "diff_coef": 200, "sim_time": 1.63333, "absorbers": [[-5.21366, -11.6326, -11.2472, 3]], "reflectors": [], "reflector_prisms": [[11.6272, 9.223, 7.59272, 16.6272, 15.223, 11.5927], [3.41286, -0.265108, 13.8815, 7.41286, 5.73489, 17.8815], [-1.36725, -3.06532, -11.4234, 3.63275, 1.93468, -9.4234], [-7.29232, 5.89591, -12.9027, -1.29232, 7.89591, -9.90274], [-2.20616, -2.31151, -20.4953, 2.79384, 1.68849, -18.4953]], "absorber_prisms": [], "line_of_sight": [[0, 0, 0, 0, 0, 500]]}