{
"time_step": 1e-05,
"number_of_molecules": 500000,
"diff_coef": 200,
"sim_time": 3.00833,
"absorbers": [
[-20.6373,-1.51393,3.57917,6],
[16.8368,4.29404,7.68656,6],
[-4.66653,1.55851,12.0331,4],
[14.8337,5.54993,-13.7899,4],
[-0.314347,0.302079,-24.9962,6],
[-18.5689,-7.13751,-11.5435,5]
],
"reflectors": [
[-4.48179,-5.84767,16.4231,4],
[17.576,-10.1744,5.34469,6],
[0.31152,-0.45822,24.9939,6]
],
"reflector_prisms": [
],
"absorber_prisms": [
]
}