{"time_step": 1e-05, "number_of_molecules": 500000, "diff_coef": 250, "sim_time": 0.24, "absorbers": [[2.4434, 2.87748, -7.05336, 2]], "reflectors": [], "reflector_prisms": [[-8.22523, -9.92774, -4.13847, -5.22523, -4.92774, -2.13847]], "absorber_prisms": [[-2.88205, -2.42133, -14.8536, 0.117953, -0.421328, -11.8536]], "line_of_sight": [[0, 0, 0, 0, 0, 502]]}