{
"time_step": 1e-05,
"number_of_molecules": 500000,
"diff_coef": 150,
"sim_time": 2.17778,
"absorbers": [
[-0.682291,1.78104,16.8927,3],
[-7.65024,-1.01661,-10.4614,5]
],
"reflectors": [
],
"reflector_prisms": [
[4.24571,-0.609136,13.3904,7.24571,1.39086,15.3904]
],
"absorber_prisms": [
[5.0379,-20.9011,-2.92922,8.0379,-16.9011,3.07078],
[6.98697,-8.37841,-6.507,11.987,-2.37841,-3.507],
[16.3336,-5.10461,-2.73821,19.3336,0.89539,0.261795]
]
}