{"time_step": 1e-05, "number_of_molecules": 500000, "diff_coef": 400, "sim_time": 1.06667, "absorbers": [[6.0739, 11.4858, -0.428297, 6], [-9.28086, 15.4545, 6.00188, 7], [-3.09647, 0.306121, 19.7565, 6], [9.44116, 3.50379, -11.117, 7], [20.747, -7.00691, -2.11313, 6]], "reflectors": [[-3.48468, -10.6152, 8.43646, 5], [3.98561, -7.81268, -16.8546, 6]], "reflector_prisms": [], "absorber_prisms": [], "line_of_sight": [[92, 0, 92, 0, 0, 496], [0, 0, 0, 0, 0, 499], [276, 139, 137, 0, 0, 497], [157, 78, 80, 0, 0, 499], [0, 0, 0, 0, 0, 500]]}