{"time_step": 1e-05, "number_of_molecules": 500000, "diff_coef": 400, "sim_time": 1.20417, "absorbers": [[2.03264, 0.0755203, 20.9013, 4]], "reflectors": [[3.68927, 7.0611, -10.2728, 5]], "reflector_prisms": [[-5.29367, 0.0797319, 5.22469, -1.29367, 5.07973, 7.22469], [-13.2046, 6.61955, -0.332672, -8.20461, 10.6196, 5.66733]], "absorber_prisms": [[-4.64328, -7.97004, -9.08817, -1.64328, -1.97004, -7.08817]], "line_of_sight": [[0, 0, 0, 0, 0, 500]]}