{
"time_step": 1e-05,
"number_of_molecules": 500000,
"diff_coef": 200,
"sim_time": 2.40833,
"absorbers": [
[-3.07264,-1.31382,20.7324,4],
[-11.3881,-4.79699,14.4326,5],
[-1.05277,-17.4663,9.68605,6]
],
"reflectors": [
[1.28396,7.10394,-13.1486,4],
[1.64356,-18.2538,-5.00965,6],
[2.64393,13.4841,10.0094,6]
],
"reflector_prisms": [
],
"absorber_prisms": [
]
}