{
"time_step": 1e-05,
"number_of_molecules": 500000,
"diff_coef": 50,
"sim_time": 8.53333,
"absorbers": [
[-8.75733,-12.0122,-2.00396,6],
[14.0801,-5.09423,-0.893963,5],
[-11.8838,-8.06962,-17.9626,7],
[-2.66092,15.5076,-10.6505,6],
[-12.1048,-3.16568,18.0956,6],
[7.27068,-6.62237,8.50185,6]
],
"reflectors": [
[4.04025,-2.64039,18.3767,4],
[21.6626,5.2248,8.91258,6]
],
"reflector_prisms": [
],
"absorber_prisms": [
]
}