{
"time_step": 1e-05,
"number_of_molecules": 500000,
"diff_coef": 400,
"sim_time": 1.35,
"absorbers": [
[1.26357,-0.900254,-20.9426,6],
[8.57192,-2.63219,9.41242,7],
[-4.116,19.3933,13.5262,6],
[8.75666,4.70824,18.4974,4]
],
"reflectors": [
[-5.47316,-4.78836,-11.9631,4],
[5.03507,-12.7778,-6.03126,4],
[-9.88121,-9.85963,-1.07203,6]
],
"reflector_prisms": [
],
"absorber_prisms": [
]
}