{"time_step": 1e-05, "number_of_molecules": 500000, "diff_coef": 400, "sim_time": 1.06667, "absorbers": [[-4.66452, 6.28205, 18.4059, 4]], "reflectors": [[2.42341, 0.380098, 8.65925, 3], [-14.9322, -1.25462, 0.675359, 2], [7.97168, -1.84285, -19.3405, 3]], "reflector_prisms": [], "absorber_prisms": [[-10.8084, -0.112901, -17.5056, -5.80842, 1.8871, -15.5056]], "line_of_sight": [[66, 0, 66, 0, 0, 499]]}