{
"time_step": 1e-05,
"number_of_molecules": 500000,
"diff_coef": 350,
"sim_time": 0.933333,
"absorbers": [
[-4.3323,-5.92704,-13.0806,5],
[-4.00741,3.88523,13.9228,6],
[-0.923858,9.68336,-5.13605,3],
[2.12757,3.39831,-8.0576,2],
[3.93447,-2.98802,15.2181,2],
[-4.51809,-7.714,-1.0397,4],
[-3.25688,-2.27048,8.07698,2]
],
"reflectors": [
[-13.4051,-10.0284,2.95539,4],
[3.71595,-8.50573,-21.0439,5],
[7.79854,13.7418,-13.8328,4],
[14.3264,-9.90978,-9.82595,2],
[-2.7438,-6.20697,14.4895,2],
[3.19339,-3.98214,-6.15994,3]
],
"reflector_prisms": [
],
"absorber_prisms": [
]
}