{
"time_step": 1e-05,
"number_of_molecules": 500000,
"diff_coef": 250,
"sim_time": 1.92667,
"absorbers": [
[9.13932,19.7366,-3.3077,6],
[-19.2109,12.6419,-0.355694,6]
],
"reflectors": [
[20.5557,4.00286,-1.56237,6]
],
"reflector_prisms": [
],
"absorber_prisms": [
[-4.50103,-12.2387,7.77797,0.498975,-8.23872,13.778],
[3.06546,9.36827,-16.5173,5.06546,13.3683,-11.5173],
[0.994722,-1.37183,-9.50971,5.99472,4.62817,-4.50971]
]
}