{"time_step": 1e-05, "number_of_molecules": 500000, "diff_coef": 150, "sim_time": 2.5, "absorbers": [[9.72817, 1.45533, -18.5538, 6]], "reflectors": [], "reflector_prisms": [], "absorber_prisms": [[-10.9689, -5.66628, -8.86196, -5.96888, -1.66628, -4.86196], [-8.47853, -12.4259, 7.79479, -3.47853, -7.42595, 12.7948], [-4.89196, 1.00112, 5.3828, -1.89196, 3.00112, 7.3828], [2.56452, 12.0182, 8.39796, 4.56452, 17.0182, 13.398]], "line_of_sight": [[0, 0, 0, 0, 0, 497]]}