{
"time_step": 1e-05,
"number_of_molecules": 500000,
"diff_coef": 150,
"sim_time": 1.87778,
"absorbers": [
[-8.12776,8.23246,15.072,6],
[10.2104,-1.86321,3.64371,3]
],
"reflectors": [
[-2.24916,-4.9807,-10.6833,5]
],
"reflector_prisms": [
],
"absorber_prisms": [
[13.5341,0.189425,-7.42107,15.5341,4.18942,-2.42107],
[-16.6767,-10.5798,-8.55342,-13.6767,-6.57978,-6.55342],
[3.44969,-5.60246,-9.66108,5.44969,-2.60246,-3.66108]
]
}