{"time_step": 1e-05, "number_of_molecules": 500000, "diff_coef": 400, "sim_time": 1.50417, "absorbers": [[-4.0377, -2.08937, -17.4164, 7], [9.98799, -15.9875, 13.1772, 6], [20.9982, -3.86028, -14.8383, 7]], "reflectors": [[-3.50053, -2.23944, 22.6215, 7]], "reflector_prisms": [], "absorber_prisms": [], "line_of_sight": [[121, 0, 121, 0, 0, 498], [0, 0, 0, 0, 0, 498], [0, 0, 0, 0, 0, 500]]}