{
"time_step": 1e-05,
"number_of_molecules": 500000,
"diff_coef": 50,
"sim_time": 3.33333,
"absorbers": [
[-1.09818,-3.68442,-11.3675,2]
],
"reflectors": [
[-1.50569,-11.854,-9.06725,2],
[-0.617045,1.29076,11.9144,4],
[-3.12032,-8.68815,11.8228,5],
[-2.76158,10.1236,5.82128,6]
],
"reflector_prisms": [
],
"absorber_prisms": [
[3.89499,3.63001,-9.36601,9.89499,6.63001,-4.36601]
]
}