{"time_step": 1e-05, "number_of_molecules": 500000, "diff_coef": 400, "sim_time": 0.204167, "absorbers": [[6.78055, 0.699372, 9.87598, 5]], "reflectors": [[5.90025, -4.03663, -5.46742, 2]], "reflector_prisms": [[-5.04153, -1.95816, -13.9919, -2.04153, 0.0418426, -11.9919]], "absorber_prisms": [[-0.141713, -1.14294, -10.9621, 1.85829, 0.857056, -8.96207]], "line_of_sight": [[0, 0, 0, 0, 0, 499]]}