{
"time_step": 1e-05,
"number_of_molecules": 500000,
"diff_coef": 350,
"sim_time": 0.804762,
"absorbers": [
[5.21349,-6.64436,17.0198,6]
],
"reflectors": [
[-0.0934315,1.06614,10.9478,5],
[0.387892,-8.70028,-21.2874,4],
[-5.95353,8.77865,2.91392,3]
],
"reflector_prisms": [
],
"absorber_prisms": [
[-5.99268,-12.0299,-21.7218,0.00731987,-6.02993,-15.7218]
]
}