{
"time_step": 1e-05,
"number_of_molecules": 500000,
"diff_coef": 350,
"sim_time": 1.71905,
"absorbers": [
[-1.77617,21.8767,9.7085,5]
],
"reflectors": [
[1.72478,16.6588,-8.97278,5],
[3.72225,5.18378,11.3258,2],
[-3.71579,-12.2729,-15.3483,5],
[2.13298,-18.9248,-6.10744,2]
],
"reflector_prisms": [
[13.403,7.2533,-10.6662,15.403,9.2533,-5.66625]
],
"absorber_prisms": [
]
}