{
"time_step": 1e-05,
"number_of_molecules": 500000,
"diff_coef": 50,
"sim_time": 9.63333,
"absorbers": [
[-3.54958,5.49101,15.6923,7],
[7.31917,16.843,-12.1137,7],
[3.46077,-10.3975,0.956822,6],
[1.55375,-21.9342,0.691079,5],
[8.11077,7.16299,11.7859,5],
[-10.7122,-8.88577,1.51386,5]
],
"reflectors": [
[-8.72088,6.81635,-4.63504,4],
[-1.00828,1.1737,-16.9294,6],
[-16.8775,4.42547,4.42313,5],
[14.3842,-5.75178,-9.16583,6],
[17.3231,9.70812,2.37973,7],
[8.30992,-20.3577,6.74606,4]
],
"reflector_prisms": [
],
"absorber_prisms": [
]
}