{"time_step": 1e-05, "number_of_molecules": 500000, "diff_coef": 150, "sim_time": 3.21111, "absorbers": [[-1.59345, 1.37543, -11.8139, 6], [-0.837546, 0.0713122, 22.9846, 6]], "reflectors": [], "reflector_prisms": [[-11.9625, -1.52594, 4.85992, -5.96252, 2.47406, 7.85992], [-11.0918, 1.33878, -9.37626, -6.09183, 5.33878, -4.37626]], "absorber_prisms": [], "line_of_sight": [[48, 29, 0, 0, 19, 500], [500, 500, 0, 0, 0, 500]]}