{"time_step": 1e-05, "number_of_molecules": 500000, "diff_coef": 400, "sim_time": 0.9375, "absorbers": [[-3.83423, -13.2597, -11.5533, 3]], "reflectors": [[-6.08054, -9.30157, -4.52855, 3], [5.46132, 7.8657, -16.4105, 5], [4.01171, 0.419402, 12.3584, 3], [-12.1404, 18.1828, 7.14108, 4]], "reflector_prisms": [], "absorber_prisms": [], "line_of_sight": [[31, 0, 31, 0, 0, 494]]}