{"time_step": 1e-05, "number_of_molecules": 500000, "diff_coef": 400, "sim_time": 1.50417, "absorbers": [[1.01053, 1.48671, 13.8841, 3], [-2.07712, 3.40646, -8.06732, 4], [-9.29564, -8.90684, 11.1022, 4], [-12.5752, 17.8868, 2.43463, 4], [-2.09363, 5.38189, -24.3239, 6], [1.49135, 10.0142, 17.2479, 2], [1.50867, 7.64439, -1.81306, 2], [0.229264, -4.51958, 19.4813, 3]], "reflectors": [[-0.718462, 6.29464, 15.7753, 2], [9.63503, 13.2691, 17.5242, 5], [-8.24093, -3.78495, 6.22585, 2], [11.5494, 10.4627, -10.8694, 2], [-1.10433, -14.6103, 6.42812, 2], [-11.2679, 2.10654, 8.0372, 4], [-5.28881, 3.82866, 15.6962, 2]], "reflector_prisms": [], "absorber_prisms": [], "line_of_sight": [[202, 315, 36, 0, 0, 501], [107, 155, 0, 0, 0, 500], [140, 0, 144, 0, 0, 504], [0, 0, 0, 0, 0, 500], [483, 648, 0, 0, 0, 499], [64, 0, 64, 0, 0, 500], [87, 0, 87, 0, 0, 504], [500, 1044, 0, 0, 0, 500]]}