{"time_step": 1e-05, "number_of_molecules": 500000, "diff_coef": 50, "sim_time": 1.2, "absorbers": [[1.03799, 0.196964, -7.92993, 2]], "reflectors": [[15.8129, -2.2122, -1.02865, 5], [-2.49451, -10.3638, -7.441, 5]], "reflector_prisms": [], "absorber_prisms": [[4.98576, 16.0868, 7.50031, 9.98576, 18.0868, 9.50031], [-14.3127, 3.66215, 2.47508, -9.31269, 9.66215, 4.47508]], "line_of_sight": [[0, 0, 0, 0, 0, 502]]}