{"time_step": 1e-05, "number_of_molecules": 500000, "diff_coef": 350, "sim_time": 0.119048, "absorbers": [[0.336162, -9.36604, 5.75885, 6]], "reflectors": [[9.15328, 8.53225, -12.939, 3]], "reflector_prisms": [[-0.597102, -0.743485, -12.3906, 2.4029, 3.25652, -9.39064], [-1.61219, -1.53399, -21.9996, 1.38781, 1.46601, -16.9996]], "absorber_prisms": [], "line_of_sight": [[16, 0, 16, 0, 0, 497]]}