{
"time_step": 1e-05,
"number_of_molecules": 500000,
"diff_coef": 400,
"sim_time": 1.06667,
"absorbers": [
[-6.7143,17.5575,2.76646,3]
],
"reflectors": [
],
"reflector_prisms": [
[0.0529736,-2.18269,10.8581,3.05297,-0.182692,15.8581],
[-2.7503,-17.4429,0.123068,1.2497,-14.4429,2.12307]
],
"absorber_prisms": [
[-15.9698,7.08037,-3.75645,-12.9698,12.0804,-0.756447]
]
}