{"time_step": 1e-05, "number_of_molecules": 500000, "diff_coef": 350, "sim_time": 0.804762, "absorbers": [[0.231757, 15.8804, -6.06301, 4], [-1.24955, -2.10471, -11.7477, 5]], "reflectors": [], "reflector_prisms": [[-10.2346, 9.7696, -6.70298, -4.23456, 14.7696, -2.70298], [-17.3646, 9.61111, -7.17829, -14.3646, 14.6111, -2.17829], [-7.56983, -12.1579, 1.11955, -5.56983, -6.15787, 7.11955], [-8.37837, -7.40635, -7.85571, -2.37837, -2.40635, -5.85571]], "absorber_prisms": [], "line_of_sight": [[0, 0, 0, 0, 0, 501], [61, 0, 0, 0, 61, 500]]}