{"time_step": 1e-05, "number_of_molecules": 500000, "diff_coef": 100, "sim_time": 6.01667, "absorbers": [[2.90704, -0.405213, -10.6012, 6], [-1.92164, 3.55333, 18.5656, 2], [7.76129, 5.32814, -3.37244, 2], [-4.29625, -7.11543, 21.4456, 6], [-5.42038, -13.8603, -8.2166, 2], [9.0847, 4.34196, -13.6973, 2], [-17.963, -5.56353, 11.4184, 3]], "reflectors": [[-9.25397, 0.552952, 11.7923, 4], [15.2597, 7.40872, 16.978, 5], [-1.64091, 9.1837, -5.82813, 3], [-16.5141, -1.91096, -3.55448, 6]], "reflector_prisms": [], "absorber_prisms": [], "line_of_sight": [[174, 91, 85, 0, 0, 500], [499, 499, 0, 0, 0, 499], [1, 1, 0, 0, 0, 502], [424, 430, 0, 0, 0, 500], [0, 0, 0, 0, 0, 498], [503, 517, 159, 0, 0, 503], [1, 1, 0, 0, 0, 502]]}