{"time_step": 1e-05, "number_of_molecules": 500000, "diff_coef": 300, "sim_time": 0.555556, "absorbers": [[1.41071, 9.8676, 6.68135, 2]], "reflectors": [[0.90485, 0.448188, -13.9635, 5], [8.62078, 14.4392, 2.4883, 2]], "reflector_prisms": [[8.14734, -1.59998, -16.8859, 14.1473, 1.40002, -13.8859], [17.9805, -0.808079, -2.58432, 23.9805, 2.19192, 1.41568]], "absorber_prisms": [[-7.72284, -0.650985, -11.4608, -3.72284, 3.34901, -9.46084]], "line_of_sight": [[0, 0, 0, 0, 0, 498]]}