{
"time_step": 1e-05,
"number_of_molecules": 500000,
"diff_coef": 200,
"sim_time": 3.00833,
"absorbers": [
[1.69293,7.91279,11.4246,6],
[1.27184,-1.89189,-11.7815,4],
[-3.43147,-6.58538,24.917,7],
[-12.3805,6.83578,4.99958,4],
[-8.39135,2.00349,18.0436,4],
[-9.05777,-6.26585,-11.6059,6],
[0.505817,-0.654899,-19.9829,4]
],
"reflectors": [
],
"reflector_prisms": [
],
"absorber_prisms": [
]
}