{"time_step": 1e-05, "number_of_molecules": 500000, "diff_coef": 400, "sim_time": 1.35, "absorbers": [[-4.08027, 4.00562, 19.1652, 4], [-6.54032, 15.3509, -3.25174, 6], [9.59891, -3.04662, -9.72517, 4], [1.7733, 1.68927, 7.61589, 2], [5.40941, 2.43818, -16.9939, 2], [-0.587361, 3.48288, -11.4684, 5], [7.35252, -18.6448, -11.2833, 5], [11.7524, 5.47481, 0.952721, 6]], "reflectors": [[-14.3447, 3.90547, -11.8312, 6], [1.07946, -8.21381, -7.23658, 2], [-16.0994, -10.8559, 14.1052, 5], [-13.8467, -8.3493, -7.90935, 5], [4.95196, 19.1588, 2.90125, 6], [-3.90733, -7.042, -4.01784, 2]], "reflector_prisms": [], "absorber_prisms": [], "line_of_sight": [[120, 120, 0, 0, 0, 498], [0, 0, 0, 0, 0, 497], [0, 0, 0, 0, 0, 502], [157, 157, 0, 0, 0, 501], [328, 328, 0, 0, 0, 501], [146, 146, 0, 0, 0, 500], [97, 0, 97, 0, 0, 495], [109, 0, 109, 0, 0, 498]]}