{
"time_step": 1e-05,
"number_of_molecules": 500000,
"diff_coef": 50,
"sim_time": 10.8,
"absorbers": [
[18.6346,-4.07625,-6.01134,2]
],
"reflectors": [
[-14.0261,3.52672,-6.84334,4],
[8.40493,1.88942,-8.35388,5]
],
"reflector_prisms": [
[-5.21394,-13.3312,3.67796,-2.21394,-9.33117,6.67796]
],
"absorber_prisms": [
[17.8255,0.404685,-8.58337,22.8255,4.40468,-4.58337]
]
}