{"time_step": 1e-05, "number_of_molecules": 500000, "diff_coef": 50, "sim_time": 6.53333, "absorbers": [[-14.9032, -9.73701, -2.66195, 5], [16.7034, -5.51048, 3.82489, 5], [-10.4908, -0.766163, -7.63914, 5], [5.59434, -2.03902, 18.0429, 5], [0.6732, 5.55055, 11.7362, 4], [-4.03577, 11.2982, -0.251782, 5]], "reflectors": [], "reflector_prisms": [], "absorber_prisms": [], "line_of_sight": [[14, 14, 0, 0, 0, 504], [109, 109, 0, 0, 0, 500], [78, 78, 0, 0, 0, 501], [0, 0, 0, 0, 0, 500], [0, 0, 0, 0, 0, 501], [0, 0, 0, 0, 0, 495]]}