{"time_step": 1e-05, "number_of_molecules": 500000, "diff_coef": 300, "sim_time": 0.2, "absorbers": [[-8.52213, 2.9756, -7.9069, 6]], "reflectors": [[1.5121, 7.09359, 11.9747, 5]], "reflector_prisms": [[-15.4129, -14.066, -13.8243, -9.41291, -8.06598, -11.8243]], "absorber_prisms": [[-16.4044, 9.55141, -9.77133, -13.4044, 14.5514, -4.77133], [-15.8161, 2.05825, 8.76551, -13.8161, 8.05825, 12.7655]], "line_of_sight": [[0, 0, 0, 0, 0, 498]]}