{
"time_step": 1e-05,
"number_of_molecules": 500000,
"diff_coef": 300,
"sim_time": 1.60556,
"absorbers": [
[10.4901,-17.97,-7.14416,5],
[0.767408,-0.233013,17.9821,2],
[2.12241,-3.51284,9.11896,5],
[-19.423,-4.37976,11.5136,6],
[-4.64021,-8.69979,-16.2414,2],
[2.10466,-2.2886,-7.37107,3],
[-3.75389,-16.1639,-11.1641,6]
],
"reflectors": [
[-6.95853,8.18056,-5.35326,3],
[4.19093,6.33979,23.8169,6],
[-17.8994,4.31838,-12.04,4]
],
"reflector_prisms": [
],
"absorber_prisms": [
]
}