{"time_step": 1e-05, "number_of_molecules": 500000, "diff_coef": 100, "sim_time": 6.01667, "absorbers": [[-0.316284, -2.81588, -15.7471, 2], [-22.5979, 0.216776, 8.08023, 5], [-9.14903, 3.79502, 1.37592, 3], [-9.7791, 10.0176, -0.131982, 2], [0.00319766, -0.120876, 18.9996, 3], [6.60755, 4.04825, -11.6598, 2], [-15.963, 14.599, 10.3948, 6], [16.4409, 8.68135, 3.91565, 6]], "reflectors": [[3.2379, -8.89937, 5.59618, 2], [3.70722, -4.55393, -17.0152, 2]], "reflector_prisms": [], "absorber_prisms": [], "line_of_sight": [[157, 157, 0, 0, 0, 499], [95, 95, 0, 0, 0, 501], [150, 150, 0, 0, 0, 500], [36, 36, 0, 0, 0, 499], [110, 110, 0, 0, 0, 500], [0, 0, 0, 0, 0, 496], [94, 94, 0, 0, 0, 502], [0, 0, 0, 0, 0, 499]]}