{"time_step": 1e-05, "number_of_molecules": 500000, "diff_coef": 50, "sim_time": 6.53333, "absorbers": [[12.5565, -14.6255, 5.33169, 6]], "reflectors": [[-0.0502773, -12.8029, 2.25432, 6]], "reflector_prisms": [[7.63262, 6.55903, -5.11293, 13.6326, 10.559, -1.11293]], "absorber_prisms": [], "line_of_sight": [[72, 0, 72, 0, 0, 504]]}