{
"time_step": 1e-05,
"number_of_molecules": 500000,
"diff_coef": 250,
"sim_time": 2.40667,
"absorbers": [
[14.7762,14.9361,6.52493,5],
[5.61129,11.2888,18.0299,3],
[2.20738,-1.32283,20.8417,5]
],
"reflectors": [
[-3.33864,-2.24113,10.2387,5]
],
"reflector_prisms": [
[-9.0862,-8.98959,-12.865,-4.0862,-5.98959,-10.865]
],
"absorber_prisms": [
]
}