{
"time_step": 1e-05,
"number_of_molecules": 500000,
"diff_coef": 300,
"sim_time": 1.08889,
"absorbers": [
[13.5411,-14.2851,3.54606,6],
[-8.73064,-13.9151,9.54705,6]
],
"reflectors": [
[1.67429,3.10514,-9.35708,3],
[3.68588,-23.7153,0.0319665,5],
[-16.4403,-0.562451,16.0748,5]
],
"reflector_prisms": [
],
"absorber_prisms": [
]
}