{
"time_step": 1e-05,
"number_of_molecules": 500000,
"diff_coef": 200,
"sim_time": 0.833333,
"absorbers": [
[6.88063,-8.50691,1.13555,6],
[-11.1672,-6.43889,7.67036,5],
[0.401726,4.35154,-12.2435,7]
],
"reflectors": [
],
"reflector_prisms": [
],
"absorber_prisms": [
]
}