{"time_step": 1e-05, "number_of_molecules": 500000, "diff_coef": 400, "sim_time": 1.06667, "absorbers": [[19.0312, -2.66054, -10.7115, 6], [-3.2906, 0.648903, -13.5923, 6], [1.07677, -1.11038, 18.9369, 4]], "reflectors": [[-0.13475, 12.4632, 19.33, 6]], "reflector_prisms": [], "absorber_prisms": [[7.62215, -12.4751, 9.51784, 13.6221, -6.47508, 12.5178]], "line_of_sight": [[0, 0, 0, 0, 0, 498], [56, 27, 29, 0, 0, 497], [498, 498, 0, 0, 0, 498]]}