{"time_step": 1e-05, "number_of_molecules": 500000, "diff_coef": 350, "sim_time": 1.21905, "absorbers": [[-4.71711, 3.50714, -19.1167, 4], [-1.0443, -8.00421, -3.98021, 3]], "reflectors": [], "reflector_prisms": [], "absorber_prisms": [[-9.76604, -4.07356, -16.2688, -3.76604, -1.07356, -12.2688], [6.80144, -7.60593, -10.7529, 10.8014, -3.60593, -4.75295], [7.75566, 0.729697, 0.75525, 9.75566, 2.7297, 5.75525], [2.41515, -22.2567, -9.74068, 6.41515, -17.2567, -4.74068]], "line_of_sight": [[0, 0, 0, 0, 0, 500], [0, 0, 0, 0, 0, 500]]}