{
"time_step": 1e-05,
"number_of_molecules": 500000,
"diff_coef": 350,
"sim_time": 0.385714,
"absorbers": [
[-10.451,-0.795496,-3.33827,2]
],
"reflectors": [
[5.34368,-13.5503,-8.76554,5]
],
"reflector_prisms": [
],
"absorber_prisms": [
[4.66229,-7.52959,-6.80128,9.66229,-2.52959,-4.80128],
[-3.70053,0.706177,8.99903,2.29947,5.70618,11.999],
[15.2012,1.08466,-1.5765,19.2012,5.08466,3.4235],
[-15.7134,-12.828,0.0826877,-10.7134,-10.828,6.08269]
]
}