{
"time_step": 1e-05,
"number_of_molecules": 500000,
"diff_coef": 350,
"sim_time": 0.119048,
"absorbers": [
[-5.43082,-7.72249,5.64529,6]
],
"reflectors": [
[2.47359,-2.37462,-21.7311,4],
[13.6135,15.699,-3.03551,2]
],
"reflector_prisms": [
[8.73312,-4.7806,-14.741,11.7331,0.219397,-10.741],
[-10.1163,-0.109405,2.50839,-5.11626,2.8906,4.50839],
[-17.6558,1.74835,-2.02254,-12.6558,4.74835,1.97746]
],
"absorber_prisms": [
]
}