{"time_step": 1e-05, "number_of_molecules": 500000, "diff_coef": 100, "sim_time": 0.6, "absorbers": [[0.616113, 0.534112, 7.95834, 2]], "reflectors": [[4.51422, 16.1198, 18.5681, 6], [-1.47541, 1.21275, 15.8856, 6]], "reflector_prisms": [], "absorber_prisms": [[-2.27677, -11.0536, 8.12468, -0.276769, -5.05362, 12.1247]], "line_of_sight": [[416, 0, 416, 0, 0, 500]]}