{"time_step": 1e-05, "number_of_molecules": 500000, "diff_coef": 250, "sim_time": 2.16, "absorbers": [[1.30235, 8.85943, -9.42414, 6], [-17.8186, 2.41063, 0.829189, 5], [-4.47347, 6.82374, 5.7814, 4], [12.2038, -12.4288, -9.82818, 2], [-11.5345, -7.96995, -16.9539, 4], [-0.55857, -4.63334, -15.3043, 3], [-5.0355, 14.0188, 1.76532, 3], [-10.6306, 7.17559, 15.3461, 6]], "reflectors": [[12.9694, 3.46343, -8.70628, 4], [-2.93919, -5.62199, 17.9096, 4], [-8.41292, 1.39493, -19.1905, 2], [0.999914, -0.478142, 19.9693, 2], [0.948511, 15.1527, 5.0495, 2], [3.91511, 2.43456, 14.2739, 5], [0.0290105, -19.9842, -0.794487, 5]], "reflector_prisms": [], "absorber_prisms": [], "line_of_sight": [[73, 0, 73, 0, 0, 499], [0, 0, 0, 0, 0, 497], [179, 179, 0, 0, 0, 501], [501, 537, 0, 0, 0, 501], [174, 0, 174, 0, 0, 501], [306, 0, 306, 0, 0, 497], [191, 85, 106, 0, 0, 498], [216, 226, 0, 0, 0, 503]]}