{
"time_step": 1e-05,
"number_of_molecules": 500000,
"diff_coef": 350,
"sim_time": 1.54286,
"absorbers": [
[1.43938,3.75515,-19.5915,2],
[-4.50975,15.7302,9.65513,6]
],
"reflectors": [
[-5.74037,-10.8837,8.57861,6]
],
"reflector_prisms": [
[-8.99277,1.32875,15.0029,-3.99277,4.32875,17.0029],
[-15.4415,3.57778,12.8874,-12.4415,7.57778,17.8874]
],
"absorber_prisms": [
]
}