{
"time_step": 1e-05,
"number_of_molecules": 500000,
"diff_coef": 100,
"sim_time": 4.81667,
"absorbers": [
[11.1162,16.2716,-7.25713,4],
[11.1586,-12.3562,-6.84182,6],
[4.13258,6.62716,-20.567,7],
[-2.03916,6.11361,15.731,4],
[-12.8348,3.68684,-6.83196,5],
[-5.85983,8.96695,5.4089,7]
],
"reflectors": [
[2.15159,-2.29515,14.6664,5],
[10.8043,5.84152,13.1584,6]
],
"reflector_prisms": [
],
"absorber_prisms": [
]
}