{"time_step": 1e-05, "number_of_molecules": 500000, "diff_coef": 300, "sim_time": 0.355556, "absorbers": [[-2.67445, -0.0595242, 10.6698, 3]], "reflectors": [[-9.11686, 5.11847, -5.88932, 2], [-3.81305, 15.0752, -9.06642, 6], [14.917, 8.23371, 8.40762, 5]], "reflector_prisms": [[5.32273, -0.601562, -2.70334, 8.32273, 3.39844, 1.29666]], "absorber_prisms": [[3.912, 2.60943, 12.6669, 9.912, 7.60943, 16.6669]], "line_of_sight": [[0, 0, 0, 0, 0, 499]]}