{"time_step": 1e-05, "number_of_molecules": 500000, "diff_coef": 150, "sim_time": 2.17778, "absorbers": [[-12.1674, -4.32809, -1.49093, 5], [8.54889, 2.03297, 1.94514, 4], [-1.69506, 15.2435, -14.3445, 7]], "reflectors": [], "reflector_prisms": [], "absorber_prisms": [], "line_of_sight": [[354, 354, 0, 0, 0, 501], [208, 208, 0, 0, 0, 501], [0, 0, 0, 0, 0, 502]]}