{"time_step": 1e-05, "number_of_molecules": 500000, "diff_coef": 400, "sim_time": 0.266667, "absorbers": [[10.4618, -2.93084, 5.09513, 4]], "reflectors": [[-11.2532, 11.3661, -0.421933, 4], [2.26028, 1.12981, -20.8474, 4]], "reflector_prisms": [], "absorber_prisms": [[1.35447, -9.25895, 11.5848, 5.35447, -6.25895, 15.5848], [-4.20213, -5.67585, -12.3677, 0.797873, -3.67585, -8.3677]], "line_of_sight": [[0, 0, 0, 0, 0, 500]]}