{"time_step": 1e-05, "number_of_molecules": 500000, "diff_coef": 250, "sim_time": 0.666667, "absorbers": [[1.96402, 2.96075, -11.462, 2], [-7.30027, -0.343917, -13.0991, 6]], "reflectors": [[0.0662623, 0.378042, -20.9965, 3]], "reflector_prisms": [], "absorber_prisms": [[5.24318, -3.46717, -10.066, 8.24318, 0.53283, -7.06603]], "line_of_sight": [[33, 0, 33, 0, 0, 499], [24, 0, 24, 0, 0, 501]]}