{"time_step": 1e-05, "number_of_molecules": 500000, "diff_coef": 200, "sim_time": 2.13333, "absorbers": [[10.1271, -6.38492, -0.821407, 3], [14.9152, -1.68839, -7.98029, 2], [13.5878, 11.762, -1.0135, 2]], "reflectors": [], "reflector_prisms": [[-5.82156, 4.47311, 13.1137, -2.82156, 8.47311, 17.1137]], "absorber_prisms": [[-6.43813, -4.34216, 14.2651, -2.43813, -0.342163, 19.2651]], "line_of_sight": [[0, 0, 0, 0, 0, 498], [0, 0, 0, 0, 0, 501], [0, 0, 0, 0, 0, 495]]}