{"time_step": 1e-05, "number_of_molecules": 500000, "diff_coef": 100, "sim_time": 4.81667, "absorbers": [[-10.0313, -17.2239, 1.6465, 3]], "reflectors": [[-2.99323, 10.0211, -18.2104, 4]], "reflector_prisms": [], "absorber_prisms": [[10.5446, -9.84564, 7.30507, 16.5446, -4.84564, 11.3051], [9.72361, 5.5512, 3.66261, 15.7236, 8.5512, 9.66261], [9.03046, -5.13394, -14.1741, 12.0305, 0.866059, -12.1741]], "line_of_sight": [[0, 0, 0, 0, 0, 499]]}