{
"time_step": 1e-05,
"number_of_molecules": 500000,
"diff_coef": 200,
"sim_time": 2.40833,
"absorbers": [
[-0.409381,3.76671,18.6184,2]
],
"reflectors": [
],
"reflector_prisms": [
[-18.6137,-11.2496,-1.75791,-15.6137,-5.24955,1.24209],
[-12.4801,-11.1293,7.52216,-9.48006,-8.12925,13.5222],
[-18.3726,-8.16814,4.44642,-14.3726,-6.16814,8.44642]
],
"absorber_prisms": [
[-9.18257,7.05173,2.81317,-3.18257,12.0517,4.81317]
]
}