{
"time_step": 1e-05,
"number_of_molecules": 500000,
"diff_coef": 150,
"sim_time": 0.9,
"absorbers": [
[-2.91622,-1.80872,9.39277,4],
[4.07336,-4.48224,-9.18245,2]
],
"reflectors": [
],
"reflector_prisms": [
[-6.26749,-13.4383,3.60086,-1.26749,-9.43833,8.60086],
[11.7916,6.57489,9.27051,17.7916,9.57489,12.2705]
],
"absorber_prisms": [
[16.965,-5.37479,-0.892904,18.965,-3.37479,2.1071],
[9.15981,11.6826,-3.53577,15.1598,14.6826,0.464234]
]
}