{"time_step": 1e-05, "number_of_molecules": 500000, "diff_coef": 200, "sim_time": 2.40833, "absorbers": [[1.62484, -2.89605, 20.7358, 4], [-2.68441, 12.9123, -12.2502, 6], [-5.96169, -13.7861, 5.51386, 7], [8.55613, 0.0212469, 6.91319, 4], [-5.45297, -4.80348, 16.4679, 4], [7.80654, -1.75831, -4.11902, 4]], "reflectors": [[-7.90652, 16.8048, 9.80225, 5], [0.55592, -2.36744, -19.8516, 4], [17.2999, -2.24882, 14.9885, 4]], "reflector_prisms": [], "absorber_prisms": [], "line_of_sight": [[121, 7, 114, 0, 0, 497], [101, 101, 0, 0, 0, 499], [74, 74, 0, 0, 0, 499], [30, 0, 30, 0, 0, 501], [6, 6, 0, 0, 0, 503], [0, 0, 0, 0, 0, 501]]}