{
"time_step": 1e-05,
"number_of_molecules": 500000,
"diff_coef": 50,
"sim_time": 8.53333,
"absorbers": [
[-0.196272,-1.04087,14.9626,6],
[8.49197,2.07208,-15.7351,2],
[3.93258,-2.12507,-6.63468,2],
[6.15481,-7.74881,-1.44022,5]
],
"reflectors": [
[10.5924,-3.98285,11.311,4],
[-15.0362,-7.80239,10.6319,5],
[-0.213906,-3.72552,7.07635,2],
[7.11039,3.12943,12.8316,2],
[-10.2105,3.22787,-2.51515,6]
],
"reflector_prisms": [
],
"absorber_prisms": [
]
}