{
"time_step": 1e-05,
"number_of_molecules": 500000,
"diff_coef": 200,
"sim_time": 2.13333,
"absorbers": [
[-4.07092,-20.6016,-0.0427605,5]
],
"reflectors": [
],
"reflector_prisms": [
[-4.96025,3.11473,10.416,-2.96025,7.11473,14.416],
[6.51827,-18.6767,-3.95224,12.5183,-13.6767,-1.95224],
[1.11452,0.201954,10.1433,7.11452,3.20195,12.1433]
],
"absorber_prisms": [
[-7.71095,1.09587,-16.8651,-2.71095,4.09587,-11.8651],
[-6.31459,6.91774,-22.9532,-3.31459,8.91774,-16.9532]
]
}