{"time_step": 1e-05, "number_of_molecules": 500000, "diff_coef": 50, "sim_time": 1.63333, "absorbers": [[-1.6134, 7.67644, 6.20235, 3]], "reflectors": [[3.96131, 8.58398, -11.6457, 3]], "reflector_prisms": [], "absorber_prisms": [[-7.39834, -9.4089, -12.1765, -5.39834, -3.4089, -9.17648], [11.0899, -4.05947, 14.2202, 13.0899, 0.940529, 16.2202]], "line_of_sight": [[0, 0, 0, 0, 0, 502]]}