{
"time_step": 1e-05,
"number_of_molecules": 500000,
"diff_coef": 400,
"sim_time": 0.9375,
"absorbers": [
[14.7961,10.7073,-5.23711,4]
],
"reflectors": [
[0.580347,8.26479,17.0984,3],
[1.68507,-1.70198,18.8484,3],
[15.1461,2.55799,4.47801,6]
],
"reflector_prisms": [
[-5.47928,0.798773,-16.7976,0.520723,6.79877,-11.7976],
[-15.6518,5.28796,9.39044,-10.6518,7.28796,13.3904]
],
"absorber_prisms": [
]
}