{"time_step": 1e-05, "number_of_molecules": 500000, "diff_coef": 350, "sim_time": 0.304762, "absorbers": [[-4.00195, 0.859973, -11.2803, 4]], "reflectors": [[7.94895, -16.0776, -12.7407, 5], [5.53619, -5.96809, -8.81661, 6], [-14.9138, 5.06579, 2.8135, 2]], "reflector_prisms": [], "absorber_prisms": [[-11.1737, -9.29819, -0.037568, -5.17374, -5.29819, 1.96243]], "line_of_sight": [[0, 0, 0, 0, 0, 501]]}