{
"time_step": 1e-05,
"number_of_molecules": 500000,
"diff_coef": 50,
"sim_time": 10.8,
"absorbers": [
[-1.38688,8.49294,6.85175,6],
[14.0093,3.52997,-12.3401,2],
[4.00294,12.5041,-7.25419,6],
[1.03621,-8.93107,-0.402909,4],
[0.605918,1.21254,-16.9459,5],
[5.63075,-9.30786,7.11747,4],
[-5.0099,-9.21705,3.30863,3],
[-17.8602,-13.6172,-8.46076,6]
],
"reflectors": [
[-6.39003,-4.9186,-11.4444,2],
[-15.6539,-2.82746,1.72053,3]
],
"reflector_prisms": [
],
"absorber_prisms": [
]
}