{"time_step": 1e-05, "number_of_molecules": 500000, "diff_coef": 300, "sim_time": 1.25, "absorbers": [[-3.89852, -0.395726, -18.5915, 4], [0.716247, -17.9597, -0.968278, 6], [-7.44, 4.59152, -6.67565, 5], [4.51443, 4.05986, 6.6436, 4], [8.55943, -14.2802, 9.15496, 5]], "reflectors": [[-14.0273, -8.2853, -4.8567, 6]], "reflector_prisms": [], "absorber_prisms": [], "line_of_sight": [[98, 98, 0, 0, 0, 498], [0, 0, 0, 0, 0, 500], [103, 103, 0, 0, 0, 501], [152, 45, 107, 0, 0, 501], [248, 248, 0, 0, 0, 498]]}