{
"time_step": 1e-05,
"number_of_molecules": 500000,
"diff_coef": 150,
"sim_time": 4.01111,
"absorbers": [
[-4.1867,12.5497,10.676,5],
[8.86525,1.02979,-19.0091,5],
[0.0141566,0.698098,20.9884,6],
[-25.2584,-2.57049,-5.6041,7],
[11.6997,0.635765,2.59075,4],
[-17.1332,-4.42166,6.92116,6],
[-4.75731,8.47009,-7.04454,6]
],
"reflectors": [
[15.3056,13.3535,5.33127,6]
],
"reflector_prisms": [
],
"absorber_prisms": [
]
}