{
"time_step": 1e-05,
"number_of_molecules": 500000,
"diff_coef": 350,
"sim_time": 1.21905,
"absorbers": [
[14.6065,11.0079,-10.3187,5],
[-2.17725,-1.48244,-20.8342,6]
],
"reflectors": [
],
"reflector_prisms": [
[12.3669,-1.88291,-5.72047,16.3669,0.117087,-2.72047],
[-5.17895,5.70872,-11.7429,0.821048,11.7087,-9.74292]
],
"absorber_prisms": [
[-8.58407,7.85132,9.66446,-6.58407,13.8513,11.6645],
[-14.9502,3.94183,6.65674,-11.9502,8.94183,11.6567]
]
}