{
"time_step": 1e-05,
"number_of_molecules": 500000,
"diff_coef": 100,
"sim_time": 3.75,
"absorbers": [
[20.0095,-4.77923,-4.21665,6],
[-0.343606,0.675173,-15.9821,4]
],
"reflectors": [
[-16.7485,-6.51312,1.03354,4]
],
"reflector_prisms": [
],
"absorber_prisms": [
[4.81161,11.0078,-16.9303,10.8116,15.0078,-14.9303],
[-0.590828,-13.0116,-12.2438,2.40917,-7.01163,-7.24375]
]
}