{
"time_step": 1e-05,
"number_of_molecules": 500000,
"diff_coef": 200,
"sim_time": 1.2,
"absorbers": [
[1.90212,1.96817,15.7641,4]
],
"reflectors": [
[7.15125,-5.92655,10.4755,2],
[5.38443,19.8522,14.2091,6]
],
"reflector_prisms": [
[-2.26969,-10.955,2.20288,2.73031,-4.95504,6.20288]
],
"absorber_prisms": [
[-17.5712,2.40238,-12.1073,-11.5712,6.40238,-7.10728]
]
}