{"time_step": 1e-05, "number_of_molecules": 500000, "diff_coef": 100, "sim_time": 5.4, "absorbers": [[1.09947, 0.675593, -18.9561, 6], [-13.006, -2.35838, -16.3181, 3]], "reflectors": [], "reflector_prisms": [], "absorber_prisms": [[17.7207, -1.20944, 0.406503, 23.7207, 4.79056, 5.4065], [11.6781, 2.9886, -11.2779, 13.6781, 4.9886, -8.27789], [-0.314259, -18.0256, 1.2637, 4.68574, -14.0256, 5.2637], [-0.623836, 15.0668, 8.11285, 4.37616, 18.0668, 12.1128]], "line_of_sight": [[0, 0, 0, 0, 0, 499], [0, 0, 0, 0, 0, 500]]}