{"time_step": 1e-05, "number_of_molecules": 500000, "diff_coef": 300, "sim_time": 2.00556, "absorbers": [[-8.96969, 13.8798, 3.987, 3], [-0.617441, 5.02261, -23.4604, 5]], "reflectors": [], "reflector_prisms": [[12.701, -1.31001, -11.6922, 14.701, 1.68999, -6.69217], [5.63987, 8.18725, -2.83235, 10.6399, 13.1873, 0.16765]], "absorber_prisms": [[11.0526, -8.47664, 5.54595, 17.0526, -5.47664, 7.54595], [-19.0242, 2.72198, 3.01561, -15.0242, 7.72198, 7.01561]], "line_of_sight": [[0, 0, 0, 0, 0, 500], [0, 0, 0, 0, 0, 500]]}