{
"time_step": 1e-05,
"number_of_molecules": 500000,
"diff_coef": 100,
"sim_time": 5.4,
"absorbers": [
[-3.85081,-18.7209,10.8949,4],
[-4.52183,-8.82165,1.31588,4],
[6.0233,7.66286,7.00004,5],
[-2.02008,-2.87727,12.5156,7],
[8.61962,-2.17295,-4.58044,4],
[0.397601,-0.688133,-13.9774,7],
[9.59271,-6.72026,16.2117,5]
],
"reflectors": [
[19.8144,-4.52972,-14.5557,6]
],
"reflector_prisms": [
],
"absorber_prisms": [
]
}