{"time_step": 1e-05, "number_of_molecules": 500000, "diff_coef": 150, "sim_time": 4.01111, "absorbers": [[0.539141, -0.901604, -11.9539, 7], [0.138695, 12.7282, 12.7269, 7], [-14.5308, -13.1981, 15.4812, 7], [3.57159, -15.5802, -0.707758, 6], [-4.9889, -8.44771, 22.9945, 6]], "reflectors": [[4.46103, -0.760725, 20.5066, 4], [18.1441, 3.1742, -12.0297, 6], [12.3992, -5.49373, -17.3228, 5], [8.58248, -9.95995, 15.0712, 5]], "reflector_prisms": [], "absorber_prisms": [], "line_of_sight": [[252, 159, 93, 0, 0, 498], [181, 181, 0, 0, 0, 498], [76, 0, 76, 0, 0, 497], [13, 13, 0, 0, 0, 500], [392, 392, 0, 0, 0, 499]]}