{
"time_step": 1e-05,
"number_of_molecules": 500000,
"diff_coef": 250,
"sim_time": 0.96,
"absorbers": [
[-15.9325,-5.83221,6.01181,6]
],
"reflectors": [
[1.89355,0.855967,19.8918,2]
],
"reflector_prisms": [
[-7.37471,5.94889,-2.44732,-2.37471,7.94889,1.55268],
[14.0429,0.343618,3.31283,18.0429,3.34362,7.31283]
],
"absorber_prisms": [
[-2.57133,-1.70674,-16.8513,-0.571329,4.29326,-10.8513]
]
}