{
"time_step": 1e-05,
"number_of_molecules": 500000,
"diff_coef": 350,
"sim_time": 1.37619,
"absorbers": [
[-11.9165,11.5748,-12.8461,4]
],
"reflectors": [
],
"reflector_prisms": [
[7.27757,-5.68898,-18.0674,12.2776,-0.688982,-15.0674],
[10.0185,6.69802,-16.4245,13.0185,8.69802,-12.4245],
[10.4073,-1.09082,-3.9632,14.4073,1.90918,1.0368],
[-2.62508,3.18009,5.06432,1.37492,7.18009,7.06432]
],
"absorber_prisms": [
]
}