{
"time_step": 1e-05,
"number_of_molecules": 500000,
"diff_coef": 50,
"sim_time": 2.7,
"absorbers": [
[-1.84259,9.71036,8.44474,4]
],
"reflectors": [
[0.645066,-4.45046,-16.3944,4]
],
"reflector_prisms": [
],
"absorber_prisms": [
[-12.2945,-14.0184,-2.13545,-6.29452,-12.0184,2.86455],
[8.60159,-0.910048,3.21543,11.6016,3.08995,5.21543],
[13.5179,-2.61379,10.1095,16.5179,-0.613789,16.1095]
]
}