{"time_step": 1e-05, "number_of_molecules": 500000, "diff_coef": 300, "sim_time": 2.00556, "absorbers": [[15.1438, -8.03452, 8.19216, 5], [0.371854, 0.613463, 16.9849, 6], [0.340621, 12.9304, 21.3936, 6], [-10.2932, 12.9196, 4.01679, 3], [19.67, 11.7891, 1.7623, 6], [1.84682, 11.1054, 4.15441, 6], [-10.2631, 1.17275, 9.44948, 4], [10.5842, 2.56651, -5.03854, 3]], "reflectors": [[-2.798, -3.58159, -10.0172, 5], [-6.16455, 17.307, -15.4423, 5], [-0.590341, -8.44178, 9.86853, 3], [0.54085, -5.85618, 3.79639, 2], [2.04435, 0.847925, -6.64091, 2], [-15.4005, -3.14913, 2.98439, 3], [-10.1618, -9.17395, -2.92848, 2]], "reflector_prisms": [], "absorber_prisms": [], "line_of_sight": [[0, 0, 0, 0, 0, 495], [381, 59, 383, 0, 0, 499], [403, 181, 366, 0, 0, 499], [0, 0, 0, 0, 0, 495], [118, 0, 118, 0, 0, 501], [85, 38, 75, 0, 0, 501], [100, 84, 16, 0, 0, 498], [222, 99, 123, 0, 0, 497]]}