{"time_step": 1e-05, "number_of_molecules": 500000, "diff_coef": 400, "sim_time": 0.9375, "absorbers": [[-6.25947, 8.66567, 2.5933, 4], [0.816703, 0.0736871, 17.9813, 5], [-12.2879, -13.1069, -1.10323, 3]], "reflectors": [], "reflector_prisms": [], "absorber_prisms": [[7.9411, -9.28764, 13.4591, 11.9411, -5.28764, 15.4591], [-16.5814, 2.00147, 10.1221, -11.5814, 7.00147, 12.1221]], "line_of_sight": [[0, 0, 0, 0, 0, 499], [0, 0, 0, 0, 0, 499], [0, 0, 0, 0, 0, 497]]}