{
"time_step": 1e-05,
"number_of_molecules": 500000,
"diff_coef": 350,
"sim_time": 0.385714,
"absorbers": [
[-0.401978,5.09498,-11.9532,4]
],
"reflectors": [
],
"reflector_prisms": [
],
"absorber_prisms": [
[4.4441,2.92511,-6.24974,7.4441,8.92511,-0.249739],
[19.0638,-8.73852,-6.55775,21.0638,-3.73852,-2.55775],
[-2.08189,-4.94487,16.8944,1.91811,1.05513,18.8944]
]
}