{
"time_step": 1e-05,
"number_of_molecules": 500000,
"diff_coef": 100,
"sim_time": 6.01667,
"absorbers": [
[13.3473,-5.27218,4.3651,6],
[14.2292,-16.9821,-9.2271,6],
[1.72299,-3.54847,6.95986,3],
[-9.48355,2.36136,-8.57241,6],
[-4.06815,16.836,-7.81019,6],
[-5.04147,-2.01608,23.3777,5],
[-6.49165,-0.30352,-19.9691,5],
[6.83938,4.94625,-9.88724,4]
],
"reflectors": [
[6.67944,5.35133,14.6884,3],
[4.74186,-14.0195,-2.44276,2],
[-11.5805,-3.30205,7.1406,4],
[17.0375,-16.7307,2.41,5],
[15.7928,0.105374,-10.563,6],
[-4.80164,-14.1977,0.608162,2]
],
"reflector_prisms": [
],
"absorber_prisms": [
]
}