{
"time_step": 1e-05,
"number_of_molecules": 500000,
"diff_coef": 100,
"sim_time": 2.01667,
"absorbers": [
[-1.34776,5.26826,13.9796,4],
[-0.589472,2.02641,-9.77477,3]
],
"reflectors": [
],
"reflector_prisms": [
[10.7867,-12.8781,3.91993,14.7867,-7.87809,7.91993],
[-4.30019,-3.45902,13.8721,1.69981,0.54098,15.8721]
],
"absorber_prisms": [
[8.79486,-1.45198,1.09187,13.7949,2.54802,3.09187]
]
}