{"time_step": 1e-05, "number_of_molecules": 500000, "diff_coef": 200, "sim_time": 2.7, "absorbers": [[21.3763, -1.81778, 4.87354, 7], [13.2325, -10.2292, -15.7881, 5], [-4.72454, -0.753977, -21.4735, 7], [-13.9227, 9.19888, -9.0851, 6]], "reflectors": [], "reflector_prisms": [], "absorber_prisms": [], "line_of_sight": [[76, 76, 0, 0, 0, 500], [0, 0, 0, 0, 0, 501], [0, 0, 0, 0, 0, 499], [75, 75, 0, 0, 0, 500]]}