{"time_step": 1e-05, "number_of_molecules": 500000, "diff_coef": 300, "sim_time": 0.355556, "absorbers": [[2.43986, 10.2436, -3.18037, 3]], "reflectors": [[-7.33399, -3.29603, 17.2148, 2], [-18.319, 6.69775, -7.78171, 4], [1.43757, -13.9243, 0.217188, 6]], "reflector_prisms": [[9.28497, -10.4829, -2.98597, 12.285, -5.48288, 0.0140331]], "absorber_prisms": [[-1.14789, -0.397228, 6.83387, 2.85211, 3.60277, 12.8339]], "line_of_sight": [[217, 0, 217, 0, 0, 499]]}