{
"time_step": 1e-05,
"number_of_molecules": 500000,
"diff_coef": 150,
"sim_time": 2.84444,
"absorbers": [
[1.84071,-16.2144,-4.76499,7],
[1.574,0.4241,20.9366,5],
[-5.90798,16.3496,7.66727,5],
[-9.35876,-1.03541,10.3606,5],
[1.0273,3.14152,-11.5358,5]
],
"reflectors": [
[14.943,-10.0317,0.267799,6],
[5.39695,-8.32354,13.8055,6],
[-13.8071,-6.17957,-5.21322,4],
[0.684064,-1.59225,-22.9346,4]
],
"reflector_prisms": [
],
"absorber_prisms": [
]
}