{
"time_step": 1e-05,
"number_of_molecules": 500000,
"diff_coef": 50,
"sim_time": 6.53333,
"absorbers": [
[-6.45121,15.2908,3.6843,3]
],
"reflectors": [
[-0.930618,-1.6471,19.9103,2]
],
"reflector_prisms": [
[-13.4156,-5.58832,1.41154,-7.41561,0.411676,3.41154],
[-12.418,-10.6854,-14.0366,-10.418,-5.68536,-10.0366],
[11.9535,-13.1031,-7.94311,17.9535,-7.10313,-3.94311]
],
"absorber_prisms": [
[1.30074,-0.382561,9.76118,3.30074,1.61744,13.7612]
]
}