{"time_step": 1e-05, "number_of_molecules": 500000, "diff_coef": 150, "sim_time": 0.711111, "absorbers": [[5.70841, -6.29304, 5.27368, 2]], "reflectors": [[-2.06554, -3.90295, 6.67087, 3], [-5.76736, -6.40468, -11.0326, 6], [-14.0814, 3.08956, -9.00933, 3]], "reflector_prisms": [[-17.3076, -0.333627, -8.21902, -14.3076, 1.66637, -4.21902]], "absorber_prisms": [[-10.0335, 5.65563, -9.96222, -4.03355, 11.6556, -6.96222]], "line_of_sight": [[0, 0, 0, 0, 0, 500]]}