{"time_step": 1e-05, "number_of_molecules": 500000, "diff_coef": 350, "sim_time": 1.07143, "absorbers": [[2.27246, 13.657, -11.5032, 3]], "reflectors": [[2.8727, 9.96539, 20.529, 5]], "reflector_prisms": [], "absorber_prisms": [[-2.40684, -6.56067, 13.9668, 0.59316, -1.56067, 17.9668]], "line_of_sight": [[0, 0, 0, 0, 0, 502]]}