{"time_step": 1e-05, "number_of_molecules": 500000, "diff_coef": 350, "sim_time": 0.804762, "absorbers": [[-1.05307, 6.03777, 13.6907, 5], [18.3805, 0.161686, 4.80933, 6], [10.0316, 0.774458, 8.23215, 3], [11.468, -6.17089, -5.13867, 2], [-0.773533, 15.4673, -4.02055, 5], [-3.98472, -9.82667, 14.5451, 5], [-9.1722, -4.82678, -6.04756, 6]], "reflectors": [[0.756864, 6.33075, -10.1661, 4], [-17.7595, -7.45546, -14.3185, 5], [-8.24193, 0.143872, -19.3145, 6], [2.24136, -8.64243, 4.50386, 5]], "reflector_prisms": [], "absorber_prisms": [], "line_of_sight": [[1, 0, 1, 0, 0, 499], [218, 290, 12, 0, 0, 500], [393, 489, 181, 0, 0, 500], [0, 0, 0, 0, 0, 498], [381, 0, 381, 0, 0, 499], [332, 0, 439, 0, 0, 505], [220, 179, 63, 0, 0, 500]]}