{"time_step": 1e-05, "number_of_molecules": 500000, "diff_coef": 50, "sim_time": 10.8, "absorbers": [[1.573, 0.619199, -13.8976, 5], [7.41614, 10.6365, -20.1957, 6], [11.0468, 8.69987, -7.63412, 5], [-11.9308, -5.09143, 0.856751, 4], [0.771524, 9.15669, 3.94459, 4]], "reflectors": [[-1.23085, -1.45227, 12.8599, 5], [11.8165, -5.01205, -2.06162, 6], [-11.6252, 15.0652, -6.15591, 4], [1.36337, -16.0234, 5.51294, 7], [17.7632, -1.1148, 9.12278, 7]], "reflector_prisms": [], "absorber_prisms": [], "line_of_sight": [[384, 77, 384, 0, 0, 500], [212, 154, 183, 0, 0, 500], [116, 116, 0, 0, 0, 501], [87, 87, 0, 0, 0, 500], [56, 0, 56, 0, 0, 501]]}