{
"time_step": 1e-05,
"number_of_molecules": 500000,
"diff_coef": 150,
"sim_time": 0.544444,
"absorbers": [
[6.04414,8.82449,2.56842,4]
],
"reflectors": [
[-3.2439,3.03913,17.4425,4]
],
"reflector_prisms": [
[1.47378,-9.76413,-21.9796,6.47378,-3.76413,-16.9796]
],
"absorber_prisms": [
[-8.8659,2.91626,-17.3326,-2.8659,5.91626,-13.3326],
[12.1623,3.89184,-0.293403,16.1623,5.89184,1.7066]
]
}