{
"time_step": 1e-05,
"number_of_molecules": 500000,
"diff_coef": 400,
"sim_time": 0.6,
"absorbers": [
[10.933,6.3568,9.801,4]
],
"reflectors": [
[-2.59731,6.10407,14.56,3],
[-0.541683,2.50244,21.8505,4],
[8.54664,-2.18513,-10.8711,4],
[15.2659,7.07812,-2.41898,6]
],
"reflector_prisms": [
],
"absorber_prisms": [
[6.2247,-10.7369,3.37972,12.2247,-6.73693,8.37972]
]
}