{
"time_step": 1e-05,
"number_of_molecules": 500000,
"diff_coef": 350,
"sim_time": 0.119048,
"absorbers": [
[2.49763,8.75993,4.12619,5]
],
"reflectors": [
[3.96938,-15.7963,-11.607,4],
[-0.909209,-1.06444,-9.90153,5],
[2.79276,-14.706,16.1225,4]
],
"reflector_prisms": [
[-17.3818,-7.56884,-9.81088,-12.3818,-5.56884,-7.81088],
[-11.4135,-4.30391,-5.67303,-8.41352,-0.303908,-2.67303]
],
"absorber_prisms": [
]
}