{"time_step": 1e-05, "number_of_molecules": 500000, "diff_coef": 100, "sim_time": 1.06667, "absorbers": [[11.8667, 0.0368201, 1.78349, 4]], "reflectors": [[-18.5225, 10.326, 13.2398, 6]], "reflector_prisms": [[-4.3395, 9.45593, 0.142462, -2.3395, 15.4559, 3.14246]], "absorber_prisms": [[-3.5358, -0.128268, -8.58688, -0.535804, 2.87173, -5.58688]], "line_of_sight": [[0, 0, 0, 0, 0, 500]]}