{"time_step": 1e-05, "number_of_molecules": 500000, "diff_coef": 300, "sim_time": 0.272222, "absorbers": [[7.42012, -2.77591, -7.63126, 4]], "reflectors": [], "reflector_prisms": [[-9.2347, 0.438972, -9.38772, -6.2347, 2.43897, -7.38772], [-3.70824, -3.62137, -10.6672, 0.291759, 0.378625, -5.66719], [-9.39981, 1.15736, 1.83062, -4.39981, 5.15736, 5.83062], [-1.81163, -10.4279, -4.6438, 0.188368, -7.42792, -1.6438]], "absorber_prisms": [[1.80556, -9.13862, 4.2302, 7.80556, -4.13862, 7.2302]], "line_of_sight": [[0, 0, 0, 0, 0, 497]]}