{"time_step": 1e-05, "number_of_molecules": 500000, "diff_coef": 200, "sim_time": 2.13333, "absorbers": [[9.55224, 9.24241, -13.5769, 3], [0.123555, 0.692661, -18.987, 6]], "reflectors": [[-6.99593, 3.35105, -4.56371, 3]], "reflector_prisms": [], "absorber_prisms": [[-10.2183, 13.4132, -14.1678, -6.21835, 15.4132, -8.16778]], "line_of_sight": [[0, 0, 0, 0, 0, 500], [0, 0, 0, 0, 0, 501]]}