{
"time_step": 1e-05,
"number_of_molecules": 500000,
"diff_coef": 200,
"sim_time": 2.7,
"absorbers": [
[2.15099,19.2523,8.10684,3]
],
"reflectors": [
[-3.89011,5.07887,-21.0493,3]
],
"reflector_prisms": [
],
"absorber_prisms": [
[-4.91994,-4.14963,-17.2985,1.08006,0.85037,-14.2985],
[-6.36837,-14.1389,-10.785,-2.36837,-11.1389,-6.78501]
]
}