{"time_step": 1e-05, "number_of_molecules": 500000, "diff_coef": 400, "sim_time": 1.20417, "absorbers": [[-9.29359, 3.02858, -2.11114, 4], [4.67563, 8.68626, 16.2385, 5], [5.38561, -12.9562, 9.5986, 6], [21.8502, 1.11199, -2.30874, 5], [5.76231, 13.8698, -5.51595, 4], [-7.77744, 4.75076, 4.11603, 2], [0.466935, 1.28786, -13.9328, 4]], "reflectors": [[-10.0096, -11.1461, 0.757637, 6], [-7.64649, 14.8182, -3.30933, 3]], "reflector_prisms": [], "absorber_prisms": [], "line_of_sight": [[72, 72, 0, 0, 0, 500], [0, 0, 0, 0, 0, 501], [61, 0, 61, 0, 0, 496], [154, 154, 0, 0, 0, 503], [181, 0, 181, 0, 0, 499], [0, 0, 0, 0, 0, 501], [0, 0, 0, 0, 0, 497]]}