{
"time_step": 1e-05,
"number_of_molecules": 500000,
"diff_coef": 150,
"sim_time": 4.01111,
"absorbers": [
[-1.94158,7.23765,-11.8257,4],
[-13.8396,-18.3603,-0.604299,6],
[-8.6043,14.9768,-15.1876,4],
[-16.6437,-5.40608,7.40014,6]
],
"reflectors": [
],
"reflector_prisms": [
[7.29645,2.78382,-15.034,9.29645,4.78382,-10.034]
],
"absorber_prisms": [
]
}