{"time_step": 1e-05, "number_of_molecules": 500000, "diff_coef": 300, "sim_time": 1.8, "absorbers": [[6.54621, 20.886, 2.21868, 4], [3.01893, -17.6583, -1.75255, 6], [-1.75952, 4.49206, -12.0717, 4]], "reflectors": [[8.33859, -5.05236, 19.7216, 4], [-4.37991, 9.49204, -20.487, 6]], "reflector_prisms": [], "absorber_prisms": [], "line_of_sight": [[71, 71, 0, 0, 0, 503], [36, 36, 0, 0, 0, 502], [274, 0, 322, 0, 0, 501]]}