{
"time_step": 1e-05,
"number_of_molecules": 500000,
"diff_coef": 350,
"sim_time": 1.21905,
"absorbers": [
[15.5044,0.977719,-15.5775,6],
[7.43933,5.75842,10.3681,4],
[-4.6423,-12.745,-11.8328,2],
[-9.23676,0.370089,-3.81384,3]
],
"reflectors": [
],
"reflector_prisms": [
[3.28383,2.54597,-20.7321,5.28383,8.54597,-16.7321]
],
"absorber_prisms": [
]
}