{"time_step": 1e-05, "number_of_molecules": 500000, "diff_coef": 400, "sim_time": 0.816667, "absorbers": [[-0.133615, 2.88683, -17.7665, 4], [-15.4239, 4.15127, -5.81976, 4]], "reflectors": [[3.69236, 9.54554, -9.55244, 5]], "reflector_prisms": [], "absorber_prisms": [[-4.20057, -1.4683, -11.3849, -2.20057, 3.5317, -6.38493], [14.4499, -7.10256, 6.00698, 20.4499, -4.10256, 10.007]], "line_of_sight": [[64, 0, 0, 64, 0, 501], [0, 0, 0, 0, 0, 501]]}