{
"time_step": 1e-05,
"number_of_molecules": 500000,
"diff_coef": 200,
"sim_time": 3.00833,
"absorbers": [
[0.68013,2.61656,-10.6626,6],
[-13.0054,-10.9474,-0.119232,3],
[-4.9705,-4.94041,-5.64682,3],
[15.1266,3.3057,-7.01839,5],
[0.52537,-0.0667032,9.98597,3],
[11.6214,-2.29937,10.7544,2],
[-4.17111,24.2196,-4.58398,6]
],
"reflectors": [
[0.380633,-0.888977,19.9766,5],
[-4.75273,-5.37716,-20.7966,3],
[1.11041,-11.8681,7.34277,3],
[-15.8714,1.82998,-0.865559,3],
[-7.21673,3.20881,6.13371,3],
[9.88873,12.4183,-8.48518,4],
[0.977399,10.4412,17.0302,6]
],
"reflector_prisms": [
],
"absorber_prisms": [
]
}