{
"time_step": 1e-05,
"number_of_molecules": 500000,
"diff_coef": 200,
"sim_time": 1.875,
"absorbers": [
[-8.24519,-2.89713,-14.5816,2]
],
"reflectors": [
[-0.255101,-10.6636,13.2372,2],
[13.0695,-8.18362,7.15657,4],
[-10.58,7.26263,-11.1498,3],
[-4.16908,0.177158,-7.97417,2],
[11.1854,-1.33091,-14.0398,5]
],
"reflector_prisms": [
],
"absorber_prisms": [
]
}