{
"time_step": 1e-05,
"number_of_molecules": 500000,
"diff_coef": 50,
"sim_time": 6.53333,
"absorbers": [
[-0.253603,7.77658,4.52333,4],
[15.5338,8.98687,1.39141,4],
[4.15028,-3.3067,8.4759,4],
[-8.52482,8.21968,14.8581,6],
[6.18334,8.28613,-3.75584,4],
[-4.89526,-9.34513,13.3306,4]
],
"reflectors": [
],
"reflector_prisms": [
],
"absorber_prisms": [
]
}