{
"time_step": 1e-05,
"number_of_molecules": 500000,
"diff_coef": 400,
"sim_time": 1.35,
"absorbers": [
[18.4082,14.0342,6.33872,6],
[-18.1239,-1.41319,-14.09,5]
],
"reflectors": [
[15.0232,0.926263,16.0451,3],
[10.4915,-1.73462,2.81423,6],
[-0.885733,-1.83744,-22.9094,5],
[-1.13811,4.68738,-13.1428,4]
],
"reflector_prisms": [
],
"absorber_prisms": [
]
}