{"time_step": 1e-05, "number_of_molecules": 500000, "diff_coef": 250, "sim_time": 0.96, "absorbers": [[-1.9109, -0.508351, -14.8691, 3]], "reflectors": [], "reflector_prisms": [[-2.62291, -7.23981, -7.49225, 3.37709, -5.23981, -2.49225]], "absorber_prisms": [[1.35632, 0.455776, -11.1598, 7.35632, 4.45578, -6.15977], [-17.5356, 2.33292, 2.47961, -11.5356, 5.33292, 8.47961], [-2.23821, 7.74877, -12.9968, -0.238212, 9.74877, -9.99677]], "line_of_sight": [[0, 0, 0, 0, 0, 500]]}