{"time_step": 1e-05, "number_of_molecules": 500000, "diff_coef": 400, "sim_time": 1.20417, "absorbers": [[3.41072, 0.573548, 14.5958, 3], [15.102, -2.44627, -11.267, 2], [-14.9497, -7.73512, -2.38233, 4], [-6.79594, -6.53569, -5.66568, 3], [-5.31915, 6.28903, -7.29073, 6], [8.5561, 12.9703, -6.89679, 5], [13.0195, 6.62244, 13.6615, 5]], "reflectors": [[6.81293, -1.60725, -0.0260606, 2], [-11.3827, -1.57732, 9.6409, 6], [-4.96157, -10.6461, 16.1878, 5]], "reflector_prisms": [], "absorber_prisms": [], "line_of_sight": [[45, 45, 0, 0, 0, 502], [501, 0, 501, 0, 0, 501], [35, 35, 0, 0, 0, 503], [171, 171, 0, 0, 0, 500], [37, 11, 26, 0, 0, 497], [15, 0, 15, 0, 0, 501], [160, 160, 0, 0, 0, 502]]}