{
"time_step": 1e-05,
"number_of_molecules": 500000,
"diff_coef": 400,
"sim_time": 0.3375,
"absorbers": [
[-12.94,-7.05836,-2.78143,6]
],
"reflectors": [
[-1.43388,3.5885,21.6579,3],
[-3.27478,-6.54275,-3.23546,3]
],
"reflector_prisms": [
[15.8117,-7.31346,2.66517,20.8117,-2.31346,6.66517]
],
"absorber_prisms": [
]
}