{"time_step": 1e-05, "number_of_molecules": 500000, "diff_coef": 200, "sim_time": 1.40833, "absorbers": [[-10.9658, -6.8764, -7.58065, 5], [8.37585, -1.78057, 16.961, 6], [12.0405, -6.81908, 2.12767, 4]], "reflectors": [[-9.69361, 0.527043, 10.0874, 5], [-4.56446, 4.68716, 23.091, 7], [18.0288, 9.14974, 12.9323, 7]], "reflector_prisms": [], "absorber_prisms": [], "line_of_sight": [[227, 0, 227, 0, 0, 498], [0, 0, 0, 0, 0, 497], [0, 0, 0, 0, 0, 501]]}