{"time_step": 1e-05, "number_of_molecules": 500000, "diff_coef": 100, "sim_time": 4.26667, "absorbers": [[4.63838, -1.22647, 10.9991, 6], [-4.14033, -12.3921, -15.1424, 4]], "reflectors": [], "reflector_prisms": [], "absorber_prisms": [[12.9799, -4.45486, -6.21649, 17.9799, -0.454856, -0.216487], [-8.4988, -7.14318, -12.344, -2.4988, -3.14318, -6.34403]], "line_of_sight": [[0, 0, 0, 0, 0, 500], [215, 0, 0, 215, 0, 499]]}