{
"time_step": 1e-05,
"number_of_molecules": 500000,
"diff_coef": 300,
"sim_time": 1.25,
"absorbers": [
[-5.32743,-15.0814,10.2553,4]
],
"reflectors": [
],
"reflector_prisms": [
],
"absorber_prisms": [
[6.72176,-1.45876,-5.04057,8.72176,0.541243,0.959434],
[-16.6698,-4.40423,6.36793,-14.6698,-1.40423,10.3679],
[3.84771,-20.9206,-1.20043,8.84771,-15.9206,2.79957],
[-7.12516,1.52561,10.0111,-5.12516,6.52561,15.0111],
[-7.77833,-4.03166,-7.26301,-4.77833,-1.03166,-1.26301]
]
}