{"time_step": 1e-05, "number_of_molecules": 500000, "diff_coef": 250, "sim_time": 2.40667, "absorbers": [[16.2544, 13.9017, 10.8875, 5]], "reflectors": [], "reflector_prisms": [], "absorber_prisms": [[-3.40814, -17.9492, 15.1355, 2.59186, -11.9492, 17.1355], [-16.0854, -1.43599, 13.619, -10.0854, 0.564009, 16.619], [6.7522, -1.32779, -0.234049, 10.7522, 4.67221, 2.76595], [1.90106, 6.86532, 4.35764, 4.90106, 9.86532, 6.35764]], "line_of_sight": [[19, 0, 0, 19, 0, 499]]}