{
"time_step": 1e-05,
"number_of_molecules": 500000,
"diff_coef": 300,
"sim_time": 0.2,
"absorbers": [
[-8.36813,8.04033,3.0541,6]
],
"reflectors": [
],
"reflector_prisms": [
[12.788,3.57215,7.63217,16.788,5.57215,12.6322]
],
"absorber_prisms": [
[0.898011,-0.130152,6.32416,5.89801,5.86985,9.32416],
[-2.13048,-3.05297,-8.97494,0.869522,2.94703,-6.97494],
[1.53601,10.5854,-8.08739,4.53601,16.5854,-3.08739]
]
}