{"time_step": 1e-05, "number_of_molecules": 500000, "diff_coef": 350, "sim_time": 0.385714, "absorbers": [[0.23143, -8.19541, 8.76252, 4], [9.84681, 10.9329, 2.9174, 6]], "reflectors": [[2.81892, -11.6528, -12.0527, 2], [5.35973, -1.78894, 5.6633, 2], [-5.53913, 9.85334, -4.02863, 6]], "reflector_prisms": [], "absorber_prisms": [], "line_of_sight": [[156, 0, 156, 0, 0, 501], [0, 0, 0, 0, 0, 503]]}