{"time_step": 1e-05, "number_of_molecules": 500000, "diff_coef": 300, "sim_time": 1.08889, "absorbers": [[-2.11261, 3.44522, 15.4812, 2], [-8.15619, 5.08501, 5.34969, 2]], "reflectors": [], "reflector_prisms": [[-2.68731, -6.68379, 10.0036, 2.31269, -3.68379, 16.0036], [-2.30831, -8.94236, -6.14932, 0.691688, -6.94236, -4.14932]], "absorber_prisms": [[-13.6234, -13.5652, 1.06436, -7.62337, -9.5652, 5.06436]], "line_of_sight": [[0, 0, 0, 0, 0, 500], [0, 0, 0, 0, 0, 499]]}