{
"time_step": 1e-05,
"number_of_molecules": 500000,
"diff_coef": 150,
"sim_time": 0.711111,
"absorbers": [
[-6.85949,3.11562,-8.015,3]
],
"reflectors": [
[-0.0588012,1.59725,9.87144,3],
[-7.26446,4.98806,14.5378,4]
],
"reflector_prisms": [
[5.54849,-2.35179,-15.5229,7.54849,0.648208,-12.5229],
[-13.0554,2.37012,-5.28295,-10.0554,5.37012,-0.282947]
],
"absorber_prisms": [
[-16.4568,1.30582,1.4815,-14.4568,5.30582,3.4815]
]
}