{
"time_step": 1e-05,
"number_of_molecules": 500000,
"diff_coef": 350,
"sim_time": 0.304762,
"absorbers": [
[-4.00954,7.02473,5.88021,2]
],
"reflectors": [
],
"reflector_prisms": [
[-6.08619,-5.824,12.2267,-0.0861907,-1.824,18.2267]
],
"absorber_prisms": [
[1.11803,-1.00361,-18.7959,4.11803,1.99639,-15.7959]
]
}