{"time_step": 1e-05, "number_of_molecules": 500000, "diff_coef": 350, "sim_time": 0.171429, "absorbers": [[-6.11569, -1.27671, -6.4783, 3]], "reflectors": [], "reflector_prisms": [[-6.13561, 13.236, -5.24301, -2.13561, 18.236, -0.243008]], "absorber_prisms": [[-1.01414, -1.98977, -23, 0.985856, 2.01023, -17], [-2.83365, 3.86458, 10.4685, 3.16635, 8.86458, 14.4685], [2.49823, 12.3963, 6.30134, 8.49823, 16.3963, 12.3013], [5.42669, 4.85959, -1.8971, 10.4267, 8.85959, 3.1029]], "line_of_sight": [[0, 0, 0, 0, 0, 502]]}