{"time_step": 1e-05, "number_of_molecules": 500000, "diff_coef": 50, "sim_time": 12.0333, "absorbers": [[10.808, -6.14742, 19.3493, 4]], "reflectors": [], "reflector_prisms": [[7.47349, -12.0238, -9.57298, 11.4735, -8.02377, -4.57298], [-9.78285, -5.10723, -5.79198, -7.78285, 0.892774, -2.79198], [0.02754, -7.07882, -12.5745, 2.02754, -4.07882, -8.57454]], "absorber_prisms": [[-12.2282, 10.218, -0.103996, -9.22817, 13.218, 3.896]], "line_of_sight": [[0, 0, 0, 0, 0, 499]]}