{"time_step": 1e-05, "number_of_molecules": 500000, "diff_coef": 200, "sim_time": 0.675, "absorbers": [[10.4448, 3.00542, -7.13255, 4]], "reflectors": [[0.62334, -5.1615, 9.69383, 5], [7.58231, 3.9869, 15.8308, 4], [-7.75213, -4.50933, -6.36948, 3]], "reflector_prisms": [], "absorber_prisms": [[-11.983, -18.4382, -12.6316, -8.98303, -12.4382, -6.63164]], "line_of_sight": [[0, 0, 0, 0, 0, 498]]}