{"time_step": 1e-05, "number_of_molecules": 500000, "diff_coef": 50, "sim_time": 10.8, "absorbers": [[1.32495, -0.954437, -20.9364, 6], [15.8169, -9.04884, -12.3265, 4], [-4.61442, 5.0385, 20.9122, 7], [4.85256, 5.96478, -11.6993, 6], [8.47156, -6.38266, -10.6063, 4]], "reflectors": [[5.2281, -19.2394, 1.58562, 4], [1.97452, -4.6974, 9.74863, 6]], "reflector_prisms": [], "absorber_prisms": [], "line_of_sight": [[467, 362, 238, 0, 0, 501], [269, 269, 0, 0, 0, 503], [287, 327, 91, 0, 0, 499], [246, 121, 213, 0, 0, 501], [225, 225, 0, 0, 0, 504]]}