{"time_step": 1e-05, "number_of_molecules": 500000, "diff_coef": 300, "sim_time": 0.138889, "absorbers": [[0.774586, 0.266207, 6.95192, 2]], "reflectors": [[4.22556, 9.42062, -3.79428, 4], [-0.0653446, -0.659847, -17.9878, 4]], "reflector_prisms": [], "absorber_prisms": [[14.2111, -1.25985, 10.3537, 17.2111, 2.74015, 14.3537]], "line_of_sight": [[181, 0, 181, 0, 0, 499]]}