{
"time_step": 1e-05,
"number_of_molecules": 500000,
"diff_coef": 200,
"sim_time": 0.208333,
"absorbers": [
[-1.04784,6.34859,-2.75635,2]
],
"reflectors": [
[9.02846,-7.37875,7.74861,6],
[12.4254,9.89152,1.94067,4]
],
"reflector_prisms": [
[-18.0812,12.271,-1.33482,-13.0812,14.271,3.66518],
[-5.51527,6.27439,12.4532,-0.515268,10.2744,15.4532],
[-4.15374,-9.16364,-3.83614,-0.153738,-5.16364,-1.83614]
],
"absorber_prisms": [
]
}