{
"time_step": 1e-05,
"number_of_molecules": 500000,
"diff_coef": 350,
"sim_time": 1.37619,
"absorbers": [
[-4.87571,16.0674,12.6121,4]
],
"reflectors": [
],
"reflector_prisms": [
[6.74967,6.46995,-18.8259,10.7497,12.4699,-16.8259]
],
"absorber_prisms": [
[-18.4153,12.6609,-2.05019,-12.4153,18.6609,-0.050192],
[-17.8761,-3.47262,-14.5233,-12.8761,1.52738,-12.5233],
[-7.96092,4.95677,-21.8572,-1.96092,7.95677,-16.8572],
[0.276493,-3.03041,5.84019,2.27649,0.969591,10.8402]
]
}