{
"time_step": 1e-05,
"number_of_molecules": 500000,
"diff_coef": 350,
"sim_time": 1.07143,
"absorbers": [
[0.996957,9.8196,-16.2352,4],
[13.1041,14.9921,-1.87637,5]
],
"reflectors": [
],
"reflector_prisms": [
[-1.83773,-1.53565,8.9988,2.16227,1.46435,13.9988]
],
"absorber_prisms": [
[-4.02048,-1.75284,18.9331,0.979516,3.24716,23.9331],
[-6.07395,-10.2782,19.2511,-3.07395,-4.27816,21.2511],
[-3.05326,-3.01177,-17.9999,2.94674,2.98823,-11.9999]
]
}