{
"time_step": 1e-05,
"number_of_molecules": 500000,
"diff_coef": 300,
"sim_time": 0.938889,
"absorbers": [
[5.613,-12.0983,13.5324,6]
],
"reflectors": [
],
"reflector_prisms": [
],
"absorber_prisms": [
[-1.99664,-4.10025,5.68231,3.00336,-0.100253,8.68231]
]
}