{
"time_step": 1e-05,
"number_of_molecules": 500000,
"diff_coef": 150,
"sim_time": 2.17778,
"absorbers": [
[-2.32273,-1.6791,-12.6801,5],
[4.07124,2.10097,10.0005,2],
[-7.05407,-10.0037,4.378,2],
[-17.906,-6.20948,1.34832,5]
],
"reflectors": [
[-0.808895,0.932127,13.9455,2],
[-5.15208,8.40544,-1.67471,5],
[-13.4704,14.0801,4.50555,2],
[-12.1359,-9.59429,12.6755,6],
[-1.2627,12.1079,6.91409,2],
[-12.6027,-13.4506,-4.61017,3]
],
"reflector_prisms": [
],
"absorber_prisms": [
]
}