{
"time_step": 1e-05,
"number_of_molecules": 500000,
"diff_coef": 200,
"sim_time": 2.40833,
"absorbers": [
[-14.827,-2.82315,14.601,4],
[-4.80413,-2.541,-4.41176,2],
[-0.194869,0.0782061,-11.9982,6],
[-5.45252,2.8926,-3.30194,2],
[-14.9108,-9.62,-11.2305,5],
[8.111,-1.56362,-19.3072,4],
[-9.42709,-4.8216,-5.64643,3]
],
"reflectors": [
[3.37887,-6.30347,16.5182,5],
[0.456275,-0.548967,-23.9894,5],
[3.35004,-14.4271,2.37423,2]
],
"reflector_prisms": [
],
"absorber_prisms": [
]
}