{"time_step": 1e-05, "number_of_molecules": 500000, "diff_coef": 200, "sim_time": 1.40833, "absorbers": [[-5.31895, 9.48443, -1.65962, 6], [4.41877, -16.0981, 6.7324, 5], [10.9166, -2.62672, 9.94629, 6], [-4.22315, 5.87912, 14.2689, 6]], "reflectors": [[-0.373497, -13.139, -10.7809, 5], [-17.0153, 0.0482365, 10.5109, 7], [5.62409, -1.36754, -10.5119, 5]], "reflector_prisms": [], "absorber_prisms": [], "line_of_sight": [[109, 109, 0, 0, 0, 500], [439, 439, 0, 0, 0, 500], [50, 50, 0, 0, 0, 499], [299, 0, 299, 0, 0, 500]]}