{"time_step": 1e-05, "number_of_molecules": 500000, "diff_coef": 200, "sim_time": 2.13333, "absorbers": [[-2.69686, 2.44275, 8.23164, 4], [11.9532, 14.4333, -3.13045, 3]], "reflectors": [[-12.7269, 1.04883, -2.4341, 2]], "reflector_prisms": [[3.76496, -2.81806, 16.4069, 5.76496, 1.18194, 22.4069]], "absorber_prisms": [], "line_of_sight": [[0, 0, 0, 0, 0, 500], [0, 0, 0, 0, 0, 504]]}