{"time_step": 1e-05, "number_of_molecules": 500000, "diff_coef": 150, "sim_time": 2.84444, "absorbers": [[-0.145782, 2.17729, 16.8594, 5], [0.884064, -0.31775, -17.9755, 2]], "reflectors": [], "reflector_prisms": [[-23.0401, -5.8264, -6.65142, -18.0401, -2.8264, -2.65142], [-11.4475, -0.321481, 2.38526, -8.44746, 3.67852, 6.38526]], "absorber_prisms": [[-0.88678, -5.21885, 10.5963, 2.11322, -1.21885, 15.5963], [-16.3611, -4.90844, 12.5953, -10.3611, -0.908437, 16.5953]], "line_of_sight": [[81, 23, 0, 58, 0, 498], [501, 501, 0, 0, 0, 501]]}