{"time_step": 1e-05, "number_of_molecules": 500000, "diff_coef": 300, "sim_time": 2.00556, "absorbers": [[-14.1647, -3.77355, -16.4049, 3], [-9.6283, -10.4405, -9.34296, 2], [-5.11405, 6.08217, -7.60616, 4], [11.493, -0.728272, -15.1123, 3], [-12.5133, -9.43729, -3.21792, 4], [-5.14466, -1.312, 11.8664, 2], [7.71798, -13.4278, 14.182, 5], [9.72331, -0.307358, 11.4177, 6]], "reflectors": [[-13.6488, 2.48942, -1.87465, 2], [0.118362, 0.119529, -16.9992, 6], [19.9499, 9.04178, 2.06123, 5], [9.04554, 0.687302, -6.2214, 5], [-9.60668, 14.6154, 4.2546, 3], [-4.49559, 13.6824, 16.6307, 4]], "reflector_prisms": [], "absorber_prisms": [], "line_of_sight": [[499, 499, 0, 0, 0, 499], [0, 0, 0, 0, 0, 496], [213, 213, 0, 0, 0, 499], [456, 46, 449, 0, 0, 499], [163, 0, 163, 0, 0, 498], [266, 48, 260, 0, 0, 499], [501, 501, 0, 0, 0, 501], [160, 118, 42, 0, 0, 501]]}