{"time_step": 1e-05, "number_of_molecules": 500000, "diff_coef": 400, "sim_time": 1.35, "absorbers": [[5.60782, 7.04549, 13.2255, 3], [3.83687, 12.1829, -2.41955, 2], [15.1759, -5.09734, 10.2328, 5], [19.7787, -6.70717, -6.91508, 5], [5.81576, -6.84607, 0.555231, 4], [13.7512, 2.39997, 1.06992, 6], [-19.1072, -1.48189, 10.8036, 4], [-0.9843, -1.17498, -18.9381, 2]], "reflectors": [[-9.194, 7.37047, -12.2534, 4], [-7.70867, -2.08858, -0.462894, 2], [-5.50707, 1.4759, -9.40712, 2]], "reflector_prisms": [], "absorber_prisms": [], "line_of_sight": [[0, 0, 0, 0, 0, 501], [0, 0, 0, 0, 0, 503], [158, 54, 104, 0, 0, 501], [93, 93, 0, 0, 0, 501], [26, 26, 0, 0, 0, 497], [97, 60, 37, 0, 0, 504], [45, 45, 0, 0, 0, 502], [0, 0, 0, 0, 0, 499]]}