{
"time_step": 1e-05,
"number_of_molecules": 500000,
"diff_coef": 50,
"sim_time": 12.0333,
"absorbers": [
[-1.88209,-11.0823,-8.34514,5],
[-6.71955,6.89297,-15.2097,4],
[7.0726,-1.25432,-18.6656,2],
[-0.450268,-4.41831,-5.41071,2],
[11.6181,19.8497,0.095131,5],
[-15.8121,12.961,10.5352,4],
[16.3651,-11.5457,-11.3084,6],
[-3.89119,9.86954,11.9771,2]
],
"reflectors": [
[-20.365,-5.7595,-6.00782,5],
[0.385476,5.69391,-10.5561,2]
],
"reflector_prisms": [
],
"absorber_prisms": [
]
}