{"time_step": 1e-05, "number_of_molecules": 500000, "diff_coef": 200, "sim_time": 1.63333, "absorbers": [[4.01731, 5.37114, -16.7037, 4]], "reflectors": [], "reflector_prisms": [[9.74603, -7.63974, -6.3365, 14.746, -3.63974, -4.3365], [-4.19797, 4.5361, -16.1174, -1.19797, 7.5361, -14.1174], [-20.5656, 2.59129, -3.33574, -15.5656, 8.59129, -0.335739]], "absorber_prisms": [], "line_of_sight": [[0, 0, 0, 0, 0, 500]]}