{"time_step": 1e-05, "number_of_molecules": 500000, "diff_coef": 200, "sim_time": 0.208333, "absorbers": [[5.4114, -4.16358, 7.30626, 5]], "reflectors": [[22.8255, -1.23951, 2.54162, 5], [11.8878, 3.94495, -15.5922, 6]], "reflector_prisms": [], "absorber_prisms": [[-0.48105, -7.92735, 14.7825, 2.51895, -4.92735, 18.7825], [-5.79843, -6.76135, -17.5982, -3.79843, -2.76135, -13.5982], [-9.57893, -2.91343, 2.12994, -3.57893, -0.913432, 6.12994]], "line_of_sight": [[0, 0, 0, 0, 0, 503]]}