{
"time_step": 1e-05,
"number_of_molecules": 500000,
"diff_coef": 300,
"sim_time": 0.2,
"absorbers": [
[-6.15976,7.83235,-0.843542,4]
],
"reflectors": [
[9.09802,1.14531,-3.98927,5]
],
"reflector_prisms": [
],
"absorber_prisms": [
[-0.664266,-5.43817,6.43493,3.33573,-0.43817,11.4349],
[3.20772,1.40612,-19.4967,5.20772,7.40612,-16.4967],
[-11.0292,-5.06777,-8.09072,-5.0292,0.932226,-3.09072],
[-1.35643,-20.4995,-14.5524,3.64357,-14.4995,-8.55244]
]
}