{
"time_step": 1e-05,
"number_of_molecules": 500000,
"diff_coef": 100,
"sim_time": 5.4,
"absorbers": [
[-4.95295,-21.0577,-4.00516,4],
[1.72068,-8.12525,5.56952,3],
[11.9514,-4.7205,-13.9958,5],
[6.52386,12.9867,15.1587,5],
[0.0574748,0.827743,-6.95065,2],
[6.33314,-13.6543,9.87178,4],
[6.72475,3.77263,11.6852,2]
],
"reflectors": [
[2.27467,5.41891,20.1609,2],
[-5.24778,-9.99919,-6.44027,4],
[-2.34666,0.751069,10.7205,5]
],
"reflector_prisms": [
],
"absorber_prisms": [
]
}