{"time_step": 1e-05, "number_of_molecules": 500000, "diff_coef": 100, "sim_time": 1.06667, "absorbers": [[-0.587578, 0.670791, -12.9694, 5]], "reflectors": [], "reflector_prisms": [[-10.5071, -7.85705, 15.39, -4.50706, -1.85705, 20.39], [11.6757, 1.76181, -1.8364, 13.6757, 3.76181, 0.163596], [-5.83216, 10.2423, 3.12757, -3.83216, 16.2423, 7.12757], [-4.78145, -10.6519, -6.49448, 0.218551, -6.65192, -4.49448]], "absorber_prisms": [], "line_of_sight": [[0, 0, 0, 0, 0, 502]]}