{
"time_step": 1e-05,
"number_of_molecules": 500000,
"diff_coef": 100,
"sim_time": 4.81667,
"absorbers": [
[2.17098,12.8545,-13.822,2]
],
"reflectors": [
[14.3752,-1.6202,12.3178,6]
],
"reflector_prisms": [
],
"absorber_prisms": [
[-3.11633,3.41521,-15.4431,2.88367,9.41521,-9.44313],
[-3.44753,-1.66562,-16.4151,0.552466,0.334379,-13.4151],
[1.74183,-13.6081,4.23583,4.74183,-10.6081,8.23583]
]
}