{"time_step": 1e-05, "number_of_molecules": 500000, "diff_coef": 200, "sim_time": 3.00833, "absorbers": [[4.41214, 10.4084, -4.02482, 7], [10.0555, 21.3218, 8.32276, 6], [17.0725, 3.20944, 13.4992, 4], [-17.5748, 11.1932, -2.61521, 4], [2.54601, -14.4297, -3.20939, 5], [-15.6598, 0.641035, -6.58482, 7]], "reflectors": [[-2.43409, 6.41984, 14.452, 7], [-6.25445, -8.66035, -7.40812, 6], [-10.6657, 13.4612, -13.7492, 5], [8.44384, -5.17958, -12.5648, 6]], "reflector_prisms": [], "absorber_prisms": [], "line_of_sight": [[132, 118, 60, 0, 0, 499], [487, 178, 380, 0, 0, 501], [408, 343, 76, 0, 0, 497], [57, 57, 0, 0, 0, 499], [122, 122, 0, 0, 0, 500], [114, 100, 22, 0, 0, 501]]}