{
"time_step": 1e-05,
"number_of_molecules": 500000,
"diff_coef": 400,
"sim_time": 0.504167,
"absorbers": [
[0.538146,0.334532,-16.9882,6]
],
"reflectors": [
[-9.88379,5.74737,3.64396,2],
[-1.44599,-0.843653,11.8826,3],
[-3.50498,16.6004,1.06826,6],
[8.01697,-1.26777,20.448,4]
],
"reflector_prisms": [
],
"absorber_prisms": [
[15.2249,-13.0623,-5.96285,19.2249,-8.06231,-0.962849]
]
}