{"time_step": 1e-05, "number_of_molecules": 500000, "diff_coef": 350, "sim_time": 1.54286, "absorbers": [[-12.6698, 10.5187, -11.3505, 2]], "reflectors": [[-6.59738, 2.47359, 21.8942, 6], [-11.7461, 0.332088, 2.43288, 4], [-15.4411, -2.30922, -12.4996, 3]], "reflector_prisms": [[-6.60942, -4.77489, -10.2635, -0.609423, -0.774894, -5.26351]], "absorber_prisms": [], "line_of_sight": [[0, 0, 0, 0, 0, 501]]}