{"time_step": 1e-05, "number_of_molecules": 500000, "diff_coef": 350, "sim_time": 0.233333, "absorbers": [[7.31665, 7.05098, -4.21311, 6], [0.564048, 0.509838, -11.9759, 5]], "reflectors": [[-11.157, 6.59989, 0.980681, 2], [14.2349, -0.644752, 14.034, 3], [-0.638787, 0.520396, 15.9788, 3]], "reflector_prisms": [], "absorber_prisms": [], "line_of_sight": [[0, 0, 0, 0, 0, 502], [18, 0, 18, 0, 0, 500]]}