{
"time_step": 1e-05,
"number_of_molecules": 500000,
"diff_coef": 100,
"sim_time": 1.35,
"absorbers": [
[-1.7777,1.8764,11.7183,3]
],
"reflectors": [
[-2.98321,17.9661,8.26562,4],
[6.17677,10.1557,9.1493,4],
[-21.5685,1.09681,4.19466,4]
],
"reflector_prisms": [
[-4.6293,-7.87329,9.43347,-0.6293,-3.87329,15.4335],
[5.44116,-11.6065,-1.05168,10.4412,-8.60653,4.94832]
],
"absorber_prisms": [
]
}