{
"time_step": 1e-05,
"number_of_molecules": 500000,
"diff_coef": 50,
"sim_time": 8.53333,
"absorbers": [
[11.2898,12.1765,-14.4317,6]
],
"reflectors": [
[-10.4163,-21.0475,-8.57328,6]
],
"reflector_prisms": [
],
"absorber_prisms": [
[-1.21388,6.40106,-6.22124,0.786124,10.4011,-0.221238],
[-18.786,-5.07493,-11.3531,-14.786,-1.07493,-5.35305]
]
}