{"time_step": 1e-05, "number_of_molecules": 500000, "diff_coef": 150, "sim_time": 1.11111, "absorbers": [[9.67185, 9.8088, -2.49856, 4]], "reflectors": [], "reflector_prisms": [[0.592065, -22.1989, 0.411688, 3.59206, -20.1989, 5.41169]], "absorber_prisms": [[-2.84377, -1.10748, -15.4068, 0.15623, 2.89252, -12.4068], [-8.49963, -14.8392, -4.96835, -4.49963, -9.83925, -2.96835], [-17.2025, -11.0112, -8.90987, -11.2025, -7.01125, -3.90987]], "line_of_sight": [[0, 0, 0, 0, 0, 502]]}