{"time_step": 1e-05, "number_of_molecules": 500000, "diff_coef": 300, "sim_time": 1.42222, "absorbers": [[-2.56979, -1.55513, 21.794, 6], [0.411049, -7.79986, -11.6187, 5]], "reflectors": [[1.59241, 0.53926, -13.8987, 3]], "reflector_prisms": [], "absorber_prisms": [[-8.84371, 0.132359, -1.50813, -5.84371, 6.13236, 0.49187]], "line_of_sight": [[117, 0, 117, 0, 0, 499], [0, 0, 0, 0, 0, 496]]}