{"time_step": 1e-05, "number_of_molecules": 500000, "diff_coef": 150, "sim_time": 3.6, "absorbers": [[-8.11615, 5.25184, 12.7494, 6], [19.3943, -4.31452, -2.2901, 4], [-5.36552, -15.2999, -9.90577, 4], [-1.70391, 2.96231, -21.733, 4], [11.4433, 4.33981, 11.799, 4], [14.4482, 11.1012, -10.4409, 6], [-0.0131683, -0.0114368, -6.99998, 2]], "reflectors": [[0.235507, 0.0271122, 18.9985, 2], [9.63282, -8.05631, -6.18907, 4], [0.242891, 10.2804, -13.5372, 3], [9.48878, 14.047, -1.28208, 4], [7.24561, 15.8481, 7.57225, 5], [-0.974068, -2.33857, -14.7845, 3], [6.01002, -11.2674, 7.86926, 5]], "reflector_prisms": [], "absorber_prisms": [], "line_of_sight": [[115, 20, 95, 0, 0, 499], [0, 0, 0, 0, 0, 499], [294, 0, 294, 0, 0, 498], [385, 385, 204, 0, 0, 502], [0, 0, 0, 0, 0, 500], [0, 0, 0, 0, 0, 501], [299, 159, 168, 0, 0, 500]]}