{"time_step": 1e-05, "number_of_molecules": 500000, "diff_coef": 150, "sim_time": 3.6, "absorbers": [[3.97614, 4.99521, -11.3242, 2], [-0.86924, -17.2918, 15.1406, 5]], "reflectors": [[-9.10934, -11.0571, 4.44535, 6]], "reflector_prisms": [[-23.2658, -1.67553, -6.97841, -19.2658, 4.32447, -3.97841]], "absorber_prisms": [[9.06636, 8.10596, -7.10404, 13.0664, 12.106, -4.10404]], "line_of_sight": [[0, 0, 0, 0, 0, 501], [0, 0, 0, 0, 0, 494]]}