{"time_step": 1e-05, "number_of_molecules": 500000, "diff_coef": 200, "sim_time": 2.7, "absorbers": [[-9.09958, -17.0918, -12.4124, 5]], "reflectors": [[-7.38244, -7.29138, -3.65176, 3]], "reflector_prisms": [[7.7768, 0.219515, 13.5152, 11.7768, 3.21952, 16.5152]], "absorber_prisms": [[-1.19145, -1.52452, 8.98389, 1.80855, 0.475481, 13.9839]], "line_of_sight": [[133, 0, 133, 0, 0, 502]]}