{
"time_step": 1e-05,
"number_of_molecules": 500000,
"diff_coef": 250,
"sim_time": 2.16,
"absorbers": [
[0.824018,-13.3142,-18.7364,6],
[-0.269571,-0.648674,12.981,7],
[-22.1275,-5.64575,2.73825,5],
[14.5793,-2.9446,-20.0941,7],
[-0.00813414,0.692895,-12.9815,7],
[15.3058,-9.26619,15.9959,6]
],
"reflectors": [
],
"reflector_prisms": [
],
"absorber_prisms": [
]
}