{"time_step": 1e-05, "number_of_molecules": 500000, "diff_coef": 300, "sim_time": 1.60556, "absorbers": [[10.4927, -6.94718, -15.5447, 3], [3.02277, 4.28108, 8.51676, 4]], "reflectors": [[-4.04314, -4.78535, -13.6291, 6], [5.14581, -7.34823, 18.9875, 3]], "reflector_prisms": [], "absorber_prisms": [[-5.51635, -15.357, -2.58284, -2.51635, -9.35698, 3.41716]], "line_of_sight": [[0, 0, 0, 0, 0, 501], [288, 0, 288, 0, 0, 502]]}