{
"time_step": 1e-05,
"number_of_molecules": 500000,
"diff_coef": 350,
"sim_time": 1.07143,
"absorbers": [
[0.304251,8.33047,14.8159,2],
[-8.61828,-12.1633,-10.0886,6]
],
"reflectors": [
[10.4465,-8.65662,8.48134,2]
],
"reflector_prisms": [
[3.29038,-3.98731,13.6362,9.29038,1.01269,15.6362],
[-2.38781,-0.375804,7.47881,2.61219,1.6242,11.4788]
],
"absorber_prisms": [
]
}