{
"time_step": 1e-05,
"number_of_molecules": 500000,
"diff_coef": 350,
"sim_time": 1.71905,
"absorbers": [
[-5.57343,12.587,11.5976,2],
[-8.87349,8.40756,-21.8077,6]
],
"reflectors": [
],
"reflector_prisms": [
[-0.269349,-16.3448,13.4551,5.73065,-12.3448,19.4551],
[0.778939,-2.82615,8.58011,4.77894,0.173853,13.5801]
],
"absorber_prisms": [
]
}