{
"time_step": 1e-05,
"number_of_molecules": 500000,
"diff_coef": 50,
"sim_time": 12.0333,
"absorbers": [
[-2.3125,-11.3806,21.0032,6],
[-18.631,10.2256,-13.1652,6],
[4.5592,-0.172914,10.0092,5],
[-2.56178,-1.65563,-11.6059,6],
[8.16888,13.326,6.68483,2],
[-8.70793,-11.5403,3.9993,4],
[-13.8831,0.30638,-17.0636,3],
[-1.70947,-1.52406,14.8241,2]
],
"reflectors": [
[9.76185,-6.47902,-2.59394,4],
[3.23885,4.03687,-9.70636,2],
[14.9508,-5.14125,-12.2492,2]
],
"reflector_prisms": [
],
"absorber_prisms": [
]
}