{
"time_step": 1e-05,
"number_of_molecules": 500000,
"diff_coef": 50,
"sim_time": 10.8,
"absorbers": [
[-11.5238,-0.405218,-3.32219,3],
[-15.6494,-1.54516,-12.3575,2],
[-1.12762,-0.808949,13.931,6]
],
"reflectors": [
[-1.97211,-2.57269,-8.39595,2]
],
"reflector_prisms": [
],
"absorber_prisms": [
[-7.5806,-1.23334,-5.38209,-4.5806,2.76666,-1.38209]
]
}