{
"time_step": 1e-05,
"number_of_molecules": 500000,
"diff_coef": 200,
"sim_time": 3.00833,
"absorbers": [
[-0.959354,-16.2008,-5.06088,4],
[20.5604,-4.11873,11.6751,5]
],
"reflectors": [
],
"reflector_prisms": [
[-8.45871,2.404,-21.409,-4.45871,6.404,-15.409]
],
"absorber_prisms": [
[-15.1679,-5.86484,5.56345,-13.1679,-1.86484,11.5634],
[-1.97101,-3.70471,-11.9751,2.02899,2.29529,-7.9751]
]
}