{
"time_step": 1e-05,
"number_of_molecules": 500000,
"diff_coef": 350,
"sim_time": 1.54286,
"absorbers": [
[14.2878,6.19634,-12.5485,7],
[1.30586,-1.40383,-18.903,6],
[-13.1348,10.7432,-10.5859,5],
[-11.3731,-8.01314,-1.56301,7],
[-0.842341,1.90021,16.8725,5],
[-21.854,-5.25877,4.87304,5]
],
"reflectors": [
[8.86558,4.44501,11.2536,5]
],
"reflector_prisms": [
],
"absorber_prisms": [
]
}