{"time_step": 1e-05, "number_of_molecules": 500000, "diff_coef": 350, "sim_time": 1.37619, "absorbers": [[-6.03587, 8.38685, 15.9446, 2], [6.4564, -9.30437, -3.96784, 6], [-7.94759, -14.886, 6.26447, 3], [-2.45353, -4.30019, 10.9311, 2]], "reflectors": [[6.71087, -1.78725, -0.877454, 2], [-3.55886, 4.88065, 12.6299, 3], [0.00312757, -3.5352, -11.4674, 2], [2.43895, -4.5824, 7.35208, 4], [-5.57968, 4.09519, -5.75297, 4], [-11.3927, 7.26708, 3.65997, 5]], "reflector_prisms": [], "absorber_prisms": [], "line_of_sight": [[432, 0, 432, 0, 0, 500], [139, 0, 185, 0, 0, 502], [0, 0, 0, 0, 0, 501], [160, 0, 160, 0, 0, 501]]}