{
"time_step": 1e-05,
"number_of_molecules": 500000,
"diff_coef": 350,
"sim_time": 1.21905,
"absorbers": [
[1.35283,-2.91644,12.5962,4],
[14.6531,-10.4933,10.7786,7],
[-12.7516,-12.468,12.8821,6],
[-3.40852,-13.5388,1.04108,7],
[-15.8342,12.0365,2.09781,5],
[-2.72299,2.89657,8.07436,4]
],
"reflectors": [
[-13.8818,-0.747094,1.65426,5],
[-10.2462,9.17941,-8.17025,6]
],
"reflector_prisms": [
],
"absorber_prisms": [
]
}