{"time_step": 1e-05, "number_of_molecules": 500000, "diff_coef": 300, "sim_time": 0.555556, "absorbers": [[6.7342, 12.0228, 5.92468, 5], [-2.38274, 0.587398, -13.7832, 4]], "reflectors": [[-5.89131, 6.21666, -9.77985, 3], [-6.74837, 17.5791, 9.29697, 2], [-6.64595, 1.24923, 4.27444, 3], [-2.05441, 10.7551, -1.05191, 5]], "reflector_prisms": [], "absorber_prisms": [], "line_of_sight": [[0, 0, 0, 0, 0, 499], [0, 0, 0, 0, 0, 498]]}