{"time_step": 1e-05, "number_of_molecules": 500000, "diff_coef": 50, "sim_time": 4.8, "absorbers": [[0.131798, 0.902526, 14.9722, 3]], "reflectors": [[9.11665, 9.17518, 1.30495, 2]], "reflector_prisms": [[-5.94688, -5.67049, 8.32098, -2.94688, 0.32951, 13.321], [3.34087, -16.0478, -11.2598, 6.34087, -12.0478, -5.25978]], "absorber_prisms": [[8.01726, -6.54727, 1.54381, 10.0173, -1.54727, 5.54381]], "line_of_sight": [[0, 0, 0, 0, 0, 502]]}