{
"time_step": 1e-05,
"number_of_molecules": 500000,
"diff_coef": 100,
"sim_time": 0.816667,
"absorbers": [
[-9.11064,-4.02407,0.896186,3]
],
"reflectors": [
[13.6531,4.62204,-6.94484,6],
[5.38636,6.79995,-8.29143,2],
[-12.056,6.40279,-3.10764,2]
],
"reflector_prisms": [
[-1.28226,-1.06465,-10.8651,0.717745,3.93535,-4.86512]
],
"absorber_prisms": [
[-20.5652,7.69769,0.965035,-17.5652,13.6977,3.96504]
]
}