{"time_step": 1e-05, "number_of_molecules": 500000, "diff_coef": 300, "sim_time": 0.138889, "absorbers": [[3.75252, -1.58191, 6.88594, 3]], "reflectors": [], "reflector_prisms": [[-7.16171, 8.02253, -13.2852, -5.16171, 11.0225, -9.28515]], "absorber_prisms": [[14.6722, -8.74893, 10.3096, 16.6722, -5.74893, 15.3096], [-3.59555, 1.0901, 7.48332, -0.595552, 4.0901, 13.4833], [-1.71662, -9.63551, 6.97278, 0.283384, -3.63551, 12.9728]], "line_of_sight": [[0, 0, 0, 0, 0, 498]]}