{"time_step": 1e-05, "number_of_molecules": 500000, "diff_coef": 150, "sim_time": 3.21111, "absorbers": [[-1.51537, 1.43691, 14.8539, 3], [-0.700587, -11.7922, 17.3624, 6], [14.1877, -1.76718, -15.3813, 4]], "reflectors": [], "reflector_prisms": [[-16.0478, -1.47003, 5.7604, -14.0478, 4.52997, 9.7604]], "absorber_prisms": [], "line_of_sight": [[0, 0, 0, 0, 0, 497], [0, 0, 0, 0, 0, 496], [0, 0, 0, 0, 0, 503]]}