{"time_step": 1e-05, "number_of_molecules": 500000, "diff_coef": 400, "sim_time": 0.3375, "absorbers": [[6.38728, -3.28027, 8.33321, 2]], "reflectors": [], "reflector_prisms": [[-0.993115, -0.129159, 14.839, 4.00688, 3.87084, 20.839]], "absorber_prisms": [[-2.68506, -6.21972, -7.3824, 2.31494, -4.21972, -3.3824]], "line_of_sight": [[0, 0, 0, 0, 0, 499]]}