{
"time_step": 1e-05,
"number_of_molecules": 500000,
"diff_coef": 100,
"sim_time": 5.4,
"absorbers": [
[11.2147,7.36215,16.1564,3],
[7.53665,-8.32697,4.22617,4],
[-11.8907,8.27014,6.79825,2],
[-13.1101,6.81817,-11.9431,4],
[-7.43236,1.99301,10.478,3],
[-8.78555,-6.19046,-8.97176,2],
[13.6806,10.0851,0.362629,5],
[2.97844,-3.4189,17.4195,5]
],
"reflectors": [
[-3.9731,-4.39978,-14.8612,3],
[-4.41465,-10.1105,-15.469,2],
[-12.0841,10.1234,12.3082,3],
[20.4259,0.0737836,14.4145,6]
],
"reflector_prisms": [
],
"absorber_prisms": [
]
}