{
"time_step": 1e-05,
"number_of_molecules": 500000,
"diff_coef": 350,
"sim_time": 1.71905,
"absorbers": [
[-0.24228,1.13831,19.9661,4],
[-20.2849,1.58602,-8.36693,4],
[-11.4095,-14.1956,12.3413,3]
],
"reflectors": [
[-1.49195,-1.94894,-13.7832,6],
[5.72399,-9.306,11.6891,3],
[12.6605,-9.91214,5.51917,6],
[-8.2571,-0.491778,15.9868,3]
],
"reflector_prisms": [
],
"absorber_prisms": [
]
}