{"time_step": 1e-05, "number_of_molecules": 500000, "diff_coef": 400, "sim_time": 1.35, "absorbers": [[-0.258919, 2.81834, 22.8252, 5], [3.80908, -8.83685, -12.7828, 2], [10.0436, 8.17312, 12.503, 4], [2.47588, -3.28184, 5.66564, 2], [-7.15918, 10.4759, 14.1422, 6], [8.28665, -1.65768, -7.04155, 3], [-2.52511, -4.38212, -13.0545, 5]], "reflectors": [[-3.6391, 13.0596, -6.41905, 2], [-2.27308, -0.964822, 13.7805, 2], [-14.2144, 8.73805, -3.25547, 5], [-9.38977, -11.7494, -9.88858, 4], [-2.4009, -10.4596, 19.205, 3]], "reflector_prisms": [], "absorber_prisms": [], "line_of_sight": [[382, 294, 88, 0, 0, 497], [499, 499, 0, 0, 0, 499], [280, 117, 163, 0, 0, 503], [0, 0, 0, 0, 0, 498], [90, 90, 0, 0, 0, 496], [31, 31, 0, 0, 0, 502], [210, 210, 0, 0, 0, 501]]}