{"time_step": 1e-05, "number_of_molecules": 500000, "diff_coef": 350, "sim_time": 1.21905, "absorbers": [[-12.0557, -17.535, -5.58411, 7], [5.91598, 9.74127, -12.6138, 5], [3.82823, -4.8268, -22.1596, 7]], "reflectors": [[3.82718, 21.101, 4.90918, 5], [-10.137, 3.43282, -16.8955, 5]], "reflector_prisms": [], "absorber_prisms": [], "line_of_sight": [[80, 0, 80, 0, 0, 500], [0, 0, 0, 0, 0, 501], [0, 0, 0, 0, 0, 499]]}