{"time_step": 1e-05, "number_of_molecules": 500000, "diff_coef": 300, "sim_time": 2.00556, "absorbers": [[3.78167, -0.330668, -21.67, 5], [10.6862, 12.6541, -17.3689, 5]], "reflectors": [], "reflector_prisms": [[9.6687, -1.22149, 13.3692, 12.6687, 0.778508, 17.3692]], "absorber_prisms": [[3.47358, -6.51551, 9.23283, 8.47358, -2.51551, 13.2328]], "line_of_sight": [[0, 0, 0, 0, 0, 501], [0, 0, 0, 0, 0, 502]]}