{"time_step": 1e-05, "number_of_molecules": 500000, "diff_coef": 200, "sim_time": 1.40833, "absorbers": [[7.32319, -10.2973, -9.81509, 3]], "reflectors": [], "reflector_prisms": [[-4.25027, -1.36712, -10.9117, 1.74973, 1.63288, -6.91174], [-1.48047, 3.51214, 1.95357, 2.51953, 8.51214, 6.95357], [-9.47158, 2.03888, 2.32618, -6.47158, 8.03888, 4.32618]], "absorber_prisms": [], "line_of_sight": [[0, 0, 0, 0, 0, 500]]}