{
"time_step": 1e-05,
"number_of_molecules": 500000,
"diff_coef": 300,
"sim_time": 1.8,
"absorbers": [
[3.15266,-4.61039,-20.2436,3],
[13.0475,-3.18309,11.9846,2],
[2.36353,0.491893,-11.7546,6],
[7.59647,13.8403,8.64514,4]
],
"reflectors": [
[-19.1194,5.35339,2.40647,5],
[-3.91099,19.5591,-15.0714,6],
[-4.28912,-1.6763,19.4626,5],
[6.93335,-6.49335,8.87497,4],
[-4.123,-8.88009,-8.55248,4]
],
"reflector_prisms": [
],
"absorber_prisms": [
]
}