{"time_step": 1e-05, "number_of_molecules": 500000, "diff_coef": 300, "sim_time": 1.8, "absorbers": [[3.27166, 18.8308, 12.7945, 5], [2.5468, -6.96582, 10.6767, 6], [-5.36482, 15.8129, -15.8168, 7], [-6.10758, -11.7059, -13.6627, 5], [1.31086, 6.28067, 17.8839, 6], [16.6756, 5.94571, 3.25161, 4], [12.7974, 11.575, 13.6472, 4]], "reflectors": [], "reflector_prisms": [], "absorber_prisms": [], "line_of_sight": [[153, 153, 0, 0, 0, 499], [114, 114, 0, 0, 0, 500], [430, 430, 0, 0, 0, 500], [327, 327, 0, 0, 0, 502], [89, 89, 0, 0, 0, 505], [0, 0, 0, 0, 0, 497], [174, 174, 0, 0, 0, 500]]}