{
"time_step": 1e-05,
"number_of_molecules": 500000,
"diff_coef": 400,
"sim_time": 1.50417,
"absorbers": [
[0.0329366,-11.1066,-6.7559,6],
[10.7995,21.5936,9.64801,7],
[-0.555936,-4.58453,20.4859,7],
[-11.1119,0.373969,11.5059,7],
[2.2553,0.67517,8.68664,4]
],
"reflectors": [
[-6.19033,11.3595,1.28088,6]
],
"reflector_prisms": [
],
"absorber_prisms": [
]
}