{"time_step": 1e-05, "number_of_molecules": 500000, "diff_coef": 350, "sim_time": 1.37619, "absorbers": [[-15.824, 16.2454, 3.83238, 6]], "reflectors": [], "reflector_prisms": [[-1.60438, 3.49102, -13.7473, 0.395625, 9.49102, -8.74728], [-4.1115, 2.61796, -8.54804, 1.8885, 4.61796, -5.54804], [11.8081, -12.1918, -6.61664, 13.8081, -10.1918, -1.61664], [-1.70261, -2.91715, 13.997, 2.29739, 3.08285, 17.997], [-7.85, -12.9647, -8.72856, -1.85, -8.96473, -5.72856]], "absorber_prisms": [], "line_of_sight": [[0, 0, 0, 0, 0, 502]]}