{
"time_step": 1e-05,
"number_of_molecules": 500000,
"diff_coef": 200,
"sim_time": 2.13333,
"absorbers": [
[-14.9215,7.15453,9.336,3]
],
"reflectors": [
[1.47999,8.87844,7.93618,4],
[-11.8149,-9.91196,11.0978,4]
],
"reflector_prisms": [
[-2.55115,-2.04225,-10.4997,2.44885,1.95775,-6.49974],
[-7.11184,0.655967,4.01495,-1.11184,3.65597,9.01495]
],
"absorber_prisms": [
[-0.114566,-3.61004,12.8941,1.88543,0.389956,18.8941]
]
}