{
"time_step": 1e-05,
"number_of_molecules": 500000,
"diff_coef": 100,
"sim_time": 0.6,
"absorbers": [
[4.92115,2.32213,-5.8643,2]
],
"reflectors": [
[-4.01885,10.0989,-13.0714,4],
[-2.81527,-0.545676,-7.46837,3],
[-20.311,-8.35547,-6.83004,4],
[16.4739,-10.6473,3.90466,5]
],
"reflector_prisms": [
],
"absorber_prisms": [
[-8.48506,-9.9898,8.41724,-5.48506,-3.9898,11.4172]
]
}