{"time_step": 1e-05, "number_of_molecules": 500000, "diff_coef": 100, "sim_time": 3.26667, "absorbers": [[-12.0993, -2.0392, 11.7664, 4], [11.8694, -2.69968, -10.3841, 2]], "reflectors": [[-11.817, 3.79275, -8.42463, 2]], "reflector_prisms": [], "absorber_prisms": [[3.66745, -3.3485, -9.56523, 5.66745, -0.348498, -6.56523], [4.65793, 6.05, -3.26615, 6.65793, 11.05, -1.26615]], "line_of_sight": [[51, 51, 0, 0, 0, 501], [121, 121, 0, 0, 0, 502]]}