{
"time_step": 1e-05,
"number_of_molecules": 500000,
"diff_coef": 150,
"sim_time": 0.544444,
"absorbers": [
[5.78595,-3.41537,-8.70965,4]
],
"reflectors": [
[-10.5759,-2.35539,8.86576,3]
],
"reflector_prisms": [
[13.4747,-13.8291,5.92808,19.4747,-11.8291,7.92808],
[3.47893,-15.6267,9.11248,9.47893,-10.6267,15.1125]
],
"absorber_prisms": [
]
}