{
"time_step": 1e-05,
"number_of_molecules": 500000,
"diff_coef": 300,
"sim_time": 1.8,
"absorbers": [
[-8.03042,8.19277,9.6639,5],
[-3.27234,-9.13747,21.9499,6],
[15.1601,10.3658,-13.8464,5]
],
"reflectors": [
[2.58488,-7.97294,9.93733,6],
[9.07376,16.3022,3.59244,7],
[16.0019,-4.71339,6.76189,7]
],
"reflector_prisms": [
],
"absorber_prisms": [
]
}