{"time_step": 1e-05, "number_of_molecules": 500000, "diff_coef": 50, "sim_time": 8.53333, "absorbers": [[-8.86806, -4.6442, -4.55948, 6], [-0.108652, 0.01377, -20.9997, 6], [-13.8271, 8.68372, -13.2063, 5], [-3.12513, 5.74554, 10.0609, 4]], "reflectors": [[12.7392, -18.8542, 3.35141, 4]], "reflector_prisms": [], "absorber_prisms": [], "line_of_sight": [[0, 0, 0, 0, 0, 501], [46, 46, 0, 0, 0, 501], [0, 0, 0, 0, 0, 499], [40, 40, 0, 0, 0, 504]]}