{"time_step": 1e-05, "number_of_molecules": 500000, "diff_coef": 100, "sim_time": 3.26667, "absorbers": [[-2.56898, 4.78167, 18.2081, 5]], "reflectors": [], "reflector_prisms": [[-8.21942, 1.2244, 9.07897, -5.21942, 3.2244, 15.079], [-17.6069, -11.9129, 7.1435, -12.6069, -8.9129, 11.1435]], "absorber_prisms": [[4.61064, -1.77037, -20.2119, 9.61064, 0.22963, -18.2119], [-8.16135, 4.08808, -5.02966, -2.16135, 10.0881, 0.970339]], "line_of_sight": [[40, 0, 0, 0, 40, 500]]}