{
"time_step": 1e-05,
"number_of_molecules": 500000,
"diff_coef": 200,
"sim_time": 0.3,
"absorbers": [
[5.72986,-1.5032,-10.436,6]
],
"reflectors": [
[0.867144,3.16131,20.7426,3],
[3.57061,-17.5545,1.75823,3]
],
"reflector_prisms": [
[-6.64957,-5.63983,2.95086,-2.64957,0.360168,8.95086],
[-5.65604,-16.1768,-12.767,-0.656035,-10.1768,-7.76702],
[-7.32489,9.22056,5.04265,-2.32489,14.2206,9.04265]
],
"absorber_prisms": [
]
}