{"time_step": 1e-05, "number_of_molecules": 500000, "diff_coef": 150, "sim_time": 3.21111, "absorbers": [[5.99211, 12.5506, -11.427, 4], [-3.22708, -21.5596, -2.96122, 5], [-3.96368, 3.87508, 11.759, 5]], "reflectors": [], "reflector_prisms": [], "absorber_prisms": [], "line_of_sight": [[0, 0, 0, 0, 0, 498], [0, 0, 0, 0, 0, 501], [0, 0, 0, 0, 0, 500]]}