{"time_step": 1e-05, "number_of_molecules": 500000, "diff_coef": 150, "sim_time": 3.21111, "absorbers": [[2.94092, -5.32076, 18.0011, 2], [11.274, -5.28044, -11.5765, 4], [-10.5824, 11.596, 3.08949, 3]], "reflectors": [], "reflector_prisms": [], "absorber_prisms": [[-1.3366, -8.40883, -17.1576, 4.6634, -4.40883, -14.1576], [1.67676, 10.1763, -0.283565, 7.67676, 16.1763, 1.71644]], "line_of_sight": [[0, 0, 0, 0, 0, 500], [0, 0, 0, 0, 0, 501], [0, 0, 0, 0, 0, 499]]}