{
"time_step": 1e-05,
"number_of_molecules": 500000,
"diff_coef": 250,
"sim_time": 2.16,
"absorbers": [
[6.12586,5.05062,22.6487,6],
[11.9006,11.4027,-9.45267,5],
[-6.53914,3.21262,-9.53513,7],
[-4.39636,-17.0611,-14.7848,6],
[-16.3745,-0.37256,9.63009,5],
[9.96447,-4.85572,-15.4315,5]
],
"reflectors": [
],
"reflector_prisms": [
],
"absorber_prisms": [
]
}