{
"time_step": 1e-05,
"number_of_molecules": 500000,
"diff_coef": 400,
"sim_time": 1.50417,
"absorbers": [
[2.08046,-12.3281,16.8727,7],
[-6.29984,6.43292,-22.247,5],
[9.32871,7.2926,1.94761,7],
[6.31091,-6.18997,-9.53188,5],
[-15.5067,-8.06358,11.6414,5],
[-5.7398,-7.70439,-5.35697,4]
],
"reflectors": [
],
"reflector_prisms": [
],
"absorber_prisms": [
]
}