{"time_step": 1e-05, "number_of_molecules": 500000, "diff_coef": 100, "sim_time": 1.06667, "absorbers": [[0.0706983, -1.16145, 10.9383, 3]], "reflectors": [], "reflector_prisms": [[3.17713, -8.58684, -15.5443, 5.17713, -6.58684, -12.5443]], "absorber_prisms": [[-8.26419, 12.8192, -6.00661, -3.26419, 14.8192, -2.00661], [-18.1647, -4.34865, -12.2692, -12.1647, -1.34865, -6.26919]], "line_of_sight": [[0, 0, 0, 0, 0, 501]]}