{
"time_step": 1e-05,
"number_of_molecules": 500000,
"diff_coef": 400,
"sim_time": 0.104167,
"absorbers": [
[-8.88708,0.532314,-1.31777,4]
],
"reflectors": [
[-12.3551,-9.36957,-10.98,6]
],
"reflector_prisms": [
[3.72132,15.7371,-6.40955,5.72132,19.7371,-3.40955]
],
"absorber_prisms": [
[5.13904,1.11103,2.97466,8.13904,7.11103,5.97466],
[4.7354,-6.09587,-18.217,6.7354,-1.09587,-16.217],
[-0.291503,-2.18415,4.96162,1.7085,1.81585,8.96162]
]
}