{"time_step": 1e-05, "number_of_molecules": 500000, "diff_coef": 150, "sim_time": 1.34444, "absorbers": [[2.4424, -16.8048, -0.79587, 6]], "reflectors": [], "reflector_prisms": [[-7.57862, -4.7424, -13.1298, -3.57862, -2.7424, -9.12984], [0.71893, 6.64673, -19.7116, 3.71893, 11.6467, -16.7116], [16.0472, -10.4472, 6.80012, 19.0472, -7.44719, 12.8001]], "absorber_prisms": [[-8.12964, 4.02311, 17.3176, -4.12964, 10.0231, 20.3176]], "line_of_sight": [[0, 0, 0, 0, 0, 503]]}