{"time_step": 1e-05, "number_of_molecules": 500000, "diff_coef": 200, "sim_time": 0.675, "absorbers": [[-8.19754, 7.24974, 1.11427, 6], [6.87061, -6.11671, 7.70587, 3]], "reflectors": [], "reflector_prisms": [[-1.8782, -2.03399, 19.4755, 1.1218, 3.96601, 24.4755], [10.7502, -9.55035, -15.9624, 16.7502, -3.55035, -9.9624], [-0.979424, -1.18045, -23.9352, 3.02058, 3.81955, -18.9352]], "absorber_prisms": [], "line_of_sight": [[13, 13, 0, 0, 0, 504], [40, 40, 0, 0, 0, 500]]}