{"time_step": 1e-05, "number_of_molecules": 500000, "diff_coef": 250, "sim_time": 2.16, "absorbers": [[-11.3855, 2.40334, 5.79606, 4], [20.1914, -11.0138, 0.0747097, 5]], "reflectors": [], "reflector_prisms": [[-1.43653, 2.83029, 9.06915, 1.56347, 6.83029, 15.0691]], "absorber_prisms": [[-0.715672, -9.09897, 4.82004, 3.28433, -3.09897, 10.82]], "line_of_sight": [[0, 0, 0, 0, 0, 500], [0, 0, 0, 0, 0, 500]]}