{
"time_step": 1e-05,
"number_of_molecules": 500000,
"diff_coef": 50,
"sim_time": 2.13333,
"absorbers": [
[0.216544,-8.96593,9.41091,5]
],
"reflectors": [
[5.98842,9.72806,13.9106,3],
[6.67408,6.02663,-21.1692,6],
[16.9778,-0.549224,12.3472,3],
[15.5284,-6.88191,0.712155,3]
],
"reflector_prisms": [
],
"absorber_prisms": [
]
}