{
"time_step": 1e-05,
"number_of_molecules": 500000,
"diff_coef": 300,
"sim_time": 1.8,
"absorbers": [
[-1.80712,-15.8199,-13.6918,3],
[0.310194,-0.561337,-12.9842,3]
],
"reflectors": [
],
"reflector_prisms": [
],
"absorber_prisms": [
[-8.18584,-6.56555,-3.52113,-6.18584,-1.56555,-0.521131],
[-6.19278,-6.87492,-13.5528,-4.19278,-2.87492,-10.5528],
[-3.19435,-5.1677,10.9938,-0.194354,-1.1677,13.9938],
[-5.31447,0.0246076,14.4962,-2.31447,3.02461,18.4962]
]
}