{
"time_step": 1e-05,
"number_of_molecules": 500000,
"diff_coef": 350,
"sim_time": 0.685714,
"absorbers": [
[-7.4124,-4.65881,12.18,3]
],
"reflectors": [
],
"reflector_prisms": [
[9.87714,-11.299,-3.78649,11.8771,-9.29899,2.21351],
[13.5066,1.36163,-0.212434,19.5066,5.36163,4.78757],
[-17.8001,-8.14891,6.19437,-11.8001,-4.14891,10.1944],
[4.22641,-6.85973,-16.3476,7.22641,-1.85973,-13.3476],
[4.25043,-10.2244,-3.11415,6.25043,-4.22438,0.885855]
],
"absorber_prisms": [
]
}