{
"time_step": 1e-05,
"number_of_molecules": 500000,
"diff_coef": 400,
"sim_time": 1.20417,
"absorbers": [
[16.0136,-4.47358,11.1154,3]
],
"reflectors": [
[6.97706,-13.7377,-4.31243,3]
],
"reflector_prisms": [
[-1.53746,-3.5853,14.9022,4.46254,1.4147,18.9022],
[-7.75309,-18.0794,4.80714,-2.75309,-15.0794,7.80714],
[-14.9904,12.2741,4.74424,-8.99041,16.2741,9.74424]
],
"absorber_prisms": [
[-11.0028,-8.11008,-5.04561,-6.00275,-3.11008,-0.0456128]
]
}