{
"time_step": 1e-05,
"number_of_molecules": 500000,
"diff_coef": 200,
"sim_time": 1.875,
"absorbers": [
[14.9584,4.54867,6.67504,2]
],
"reflectors": [
[7.61785,16.497,-8.35558,4]
],
"reflector_prisms": [
[-15.4331,0.98422,-10.7606,-13.4331,2.98422,-6.76059]
],
"absorber_prisms": [
[-1.88761,0.445102,-24.2251,1.11239,6.4451,-19.2251]
]
}