{
"time_step": 1e-05,
"number_of_molecules": 500000,
"diff_coef": 100,
"sim_time": 6.01667,
"absorbers": [
[2.55383,2.28116,-17.6713,5],
[7.76674,17.2148,-14.8098,5],
[16.1859,18.9773,1.69675,6],
[-8.15259,0.605445,-20.4247,4]
],
"reflectors": [
],
"reflector_prisms": [
],
"absorber_prisms": [
[-13.7974,-17.4019,4.77792,-8.79744,-14.4019,10.7779]
]
}