{
"time_step": 1e-05,
"number_of_molecules": 500000,
"diff_coef": 150,
"sim_time": 0.4,
"absorbers": [
[-0.880262,9.86315,-6.77816,6]
],
"reflectors": [
[3.50731,9.98117,16.9728,2],
[-13.5289,-0.0878915,-13.3403,5]
],
"reflector_prisms": [
[8.57053,-5.59809,-10.7853,10.5705,-2.59809,-4.78529],
[-1.37048,-5.76501,4.76525,3.62952,-2.76501,9.76525]
],
"absorber_prisms": [
[14.1383,5.90547,10.5387,17.1383,7.90547,15.5387]
]
}