{"time_step": 1e-05, "number_of_molecules": 500000, "diff_coef": 150, "sim_time": 3.21111, "absorbers": [[-7.4724, 14.5103, 14.7518, 5], [9.89099, -4.2047, -2.34281, 2]], "reflectors": [[-5.71952, -11.76, 7.34771, 5]], "reflector_prisms": [[0.373431, 4.25711, -20.0862, 2.37343, 10.2571, -17.0862]], "absorber_prisms": [], "line_of_sight": [[0, 0, 0, 0, 0, 501], [0, 0, 0, 0, 0, 500]]}