{
"time_step": 1e-05,
"number_of_molecules": 500000,
"diff_coef": 100,
"sim_time": 3.75,
"absorbers": [
[-4.68748,14.0356,-10.2484,5],
[-14.4964,0.2464,8.87665,4],
[-3.4309,-2.08606,-19.5928,5],
[-7.02148,6.58161,-2.71684,4],
[5.24673,-11.7584,-1.79196,4],
[-0.765779,0.255292,11.9728,5],
[-2.74516,-11.1394,-8.02361,6],
[-10.7184,-5.25761,12.1026,3]
],
"reflectors": [
[7.14556,13.65,-4.31505,5],
[-5.25617,-2.29297,-5.57808,3]
],
"reflector_prisms": [
],
"absorber_prisms": [
]
}