{
"time_step": 1e-05,
"number_of_molecules": 500000,
"diff_coef": 250,
"sim_time": 1.5,
"absorbers": [
[-3.16586,-9.02904,-8.80078,6],
[15.7664,-12.2468,-1.19774,5]
],
"reflectors": [
[9.37648,-14.3881,18.1677,6],
[7.48191,15.7116,-15.0388,5]
],
"reflector_prisms": [
[6.68599,-2.60419,1.68829,10.686,-0.604192,7.68829]
],
"absorber_prisms": [
]
}