{
"time_step": 1e-05,
"number_of_molecules": 500000,
"diff_coef": 400,
"sim_time": 1.06667,
"absorbers": [
[0.798714,1.24393,-18.9424,5],
[3.26735,-6.15996,-5.69028,4],
[-9.0822,10.9053,-18.0994,7],
[0.883242,12.0636,-8.87073,4],
[-20.9523,-0.566028,-1.29596,6]
],
"reflectors": [
[18.6105,-9.72609,0.227296,5],
[3.36315,-7.54855,12.5183,4],
[11.2797,17.5897,-2.09055,6],
[-0.318426,5.82044,15.9694,6],
[-6.70068,-0.390583,-5.99569,4]
],
"reflector_prisms": [
],
"absorber_prisms": [
]
}