{
"time_step": 1e-05,
"number_of_molecules": 500000,
"diff_coef": 400,
"sim_time": 1.20417,
"absorbers": [
[0.648592,-1.03347,14.9503,2],
[-1.18662,1.60641,11.8326,2],
[-11.9642,1.31204,-10.5422,3],
[0.83672,-14.7856,2.38441,5],
[2.5574,18.4858,3.56875,5],
[-9.99413,2.03845,18.3565,4],
[-1.66681,-0.0412198,-11.8836,3]
],
"reflectors": [
[-8.03074,19.2444,-7.01131,4],
[0.0448852,0.031971,-21.9999,3]
],
"reflector_prisms": [
],
"absorber_prisms": [
]
}