{
"time_step": 1e-05,
"number_of_molecules": 500000,
"diff_coef": 400,
"sim_time": 1.50417,
"absorbers": [
[-4.98072,9.27763,7.62352,6],
[6.25268,2.28444,-9.98425,6],
[7.88415,-11.4173,12.9802,4],
[10.5146,7.94458,12.2607,4],
[5.46418,3.3485,13.5621,2],
[18.3052,-8.6877,14.6439,6],
[-7.25754,-2.70633,14.0001,2]
],
"reflectors": [
[0.790675,-0.256208,-20.9835,2],
[-5.00482,-8.73426,-4.43448,3],
[2.66748,-0.918504,21.8184,6],
[6.66354,-10.2604,-18.2844,5],
[-12.4632,1.84855,16.8003,4],
[-5.38156,-10.4256,22.0759,6],
[-1.95083,2.50583,-10.5316,2]
],
"reflector_prisms": [
],
"absorber_prisms": [
]
}