{"time_step": 1e-05, "number_of_molecules": 500000, "diff_coef": 250, "sim_time": 1.92667, "absorbers": [[10.3717, -3.09161, -5.1836, 7], [-6.06116, -5.21551, 12.691, 6], [-4.3887, -0.284924, -8.98099, 5], [-5.37028, -18.8826, 3.82189, 7], [-8.01862, -13.1948, -15.6716, 5], [5.11569, -2.16606, 9.4941, 6]], "reflectors": [[4.33625, -15.7749, -17.5599, 7], [-4.59051, 14.6648, 18.4356, 5], [-8.68128, 0.876044, 2.20635, 4], [14.1532, -16.6998, -2.19137, 4], [11.7138, -5.17962, -16.6421, 4]], "reflector_prisms": [], "absorber_prisms": [], "line_of_sight": [[317, 59, 258, 0, 0, 500], [149, 149, 0, 0, 0, 498], [353, 353, 0, 0, 0, 501], [0, 0, 0, 0, 0, 498], [141, 141, 0, 0, 0, 498], [259, 259, 0, 0, 0, 499]]}