{"time_step": 1e-05, "number_of_molecules": 500000, "diff_coef": 250, "sim_time": 1.12667, "absorbers": [[6.27888, 3.47845, -14.2995, 3], [-10.8623, -0.0674081, 8.83209, 3]], "reflectors": [[-0.99588, -0.440505, -13.9576, 3]], "reflector_prisms": [[11.1671, 0.219543, 7.26567, 14.1671, 3.21954, 10.2657]], "absorber_prisms": [[15.1994, -10.5298, -3.58273, 20.1994, -5.52982, 0.417275]], "line_of_sight": [[0, 0, 0, 0, 0, 502], [0, 0, 0, 0, 0, 501]]}