{
"time_step": 1e-05,
"number_of_molecules": 500000,
"diff_coef": 300,
"sim_time": 0.45,
"absorbers": [
[14.7106,-1.6385,2.43195,6],
[-3.50712,-10.187,-2.21917,3]
],
"reflectors": [
[4.57335,-0.00532133,6.56388,3],
[4.02786,3.86258,16.0579,4]
],
"reflector_prisms": [
],
"absorber_prisms": [
[-4.23202,-3.24556,-16.8976,0.767982,2.75444,-12.8976]
]
}