{"time_step": 1e-05, "number_of_molecules": 500000, "diff_coef": 300, "sim_time": 0.138889, "absorbers": [[7.7287, -1.93614, -4.18551, 4]], "reflectors": [], "reflector_prisms": [], "absorber_prisms": [[6.01268, -12.9371, 14.1316, 12.0127, -9.93709, 16.1316]], "line_of_sight": [[0, 0, 0, 0, 0, 499]]}