{"time_step": 1e-05, "number_of_molecules": 500000, "diff_coef": 100, "sim_time": 4.81667, "absorbers": [[-2.56608, -19.833, -0.256944, 3], [0.230703, 0.0545477, -14.9981, 5]], "reflectors": [], "reflector_prisms": [], "absorber_prisms": [[-8.69004, -5.84887, 18.9144, -6.69004, 0.151127, 21.9144], [-11.9765, -0.939616, -1.17064, -5.9765, 2.06038, 1.82936]], "line_of_sight": [[0, 0, 0, 0, 0, 498], [0, 0, 0, 0, 0, 501]]}