{"time_step": 1e-05, "number_of_molecules": 500000, "diff_coef": 400, "sim_time": 0.504167, "absorbers": [[-15.212, -6.7701, -3.42939, 6], [-5.67521, -8.82531, 9.26854, 5]], "reflectors": [[18.4072, 7.95084, 9.05322, 4], [7.62237, 14.3762, 14.8062, 6]], "reflector_prisms": [], "absorber_prisms": [], "line_of_sight": [[87, 0, 87, 0, 0, 499], [0, 0, 0, 0, 0, 499]]}