{"time_step": 1e-05, "number_of_molecules": 500000, "diff_coef": 100, "sim_time": 5.4, "absorbers": [[-12.6637, 3.81272, 16.3124, 3], [9.06366, 0.230023, -6.22874, 3], [-1.22411, -15.9389, 0.673406, 4], [-13.78, 3.24564, -7.45507, 5], [-14.0019, 14.8622, 4.90519, 4], [-4.58177, 5.60898, -5.34291, 3], [0.0439313, -0.0942692, -10.9995, 4], [2.45178, 13.5482, -8.15076, 4]], "reflectors": [[10.2162, 10.3042, -3.80178, 3], [14.5489, -13.3097, 7.22366, 2], [0.544379, 0.721336, -21.9814, 5], [19.2351, 0.973042, 5.39127, 3]], "reflector_prisms": [], "absorber_prisms": [], "line_of_sight": [[80, 80, 0, 0, 0, 496], [38, 38, 0, 0, 0, 504], [5, 5, 0, 0, 0, 500], [130, 63, 67, 0, 0, 500], [0, 0, 0, 0, 0, 496], [105, 64, 41, 0, 0, 497], [49, 0, 49, 0, 0, 500], [6, 6, 0, 0, 0, 502]]}