{"time_step": 1e-05, "number_of_molecules": 500000, "diff_coef": 50, "sim_time": 7.5, "absorbers": [[4.87486, 4.65942, -19.8878, 6], [3.2773, -1.32005, 6.04291, 2], [7.15359, -4.89969, 2.41229, 4]], "reflectors": [], "reflector_prisms": [], "absorber_prisms": [[-2.48811, -3.24569, -21.9573, 1.51189, 0.754311, -19.9573]], "line_of_sight": [[7, 0, 0, 7, 0, 501], [0, 0, 0, 0, 0, 500], [0, 0, 0, 0, 0, 501]]}