{
"time_step": 1e-05,
"number_of_molecules": 500000,
"diff_coef": 350,
"sim_time": 0.47619,
"absorbers": [
[10.2029,-3.70908,5.11304,2]
],
"reflectors": [
],
"reflector_prisms": [
],
"absorber_prisms": [
[-7.40988,-10.3771,12.405,-1.40988,-5.37709,16.405],
[0.100508,-10.5986,5.34576,3.10051,-8.59856,10.3458],
[2.70611,2.33006,17.4738,5.70611,7.33006,21.4738],
[-4.9138,10.876,-16.478,0.0862018,12.876,-11.478],
[-4.99668,-5.30028,9.36939,0.00331578,-3.30028,11.3694]
]
}