{
"time_step": 1e-05,
"number_of_molecules": 500000,
"diff_coef": 100,
"sim_time": 6.01667,
"absorbers": [
[6.11566,4.53611,12.9237,5],
[1.01383,8.74211,-8.15767,7],
[-13.406,6.55609,16.1647,7],
[-16.0169,19.9215,4.75292,7],
[-11.6847,1.90634,-16.1193,4],
[2.70415,-10.6217,-0.931581,5],
[-3.51931,-3.01458,15.3143,4]
],
"reflectors": [
[-12.104,15.3545,-12.1133,4]
],
"reflector_prisms": [
],
"absorber_prisms": [
]
}