{
"time_step": 1e-05,
"number_of_molecules": 500000,
"diff_coef": 100,
"sim_time": 1.35,
"absorbers": [
[9.07039,3.15322,7.1962,3]
],
"reflectors": [
],
"reflector_prisms": [
],
"absorber_prisms": [
[-9.2552,-9.60053,12.57,-7.2552,-3.60053,16.57]
]
}