{
"time_step": 1e-05,
"number_of_molecules": 500000,
"diff_coef": 200,
"sim_time": 1.63333,
"absorbers": [
[13.7784,4.6362,13.7354,6],
[-8.14346,-5.80212,-0.139622,5],
[9.87929,8.32897,-1.42404,3]
],
"reflectors": [
],
"reflector_prisms": [
[-8.53415,0.04281,11.4062,-4.53415,4.04281,16.4062]
],
"absorber_prisms": [
[-0.453014,-1.31831,5.78695,3.54699,3.68169,11.7869]
]
}