{
"time_step": 1e-05,
"number_of_molecules": 500000,
"diff_coef": 300,
"sim_time": 1.08889,
"absorbers": [
[-5.48528,10.2455,10.9973,2]
],
"reflectors": [
[3.9068,-10.0622,-7.24493,6],
[1.79388,4.1355,14.3066,5],
[-8.10606,-8.57441,5.45631,3]
],
"reflector_prisms": [
],
"absorber_prisms": [
[-8.83246,-15.8276,3.9265,-2.83246,-13.8276,7.9265],
[-15.814,-4.34336,11.8328,-11.814,-0.343358,13.8328]
]
}