{
"time_step": 1e-05,
"number_of_molecules": 500000,
"diff_coef": 300,
"sim_time": 0.8,
"absorbers": [
[-4.75217,14.917,-10.7656,7],
[9.20603,-2.59686,-8.80371,7],
[-7.083,2.75065,-9.2879,4],
[7.91093,-12.0344,10.7977,7],
[2.38985,-12.3295,-3.35726,4]
],
"reflectors": [
[3.43068,2.20841,16.5031,4],
[-2.39362,-0.953623,23.8613,5],
[-13.5799,-13.4861,-16.0845,7]
],
"reflector_prisms": [
],
"absorber_prisms": [
]
}