{"time_step": 1e-05, "number_of_molecules": 500000, "diff_coef": 250, "sim_time": 1.12667, "absorbers": [[-4.21001, 14.9581, 3.81202, 3]], "reflectors": [[7.13438, 2.01061, 6.71254, 5], [-6.91787, -7.14354, 18.4963, 3], [-6.63967, -0.502801, -16.7231, 3]], "reflector_prisms": [], "absorber_prisms": [[0.307834, 7.91755, -2.38088, 2.30783, 12.9176, 2.61912]], "line_of_sight": [[0, 0, 0, 0, 0, 502]]}