{"time_step": 1e-05, "number_of_molecules": 500000, "diff_coef": 350, "sim_time": 1.07143, "absorbers": [[3.35902, -18.9381, 10.6802, 7], [-10.551, 15.269, -4.06631, 7], [-2.62948, -0.324242, -10.6762, 4], [1.86611, 4.25296, 18.4236, 4], [11.6247, 11.6115, 11.4035, 6]], "reflectors": [[-1.58475, 1.85211, -19.8509, 5], [11.5111, 14.0533, -14.1066, 6], [8.69085, 10.9556, 0.66634, 5], [-3.28089, -7.3361, 17.2168, 6], [12.9459, 5.25981, -5.45335, 4]], "reflector_prisms": [], "absorber_prisms": [], "line_of_sight": [[134, 134, 0, 0, 0, 501], [106, 106, 0, 0, 0, 501], [239, 109, 204, 0, 0, 500], [352, 352, 137, 0, 0, 500], [79, 0, 79, 0, 0, 498]]}