{"time_step": 1e-05, "number_of_molecules": 500000, "diff_coef": 150, "sim_time": 2.17778, "absorbers": [[6.2788, -7.68334, 12.5516, 2]], "reflectors": [[-1.72186, -8.8904, 17.8324, 5], [-1.39837, -4.85981, 8.6271, 2]], "reflector_prisms": [], "absorber_prisms": [[-2.04808, -0.682027, 8.96637, 1.95192, 2.31797, 10.9664], [5.19278, 5.8112, -16.9457, 8.19278, 11.8112, -13.9457]], "line_of_sight": [[0, 0, 0, 0, 0, 498]]}