{"time_step": 1e-05, "number_of_molecules": 500000, "diff_coef": 150, "sim_time": 2.84444, "absorbers": [[2.56007, -3.65956, 11.1379, 2], [2.07524, 7.97013, 3.62911, 2], [-10.2147, 5.14058, -9.70739, 2], [11.1804, -9.04203, -10.8278, 2]], "reflectors": [], "reflector_prisms": [[-6.98671, 15.6161, -10.3843, -4.98671, 17.6161, -8.38429]], "absorber_prisms": [], "line_of_sight": [[0, 0, 0, 0, 0, 498], [0, 0, 0, 0, 0, 499], [0, 0, 0, 0, 0, 503], [0, 0, 0, 0, 0, 501]]}