{"time_step": 1e-05, "number_of_molecules": 500000, "diff_coef": 350, "sim_time": 1.37619, "absorbers": [[3.30869, 1.86985, 22.6838, 6], [-4.37809, 11.6255, -6.45605, 4]], "reflectors": [], "reflector_prisms": [], "absorber_prisms": [[-8.43393, -8.73147, -22.5544, -2.43393, -5.73147, -17.5544], [-8.58819, -3.83042, 17.5724, -6.58819, 1.16958, 22.5724]], "line_of_sight": [[0, 0, 0, 0, 0, 500], [0, 0, 0, 0, 0, 499]]}