{
"time_step": 1e-05,
"number_of_molecules": 500000,
"diff_coef": 400,
"sim_time": 1.50417,
"absorbers": [
[13.9635,6.74854,18.3161,6],
[-8.35407,11.7807,15.2455,2]
],
"reflectors": [
[-11.0615,9.60805,-3.21393,2]
],
"reflector_prisms": [
[0.68284,-10.5544,3.09339,2.68284,-4.55439,6.09339]
],
"absorber_prisms": [
[-1.56618,-2.92526,4.70853,3.43382,-0.925259,10.7085]
]
}