{"time_step": 1e-05, "number_of_molecules": 500000, "diff_coef": 250, "sim_time": 1.92667, "absorbers": [[-0.748588, 13.2941, -17.513, 7], [-5.78686, 0.297005, -18.0949, 4], [13.9909, -9.96368, 16.7625, 7]], "reflectors": [[-12.7119, 2.70924, 0.261077, 4], [3.30801, -11.5877, -4.87669, 4]], "reflector_prisms": [], "absorber_prisms": [], "line_of_sight": [[22, 22, 0, 0, 0, 501], [0, 0, 0, 0, 0, 502], [24, 24, 0, 0, 0, 497]]}