{"time_step": 1e-05, "number_of_molecules": 500000, "diff_coef": 200, "sim_time": 1.63333, "absorbers": [[-12.8828, -2.81021, -7.15099, 5], [11.2124, 12.5465, -10.8105, 6]], "reflectors": [[13.9628, 6.24178, 14.3903, 2], [9.07795, -18.7996, 6.94023, 4]], "reflector_prisms": [[1.99807, -5.10236, 16.069, 3.99807, -0.102359, 20.069]], "absorber_prisms": [], "line_of_sight": [[44, 0, 44, 0, 0, 502], [0, 0, 0, 0, 0, 498]]}