{"time_step": 1e-05, "number_of_molecules": 500000, "diff_coef": 50, "sim_time": 9.63333, "absorbers": [[-3.94297, 8.5525, -8.96146, 2], [9.52887, -8.79581, -9.37199, 2], [10.0229, -11.1908, 11.6323, 4], [-10.9563, 5.36815, 10.3509, 3], [17.573, 6.16733, 9.70335, 6], [-1.2182, 0.130335, 8.91622, 2], [-4.36236, 6.77235, -4.01312, 3], [-3.50254, 0.968128, -19.6671, 3]], "reflectors": [[-11.9522, -10.7393, -11.9085, 5]], "reflector_prisms": [], "absorber_prisms": [], "line_of_sight": [[278, 408, 0, 0, 0, 503], [122, 122, 0, 0, 0, 496], [334, 411, 0, 0, 0, 498], [69, 69, 0, 0, 0, 500], [114, 0, 114, 0, 0, 503], [49, 49, 0, 0, 0, 498], [165, 192, 0, 0, 0, 498], [81, 81, 0, 0, 0, 499]]}