{
"time_step": 1e-05,
"number_of_molecules": 500000,
"diff_coef": 100,
"sim_time": 5.4,
"absorbers": [
[-19.1063,-1.94543,-8.49494,3]
],
"reflectors": [
],
"reflector_prisms": [
[-0.111554,-1.15151,17.3588,2.88845,4.84849,20.3588],
[5.40027,-10.43,1.21594,10.4003,-8.43002,3.21594],
[-12.4993,-8.56826,-8.83641,-9.49932,-6.56826,-4.83641]
],
"absorber_prisms": [
[-4.3327,0.0637568,6.07806,-0.332703,2.06376,9.07806],
[-5.51914,-2.98103,9.32646,-2.51914,2.01897,14.3265]
]
}