{"time_step": 1e-05, "number_of_molecules": 500000, "diff_coef": 250, "sim_time": 2.40667, "absorbers": [[-18.2875, 8.66184, 5.61593, 2], [-3.05103, -3.71476, -24.5335, 6]], "reflectors": [[-0.37193, -0.346022, 15.9919, 3]], "reflector_prisms": [[-14.1717, -2.25743, -15.594, -8.17173, 3.74257, -12.594]], "absorber_prisms": [[9.93453, 6.65248, -3.53982, 12.9345, 12.6525, 1.46018]], "line_of_sight": [[0, 0, 0, 0, 0, 500], [139, 0, 139, 0, 0, 500]]}