{"time_step": 1e-05, "number_of_molecules": 500000, "diff_coef": 100, "sim_time": 6.01667, "absorbers": [[4.38896, 3.50572, -13.9085, 3], [0.584, 0.530112, 6.95542, 2], [-7.97733, -2.93946, -20.2909, 4], [-2.10513, -1.62095, -9.64059, 3], [16.02, 9.83984, 6.82188, 5], [12.0724, -4.31581, 21.4623, 6], [-0.924398, -1.21981, -17.9348, 3], [-3.36852, 5.1332, 14.7751, 4]], "reflectors": [[-8.72565, -13.392, -8.27755, 3], [2.80801, 13.2443, -6.45789, 6], [-10.1902, 2.30532, 3.44167, 5]], "reflector_prisms": [], "absorber_prisms": [], "line_of_sight": [[0, 0, 0, 0, 0, 501], [351, 560, 0, 0, 0, 498], [440, 741, 0, 0, 0, 497], [382, 599, 0, 0, 0, 500], [0, 0, 0, 0, 0, 501], [102, 203, 0, 0, 0, 500], [498, 975, 0, 0, 0, 498], [136, 253, 0, 0, 0, 500]]}