{"time_step": 1e-05, "number_of_molecules": 500000, "diff_coef": 300, "sim_time": 1.8, "absorbers": [[15.8216, -7.28379, -9.82969, 4], [-19.934, -3.31985, -8.6956, 4], [-7.55641, -10.8014, 10.7346, 2], [5.48635, 4.12931, -12.2004, 4], [2.06484, -10.8038, -0.117059, 3], [16.8142, -10.8297, 0.0202221, 6], [0.523385, 1.48495, -7.84353, 2], [-3.45665, -5.00464, 3.46484, 2]], "reflectors": [[0.269914, -5.67496, -8.22934, 3], [-12.371, 11.5844, -6.06309, 4]], "reflector_prisms": [], "absorber_prisms": [], "line_of_sight": [[0, 0, 0, 0, 0, 501], [0, 0, 0, 0, 0, 502], [500, 500, 0, 0, 0, 500], [113, 113, 0, 0, 0, 500], [0, 0, 0, 0, 0, 502], [88, 0, 88, 0, 0, 501], [140, 140, 0, 0, 0, 499], [38, 38, 0, 0, 0, 495]]}