{"time_step": 1e-05, "number_of_molecules": 500000, "diff_coef": 200, "sim_time": 0.833333, "absorbers": [[12.3919, -0.750109, 8.41889, 5]], "reflectors": [[-5.61512, -16.4592, -9.87755, 6], [16.9098, -5.22428, -3.28096, 5], [-3.56898, -11.766, 13.1463, 5], [-4.12663, 1.94156, 13.2364, 4], [9.65505, -14.6607, 9.58358, 4]], "reflector_prisms": [], "absorber_prisms": [], "line_of_sight": [[0, 0, 0, 0, 0, 495]]}