{"time_step": 1e-05, "number_of_molecules": 500000, "diff_coef": 50, "sim_time": 2.13333, "absorbers": [[0.0278314, 11.0396, 4.70376, 4]], "reflectors": [[4.15844, 6.0255, 14.2268, 4]], "reflector_prisms": [[-8.43264, -2.18398, -9.25726, -4.43264, 0.816018, -3.25726], [-1.02139, -5.82823, 13.721, 1.97861, -3.82823, 15.721]], "absorber_prisms": [[-2.68461, -3.16465, -7.76463, 1.31539, -0.164649, -5.76463]], "line_of_sight": [[0, 0, 0, 0, 0, 499]]}