{
"time_step": 1e-05,
"number_of_molecules": 500000,
"diff_coef": 350,
"sim_time": 1.21905,
"absorbers": [
[-2.05774,-17.6125,13.0217,6]
],
"reflectors": [
[8.11645,6.88731,-2.77276,6]
],
"reflector_prisms": [
[-13.789,13.8774,0.886589,-11.789,15.8774,6.88659],
[-2.93558,2.25709,-17.3013,-0.935584,6.25709,-13.3013],
[-18.0122,8.64561,-9.82979,-12.0122,12.6456,-5.82979],
[-2.59224,-8.6273,14.8147,-0.592237,-3.6273,17.8147]
],
"absorber_prisms": [
]
}