{"time_step": 1e-05, "number_of_molecules": 500000, "diff_coef": 100, "sim_time": 5.4, "absorbers": [[1.61582, -1.21946, -14.8628, 7], [16.5366, 0.37365, 9.34881, 4], [22.827, 2.63569, -0.990723, 6], [-0.294989, -0.251007, 10.9932, 5], [-1.77877, -21.298, 5.21852, 4]], "reflectors": [[-8.96157, 12.9305, -2.91405, 5], [-5.27959, -10.5735, 2.08006, 6], [-10.9888, 6.57369, 16.6443, 4]], "reflector_prisms": [], "absorber_prisms": [], "line_of_sight": [[326, 273, 53, 0, 0, 499], [0, 0, 0, 0, 0, 498], [0, 0, 0, 0, 0, 498], [306, 306, 10, 0, 0, 499], [424, 0, 424, 0, 0, 501]]}