{
"time_step": 1e-05,
"number_of_molecules": 500000,
"diff_coef": 350,
"sim_time": 1.54286,
"absorbers": [
[-2.15279,-13.0789,-21.1969,7],
[-5.41309,7.89027,12.8235,6],
[-0.390652,0.178875,-9.99077,5],
[0.22035,-8.82011,13.3475,7],
[20.1026,4.7583,-3.77432,6],
[4.6032,19.0916,-7.4379,5]
],
"reflectors": [
[6.96723,-18.6633,-1.77188,4]
],
"reflector_prisms": [
],
"absorber_prisms": [
]
}