{
"time_step": 1e-05,
"number_of_molecules": 500000,
"diff_coef": 250,
"sim_time": 0.54,
"absorbers": [
[1.40475,14.8071,1.94347,6]
],
"reflectors": [
],
"reflector_prisms": [
[-3.43463,-3.01981,-17.9638,2.56537,0.980193,-15.9638],
[-1.11593,-2.56333,10.4626,2.88407,3.43667,15.4626],
[10.5602,-15.8939,-4.19403,14.5602,-11.8939,-2.19403],
[-1.37481,-2.41103,-10.4798,1.62519,3.58897,-7.47984]
],
"absorber_prisms": [
[-7.59208,-2.54932,-15.2525,-4.59208,2.45068,-13.2525]
]
}