{"time_step": 1e-05, "number_of_molecules": 500000, "diff_coef": 300, "sim_time": 2.00556, "absorbers": [[-12.2386, 14.7663, -12.6953, 4], [14.5173, 1.37248, 20.3068, 7], [-2.80059, -0.0544474, -13.7169, 4], [-23.9915, 1.777, -6.80067, 7], [-10.0899, -17.37, -6.12196, 6]], "reflectors": [[12.5631, -9.77922, -12.1052, 7], [-8.59003, -5.25614, 12.4332, 5], [0.975265, 11.3394, 3.80349, 4], [-16.4863, 13.9042, 10.5297, 5]], "reflector_prisms": [], "absorber_prisms": [], "line_of_sight": [[0, 0, 0, 0, 0, 504], [110, 110, 0, 0, 0, 499], [104, 104, 0, 0, 0, 501], [0, 0, 0, 0, 0, 500], [145, 0, 145, 0, 0, 500]]}