{"time_step": 1e-05, "number_of_molecules": 500000, "diff_coef": 400, "sim_time": 1.50417, "absorbers": [[-6.67702, -1.50881, -23.0031, 5], [21.4841, -4.5013, -1.47399, 3]], "reflectors": [], "reflector_prisms": [[-15.4597, 5.94214, 10.5264, -10.4597, 8.94214, 14.5264], [-12.4939, -5.98261, -13.3991, -6.49386, -0.982613, -11.3991]], "absorber_prisms": [], "line_of_sight": [[32, 0, 0, 0, 32, 502], [0, 0, 0, 0, 0, 498]]}