{"time_step": 1e-05, "number_of_molecules": 500000, "diff_coef": 150, "sim_time": 0.544444, "absorbers": [[1.58303, -12.3021, 3.89253, 6]], "reflectors": [[-6.10109, -4.4408, -18.5218, 6], [4.15631, 16.4376, -1.23662, 2], [0.0266129, -0.0110601, 11, 5], [5.2326, 5.54856, -14.0653, 2], [10.6849, -0.726625, -9.01691, 2]], "reflector_prisms": [], "absorber_prisms": [], "line_of_sight": [[37, 0, 37, 0, 0, 500]]}