{
"time_step": 1e-05,
"number_of_molecules": 500000,
"diff_coef": 100,
"sim_time": 0.6,
"absorbers": [
[-0.32841,-1.87955,10.8333,5]
],
"reflectors": [
[-5.68225,-0.817699,-12.7688,4]
],
"reflector_prisms": [
],
"absorber_prisms": [
[15.3961,5.80551,-2.31136,21.3961,9.80551,0.688645],
[-12.6134,-1.69683,-11.0364,-8.61344,4.30317,-7.03641]
]
}