{
"time_step": 1e-05,
"number_of_molecules": 500000,
"diff_coef": 150,
"sim_time": 4.01111,
"absorbers": [
[20.6384,-2.44474,-3.01335,2]
],
"reflectors": [
[-0.290859,-9.19848,-9.18169,2],
[-0.333372,-8.30024,12.4898,4],
[6.06458,5.20614,-7.55758,3],
[-3.99112,0.713123,10.2256,5]
],
"reflector_prisms": [
[-12.4453,9.0135,4.76513,-7.4453,15.0135,8.76513]
],
"absorber_prisms": [
]
}