{"time_step": 1e-05, "number_of_molecules": 500000, "diff_coef": 300, "sim_time": 1.60556, "absorbers": [[-7.17942, 1.03244, 18.6384, 3]], "reflectors": [[-5.56212, 1.79027, -10.4813, 3], [2.22211, 0.698851, -13.8048, 3]], "reflector_prisms": [[-0.0589566, 8.11649, 2.97145, 3.94104, 13.1165, 4.97145], [-15.5293, -4.46946, 0.165607, -13.5293, 0.530542, 6.16561]], "absorber_prisms": [], "line_of_sight": [[182, 0, 182, 0, 0, 497]]}