{"time_step": 1e-05, "number_of_molecules": 500000, "diff_coef": 300, "sim_time": 1.42222, "absorbers": [[5.81183, 3.03297, -2.45431, 2], [12.9609, -12.9346, 8.04428, 4]], "reflectors": [[9.81613, -7.51783, -10.1551, 2]], "reflector_prisms": [], "absorber_prisms": [[-14.2674, -11.8096, 10.14, -9.26737, -8.80962, 13.14]], "line_of_sight": [[0, 0, 0, 0, 0, 497], [0, 0, 0, 0, 0, 499]]}