{
"time_step": 1e-05,
"number_of_molecules": 500000,
"diff_coef": 50,
"sim_time": 9.63333,
"absorbers": [
[2.14759,-3.91513,10.0528,2],
[-9.17863,-3.53107,18.5549,5],
[-3.4667,8.69624,11.72,4],
[-4.84215,-2.58207,-22.3358,6]
],
"reflectors": [
[-6.27177,1.90515,7.55217,4],
[-5.45107,6.99447,-1.53728,2],
[-0.302248,5.63069,-10.5926,2],
[-15.5758,3.65006,0.264824,3],
[3.93795,-4.76595,15.836,2],
[10.8929,-9.72695,-16.4539,5]
],
"reflector_prisms": [
],
"absorber_prisms": [
]
}