{
"time_step": 1e-05,
"number_of_molecules": 500000,
"diff_coef": 50,
"sim_time": 4.8,
"absorbers": [
[0.373928,-0.126507,16.9954,5]
],
"reflectors": [
[9.91633,13.6807,-1.87204,6],
[-14.931,-4.82499,-8.81954,5]
],
"reflector_prisms": [
],
"absorber_prisms": [
[0.194466,14.0329,6.78938,6.19447,20.0329,8.78938],
[-6.46269,7.35198,-5.41425,-1.46269,12.352,-3.41425]
]
}