{"time_step": 1e-05, "number_of_molecules": 500000, "diff_coef": 200, "sim_time": 2.13333, "absorbers": [[7.28495, -8.94727, 15.0956, 3]], "reflectors": [[-1.23677, -0.782611, 11.9104, 3]], "reflector_prisms": [[-4.55145, -6.68838, -12.2989, -1.55145, -3.68838, -7.29895]], "absorber_prisms": [[3.1741, -2.1216, 12.1422, 9.1741, 3.8784, 15.1422]], "line_of_sight": [[0, 0, 0, 0, 0, 497]]}