{"time_step": 1e-05, "number_of_molecules": 500000, "diff_coef": 400, "sim_time": 1.50417, "absorbers": [[2.86452, 0.851405, -10.5863, 2], [-21.5448, -4.81509, -9.41478, 6], [16.9467, -3.52588, -13.5786, 4], [2.14382, -0.973121, 8.6866, 4], [-22.6472, 7.06266, 7.8882, 6], [-6.53605, 1.29435, -9.98022, 6], [3.10189, 14.1307, 6.83379, 6], [-3.82522, 0.146136, 18.6104, 2]], "reflectors": [], "reflector_prisms": [], "absorber_prisms": [], "line_of_sight": [[224, 287, 0, 0, 0, 499], [119, 119, 0, 0, 0, 502], [84, 84, 0, 0, 0, 499], [306, 334, 0, 0, 0, 497], [59, 59, 0, 0, 0, 499], [240, 240, 0, 0, 0, 499], [0, 0, 0, 0, 0, 502], [466, 637, 0, 0, 0, 500]]}