{"time_step": 1e-05, "number_of_molecules": 500000, "diff_coef": 150, "sim_time": 3.6, "absorbers": [[5.04225, -2.29985, 21.2905, 6], [-0.72473, -0.126019, -11.9774, 4], [-0.591134, 7.83848, 19.4733, 5], [-5.70042, -6.1765, -18.1482, 2], [14.8102, 1.61771, 8.18794, 2], [3.84153, -9.65182, -9.38537, 6], [-2.51878, -0.995532, 14.7535, 3]], "reflectors": [[12.4042, 6.22187, -1.85044, 3], [1.10555, -0.825215, 6.86271, 2]], "reflector_prisms": [], "absorber_prisms": [], "line_of_sight": [[371, 347, 338, 0, 0, 499], [446, 427, 207, 0, 0, 502], [366, 372, 0, 0, 0, 500], [158, 170, 0, 0, 0, 500], [0, 0, 0, 0, 0, 498], [82, 82, 0, 0, 0, 498], [319, 405, 165, 0, 0, 501]]}