{"time_step": 1e-05, "number_of_molecules": 500000, "diff_coef": 250, "sim_time": 2.40667, "absorbers": [[-0.372469, -14.7716, -8.40596, 6], [1.2543, 4.14456, 17.4714, 6], [0.989521, 5.84437, -19.1014, 7], [6.51541, -3.8708, 12.9447, 4], [-8.21607, 2.80525, 2.37208, 4], [16.5307, 7.02143, -1.198, 4], [-17.3418, 16.4361, -7.35634, 6]], "reflectors": [[8.69555, -19.6665, 4.64918, 5]], "reflector_prisms": [], "absorber_prisms": [], "line_of_sight": [[0, 0, 0, 0, 0, 500], [100, 100, 0, 0, 0, 499], [169, 169, 0, 0, 0, 501], [107, 107, 0, 0, 0, 503], [0, 0, 0, 0, 0, 499], [0, 0, 0, 0, 0, 500], [69, 0, 69, 0, 0, 503]]}