{
"time_step": 1e-05,
"number_of_molecules": 500000,
"diff_coef": 400,
"sim_time": 1.20417,
"absorbers": [
[-1.64075,-1.15913,-17.8875,5],
[-2.46241,-5.74812,11.3972,4],
[1.33781,9.88531,0.700672,5],
[-4.98276,17.5367,12.314,5],
[-4.32349,4.36539,9.12418,6],
[12.0655,-8.78983,-1.47037,6]
],
"reflectors": [
[1.05566,-15.8545,-10.4173,6],
[5.22478,12.4817,-17.3467,4],
[-17.3641,1.21423,-4.58398,6],
[-8.17415,-11.2985,-1.23556,7]
],
"reflector_prisms": [
],
"absorber_prisms": [
]
}