{"time_step": 1e-05, "number_of_molecules": 500000, "diff_coef": 200, "sim_time": 1.40833, "absorbers": [[-0.41323, 5.22467, -17.2201, 5]], "reflectors": [], "reflector_prisms": [[-2.51773, -9.10657, -15.9193, 3.48227, -6.10657, -9.91927], [-1.43513, -1.45047, -19.4998, 1.56487, 1.54953, -17.4998]], "absorber_prisms": [[-8.94894, 0.134819, 5.28938, -4.94894, 2.13482, 10.2894]], "line_of_sight": [[12, 0, 0, 0, 12, 499]]}