{"time_step": 1e-05, "number_of_molecules": 500000, "diff_coef": 400, "sim_time": 1.35, "absorbers": [[0.0393446, -1.9366, 20.9105, 6], [-2.77487, -10.7035, -6.83625, 7], [-6.898, 1.18367, 8.48626, 6], [-14.5613, -16.2282, -2.93453, 4]], "reflectors": [], "reflector_prisms": [], "absorber_prisms": [], "line_of_sight": [[130, 130, 0, 0, 0, 502], [42, 42, 0, 0, 0, 498], [56, 56, 0, 0, 0, 501], [183, 183, 0, 0, 0, 508]]}