{
"time_step": 1e-05,
"number_of_molecules": 500000,
"diff_coef": 300,
"sim_time": 0.938889,
"absorbers": [
[-7.35901,8.57917,9.86118,2]
],
"reflectors": [
],
"reflector_prisms": [
[0.461191,-2.44046,7.79517,3.46119,2.55954,10.7952],
[-13.0587,-18.5774,0.701898,-8.0587,-14.5774,6.7019]
],
"absorber_prisms": [
[-9.05608,-14.7141,-17.6563,-3.05608,-11.7141,-12.6563],
[-0.580606,0.452621,-8.78562,2.41939,2.45262,-4.78562]
]
}