{
"time_step": 1e-05,
"number_of_molecules": 500000,
"diff_coef": 200,
"sim_time": 1.00833,
"absorbers": [
[-5.75964,-14.5184,6.7114,6]
],
"reflectors": [
[-6.42228,4.6499,-20.5215,6],
[-19.9257,-1.09852,1.32645,6]
],
"reflector_prisms": [
],
"absorber_prisms": [
[2.09999,-0.853006,10.6233,4.09999,2.14699,15.6233]
]
}