{"time_step": 1e-05, "number_of_molecules": 500000, "diff_coef": 150, "sim_time": 4.01111, "absorbers": [[-4.18218, -1.7683, 22.5473, 4]], "reflectors": [[5.23368, 2.08597, -8.2618, 3]], "reflector_prisms": [], "absorber_prisms": [[-10.2347, -0.492991, -18.504, -4.23467, 3.50701, -16.504], [8.26948, -0.957687, 15.375, 13.2695, 4.04231, 19.375], [-4.78948, 5.3796, 0.749763, -2.78948, 8.3796, 5.74976]], "line_of_sight": [[104, 0, 104, 0, 0, 500]]}