{"time_step": 1e-05, "number_of_molecules": 500000, "diff_coef": 150, "sim_time": 2.84444, "absorbers": [[5.60667, -4.35551, -3.68711, 2], [0.648793, -0.735264, -18.9747, 3]], "reflectors": [[5.47144, 13.5442, 15.087, 3], [-13.0928, -14.8451, -2.86409, 3]], "reflector_prisms": [[-4.49338, -2.58342, 17.444, 1.50662, 2.41658, 22.444]], "absorber_prisms": [], "line_of_sight": [[0, 0, 0, 0, 0, 501], [0, 0, 0, 0, 0, 500]]}