{
"time_step": 1e-05,
"number_of_molecules": 500000,
"diff_coef": 400,
"sim_time": 0.704167,
"absorbers": [
[8.30595,-2.82263,-6.63656,4],
[8.69159,12.5068,7.55215,4],
[10.1792,-7.72257,2.39694,3]
],
"reflectors": [
],
"reflector_prisms": [
],
"absorber_prisms": [
[-0.311382,20.2392,-5.02084,4.68862,22.2392,-0.0208432]
]
}