{
"time_step": 1e-05,
"number_of_molecules": 500000,
"diff_coef": 100,
"sim_time": 4.81667,
"absorbers": [
[-13.5244,14.4287,2.984,3]
],
"reflectors": [
[-7.07924,-2.2008,19.6479,4]
],
"reflector_prisms": [
[-0.945662,0.29706,4.7831,4.05434,5.29706,8.7831]
],
"absorber_prisms": [
[-7.36045,3.18908,-8.48046,-5.36045,5.18908,-4.48046]
]
}