{
"time_step": 1e-05,
"number_of_molecules": 500000,
"diff_coef": 150,
"sim_time": 0.544444,
"absorbers": [
[8.73308,-0.575798,2.09804,2]
],
"reflectors": [
[0.105715,7.9,-19.4571,3]
],
"reflector_prisms": [
[-1.61728,-2.09168,5.98997,1.38272,2.90832,11.99],
[5.03679,-4.84464,-21.5038,9.03679,-0.844636,-15.5038]
],
"absorber_prisms": [
[-0.631233,0.393183,-14.5192,2.36877,6.39318,-10.5192]
]
}