{
"time_step": 1e-05,
"number_of_molecules": 500000,
"diff_coef": 400,
"sim_time": 1.35,
"absorbers": [
[20.6364,3.44843,-1.80255,3],
[4.45999,9.07191,-18.4068,6],
[-11.8122,9.69901,-4.73303,6],
[2.08899,1.33788,-10.7166,3],
[-4.86093,-1.83676,15.1327,4],
[-8.52012,-5.18981,-4.63394,2],
[8.31286,3.27008,-1.09681,3],
[-5.87638,-1.62521,-3.43902,2]
],
"reflectors": [
[-1.38679,-9.78511,6.8065,4],
[2.72833,-6.20946,17.7482,5],
[0.453528,-6.48502,-8.87349,2],
[-5.901,-5.2388,7.66376,2],
[-5.76077,4.16912,8.39238,5],
[-2.38149,2.36142,-6.14428,2],
[14.9488,-15.1166,11.1366,6]
],
"reflector_prisms": [
],
"absorber_prisms": [
]
}