{
"time_step": 1e-05,
"number_of_molecules": 500000,
"diff_coef": 300,
"sim_time": 0.672222,
"absorbers": [
[0.922852,5.6492,6.94514,4],
[6.72799,-6.06571,-9.32423,2]
],
"reflectors": [
[-1.49467,-7.00053,-8.35216,2],
[10.5443,9.74691,-16.6678,6],
[-11.9892,-11.2424,-4.34368,6],
[7.08182,14.5128,-5.3129,2]
],
"reflector_prisms": [
],
"absorber_prisms": [
]
}