{"time_step": 1e-05, "number_of_molecules": 500000, "diff_coef": 200, "sim_time": 1.00833, "absorbers": [[3.0144, 0.529561, -15.7046, 5], [6.50262, 8.87206, -0.0495963, 4]], "reflectors": [[-2.34447, -1.02211, 16.8065, 4], [15.8748, -7.29319, 4.33596, 6]], "reflector_prisms": [[-14.7634, -16.4648, 2.54207, -9.76338, -12.4648, 6.54207]], "absorber_prisms": [], "line_of_sight": [[99, 0, 99, 0, 0, 500], [0, 0, 0, 0, 0, 499]]}