{
"time_step": 1e-05,
"number_of_molecules": 500000,
"diff_coef": 300,
"sim_time": 1.25,
"absorbers": [
[8.40328,8.92651,6.76035,6],
[-15.4067,-2.47725,-14.0534,6],
[4.79471,-3.50406,-16.9921,4]
],
"reflectors": [
[-4.25221,-9.80054,2.62073,5],
[6.06711,5.89221,-3.07767,4]
],
"reflector_prisms": [
],
"absorber_prisms": [
]
}