{"time_step": 1e-05, "number_of_molecules": 500000, "diff_coef": 300, "sim_time": 0.555556, "absorbers": [[-1.69866, 10.9868, 11.5067, 6]], "reflectors": [[1.60278, -5.40127, 4.15421, 2], [-12.0025, -8.49735, -2.95559, 5], [10.9886, 1.252, 11.5621, 3]], "reflector_prisms": [], "absorber_prisms": [[4.99766, 0.276097, 4.5549, 10.9977, 4.2761, 6.5549]], "line_of_sight": [[0, 0, 0, 0, 0, 500]]}