{"time_step": 1e-05, "number_of_molecules": 500000, "diff_coef": 200, "sim_time": 3.00833, "absorbers": [[3.11215, -23.7906, 0.565434, 5], [-13.7549, 7.5462, -3.1397, 4]], "reflectors": [[10.4359, 0.854419, -13.3926, 3]], "reflector_prisms": [[-0.654163, 3.00088, 6.10551, 5.34584, 7.00088, 8.10551]], "absorber_prisms": [[-7.75912, -5.06989, -21.8512, -4.75912, -0.0698905, -16.8512]], "line_of_sight": [[0, 0, 0, 0, 0, 502], [0, 0, 0, 0, 0, 504]]}