{
"time_step": 1e-05,
"number_of_molecules": 500000,
"diff_coef": 100,
"sim_time": 1.35,
"absorbers": [
[12.6026,-0.235869,-6.09262,5],
[-8.18631,3.96525,7.82694,5]
],
"reflectors": [
],
"reflector_prisms": [
[6.0861,6.21373,-19.0385,11.0861,12.2137,-17.0385],
[-0.334363,1.45199,6.22952,2.66564,5.45199,10.2295],
[3.5583,5.69034,4.13052,7.5583,11.6903,8.13052],
[10.3122,-8.65718,-3.30337,14.3122,-4.65718,2.69663]
],
"absorber_prisms": [
]
}