{"time_step": 1e-05, "number_of_molecules": 500000, "diff_coef": 400, "sim_time": 0.104167, "absorbers": [[4.62292, -5.06767, 5.82643, 4]], "reflectors": [[14.8797, 5.6432, 1.6578, 3], [7.44412, -6.03291, -19.8038, 6]], "reflector_prisms": [], "absorber_prisms": [[-3.7236, -0.407685, 9.41163, 1.2764, 1.59231, 11.4116]], "line_of_sight": [[0, 0, 0, 0, 0, 500]]}