{
"time_step": 1e-05,
"number_of_molecules": 500000,
"diff_coef": 200,
"sim_time": 2.13333,
"absorbers": [
[4.23971,-0.0381274,7.93873,2],
[-16.8312,1.74083,-1.6374,5],
[9.51628,16.5888,-5.85252,4],
[-4.73874,-1.88632,9.74608,4],
[2.98187,0.138693,-19.776,6],
[-1.65313,2.32621,-9.58415,2],
[-12.1734,-12.6645,-3.9267,3],
[-7.98098,-7.58056,12.9553,2]
],
"reflectors": [
[-0.911784,2.30975,16.8177,4]
],
"reflector_prisms": [
],
"absorber_prisms": [
]
}