{
"time_step": 1e-05,
"number_of_molecules": 500000,
"diff_coef": 100,
"sim_time": 4.81667,
"absorbers": [
[-2.01493,-17.8741,-0.676411,2],
[-3.39877,-16.6277,-13.9988,5],
[-3.45726,-5.62387,8.79883,6]
],
"reflectors": [
[1.27209,1.16051,-13.8937,4],
[4.12965,13.837,-4.05992,3],
[-7.58977,17.3286,1.76494,6],
[5.63328,-0.312619,17.0929,3]
],
"reflector_prisms": [
],
"absorber_prisms": [
]
}