{
"time_step": 1e-05,
"number_of_molecules": 500000,
"diff_coef": 50,
"sim_time": 10.8,
"absorbers": [
[-12.7894,1.39207,-5.52211,6],
[-0.537253,6.92591,15.5159,6],
[-1.76192,-1.9348,-14.77,4],
[-5.06916,-12.2381,-8.97393,7],
[-14.4094,1.90376,10.6182,5],
[-19.21,-12.1792,-3.4121,5],
[8.02792,-8.44936,2.85673,7]
],
"reflectors": [
[-1.44781,0.596125,-22.9466,4]
],
"reflector_prisms": [
],
"absorber_prisms": [
]
}