{
"time_step": 1e-05,
"number_of_molecules": 500000,
"diff_coef": 200,
"sim_time": 3.00833,
"absorbers": [
[3.38042,19.38,-7.34768,2],
[8.07483,1.67222,-17.1173,4]
],
"reflectors": [
],
"reflector_prisms": [
],
"absorber_prisms": [
[-4.14578,-5.35439,3.03598,-1.14578,-3.35439,5.03598],
[-0.67667,-2.10592,-13.9735,2.32333,1.89408,-11.9735],
[0.974758,3.76863,-6.48728,3.97476,5.76863,-2.48728]
]
}