{
"time_step": 1e-05,
"number_of_molecules": 500000,
"diff_coef": 350,
"sim_time": 1.54286,
"absorbers": [
[-6.67436,19.7849,6.9291,4]
],
"reflectors": [
[-7.96238,0.554844,6.02434,5],
[1.43526,1.03155,9.84256,4],
[1.46475,-11.3816,3.50902,5]
],
"reflector_prisms": [
[-16.2176,-7.05196,-3.7091,-13.2176,-2.05196,0.290902]
],
"absorber_prisms": [
[9.55661,-1.63243,-15.2454,15.5566,0.367572,-13.2454]
]
}