{"time_step": 1e-05, "number_of_molecules": 500000, "diff_coef": 100, "sim_time": 2.4, "absorbers": [[-13.9109, -0.744593, -9.74337, 5]], "reflectors": [], "reflector_prisms": [], "absorber_prisms": [[1.50606, -10.7291, -13.3681, 5.50606, -4.72906, -11.3681], [5.35239, 7.10244, -11.9714, 10.3524, 11.1024, -5.97137], [-6.29274, -6.62443, -11.1057, -3.29274, -1.62443, -8.10566], [9.46632, 14.9856, -7.02033, 12.4663, 19.9856, -5.02033]], "line_of_sight": [[0, 0, 0, 0, 0, 501]]}