{
"time_step": 1e-05,
"number_of_molecules": 500000,
"diff_coef": 150,
"sim_time": 3.21111,
"absorbers": [
[-14.8672,-9.54867,-11.3485,5],
[4.47238,7.73686,-20.1032,5]
],
"reflectors": [
],
"reflector_prisms": [
[-15.5489,3.58516,8.52944,-11.5489,8.58516,13.5294],
[-2.5257,-0.363165,6.03464,1.4743,5.63683,9.03464],
[-1.24357,-5.09015,-14.8283,1.75643,0.909846,-10.8283]
],
"absorber_prisms": [
[-3.01077,3.40836,17.862,0.989233,6.40836,20.862]
]
}