{"time_step": 1e-05, "number_of_molecules": 500000, "diff_coef": 50, "sim_time": 1.63333, "absorbers": [[-3.99116, -7.42014, -8.54472, 5]], "reflectors": [], "reflector_prisms": [], "absorber_prisms": [[5.85187, -3.12103, -0.378332, 11.8519, 2.87897, 3.62167], [12.7721, -6.01315, -6.17331, 16.7721, -3.01315, -2.17331], [-7.09108, 6.35914, 13.4074, -1.09108, 10.3591, 17.4074], [-5.43274, 1.36767, 3.3845, -1.43274, 4.36767, 7.3845], [-20.9498, 3.53835, -8.69786, -15.9498, 5.53835, -6.69786]], "line_of_sight": [[0, 0, 0, 0, 0, 499]]}