{"time_step": 1e-05, "number_of_molecules": 500000, "diff_coef": 250, "sim_time": 2.40667, "absorbers": [[-13.8529, -5.24208, 2.36995, 5], [6.53446, 22.0279, -1.03508, 4], [22.7292, -9.2284, -4.81865, 7], [8.38458, 4.98598, -17.4596, 5], [9.7372, 7.27786, 13.2748, 6]], "reflectors": [[-7.82044, 8.67833, -10.9329, 6]], "reflector_prisms": [], "absorber_prisms": [], "line_of_sight": [[0, 0, 0, 0, 0, 501], [0, 0, 0, 0, 0, 500], [0, 0, 0, 0, 0, 506], [0, 0, 0, 0, 0, 499], [0, 0, 0, 0, 0, 498]]}