{
"time_step": 1e-05,
"number_of_molecules": 500000,
"diff_coef": 250,
"sim_time": 2.40667,
"absorbers": [
[0.0903826,0.0068877,14.9997,5],
[-1.99335,-9.68398,4.82151,5],
[7.14632,14.2979,-0.707046,6],
[-10.0358,16.0202,-1.90657,6],
[1.46422,9.00559,-15.5163,7],
[-22.4767,0.529335,10.9325,6]
],
"reflectors": [
[-13.9618,9.28046,-12.6468,6],
[-3.63839,-11.9574,-16.8755,6],
[10.029,1.33638,21.7631,5],
[16.4177,16.3286,6.31147,5],
[14.8276,-5.17642,12.3833,7]
],
"reflector_prisms": [
],
"absorber_prisms": [
]
}