{
"time_step": 1e-05,
"number_of_molecules": 500000,
"diff_coef": 50,
"sim_time": 9.63333,
"absorbers": [
[-8.55907,-7.93694,-18.648,5],
[-15.5776,-1.32302,-3.40405,5],
[-14.9774,5.3291,-15.2078,5],
[8.08177,-10.626,12.0737,2],
[-10.2387,14.741,1.36802,5],
[1.28052,-6.87738,-0.248889,2],
[8.12375,3.82815,-0.591514,3],
[12.4623,7.0309,12.5003,2]
],
"reflectors": [
[2.50722,-4.51823,-10.8305,6],
[-2.39755,10.2042,3.33566,4],
[2.62518,-10.9972,21.17,5],
[4.32258,-1.06619,7.82167,3],
[2.80956,14.5417,-8.34545,4],
[-7.19702,6.71303,8.49342,3],
[14.6981,1.74993,-11.9123,2]
],
"reflector_prisms": [
],
"absorber_prisms": [
]
}