{
"time_step": 1e-05,
"number_of_molecules": 500000,
"diff_coef": 300,
"sim_time": 1.25,
"absorbers": [
[3.28694,6.63199,17.4989,4],
[-0.848107,2.75872,9.57446,3]
],
"reflectors": [
],
"reflector_prisms": [
[-5.01929,-0.10339,-23.8165,0.980708,3.89661,-17.8165],
[-3.86699,-12.3632,5.03095,1.13301,-9.3632,7.03095]
],
"absorber_prisms": [
]
}