{
"time_step": 1e-05,
"number_of_molecules": 500000,
"diff_coef": 150,
"sim_time": 1.34444,
"absorbers": [
[0.140958,-5.96907,-12.663,3]
],
"reflectors": [
],
"reflector_prisms": [
[-4.65399,-8.89741,12.6925,1.34601,-2.89741,14.6925]
],
"absorber_prisms": [
[-1.72609,2.27336,-7.18143,2.27391,4.27336,-5.18143],
[3.52684,-15.7538,3.35978,9.52684,-13.7538,7.35978],
[-11.8679,-2.4105,-3.37557,-8.86792,-0.410501,1.62443],
[-12.5954,12.5521,-13.8413,-7.59537,18.5521,-9.84127]
]
}