{
"time_step": 1e-05,
"number_of_molecules": 500000,
"diff_coef": 250,
"sim_time": 1.92667,
"absorbers": [
[10.4189,15.1785,4.69655,2]
],
"reflectors": [
[-1.46184,-0.303102,12.914,3]
],
"reflector_prisms": [
[-6.30166,13.8865,0.506782,-4.30166,15.8865,4.50678]
],
"absorber_prisms": [
[-15.7822,13.7421,-0.728977,-13.7822,15.7421,5.27102],
[-14.7564,0.172769,8.83101,-9.75636,4.17277,12.831],
[-4.71624,-1.80917,-24.8557,0.283765,4.19083,-18.8557]
]
}