{"time_step": 1e-05, "number_of_molecules": 500000, "diff_coef": 50, "sim_time": 5.63333, "absorbers": [[-18.001, -6.04927, 0.607853, 6]], "reflectors": [[-4.77907, 1.37439, -13.0871, 6], [-0.185257, -0.0156831, 12.9987, 4]], "reflector_prisms": [], "absorber_prisms": [[7.04425, 3.03344, -13.7584, 13.0443, 7.03344, -11.7584]], "line_of_sight": [[0, 0, 0, 0, 0, 501]]}