{
"time_step": 1e-05,
"number_of_molecules": 500000,
"diff_coef": 300,
"sim_time": 1.8,
"absorbers": [
[5.23298,-3.44227,-18.9939,2],
[1.13016,-4.68251,-9.88923,3],
[1.10468,3.07001,-6.19312,2],
[-0.518729,-0.817239,17.974,6]
],
"reflectors": [
[10.4867,-1.27658,-9.18689,4],
[-10.3383,-13.3524,15.6152,4],
[-14.4151,3.83725,-1.57503,5],
[-5.2594,9.22057,10.5981,3],
[3.32948,-7.27302,-0.133054,3],
[15.8068,0.118713,-2.4759,2]
],
"reflector_prisms": [
],
"absorber_prisms": [
]
}