{
"time_step": 1e-05,
"number_of_molecules": 500000,
"diff_coef": 250,
"sim_time": 2.16,
"absorbers": [
[-6.98224,-2.93866,-7.97575,5],
[0.487906,-0.230795,-22.9937,6],
[14.7959,-0.724212,2.3571,6],
[4.12107,15.031,16.9141,6],
[10.3068,-3.63409,-8.75002,3],
[-15.8057,11.4289,-4.42276,3],
[-6.33367,-0.103892,23.149,6],
[-6.60145,-14.5902,17.8759,6]
],
"reflectors": [
[-1.68316,7.28146,2.85434,2],
[1.48122,-12.1526,10.3015,4],
[1.26225,-0.71341,11.9121,4],
[-4.09622,0.539558,7.99562,2]
],
"reflector_prisms": [
],
"absorber_prisms": [
]
}