{"time_step": 1e-05, "number_of_molecules": 500000, "diff_coef": 250, "sim_time": 2.40667, "absorbers": [[-15.8954, -3.26803, -16.299, 4], [-5.19833, 5.02017, 20.7792, 4], [-17.2321, 0.0163047, 5.20128, 2], [-3.70982, -3.25182, 15.2205, 3], [-0.201148, -5.94635, 6.75281, 3], [-5.14452, -10.8552, -7.19009, 5], [0.597487, -2.30294, -11.7618, 3]], "reflectors": [[2.08711, 12.0538, 18.2852, 3], [8.67923, 14.0011, -16.0512, 5], [-6.15001, 7.37303, -8.76446, 4], [5.27958, 5.97476, -20.5043, 4], [-1.39957, 2.26689, -7.54337, 2], [3.58257, 2.68245, 17.4347, 5], [-7.77068, 5.6258, 2.82258, 4]], "reflector_prisms": [], "absorber_prisms": [], "line_of_sight": [[0, 0, 0, 0, 0, 501], [265, 265, 26, 0, 0, 499], [0, 0, 0, 0, 0, 500], [310, 3, 317, 0, 0, 501], [279, 0, 284, 0, 0, 503], [14, 0, 14, 0, 0, 505], [352, 146, 207, 0, 0, 498]]}