{
"time_step": 1e-05,
"number_of_molecules": 500000,
"diff_coef": 100,
"sim_time": 4.81667,
"absorbers": [
[16.0024,8.15475,-1.19339,3],
[7.08587,6.63877,16.3315,6],
[-2.66631,-9.85506,-17.1979,3],
[-2.91358,-1.05793,22.7902,6]
],
"reflectors": [
[19.1525,-1.85989,-8.40956,4],
[-1.16659,0.799864,-18.9473,6],
[4.95256,13.3837,-4.62041,4],
[-13.3826,-4.82532,4.75635,6],
[-12.8218,11.0927,1.24724,6]
],
"reflector_prisms": [
],
"absorber_prisms": [
]
}