{
"time_step": 1e-05,
"number_of_molecules": 500000,
"diff_coef": 250,
"sim_time": 2.16,
"absorbers": [
[-12.7987,-3.29739,12.2197,5],
[6.18466,-2.92568,21.9588,5]
],
"reflectors": [
],
"reflector_prisms": [
],
"absorber_prisms": [
[-1.99006,-1.78071,-21.4815,1.00994,3.21929,-19.4815],
[-0.236682,4.34142,16.4788,2.76332,10.3414,18.4788],
[-4.3185,-9.43963,-1.37378,-1.3185,-6.43963,3.62622]
]
}