{
"time_step": 1e-05,
"number_of_molecules": 500000,
"diff_coef": 100,
"sim_time": 4.26667,
"absorbers": [
[-9.22472,-10.9659,-4.43317,5],
[5.38687,4.62973,-8.39924,6],
[-9.41622,1.29503,-5.53694,5],
[-0.992096,1.17125,11.9014,5],
[-11.5939,3.68633,-18.3301,6],
[-8.29274,12.8292,-9.52059,7]
],
"reflectors": [
[15.5473,-3.7682,0.288669,7],
[-17.8723,5.88441,2.63685,6],
[-0.791407,-1.66693,-25.9344,7]
],
"reflector_prisms": [
],
"absorber_prisms": [
]
}