{"time_step": 1e-05, "number_of_molecules": 500000, "diff_coef": 100, "sim_time": 4.81667, "absorbers": [[5.99762, -20.2811, 6.05843, 5], [1.78692, -3.69106, 14.4285, 4], [14.2539, 5.55199, -9.48697, 6], [10.6525, -7.38592, -0.98558, 5], [-16.0088, -16.1344, -3.52155, 6]], "reflectors": [[14.2403, 8.46274, 17.3665, 5], [-5.40635, 2.92509, 20.0802, 6], [2.43887, 10.0734, -3.68497, 4], [-8.20697, -9.70596, 16.7165, 4], [-8.38348, -8.56022, -0.663228, 5]], "reflector_prisms": [], "absorber_prisms": [], "line_of_sight": [[102, 0, 102, 0, 0, 501], [16, 0, 16, 0, 0, 500], [53, 0, 53, 0, 0, 498], [0, 0, 0, 0, 0, 499], [501, 0, 501, 0, 0, 501]]}