{"time_step": 1e-05, "number_of_molecules": 500000, "diff_coef": 350, "sim_time": 0.933333, "absorbers": [[9.62359, -7.88851, 14.3582, 5]], "reflectors": [[-0.468959, 8.64356, -2.46353, 2], [-6.41022, 8.94271, 6.92366, 3]], "reflector_prisms": [[7.92509, 11.5806, -3.80111, 12.9251, 13.5806, -0.801109], [-12.7904, -0.450829, -17.6126, -8.79044, 4.54917, -14.6126]], "absorber_prisms": [], "line_of_sight": [[0, 0, 0, 0, 0, 500]]}