{
"time_step": 1e-05,
"number_of_molecules": 500000,
"diff_coef": 100,
"sim_time": 5.4,
"absorbers": [
[-0.19523,0.089374,13.9984,4],
[1.06078,-1.78891,-12.8326,6],
[7.83134,1.9356,-21.5389,5],
[4.89646,-13.0904,0.816046,7],
[13.7313,-1.22599,-11.5737,5],
[-2.64748,20.6195,2.97093,6]
],
"reflectors": [
[-5.24515,-11.2178,11.6469,4]
],
"reflector_prisms": [
],
"absorber_prisms": [
]
}