{"time_step": 1e-05, "number_of_molecules": 500000, "diff_coef": 150, "sim_time": 3.21111, "absorbers": [[-11.9368, 0.422478, 5.13177, 6], [2.61087, -13.4564, -10.0553, 5], [-10.975, -1.52226, 21.2892, 7]], "reflectors": [[-10.3546, -4.77024, -16.4325, 4], [17.5382, -11.6036, 11.5658, 6], [5.52194, 3.63713, -8.79087, 6]], "reflector_prisms": [], "absorber_prisms": [], "line_of_sight": [[159, 45, 159, 0, 0, 501], [0, 0, 0, 0, 0, 499], [491, 69, 491, 0, 0, 501]]}