{
"time_step": 1e-05,
"number_of_molecules": 500000,
"diff_coef": 400,
"sim_time": 1.35,
"absorbers": [
[-7.86354,-0.958539,-18.3643,7],
[4.51896,-13.5383,4.61446,5],
[0.868256,9.87284,1.33161,5],
[-11.8246,10.6677,16.5945,5],
[16.3353,-8.22483,5.14871,4],
[-0.811213,-2.06704,9.75035,4],
[1.76514,-14.2464,-9.10629,6]
],
"reflectors": [
[16.3559,9.55635,1.47035,7]
],
"reflector_prisms": [
],
"absorber_prisms": [
]
}