{"time_step": 1e-05, "number_of_molecules": 500000, "diff_coef": 50, "sim_time": 12.0333, "absorbers": [[-18.4114, 7.77514, -0.752284, 4], [10.112, 3.98111, -1.70256, 6], [-5.26805, -11.1528, 13.1096, 7], [1.0067, -21.7836, 7.31172, 4]], "reflectors": [[-16.8877, 14.4324, -13.5098, 7], [-3.32556, 5.86256, 19.889, 6], [0.489662, -0.0509592, -25.9953, 7]], "reflector_prisms": [], "absorber_prisms": [], "line_of_sight": [[0, 0, 0, 0, 0, 500], [26, 26, 0, 0, 0, 498], [47, 47, 0, 0, 0, 501], [0, 0, 0, 0, 0, 498]]}