{
"time_step": 1e-05,
"number_of_molecules": 500000,
"diff_coef": 200,
"sim_time": 2.7,
"absorbers": [
[-2.02902,4.09844,-22.5408,5],
[0.64757,-21.9825,-0.592954,5],
[11.5955,8.02346,-19.4208,6],
[-18.6236,-8.46161,4.74995,4],
[9.72873,-1.72226,4.83586,4],
[-4.3016,-10.1009,-0.683826,4],
[4.41054,-15.5568,14.9176,7]
],
"reflectors": [
],
"reflector_prisms": [
],
"absorber_prisms": [
]
}