{
"time_step": 1e-05,
"number_of_molecules": 500000,
"diff_coef": 50,
"sim_time": 12.0333,
"absorbers": [
[6.41909,1.36797,-7.54479,4],
[6.55718,-3.55384,20.6972,4],
[6.13882,9.79642,-19.8833,4],
[4.67694,13.6756,13.824,5],
[2.90682,-16.1575,-4.41415,6]
],
"reflectors": [
[13.4739,-3.26005,1.95628,4],
[-10.8582,6.01058,16.9403,7],
[-0.109751,-6.01924,-23.2327,7]
],
"reflector_prisms": [
],
"absorber_prisms": [
]
}