{"time_step": 1e-05, "number_of_molecules": 500000, "diff_coef": 300, "sim_time": 1.8, "absorbers": [[-7.45338, 0.745821, 23.8514, 7], [-11.9407, 15.4617, 10.1171, 6], [-11.9313, 5.01338, -1.22894, 4], [-1.63293, -0.447396, 8.83931, 4], [1.86533, 9.64005, 6.89854, 4]], "reflectors": [[9.72031, -19.6694, 1.62195, 4]], "reflector_prisms": [], "absorber_prisms": [], "line_of_sight": [[500, 500, 0, 0, 0, 500], [0, 0, 0, 0, 0, 496], [0, 0, 0, 0, 0, 500], [50, 50, 0, 0, 0, 501], [0, 0, 0, 0, 0, 499]]}