{
"time_step": 1e-05,
"number_of_molecules": 500000,
"diff_coef": 100,
"sim_time": 5.4,
"absorbers": [
[-3.53854,-2.89021,-21.5203,4],
[-10.6523,-1.35769,-5.35586,7],
[-12.6599,3.71737,16.3373,4],
[3.16015,1.12822,-11.5213,5],
[-6.97497,-16.2385,11.3429,5]
],
"reflectors": [
[7.00778,-19.7506,11.6963,5]
],
"reflector_prisms": [
],
"absorber_prisms": [
]
}