{"time_step": 1e-05, "number_of_molecules": 500000, "diff_coef": 150, "sim_time": 3.21111, "absorbers": [[1.73983, 0.787985, -20.913, 4], [4.28369, -3.18306, -7.24694, 4]], "reflectors": [[4.21435, -12.9171, 13.2811, 6], [20.3601, -4.41265, 2.6446, 5], [3.38804, 8.51136, 16.6457, 3], [-4.61858, 7.97131, 9.17208, 5]], "reflector_prisms": [], "absorber_prisms": [], "line_of_sight": [[77, 77, 0, 0, 0, 503], [212, 29, 183, 0, 0, 502]]}