{
"time_step": 1e-05,
"number_of_molecules": 500000,
"diff_coef": 350,
"sim_time": 0.385714,
"absorbers": [
[-3.43595,-0.505164,12.5275,4]
],
"reflectors": [
[7.79232,14.8755,-6.48076,4],
[-8.6644,-8.34037,10.553,3]
],
"reflector_prisms": [
[-4.81585,-4.6112,-11.8367,-2.81585,-1.6112,-7.83665]
],
"absorber_prisms": [
[1.38,-9.47647,-10.3253,3.38,-6.47647,-8.32531],
[-4.00952,7.6807,15.3417,0.990475,13.6807,18.3417]
]
}