{
"time_step": 1e-05,
"number_of_molecules": 500000,
"diff_coef": 50,
"sim_time": 12.0333,
"absorbers": [
[-0.340419,19.9076,-1.8898,4],
[12.6376,18.7087,-8.1409,5],
[-9.20261,11.0044,4.38358,3],
[8.18143,3.18632,8.17995,6],
[-10.0828,-1.28504,8.10473,3],
[0.502414,-16.4083,16.1094,4],
[-14.7919,11.5815,13.2691,4],
[1.93105,1.65838,17.8191,2]
],
"reflectors": [
],
"reflector_prisms": [
],
"absorber_prisms": [
]
}