{"time_step": 1e-05, "number_of_molecules": 500000, "diff_coef": 400, "sim_time": 1.50417, "absorbers": [[-9.37062, -8.74249, -20.2919, 5]], "reflectors": [[-0.026957, -4.00014, 10.2469, 2]], "reflector_prisms": [[-18.7316, -0.0589708, -2.63612, -14.7316, 5.94103, 1.36388]], "absorber_prisms": [[8.07954, 6.75755, -10.9728, 11.0795, 10.7575, -5.97276]], "line_of_sight": [[0, 0, 0, 0, 0, 497]]}