{"time_step": 1e-05, "number_of_molecules": 500000, "diff_coef": 100, "sim_time": 3.75, "absorbers": [[12.4609, -5.5306, 10.1557, 2], [6.60613, -1.48573, -17.7525, 5]], "reflectors": [], "reflector_prisms": [[-1.93852, -2.48802, 15.9999, 2.06148, 2.51198, 21.9999], [-2.74178, -2.09092, -9.92106, 3.25822, -0.0909225, -5.92106]], "absorber_prisms": [], "line_of_sight": [[0, 0, 0, 0, 0, 506], [179, 0, 0, 0, 179, 498]]}