{"time_step": 1e-05, "number_of_molecules": 500000, "diff_coef": 50, "sim_time": 12.0333, "absorbers": [[4.97575, -0.558517, -23.4719, 5], [-5.49594, -5.77065, 13.8742, 4], [-9.06184, 12.111, -5.21592, 3], [-21.3494, 2.73197, -10.6179, 5], [0.880406, 4.69767, 8.78389, 2], [7.93923, -5.33408, -5.43288, 5], [-2.71142, -3.64534, 8.90841, 2]], "reflectors": [[-9.50013, -5.98284, 4.23711, 2], [14.2332, 0.449749, 7.29474, 3], [-4.39954, 1.99627, -13.14, 4], [0.0124945, -0.185773, -17.999, 2], [-10.3558, 3.12514, 8.88773, 4], [6.96647, 3.18933, 15.1755, 5], [-15.3133, -0.946206, 4.53942, 2]], "reflector_prisms": [], "absorber_prisms": [], "line_of_sight": [[123, 55, 78, 0, 0, 502], [232, 233, 0, 0, 0, 506], [0, 0, 0, 0, 0, 502], [204, 0, 204, 0, 0, 500], [81, 0, 81, 0, 0, 499], [119, 0, 119, 0, 0, 502], [416, 427, 0, 0, 0, 498]]}