{"time_step": 1e-05, "number_of_molecules": 500000, "diff_coef": 50, "sim_time": 9.63333, "absorbers": [[-16.7027, -5.5106, -13.2157, 5], [15.8022, 6.16624, -1.12534, 4], [3.37118, 11.1087, -11.0106, 5], [-1.1397, -9.63081, -8.65728, 3], [-6.58488, -9.7452, 7.5941, 3], [5.91944, 3.11185, 11.1479, 4], [-6.06327, -17.4378, 4.48995, 5], [-1.94253, -0.834656, 17.8754, 3]], "reflectors": [[-10.2744, -2.78412, 13.2546, 2], [13.8614, -1.84652, -0.671598, 3]], "reflector_prisms": [], "absorber_prisms": [], "line_of_sight": [[133, 133, 0, 0, 0, 503], [0, 0, 0, 0, 0, 500], [152, 165, 0, 0, 0, 500], [0, 0, 0, 0, 0, 498], [283, 302, 0, 0, 0, 503], [86, 86, 0, 0, 0, 499], [98, 118, 0, 0, 0, 500], [0, 0, 0, 0, 0, 500]]}