{"time_step": 1e-05, "number_of_molecules": 500000, "diff_coef": 400, "sim_time": 1.20417, "absorbers": [[7.86491, 0.740227, 10.3245, 6], [-5.2117, -7.79707, 18.7895, 4], [14.1352, 13.4429, 4.41417, 4], [8.77996, -17.9435, 0.970218, 4]], "reflectors": [], "reflector_prisms": [], "absorber_prisms": [], "line_of_sight": [[0, 0, 0, 0, 0, 498], [0, 0, 0, 0, 0, 502], [0, 0, 0, 0, 0, 499], [0, 0, 0, 0, 0, 500]]}