{
"time_step": 1e-05,
"number_of_molecules": 500000,
"diff_coef": 400,
"sim_time": 0.504167,
"absorbers": [
[-0.717089,-0.315734,-16.9819,6]
],
"reflectors": [
[3.2984,-9.43929,-0.143015,3]
],
"reflector_prisms": [
],
"absorber_prisms": [
[12.5966,-1.60906,-16.8078,17.5966,1.39094,-13.8078],
[10.5193,-6.16199,-3.67372,13.5193,-3.16199,0.326282],
[-8.03351,-5.24967,-0.196235,-5.03351,-3.24967,3.80377],
[-10.3951,7.52123,-5.58674,-4.39507,9.52123,-2.58674]
]
}