{"time_step": 1e-05, "number_of_molecules": 500000, "diff_coef": 100, "sim_time": 4.26667, "absorbers": [[9.96993, -12.6518, -10.0763, 3], [0.0565291, 4.09095, -6.87466, 3]], "reflectors": [], "reflector_prisms": [[-3.71824, -5.12721, -10.5218, -1.71824, -3.12721, -4.52179]], "absorber_prisms": [[-15.5747, 5.50611, -14.55, -10.5747, 10.5061, -9.55005], [-12.9791, -18.0291, -9.69844, -6.97906, -13.0291, -5.69844], [-11.0008, -4.37055, -5.37191, -5.00084, -2.37055, 0.628089]], "line_of_sight": [[0, 0, 0, 0, 0, 502], [0, 0, 0, 0, 0, 500]]}