{
"time_step": 1e-05,
"number_of_molecules": 500000,
"diff_coef": 200,
"sim_time": 2.7,
"absorbers": [
[6.04086,-0.894431,22.1745,5],
[-6.39315,4.21951,10.5035,5]
],
"reflectors": [
],
"reflector_prisms": [
[5.69606,6.45127,-15.7513,9.69606,10.4513,-10.7513],
[-0.438586,-4.33554,-16.8385,2.56141,0.664456,-10.8385],
[12.4982,11.8897,-5.86384,16.4982,13.8897,-3.86384]
],
"absorber_prisms": [
]
}