{
"time_step": 1e-05,
"number_of_molecules": 500000,
"diff_coef": 300,
"sim_time": 0.45,
"absorbers": [
[9.02228,0.0034993,6.29273,2]
],
"reflectors": [
[-7.98062,-8.59318,16.2008,4],
[-13.4113,-6.27359,2.40396,5]
],
"reflector_prisms": [
],
"absorber_prisms": [
[-0.616693,-1.34248,-8.9811,1.38331,0.657518,-4.9811],
[-0.100133,-1.8905,-18.7463,5.89987,1.1095,-14.7463],
[-2.55881,-0.35836,15.9804,1.44119,1.64164,20.9804]
]
}