{
"time_step": 1e-05,
"number_of_molecules": 500000,
"diff_coef": 200,
"sim_time": 2.7,
"absorbers": [
[5.03484,3.83135,-7.7441,3],
[0.540345,1.163,8.90817,3],
[-12.093,-4.87968,7.41263,3],
[-18.2383,-5.71718,-8.69928,3],
[6.10688,3.68102,-15.4323,3],
[-14.3024,8.70355,-2.94774,5],
[12.1614,-7.42442,9.27239,5]
],
"reflectors": [
[-2.19651,-22.8726,9.84986,6],
[-1.57774,3.18647,19.6814,5],
[5.17016,14.7022,10.8681,6],
[12.7164,11.796,-7.75561,4],
[-9.01963,2.73815,-11.6683,5],
[17.4241,-7.70564,-11.0011,4],
[2.89547,20.7775,0.955162,5]
],
"reflector_prisms": [
],
"absorber_prisms": [
]
}