{"time_step": 1e-05, "number_of_molecules": 500000, "diff_coef": 250, "sim_time": 2.40667, "absorbers": [[1.38625, 4.81679, -21.4214, 3], [-17.1658, 13.1124, -4.17162, 4], [-10.1501, 7.99371, -1.44095, 2]], "reflectors": [], "reflector_prisms": [[-6.2297, -7.40787, -8.53715, -1.2297, -1.40787, -2.53715]], "absorber_prisms": [], "line_of_sight": [[0, 0, 0, 0, 0, 499], [220, 220, 0, 0, 0, 500], [340, 340, 0, 0, 0, 499]]}