{
"time_step": 1e-05,
"number_of_molecules": 500000,
"diff_coef": 350,
"sim_time": 0.385714,
"absorbers": [
[-2.05521,8.68288,-8.02395,5],
[-9.72146,-7.29097,6.95233,5]
],
"reflectors": [
[5.41972,-4.41235,13.2724,3],
[-0.0673182,-3.37799,22.7505,4]
],
"reflector_prisms": [
[-17.8549,8.89221,-0.317394,-13.8549,14.8922,5.68261]
],
"absorber_prisms": [
]
}