{
"time_step": 1e-05,
"number_of_molecules": 500000,
"diff_coef": 100,
"sim_time": 6.01667,
"absorbers": [
[4.57397,-8.20397,-19.8941,5],
[6.45947,2.77621,21.899,4],
[-10.0831,4.37411,-0.445793,4],
[4.27823,14.5677,-15.921,4],
[-13.6744,-10.5302,10.1058,7],
[-18.7935,-4.23676,-8.35785,4],
[2.9895,10.6375,19.0238,4]
],
"reflectors": [
[4.91757,-9.30266,7.63401,5]
],
"reflector_prisms": [
],
"absorber_prisms": [
]
}