{"time_step": 1e-05, "number_of_molecules": 500000, "diff_coef": 250, "sim_time": 1.30667, "absorbers": [[-3.4698, 17.1568, 9.67498, 6]], "reflectors": [], "reflector_prisms": [], "absorber_prisms": [[7.17438, 2.0552, -5.92694, 10.1744, 4.0552, -1.92694], [7.20544, 10.9753, 10.3537, 10.2054, 16.9753, 12.3537], [-14.4323, -5.99216, -3.05282, -8.43225, -0.99216, 0.947177], [-4.73568, -0.837607, -10.4885, -0.735682, 2.16239, -4.48848], [-15.4223, 9.63246, 10.7008, -11.4223, 12.6325, 12.7008]], "line_of_sight": [[0, 0, 0, 0, 0, 501]]}