{
"time_step": 1e-05,
"number_of_molecules": 500000,
"diff_coef": 150,
"sim_time": 4.01111,
"absorbers": [
[-0.275823,9.75598,18.5942,2]
],
"reflectors": [
],
"reflector_prisms": [
[-0.353018,3.8605,-10.6308,2.64698,8.8605,-4.63076],
[-4.71686,-6.44427,-12.5729,0.283139,-3.44427,-6.57286]
],
"absorber_prisms": [
[-17.4421,-7.33661,-4.65512,-11.4421,-4.33661,-2.65512],
[5.74321,4.17027,0.403732,9.74321,8.17027,2.40373]
]
}