{
"time_step": 1e-05,
"number_of_molecules": 500000,
"diff_coef": 250,
"sim_time": 2.40667,
"absorbers": [
[-4.02551,3.59414,7.2026,4],
[-6.69679,4.87027,-15.9823,3],
[5.76586,-6.55544,19.0992,6],
[10.0462,7.93889,-2.24666,3],
[6.45547,-3.71846,-2.91548,3],
[-17.2034,-0.407654,5.27996,2],
[-1.98485,5.96558,-22.124,4],
[6.25008,4.88792,17.264,3]
],
"reflectors": [
[9.18154,8.89849,9.61853,3],
[3.63668,-9.57268,-4.01724,2],
[-1.79057,-1.07261,-9.77974,2],
[-5.68852,1.59109,13.788,3],
[-0.0649765,-9.73156,2.30055,2],
[16.2751,-3.79817,-3.11376,3],
[-4.04406,13.3959,0.44256,6]
],
"reflector_prisms": [
],
"absorber_prisms": [
]
}