{
"time_step": 1e-05,
"number_of_molecules": 500000,
"diff_coef": 400,
"sim_time": 1.06667,
"absorbers": [
[-11.2487,-8.89508,4.39816,5],
[-0.499496,0.131893,12.9897,4],
[8.12991,-7.38677,4.83118,4],
[11.7148,-13.9329,-12.3546,6]
],
"reflectors": [
[-10.2063,14.6795,-8.96341,5],
[-6.32009,-6.3226,-4.4812,4]
],
"reflector_prisms": [
],
"absorber_prisms": [
]
}