{"time_step": 1e-05, "number_of_molecules": 500000, "diff_coef": 100, "sim_time": 6.01667, "absorbers": [[-2.43646, 11.6574, -1.47228, 6], [4.33946, 16.0229, -12.8621, 5], [-3.44074, 2.77315, -11.1567, 6], [-2.45949, -16.8187, 0.288638, 3], [6.3706, 0.360708, -2.87842, 2], [-6.79986, 1.605, -19.8037, 3], [15.1395, 8.935, -14.8311, 4], [-6.66229, -20.0447, -9.10066, 4]], "reflectors": [[-7.64855, -6.80004, -6.26572, 2]], "reflector_prisms": [], "absorber_prisms": [], "line_of_sight": [[80, 80, 0, 0, 0, 500], [85, 85, 0, 0, 0, 499], [7, 7, 0, 0, 0, 499], [459, 459, 0, 0, 0, 502], [0, 0, 0, 0, 0, 501], [500, 500, 0, 0, 0, 500], [0, 0, 0, 0, 0, 501], [0, 0, 0, 0, 0, 500]]}