{"time_step": 1e-05, "number_of_molecules": 500000, "diff_coef": 250, "sim_time": 1.5, "absorbers": [[-2.56728, 6.85638, 16.4438, 3]], "reflectors": [], "reflector_prisms": [], "absorber_prisms": [[2.6459, -7.08889, 3.48103, 4.6459, -3.08889, 6.48103], [-20.6308, 7.96471, 2.15132, -14.6308, 13.9647, 4.15132], [-14.4857, -1.65125, -3.47112, -9.48568, 2.34875, 2.52888], [-19.6432, -2.59284, -12.1276, -14.6432, -0.592844, -10.1276], [-11.8365, 1.18351, 11.8356, -6.83654, 6.18351, 16.8356]], "line_of_sight": [[0, 0, 0, 0, 0, 502]]}