{"time_step": 1e-05, "number_of_molecules": 500000, "diff_coef": 200, "sim_time": 3.00833, "absorbers": [[11.3552, 11.1672, 15.1774, 7], [-1.76706, -7.26274, 10.6363, 6], [-14.8557, 10.1021, -1.12052, 5], [-4.79067, -20.332, -9.62601, 4], [-9.23133, -13.4018, -13.273, 5]], "reflectors": [[7.27939, -0.358092, -13.1104, 4]], "reflector_prisms": [], "absorber_prisms": [], "line_of_sight": [[165, 165, 0, 0, 0, 498], [29, 0, 29, 0, 0, 500], [0, 0, 0, 0, 0, 500], [20, 20, 0, 0, 0, 501], [364, 364, 0, 0, 0, 497]]}