{
"time_step": 1e-05,
"number_of_molecules": 500000,
"diff_coef": 250,
"sim_time": 2.16,
"absorbers": [
[-2.97319,-7.0691,-18.4713,2]
],
"reflectors": [
[-7.67912,2.67332,-3.85805,2]
],
"reflector_prisms": [
],
"absorber_prisms": [
[12.3903,0.754043,-3.61451,14.3903,6.75404,0.385486],
[2.46705,-8.65381,11.1023,6.46705,-6.65381,13.1023]
]
}