{
"time_step": 1e-05,
"number_of_molecules": 500000,
"diff_coef": 150,
"sim_time": 1.11111,
"absorbers": [
[0.589562,-10.0302,-6.56102,6],
[-3.44186,10.5114,6.83113,3]
],
"reflectors": [
[16.449,1.08533,-14.5689,4]
],
"reflector_prisms": [
[-6.64617,-2.08332,-16.9599,-1.64617,0.916678,-14.9599],
[0.168902,-3.75574,-15.6437,5.1689,0.244265,-12.6437]
],
"absorber_prisms": [
]
}