{"time_step": 1e-05, "number_of_molecules": 500000, "diff_coef": 200, "sim_time": 0.675, "absorbers": [[2.81847, -7.08849, 4.77593, 2], [8.80315, -10.871, 0.57134, 5]], "reflectors": [[-6.68991, 3.6584, 10.5291, 4]], "reflector_prisms": [], "absorber_prisms": [[-10.572, -3.57951, -5.45048, -6.57195, 1.42049, -2.45048], [-9.43827, 8.15834, -1.48491, -4.43827, 10.1583, 0.515088], [1.11433, -12.2476, 4.9406, 6.11433, -7.24755, 8.9406]], "line_of_sight": [[0, 0, 0, 0, 0, 500], [0, 0, 0, 0, 0, 498]]}