{"time_step": 1e-05, "number_of_molecules": 500000, "diff_coef": 100, "sim_time": 5.4, "absorbers": [[-0.270169, -0.145032, -22.998, 5]], "reflectors": [], "reflector_prisms": [[-17.2948, 11.2677, -3.16387, -14.2948, 13.2677, 2.83613]], "absorber_prisms": [[-9.31471, -5.65382, -7.15999, -4.31471, -2.65382, -1.15999], [-5.61044, -0.985766, 5.47896, 0.38956, 4.01423, 11.479]], "line_of_sight": [[0, 0, 0, 0, 0, 500]]}