{"time_step": 1e-05, "number_of_molecules": 500000, "diff_coef": 250, "sim_time": 2.16, "absorbers": [[-3.82266, -7.97653, 9.52692, 6], [-8.67907, -16.93, 6.16835, 2]], "reflectors": [], "reflector_prisms": [[-23.5599, 5.07138, -7.25537, -17.5599, 8.07138, -1.25537], [3.4455, -0.371897, 2.52841, 8.4455, 1.6281, 6.52841]], "absorber_prisms": [[7.75426, -6.51688, -17.0924, 12.7543, -1.51688, -15.0924]], "line_of_sight": [[24, 24, 0, 0, 0, 501], [169, 169, 0, 0, 0, 502]]}