{"time_step": 1e-05, "number_of_molecules": 500000, "diff_coef": 300, "sim_time": 1.42222, "absorbers": [[3.50202, 14.6779, -14.6047, 5]], "reflectors": [[0.250285, 5.21592, 16.1781, 3]], "reflector_prisms": [[-8.30638, 11.0213, -2.93624, -6.30638, 15.0213, 0.0637615], [-2.74724, 15.552, -5.23135, 0.252765, 18.552, -2.23135]], "absorber_prisms": [[-10.4156, 11.2119, 11.4454, -6.41563, 14.2119, 14.4454]], "line_of_sight": [[0, 0, 0, 0, 0, 502]]}