{
"time_step": 1e-05,
"number_of_molecules": 500000,
"diff_coef": 350,
"sim_time": 0.304762,
"absorbers": [
[-7.48106,7.6054,7.42911,5]
],
"reflectors": [
],
"reflector_prisms": [
[3.10995,-1.52245,15.5025,5.10995,0.477554,18.5025]
],
"absorber_prisms": [
[12.4556,-4.18246,-12.9876,18.4556,1.81754,-8.98756],
[-1.96356,2.38655,10.002,4.03644,7.38655,14.002]
]
}