{
"time_step": 1e-05,
"number_of_molecules": 500000,
"diff_coef": 250,
"sim_time": 2.40667,
"absorbers": [
[9.09666,-18.5074,7.66328,5],
[-13.9657,-13.9242,11.8354,5],
[7.87876,-12.3308,-13.6336,4],
[-14.4175,-20.3449,1.79445,6],
[-0.557869,4.30664,-7.88299,3],
[3.33308,-0.625214,-17.6777,3],
[1.14805,-4.60139,19.4296,5],
[5.39724,-2.16861,-6.86782,2]
],
"reflectors": [
],
"reflector_prisms": [
],
"absorber_prisms": [
]
}