{"time_step": 1e-05, "number_of_molecules": 500000, "diff_coef": 400, "sim_time": 0.816667, "absorbers": [[-1.20627, -2.5764, -15.7451, 2], [4.7943, -13.0775, 11.4015, 4]], "reflectors": [], "reflector_prisms": [[3.39008, -0.953219, 2.81297, 9.39008, 1.04678, 6.81297], [-15.4332, -4.60871, -16.7575, -12.4332, 1.39129, -11.7575]], "absorber_prisms": [], "line_of_sight": [[0, 0, 0, 0, 0, 498], [0, 0, 0, 0, 0, 502]]}