{
"time_step": 1e-05,
"number_of_molecules": 500000,
"diff_coef": 400,
"sim_time": 1.20417,
"absorbers": [
[-3.19709,-11.7785,11.8341,2],
[20.5782,1.41691,-7.65059,5]
],
"reflectors": [
],
"reflector_prisms": [
[3.37991,10.2492,-0.0815981,7.37991,13.2492,2.9184]
],
"absorber_prisms": [
[-7.0463,-8.69572,-0.0618424,-3.0463,-5.69572,3.93816],
[8.36604,-7.69585,-14.2466,14.366,-5.69585,-10.2466]
]
}