{
"time_step": 1e-05,
"number_of_molecules": 500000,
"diff_coef": 50,
"sim_time": 5.63333,
"absorbers": [
[3.08469,-17.0822,7.72547,6]
],
"reflectors": [
[-13.4618,-0.229753,17.3991,5],
[-6.6244,-5.18952,-20.327,5],
[-17.5639,-1.71527,-16.2656,5],
[10.2868,9.73818,-19.3739,6]
],
"reflector_prisms": [
[-7.2694,-15.8112,-16.7033,-3.2694,-11.8112,-11.7033]
],
"absorber_prisms": [
]
}