{
"time_step": 1e-05,
"number_of_molecules": 500000,
"diff_coef": 50,
"sim_time": 7.5,
"absorbers": [
[-5.51076,4.40137,-5.59101,2],
[11.587,12.7986,-5.09303,3],
[2.19748,0.656954,15.8348,6]
],
"reflectors": [
],
"reflector_prisms": [
[-18.0248,-0.0972955,-16.3464,-13.0248,1.9027,-13.3464]
],
"absorber_prisms": [
]
}