{
"time_step": 1e-05,
"number_of_molecules": 500000,
"diff_coef": 50,
"sim_time": 12.0333,
"absorbers": [
[-8.10739,-1.09816,-8.77862,4],
[-8.39073,-17.7418,7.47152,2]
],
"reflectors": [
],
"reflector_prisms": [
[-3.7824,-1.78987,4.88656,1.2176,2.21013,9.88656],
[-8.90615,5.50728,-1.96509,-4.90615,11.5073,0.0349118]
],
"absorber_prisms": [
]
}