{
"time_step": 1e-05,
"number_of_molecules": 500000,
"diff_coef": 300,
"sim_time": 0.8,
"absorbers": [
[9.16302,3.73004,6.7916,6],
[-14.4278,-5.08712,4.68611,4]
],
"reflectors": [
[-0.169024,5.11764,-8.5896,3]
],
"reflector_prisms": [
],
"absorber_prisms": [
[-5.5638,6.41598,7.22821,-0.563801,8.41598,13.2282]
]
}