{
"time_step": 1e-05,
"number_of_molecules": 500000,
"diff_coef": 400,
"sim_time": 1.50417,
"absorbers": [
[-0.0467945,-10.9682,21.3471,5]
],
"reflectors": [
[2.0662,-17.9952,5.73625,3]
],
"reflector_prisms": [
[9.36503,-17.5341,4.84078,15.365,-13.5341,8.84078]
],
"absorber_prisms": [
[8.30943,-2.14672,11.2146,13.3094,-0.146715,16.2146],
[5.47696,13.1008,-12.6855,7.47696,16.1008,-9.68551]
]
}