{
"time_step": 1e-05,
"number_of_molecules": 500000,
"diff_coef": 250,
"sim_time": 2.40667,
"absorbers": [
[12.9039,4.33719,-3.2679,5],
[0.854198,0.197241,-16.9774,5],
[-21.7825,-6.48047,-3.5394,4]
],
"reflectors": [
[-1.73557,17.796,6.42588,7]
],
"reflector_prisms": [
],
"absorber_prisms": [
]
}