{"time_step": 1e-05, "number_of_molecules": 500000, "diff_coef": 350, "sim_time": 0.804762, "absorbers": [[-3.83464, 2.36319, -14.3077, 2], [-5.24024, -0.603485, 7.29217, 3]], "reflectors": [], "reflector_prisms": [[-0.729582, 5.72325, -6.91518, 4.27042, 10.7232, -1.91518], [2.56778, -0.607514, 13.5642, 4.56778, 1.39249, 15.5642]], "absorber_prisms": [[-17.5888, 9.80222, 6.2803, -13.5888, 15.8022, 11.2803], [7.49097, -1.16316, -6.03664, 11.491, 2.83684, -0.0366355]], "line_of_sight": [[0, 0, 0, 0, 0, 499], [0, 0, 0, 0, 0, 501]]}