{
"time_step": 1e-05,
"number_of_molecules": 500000,
"diff_coef": 200,
"sim_time": 1.00833,
"absorbers": [
[0.0811499,4.4512,15.3682,5]
],
"reflectors": [
[-9.02317,12.6267,-10.9612,2]
],
"reflector_prisms": [
],
"absorber_prisms": [
[9.83965,5.4136,4.74643,14.8397,9.4136,6.74643],
[-11.0218,-2.01317,13.6429,-7.02178,0.986829,18.6429]
]
}