{"time_step": 1e-05, "number_of_molecules": 500000, "diff_coef": 300, "sim_time": 0.272222, "absorbers": [[1.80585, 1.69778, -10.7171, 4]], "reflectors": [], "reflector_prisms": [[-13.1306, -11.0935, -5.06998, -9.13063, -5.09347, -0.0699815]], "absorber_prisms": [[9.38147, 8.56901, 10.8278, 13.3815, 10.569, 12.8278], [-4.36752, -2.27712, 6.4986, -1.36752, 2.72288, 9.4986], [-0.14327, -6.40873, 4.91105, 5.85673, -4.40873, 10.911], [11.9595, 0.909236, -15.801, 15.9595, 4.90924, -10.801]], "line_of_sight": [[0, 0, 0, 0, 0, 502]]}