{"time_step": 1e-05, "number_of_molecules": 500000, "diff_coef": 150, "sim_time": 4.01111, "absorbers": [[7.74009, 1.24169, 6.2088, 5], [3.84566, -0.837413, 19.6089, 6], [-0.0942779, 0.408452, -12.9932, 6], [2.99492, 10.6961, -11.5162, 4], [22.8792, 1.79834, 1.51935, 4], [-21.1707, 12.1279, 8.98422, 7]], "reflectors": [[10.3566, 12.196, -0.00581376, 6], [-7.42979, 20.6577, 1.43517, 7], [2.83369, 0.797625, -25.8328, 7]], "reflector_prisms": [], "absorber_prisms": [], "line_of_sight": [[95, 144, 0, 0, 0, 496], [500, 564, 158, 0, 0, 500], [136, 159, 34, 0, 0, 500], [0, 0, 0, 0, 0, 501], [123, 123, 0, 0, 0, 499], [0, 0, 0, 0, 0, 501]]}