{"time_step": 1e-05, "number_of_molecules": 500000, "diff_coef": 150, "sim_time": 0.4, "absorbers": [[-3.16405, 11.223, 2.83414, 6]], "reflectors": [[3.80915, 5.82284, 19.8138, 6]], "reflector_prisms": [[-10.1694, -2.09774, -5.90186, -7.16936, 3.90226, -3.90186]], "absorber_prisms": [[-5.30979, -15.1813, -9.58472, -0.309787, -11.1813, -3.58472]], "line_of_sight": [[0, 0, 0, 0, 0, 501]]}