{
"time_step": 1e-05,
"number_of_molecules": 500000,
"diff_coef": 350,
"sim_time": 0.685714,
"absorbers": [
[3.35709,-1.23572,-15.595,4],
[-11.866,6.8202,-2.9466,4]
],
"reflectors": [
],
"reflector_prisms": [
[-1.28408,-4.54007,-21.3918,1.71592,0.459927,-17.3918],
[0.580853,15.2897,-1.33341,4.58085,18.2897,2.66659],
[-5.99709,-4.37517,13.8586,-3.99709,-2.37517,16.8586]
],
"absorber_prisms": [
[-1.13829,-2.01134,16.4995,0.861712,1.98866,19.4995]
]
}