{"time_step": 1e-05, "number_of_molecules": 500000, "diff_coef": 150, "sim_time": 1.34444, "absorbers": [[-5.31629, 10.3321, 9.48607, 4]], "reflectors": [], "reflector_prisms": [[1.49745, -10.7759, -2.55553, 7.49745, -4.77588, 1.44447], [7.15364, -1.59183, 15.7069, 13.1536, 3.40817, 18.7069], [6.01299, -12.1954, -20.3205, 9.01299, -6.19544, -14.3205], [9.83102, 2.118, 5.79266, 12.831, 5.118, 10.7927]], "absorber_prisms": [], "line_of_sight": [[0, 0, 0, 0, 0, 496]]}