{
"time_step": 1e-05,
"number_of_molecules": 500000,
"diff_coef": 100,
"sim_time": 2.01667,
"absorbers": [
[0.581098,0.25458,12.9845,2]
],
"reflectors": [
[-7.56346,-16.6307,-5.21674,3]
],
"reflector_prisms": [
[-2.77631,4.7944,-5.48578,-0.77631,9.7944,-2.48578],
[2.83113,4.71254,-22.7831,8.83113,7.71254,-17.7831],
[-3.28892,-0.571802,6.27093,-0.28892,1.4282,8.27093]
],
"absorber_prisms": [
]
}