{"time_step": 1e-05, "number_of_molecules": 500000, "diff_coef": 350, "sim_time": 1.54286, "absorbers": [[8.59575, -20.0366, 7.32444, 5]], "reflectors": [[-15.5574, -4.40474, 11.7714, 4], [8.0336, -0.088805, 14.9818, 3]], "reflector_prisms": [], "absorber_prisms": [[-1.79445, -1.10288, 17.9513, 2.20555, 3.89712, 22.9513]], "line_of_sight": [[0, 0, 0, 0, 0, 499]]}