{
"time_step": 1e-05,
"number_of_molecules": 500000,
"diff_coef": 100,
"sim_time": 2.81667,
"absorbers": [
[-12.8576,1.81847,10.9715,4]
],
"reflectors": [
],
"reflector_prisms": [
[5.4885,6.36464,-10.6606,9.4885,8.36464,-4.66057]
],
"absorber_prisms": [
[-13.6027,11.6684,0.996382,-9.60269,14.6684,6.99638]
]
}