{
"time_step": 1e-05,
"number_of_molecules": 500000,
"diff_coef": 300,
"sim_time": 0.355556,
"absorbers": [
[10.3785,5.96319,-0.853327,4]
],
"reflectors": [
[6.1618,13.5295,1.9961,3]
],
"reflector_prisms": [
[-12.4093,-1.62924,-7.33429,-7.40931,1.37076,-4.33429]
],
"absorber_prisms": [
[4.65075,1.24145,-10.3098,8.65075,3.24145,-5.30983],
[-16.9235,-8.64672,5.3039,-11.9235,-6.64672,7.3039]
]
}