{"time_step": 1e-05, "number_of_molecules": 500000, "diff_coef": 150, "sim_time": 0.544444, "absorbers": [[0.309605, 7.83159, 4.42383, 2]], "reflectors": [[15.1886, -2.99518, -12.6624, 3]], "reflector_prisms": [], "absorber_prisms": [[8.75541, -9.42427, -2.05849, 10.7554, -4.42427, 3.94151]], "line_of_sight": [[0, 0, 0, 0, 0, 498]]}