{
"time_step": 1e-05,
"number_of_molecules": 500000,
"diff_coef": 350,
"sim_time": 0.933333,
"absorbers": [
[1.88961,2.43461,-8.45589,4],
[-7.86986,-4.36882,16.7326,5]
],
"reflectors": [
],
"reflector_prisms": [
[1.58826,-9.78791,-10.4014,4.58826,-3.78791,-8.40143],
[-0.870556,-8.43883,12.2443,3.12944,-6.43883,18.2443]
],
"absorber_prisms": [
]
}