{"time_step": 1e-05, "number_of_molecules": 500000, "diff_coef": 100, "sim_time": 2.81667, "absorbers": [[14.4917, -5.51139, -3.95147, 5], [0.372517, -13.5405, 11.854, 5]], "reflectors": [[0.688307, 0.557357, 14.9738, 4], [-1.13055, 0.82949, -11.9178, 6]], "reflector_prisms": [], "absorber_prisms": [], "line_of_sight": [[0, 0, 0, 0, 0, 501], [25, 0, 25, 0, 0, 503]]}