{
"time_step": 1e-05,
"number_of_molecules": 500000,
"diff_coef": 400,
"sim_time": 0.6,
"absorbers": [
[-0.274938,-9.14403,9.2364,4],
[-8.11488,9.61684,-6.1372,2]
],
"reflectors": [
[5.64823,5.72432,10.2142,3]
],
"reflector_prisms": [
],
"absorber_prisms": [
[-2.23654,1.82486,-15.4653,1.76346,5.82486,-11.4653],
[11.3681,-6.40493,-2.24214,13.3681,-4.40493,2.75786],
[-4.46808,0.835034,11.3344,1.53192,6.83503,13.3344]
]
}