{
"time_step": 1e-05,
"number_of_molecules": 500000,
"diff_coef": 150,
"sim_time": 2.84444,
"absorbers": [
[-10.0802,12.6134,-7.95563,2]
],
"reflectors": [
[1.88863,6.32383,7.51281,4],
[-7.19702,0.178563,18.6593,4],
[-10.1704,-6.3482,0.513917,2],
[11.6492,0.396803,-7.75491,6],
[-3.39921,2.15837,-19.5905,3]
],
"reflector_prisms": [
],
"absorber_prisms": [
]
}