{"time_step": 1e-05, "number_of_molecules": 500000, "diff_coef": 400, "sim_time": 0.104167, "absorbers": [[2.6355, -6.61711, -7.01911, 5]], "reflectors": [[-0.162076, 2.95549, -20.7904, 5], [-9.35155, -12.153, 4.56655, 6], [-2.00791, 0.719593, 14.8476, 3]], "reflector_prisms": [], "absorber_prisms": [[10.1113, 10.8347, -3.67306, 15.1113, 12.8347, -1.67306]], "line_of_sight": [[9, 0, 9, 0, 0, 503]]}