{
"time_step": 1e-05,
"number_of_molecules": 500000,
"diff_coef": 150,
"sim_time": 3.6,
"absorbers": [
[-2.78915,-1.36335,14.6752,5],
[14.9426,8.10647,-0.0672969,6],
[-20.31,-8.59671,6.52703,5],
[11.4591,-8.20498,-5.13486,4],
[-16.6027,-5.78694,-14.8277,6]
],
"reflectors": [
],
"reflector_prisms": [
],
"absorber_prisms": [
]
}