{
"time_step": 1e-05,
"number_of_molecules": 500000,
"diff_coef": 300,
"sim_time": 0.272222,
"absorbers": [
[0.0129197,3.28996,8.37711,3],
[5.76117,-6.8686,6.37427,4]
],
"reflectors": [
[5.07401,-0.892655,-11.9356,3]
],
"reflector_prisms": [
[-1.48015,-4.3548,7.54818,0.519851,-1.3548,10.5482]
],
"absorber_prisms": [
]
}