{
"time_step": 1e-05,
"number_of_molecules": 500000,
"diff_coef": 150,
"sim_time": 3.21111,
"absorbers": [
[1.47131,6.36871,17.8403,2]
],
"reflectors": [
[10.6697,2.43824,4.92067,6]
],
"reflector_prisms": [
],
"absorber_prisms": [
[-1.46097,-4.06082,-14.7981,4.53903,0.939183,-8.7981],
[-1.452,3.4998,-9.86546,1.548,8.4998,-4.86546],
[3.81003,8.82622,-5.63092,8.81003,11.8262,-0.630923]
]
}