{
"time_step": 1e-05,
"number_of_molecules": 500000,
"diff_coef": 350,
"sim_time": 0.304762,
"absorbers": [
[3.09901,5.50984,-9.0021,3]
],
"reflectors": [
],
"reflector_prisms": [
[0.249713,-4.33655,-19.3568,3.24971,1.66345,-14.3568],
[10.8257,-4.79821,-9.55124,16.8257,-0.798206,-5.55124],
[-1.95998,-1.98814,-12.9999,2.04002,2.01186,-7.99992]
],
"absorber_prisms": [
]
}