{"time_step": 1e-05, "number_of_molecules": 500000, "diff_coef": 50, "sim_time": 0.833333, "absorbers": [[0.541337, -3.80628, 5.84972, 2]], "reflectors": [], "reflector_prisms": [[-12.7332, -9.94878, -3.84799, -8.73319, -3.94878, -0.847989], [-10.2961, -3.85592, 6.03034, -8.29613, -1.85592, 8.03034], [-4.15328, -14.6718, -0.614208, 0.846723, -10.6718, 5.38579]], "absorber_prisms": [], "line_of_sight": [[0, 0, 0, 0, 0, 501]]}