{"time_step": 1e-05, "number_of_molecules": 500000, "diff_coef": 50, "sim_time": 12.0333, "absorbers": [[-8.42545, 13.5844, 16.5371, 4]], "reflectors": [[-15.6607, -6.08223, 10.8513, 2], [5.07375, -11.0579, -8.77378, 2]], "reflector_prisms": [], "absorber_prisms": [[4.56835, -7.24325, 6.25814, 7.56835, -5.24325, 10.2581], [1.29535, 0.326709, 15.7524, 3.29535, 3.32671, 18.7524], [-1.43389, -22.9379, -1.97529, 4.56611, -20.9379, 3.02471]], "line_of_sight": [[105, 0, 105, 0, 0, 501]]}