{
"time_step": 1e-05,
"number_of_molecules": 500000,
"diff_coef": 50,
"sim_time": 9.63333,
"absorbers": [
[6.11583,-1.23934,11.4044,3],
[-0.847783,-10.9005,15.539,2]
],
"reflectors": [
[11.5871,-10.6944,-8.68151,6]
],
"reflector_prisms": [
],
"absorber_prisms": [
[-1.09286,-2.7263,8.90266,2.90714,0.273703,14.9027],
[3.42424,-8.2382,-1.71521,7.42424,-3.2382,4.28479],
[-7.07206,-7.09002,-0.548899,-2.07206,-5.09002,5.4511]
]
}