{"time_step": 1e-05, "number_of_molecules": 500000, "diff_coef": 50, "sim_time": 1.63333, "absorbers": [[-9.5487, 5.87823, -6.5779, 6]], "reflectors": [], "reflector_prisms": [[9.3719, -1.401, -10.4194, 14.3719, 1.599, -4.41945]], "absorber_prisms": [[-1.38157, -2.03501, 5.98645, 1.61843, 2.96499, 10.9864], [3.39902, 1.24477, 10.6133, 7.39902, 5.24477, 16.6133], [0.22259, -4.69456, 17.8455, 2.22259, 0.305443, 22.8455]], "line_of_sight": [[0, 0, 0, 0, 0, 499]]}