{"time_step": 1e-05, "number_of_molecules": 500000, "diff_coef": 100, "sim_time": 4.81667, "absorbers": [[-2.20272, -22.3645, -4.89643, 6]], "reflectors": [[7.16682, -3.10384, -19.4937, 3]], "reflector_prisms": [[-4.64529, -13.3718, -2.68913, 1.35471, -8.37182, 3.31087], [-8.81266, 5.31837, -2.97741, -3.81266, 8.31837, -0.977414], [-10.1095, -2.14891, 6.61521, -5.10953, 2.85109, 10.6152]], "absorber_prisms": [], "line_of_sight": [[305, 0, 0, 0, 305, 499]]}