{
"time_step": 1e-05,
"number_of_molecules": 500000,
"diff_coef": 200,
"sim_time": 1.875,
"absorbers": [
[3.77238,-1.8856,12.2969,4],
[-6.67213,16.3408,-7.03286,7],
[-7.88942,4.39287,14.4035,6],
[5.81941,-12.3679,15.9427,6]
],
"reflectors": [
],
"reflector_prisms": [
],
"absorber_prisms": [
]
}