{
"time_step": 1e-05,
"number_of_molecules": 500000,
"diff_coef": 150,
"sim_time": 1.34444,
"absorbers": [
[-3.35225,-10.848,6.33117,2],
[-0.958965,9.03127,-7.84325,3]
],
"reflectors": [
],
"reflector_prisms": [
[9.15972,1.25101,8.78902,14.1597,6.25101,14.789],
[-8.99719,-5.19787,4.63971,-4.99719,-2.19787,10.6397],
[-5.82227,6.4105,5.35878,-2.82227,12.4105,10.3588],
[10.8206,-3.49422,13.4074,13.8206,-1.49422,16.4074]
],
"absorber_prisms": [
]
}