{
"time_step": 1e-05,
"number_of_molecules": 500000,
"diff_coef": 200,
"sim_time": 2.13333,
"absorbers": [
[1.63575,0.137038,13.9034,2],
[8.61293,6.18965,-15.7641,3]
],
"reflectors": [
[0.386634,-0.205697,-12.9926,4]
],
"reflector_prisms": [
[-10.7329,8.92046,11.7788,-5.73287,11.9205,16.7788]
],
"absorber_prisms": [
]
}