{"time_step": 1e-05, "number_of_molecules": 500000, "diff_coef": 250, "sim_time": 0.54, "absorbers": [[-9.18852, -7.41714, -2.13475, 3]], "reflectors": [[0.590902, 2.25506, -15.8293, 2], [0.409674, 0.837071, -22.9811, 5]], "reflector_prisms": [[-18.4647, -8.07339, -7.0072, -13.4647, -3.07339, -2.0072]], "absorber_prisms": [[8.60561, -6.72612, 12.4086, 11.6056, -1.72612, 17.4086], [-3.44298, -14.5854, -7.45754, 2.55702, -11.5854, -2.45754]], "line_of_sight": [[0, 0, 0, 0, 0, 500]]}