{
"time_step": 1e-05,
"number_of_molecules": 500000,
"diff_coef": 400,
"sim_time": 0.9375,
"absorbers": [
[-4.64026,-6.73412,-16.0349,3]
],
"reflectors": [
[4.40172,-8.31828,3.38099,3],
[2.02419,0.28248,-15.8689,3],
[1.47672,-1.08124,18.9116,6]
],
"reflector_prisms": [
],
"absorber_prisms": [
[-0.242934,5.72718,-1.67748,3.75707,11.7272,4.32252],
[14.2323,-7.20124,-3.51521,16.2323,-1.20124,-1.51521]
]
}