{"time_step": 1e-05, "number_of_molecules": 500000, "diff_coef": 150, "sim_time": 4.01111, "absorbers": [[-0.260224, 17.8904, -6.39267, 2], [9.05682, 9.58197, -16.345, 2]], "reflectors": [[10.1847, -3.73266, -7.16519, 4]], "reflector_prisms": [[-1.5996, -0.00017276, 6.84794, 2.4004, 2.99983, 8.84794], [-10.1886, -4.3033, 8.3916, -7.18865, -0.303302, 10.3916]], "absorber_prisms": [], "line_of_sight": [[0, 0, 0, 0, 0, 497], [0, 0, 0, 0, 0, 500]]}