{"time_step": 1e-05, "number_of_molecules": 500000, "diff_coef": 400, "sim_time": 0.9375, "absorbers": [[-9.54335, -12.3901, -6.66406, 6], [-4.00966, -0.355441, 11.3047, 5], [-1.86873, -16.8194, 1.61747, 6], [-9.24147, 10.1493, -15.893, 6], [13.1365, -4.2341, -9.92494, 6], [2.00888, -9.65813, 12.597, 3], [-2.42098, -2.49729, -8.30075, 3]], "reflectors": [[-0.934861, 13.3478, 10.4863, 6], [10.5232, 2.92498, 1.30607, 6], [-10.3974, 3.58702, -0.165091, 5], [10.1235, -21.2417, 4.72293, 6], [-8.99382, -1.11353, -9.32048, 2], [8.39574, -2.69112, 12.1355, 6]], "reflector_prisms": [], "absorber_prisms": [], "line_of_sight": [[202, 0, 202, 0, 0, 503], [125, 125, 0, 0, 0, 499], [38, 0, 38, 0, 0, 498], [340, 85, 255, 0, 0, 497], [221, 95, 136, 0, 0, 501], [155, 155, 0, 0, 0, 502], [197, 62, 135, 0, 0, 503]]}