{
"time_step": 1e-05,
"number_of_molecules": 500000,
"diff_coef": 100,
"sim_time": 4.26667,
"absorbers": [
[-3.62541,9.57584,-14.804,5],
[-1.55045,-0.460586,-8.85347,4],
[10.8473,-0.93251,-5.04638,2],
[13.9866,6.08662,-15.8533,6],
[4.99937,-8.45028,-11.3402,2],
[21.1084,5.83269,2.10074,6],
[-10.0887,-11.96,3.34295,6],
[-11.5829,-2.14778,-5.49767,3]
],
"reflectors": [
[3.14042,-14.3295,-16.3952,4],
[-1.85473,7.28348,17.4502,4],
[-12.3364,8.00632,-2.95175,4],
[-7.29127,11.0011,12.2398,4],
[0.228462,-8.93427,4.48628,2],
[6.83205,0.537167,-7.28248,2]
],
"reflector_prisms": [
],
"absorber_prisms": [
]
}