{"time_step": 1e-05, "number_of_molecules": 500000, "diff_coef": 250, "sim_time": 2.40667, "absorbers": [[-15.6421, -1.72365, -6.43059, 5], [-6.38534, 1.18761, 21.0194, 6], [1.5253, 8.47478, 21.3272, 4], [-20.8206, 4.17889, 5.74784, 4]], "reflectors": [[5.88359, 7.03569, -13.1104, 4]], "reflector_prisms": [], "absorber_prisms": [], "line_of_sight": [[0, 0, 0, 0, 0, 497], [5, 0, 5, 0, 0, 499], [0, 0, 0, 0, 0, 502], [0, 0, 0, 0, 0, 500]]}