{"time_step": 1e-05, "number_of_molecules": 500000, "diff_coef": 300, "sim_time": 1.60556, "absorbers": [[-2.30396, -0.736048, -9.70309, 5], [-0.0117566, -6.30721, 11.3675, 2], [8.67702, -3.40562, -5.84046, 6], [7.7015, 14.0378, 5.71191, 4], [-5.69004, -1.31689, 11.6142, 2], [9.8896, 7.40409, -13.091, 2], [4.45052, 3.04202, 10.721, 2], [-11.4908, 5.35265, -14.1531, 2]], "reflectors": [[-4.39507, -2.32244, 19.3724, 4]], "reflector_prisms": [], "absorber_prisms": [], "line_of_sight": [[112, 50, 62, 0, 0, 500], [93, 93, 0, 0, 0, 501], [23, 23, 0, 0, 0, 499], [0, 0, 0, 0, 0, 501], [273, 112, 161, 0, 0, 498], [0, 0, 0, 0, 0, 502], [497, 497, 0, 0, 0, 497], [136, 136, 0, 0, 0, 501]]}