{
"time_step": 1e-05,
"number_of_molecules": 500000,
"diff_coef": 300,
"sim_time": 0.938889,
"absorbers": [
[10.4811,10.0744,6.68235,3]
],
"reflectors": [
[2.0105,-8.68727,-14.4737,2],
[9.17618,-7.71339,-0.549005,4]
],
"reflector_prisms": [
[-0.132924,-6.34982,-9.87822,2.86708,-1.34982,-3.87822],
[-5.59283,1.71057,-20.5016,-2.59283,7.71057,-17.5016],
[-1.01076,-2.838,13.9992,0.98924,3.162,19.9992]
],
"absorber_prisms": [
]
}