{
"time_step": 1e-05,
"number_of_molecules": 500000,
"diff_coef": 400,
"sim_time": 1.20417,
"absorbers": [
[0.358181,-0.0975398,-15.9957,4],
[7.25954,13.9176,12.3935,7],
[-11.504,15.536,8.203,7],
[-1.71393,2.31865,21.8102,5],
[-10.1727,-3.72162,5.16395,4]
],
"reflectors": [
[2.5689,17.7728,-8.805,4]
],
"reflector_prisms": [
],
"absorber_prisms": [
]
}