{
"time_step": 1e-05,
"number_of_molecules": 500000,
"diff_coef": 50,
"sim_time": 4.8,
"absorbers": [
[5.83022,1.361,-6.71983,4],
[10.7595,-11.2736,-10.8692,7],
[4.88249,8.91494,12.3566,5],
[-7.08578,-7.83997,3.05395,6]
],
"reflectors": [
[-0.211941,-0.0121659,-21.999,5]
],
"reflector_prisms": [
],
"absorber_prisms": [
]
}