{"time_step": 1e-05, "number_of_molecules": 500000, "diff_coef": 250, "sim_time": 2.16, "absorbers": [[-0.566202, -0.537827, -8.96606, 4], [0.139181, -0.153765, -22.9991, 5], [4.02826, 0.659052, 11.2844, 4], [-11.3088, 8.21213, -9.67843, 2]], "reflectors": [], "reflector_prisms": [], "absorber_prisms": [[-8.56078, -2.21446, -4.4311, -4.56078, 1.78554, -0.431096]], "line_of_sight": [[173, 181, 0, 0, 0, 501], [501, 698, 0, 0, 0, 501], [306, 407, 0, 0, 0, 499], [0, 0, 0, 0, 0, 498]]}