{
"time_step": 1e-05,
"number_of_molecules": 500000,
"diff_coef": 250,
"sim_time": 1.70667,
"absorbers": [
[-12.9002,8.33575,15.7512,6],
[2.41288,-3.99549,-13.199,5]
],
"reflectors": [
[1.30995,3.88621,-12.3362,2]
],
"reflector_prisms": [
],
"absorber_prisms": [
[12.1689,6.19283,8.02263,18.1689,9.19283,13.0226],
[15.4471,1.47412,-5.81868,21.4471,3.47412,-1.81868],
[-6.20557,-16.1383,-4.99846,-1.20557,-13.1383,-1.99846]
]
}