{
"time_step": 1e-05,
"number_of_molecules": 500000,
"diff_coef": 300,
"sim_time": 0.555556,
"absorbers": [
[-8.68317,9.39066,-5.69369,4]
],
"reflectors": [
],
"reflector_prisms": [
[0.296339,9.49055,1.04431,2.29634,11.4906,5.04431],
[16.3681,-1.04042,-3.6445,18.3681,0.959583,-0.644502],
[12.1066,-15.5343,-7.71075,14.1066,-10.5343,-4.71075]
],
"absorber_prisms": [
[8.04102,15.4512,-9.9005,10.041,17.4512,-3.9005],
[4.4698,0.465316,-6.01813,9.4698,6.46532,-3.01813]
]
}