{
"time_step": 1e-05,
"number_of_molecules": 500000,
"diff_coef": 50,
"sim_time": 7.5,
"absorbers": [
[-7.67896,4.4588,-19.0303,6]
],
"reflectors": [
[3.12621,-1.04062,14.6337,4]
],
"reflector_prisms": [
[9.10069,1.19652,-6.7436,12.1007,7.19652,-0.743597],
[14.248,-10.6357,-11.0542,16.248,-6.63568,-6.05418]
],
"absorber_prisms": [
]
}