{
"time_step": 1e-05,
"number_of_molecules": 500000,
"diff_coef": 250,
"sim_time": 0.166667,
"absorbers": [
[-8.81653,3.00315,3.64005,5]
],
"reflectors": [
[-6.30779,17.2892,-4.72196,2],
[-12.3415,-18.9391,8.0623,6]
],
"reflector_prisms": [
],
"absorber_prisms": [
]
}