{
"time_step": 1e-05,
"number_of_molecules": 500000,
"diff_coef": 150,
"sim_time": 3.6,
"absorbers": [
[-12.174,9.19227,-11.3268,6],
[3.66108,-15.7084,-7.99014,4],
[6.17958,-13.0435,19.175,6]
],
"reflectors": [
],
"reflector_prisms": [
[-0.786738,-2.54866,20.4881,2.21326,2.45134,22.4881],
[3.38925,-1.57704,-10.7919,6.38925,1.42296,-7.7919]
],
"absorber_prisms": [
]
}