{"time_step": 1e-05, "number_of_molecules": 500000, "diff_coef": 250, "sim_time": 2.40667, "absorbers": [[3.27044, 2.18854, -23.6752, 6], [-19.9656, 6.17807, -2.05134, 2]], "reflectors": [[-5.22245, -1.03788, -12.9479, 4], [-6.31198, 8.7572, -16.8366, 4], [2.06471, 3.30105, 13.4477, 2]], "reflector_prisms": [], "absorber_prisms": [], "line_of_sight": [[0, 0, 0, 0, 0, 500], [0, 0, 0, 0, 0, 499]]}