{
"time_step": 1e-05,
"number_of_molecules": 500000,
"diff_coef": 200,
"sim_time": 2.7,
"absorbers": [
[1.6075,4.65303,-18.3512,7],
[-6.17188,-22.1165,1.32958,5],
[-1.96868,-0.567492,16.8761,5],
[-5.38804,-8.80751,7.89917,5]
],
"reflectors": [
[21.32,13.6677,-5.88675,7],
[10.4925,11.3906,7.01165,5],
[5.60728,-6.83238,8.11646,6]
],
"reflector_prisms": [
],
"absorber_prisms": [
]
}