{"time_step": 1e-05, "number_of_molecules": 500000, "diff_coef": 200, "sim_time": 2.40833, "absorbers": [[1.89346, -11.4547, -16.2851, 4], [-21.087, 2.37668, -5.80418, 5], [8.30761, 6.74339, -5.43233, 2]], "reflectors": [], "reflector_prisms": [[0.461726, -16.5849, -13.9342, 4.46173, -11.5849, -7.93415], [-2.08537, -1.30017, 14.9921, 2.91463, 0.699827, 17.9921]], "absorber_prisms": [], "line_of_sight": [[80, 0, 0, 0, 80, 504], [0, 0, 0, 0, 0, 499], [0, 0, 0, 0, 0, 503]]}