{
"time_step": 1e-05,
"number_of_molecules": 500000,
"diff_coef": 200,
"sim_time": 2.40833,
"absorbers": [
[-0.0263633,-1.4387,9.89593,4],
[-12.8938,-10.4751,12.8462,4],
[-20.6707,-3.65367,-0.611846,6]
],
"reflectors": [
[-3.20287,10.9489,16.4275,7]
],
"reflector_prisms": [
],
"absorber_prisms": [
]
}