{"time_step": 1e-05, "number_of_molecules": 500000, "diff_coef": 100, "sim_time": 6.01667, "absorbers": [[-10.8719, 8.19988, 8.40022, 5], [-11.7713, -19.2986, -4.24289, 4], [-0.27216, -22.4521, 8.47516, 7], [-10.3231, 1.78928, 21.5924, 5], [-11.444, 3.33668, -12.1203, 4], [0.46863, -3.29736, -12.5661, 5]], "reflectors": [], "reflector_prisms": [], "absorber_prisms": [], "line_of_sight": [[0, 0, 0, 0, 0, 500], [0, 0, 0, 0, 0, 502], [0, 0, 0, 0, 0, 501], [171, 171, 0, 0, 0, 502], [0, 0, 0, 0, 0, 499], [71, 71, 0, 0, 0, 502]]}