{
"time_step": 1e-05,
"number_of_molecules": 500000,
"diff_coef": 150,
"sim_time": 2.5,
"absorbers": [
[-9.15192,-3.58711,-1.83713,4],
[8.12821,3.215,2.14383,4],
[-2.34979,1.36334,-17.7938,3]
],
"reflectors": [
],
"reflector_prisms": [
[1.22683,-19.6927,3.12828,5.22683,-15.6927,9.12828]
],
"absorber_prisms": [
]
}