{
"time_step": 1e-05,
"number_of_molecules": 500000,
"diff_coef": 350,
"sim_time": 1.71905,
"absorbers": [
[0.905453,0.59219,10.9467,5],
[-14.8364,-2.98243,17.3201,4],
[-19.9282,-6.52515,-1.13487,5],
[-14.2411,10.1767,11.6029,6],
[10.3064,-6.14464,0.149707,5]
],
"reflectors": [
[-11.6613,0.935265,-12.3345,7]
],
"reflector_prisms": [
],
"absorber_prisms": [
]
}