{"time_step": 1e-05, "number_of_molecules": 500000, "diff_coef": 150, "sim_time": 0.711111, "absorbers": [[-6.63147, -0.735701, -4.41388, 2], [-2.27933, 5.03384, -9.51131, 4], [-7.27369, -6.75913, 1.18645, 2], [0.271645, 1.43535, 9.89272, 3]], "reflectors": [], "reflector_prisms": [[-17.9148, 12.6368, 3.87846, -11.9148, 16.6368, 9.87846]], "absorber_prisms": [], "line_of_sight": [[0, 0, 0, 0, 0, 499], [21, 21, 0, 0, 0, 499], [0, 0, 0, 0, 0, 499], [27, 27, 0, 0, 0, 500]]}