{
"time_step": 1e-05,
"number_of_molecules": 500000,
"diff_coef": 50,
"sim_time": 8.53333,
"absorbers": [
[-0.82631,9.59274,-5.31945,6],
[9.79936,6.17523,-12.4434,3],
[18.1929,1.66386,5.22014,5],
[-16.5138,-3.87521,-10.5961,4]
],
"reflectors": [
[-0.818401,-0.068151,-15.9789,6],
[9.29606,-19.0785,-8.86528,5],
[1.08973,-9.67639,-8.61277,6],
[-19.2041,-10.7242,-0.440427,5],
[-4.69013,-8.93462,-18.4167,3],
[-0.43786,-8.04875,8.88965,3]
],
"reflector_prisms": [
],
"absorber_prisms": [
]
}