{"time_step": 1e-05, "number_of_molecules": 500000, "diff_coef": 350, "sim_time": 1.54286, "absorbers": [[-4.59311, 15.3937, 15.0312, 4]], "reflectors": [[0.549491, 0.504938, -13.9801, 5], [1.14775, 8.96307, 7.89595, 4]], "reflector_prisms": [[6.45618, -2.45527, -2.70004, 11.4562, 3.54473, 1.29996]], "absorber_prisms": [[-11.4862, -3.64053, -21.284, -8.48617, -1.64053, -15.284]], "line_of_sight": [[249, 0, 249, 0, 0, 498]]}