{"time_step": 1e-05, "number_of_molecules": 500000, "diff_coef": 150, "sim_time": 4.01111, "absorbers": [[-5.23242, -3.81661, -10.1022, 2], [7.10178, -13.3571, -9.75468, 2], [8.78775, -1.79448, 7.97216, 2], [-1.03682, -0.691361, -19.9611, 3], [6.47237, -1.08145, -23.0855, 5], [-8.68967, -0.913103, 14.5827, 6], [-6.1376, 13.2447, -3.45081, 3], [5.30343, 15.0907, -0.381246, 6]], "reflectors": [], "reflector_prisms": [], "absorber_prisms": [], "line_of_sight": [[0, 0, 0, 0, 0, 499], [0, 0, 0, 0, 0, 497], [0, 0, 0, 0, 0, 500], [53, 53, 0, 0, 0, 501], [332, 332, 0, 0, 0, 502], [109, 109, 0, 0, 0, 503], [0, 0, 0, 0, 0, 501], [0, 0, 0, 0, 0, 497]]}