{"time_step": 1e-05, "number_of_molecules": 500000, "diff_coef": 300, "sim_time": 1.08889, "absorbers": [[-4.51273, 1.07138, 9.97434, 4], [-18.936, 1.35273, -6.29274, 6], [9.09006, -6.47989, 6.66197, 2]], "reflectors": [], "reflector_prisms": [[5.25947, 1.21088, -0.428319, 7.25947, 4.21088, 3.57168]], "absorber_prisms": [], "line_of_sight": [[0, 0, 0, 0, 0, 499], [0, 0, 0, 0, 0, 499], [0, 0, 0, 0, 0, 502]]}