{"time_step": 1e-05, "number_of_molecules": 500000, "diff_coef": 200, "sim_time": 2.40833, "absorbers": [[-21.1223, -3.26092, 10.9185, 7], [8.59049, -8.14931, -1.94737, 7], [-16.7668, 7.60934, -10.0981, 7], [10.5053, 11.8979, -2.01989, 5], [7.70879, 16.8273, 11.8919, 5]], "reflectors": [[1.40155, 20.3762, -8.17585, 5], [2.6263, 7.18917, -9.24221, 4], [11.9677, 5.52493, 15.0416, 6], [10.7418, -8.50062, 18.4758, 7], [-13.7804, 18.3433, 1.6198, 4]], "reflector_prisms": [], "absorber_prisms": [], "line_of_sight": [[9, 9, 0, 0, 0, 500], [79, 74, 5, 0, 0, 498], [261, 155, 106, 0, 0, 502], [0, 0, 0, 0, 0, 498], [0, 0, 0, 0, 0, 501]]}