{
"time_step": 1e-05,
"number_of_molecules": 500000,
"diff_coef": 200,
"sim_time": 0.3,
"absorbers": [
[-1.45924,8.55691,-2.37696,3],
[6.19878,-6.51631,-0.335898,4]
],
"reflectors": [
],
"reflector_prisms": [
[-9.22156,3.57587,-16.3443,-5.22156,7.57587,-12.3443]
],
"absorber_prisms": [
[14.9698,-11.1182,5.86279,16.9698,-7.11824,9.86279],
[-8.87146,-5.17947,-19.8525,-2.87146,-1.17947,-17.8525]
]
}