{
"time_step": 1e-05,
"number_of_molecules": 500000,
"diff_coef": 350,
"sim_time": 1.54286,
"absorbers": [
[10.1024,3.08056,-13.3211,6],
[-3.03137,-1.87398,10.4067,6],
[-4.66768,5.75924,-11.8762,6],
[-1.24818,15.0306,11.5552,4],
[1.60807,0.629089,22.9351,5]
],
"reflectors": [
[-8.65169,8.26331,7.2709,5],
[16.2799,11.6173,0.0374435,4],
[-13.7735,-3.44259,-4.84133,6]
],
"reflector_prisms": [
],
"absorber_prisms": [
]
}