{"time_step": 1e-05, "number_of_molecules": 500000, "diff_coef": 300, "sim_time": 1.8, "absorbers": [[-1.87811, 9.34776, 19.8265, 4], [-6.87191, 7.66853, 6.16202, 6], [-9.05297, -7.88111, 14.7286, 2], [8.49135, 3.74109, -13.0346, 4], [-3.29731, -2.74669, 21.5774, 4], [2.78134, 6.42093, 0.189298, 2], [9.05918, -14.3626, -8.52323, 3], [17.1666, 0.0221298, -5.41375, 6]], "reflectors": [[-1.09431, -7.61343, 4.67313, 2], [9.24404, 10.5132, -0.145284, 2], [-2.19603, -10.4724, -2.55095, 2]], "reflector_prisms": [], "absorber_prisms": [], "line_of_sight": [[52, 52, 0, 0, 0, 494], [61, 61, 0, 0, 0, 499], [359, 359, 0, 0, 0, 498], [76, 76, 0, 0, 0, 500], [5, 5, 0, 0, 0, 497], [170, 0, 170, 0, 0, 498], [496, 496, 0, 0, 0, 496], [58, 58, 0, 0, 0, 500]]}