{"time_step": 1e-05, "number_of_molecules": 500000, "diff_coef": 150, "sim_time": 2.5, "absorbers": [[-10.5795, -4.20179, 9.76824, 3], [0.119828, 1.35302, 17.9487, 3]], "reflectors": [], "reflector_prisms": [[-6.72929, -0.113677, 7.92442, -1.72929, 4.88632, 12.9244], [10.9123, -3.45728, -7.77942, 12.9123, 1.54272, -4.77942], [4.20256, -9.41637, -14.431, 6.20256, -7.41637, -9.43097]], "absorber_prisms": [[-1.17732, -1.66652, -10.8838, 3.82268, 0.333477, -7.88383]], "line_of_sight": [[0, 0, 0, 0, 0, 497], [52, 0, 0, 0, 52, 502]]}