{
"time_step": 1e-05,
"number_of_molecules": 500000,
"diff_coef": 100,
"sim_time": 4.26667,
"absorbers": [
[-1.50781,-13.1095,-16.3361,5],
[-0.724237,3.8421,18.5934,5]
],
"reflectors": [
],
"reflector_prisms": [
[-8.65682,-17.4181,-3.25219,-5.65682,-13.4181,2.74781]
],
"absorber_prisms": [
[7.48928,-2.48697,12.2917,12.4893,-0.486967,16.2917]
]
}