{"time_step": 1e-05, "number_of_molecules": 500000, "diff_coef": 350, "sim_time": 1.37619, "absorbers": [[7.25345, -17.2975, 6.94144, 3], [-9.77012, -5.04633, 0.281549, 2]], "reflectors": [[16.8548, 3.95498, 16.6215, 6]], "reflector_prisms": [], "absorber_prisms": [[-3.11514, -16.1881, -4.33143, 0.884856, -13.1881, -1.33143], [-3.04204, -6.78699, 13.0373, 2.95796, -3.78699, 15.0373]], "line_of_sight": [[0, 0, 0, 0, 0, 500], [0, 0, 0, 0, 0, 501]]}