{"time_step": 1e-05, "number_of_molecules": 500000, "diff_coef": 400, "sim_time": 1.50417, "absorbers": [[13.4344, -5.09469, -17.96, 4], [-1.24768, 1.39538, 11.8531, 5], [-13.0072, -8.59136, 3.60585, 7], [-0.952027, -3.58375, -10.3562, 6], [5.09661, 10.8554, -16.0057, 7], [5.87385, -10.7973, -4.23268, 4], [-1.06939, -2.01331, -22.8867, 4]], "reflectors": [[16.0625, 4.19697, -12.8601, 4]], "reflector_prisms": [], "absorber_prisms": [], "line_of_sight": [[103, 152, 0, 0, 0, 499], [404, 434, 0, 0, 0, 499], [52, 0, 52, 0, 0, 499], [161, 179, 0, 0, 0, 498], [57, 57, 0, 0, 0, 497], [0, 0, 0, 0, 0, 501], [497, 994, 0, 0, 0, 497]]}