{
"time_step": 1e-05,
"number_of_molecules": 500000,
"diff_coef": 250,
"sim_time": 1.30667,
"absorbers": [
[4.19367,-0.439909,18.5262,5],
[6.29809,-7.57808,-4.88947,6],
[4.53065,-8.04681,-17.7404,6],
[-1.09006,0.9249,9.89729,4]
],
"reflectors": [
[-5.36903,-5.25568,21.7382,5]
],
"reflector_prisms": [
],
"absorber_prisms": [
]
}