{"time_step": 1e-05, "number_of_molecules": 500000, "diff_coef": 200, "sim_time": 2.7, "absorbers": [[8.38421, 11.9044, -15.1324, 6], [5.12002, -4.91006, -21.8787, 6], [7.53325, -7.78353, -5.16399, 7], [-10.9425, -2.89158, 9.84378, 7], [-8.25895, -14.3258, 3.94466, 6], [-2.73047, 6.50147, -21.8924, 7], [20.8233, -4.99155, 5.0472, 4]], "reflectors": [[0.879184, 18.8271, 14.8582, 6]], "reflector_prisms": [], "absorber_prisms": [], "line_of_sight": [[260, 260, 0, 0, 0, 499], [103, 103, 0, 0, 0, 501], [160, 108, 52, 0, 0, 501], [214, 214, 0, 0, 0, 500], [59, 59, 0, 0, 0, 500], [0, 0, 0, 0, 0, 501], [0, 0, 0, 0, 0, 501]]}