{
"time_step": 1e-05,
"number_of_molecules": 500000,
"diff_coef": 350,
"sim_time": 1.71905,
"absorbers": [
[-1.95744,-0.605719,22.9085,4],
[2.0588,-12.2445,-8.41621,6]
],
"reflectors": [
[-2.06042,11.0751,-4.13484,5]
],
"reflector_prisms": [
[12.9228,10.9358,-4.7131,15.9228,14.9358,0.286902]
],
"absorber_prisms": [
]
}