{
"time_step": 1e-05,
"number_of_molecules": 500000,
"diff_coef": 150,
"sim_time": 4.01111,
"absorbers": [
[-5.62199,-14.5405,-6.77998,7],
[-9.92481,7.0778,11.8492,6],
[-0.662642,-3.6007,13.5128,5],
[9.09952,-13.3278,20.3855,7]
],
"reflectors": [
[0.160576,1.92457,-19.9065,4],
[7.88949,-8.4347,-12.4744,5]
],
"reflector_prisms": [
],
"absorber_prisms": [
]
}