{
"time_step": 1e-05,
"number_of_molecules": 500000,
"diff_coef": 350,
"sim_time": 0.233333,
"absorbers": [
[-10.6872,-4.24452,-7.98551,7]
],
"reflectors": [
[-0.423635,-1.10936,-22.9693,4]
],
"reflector_prisms": [
],
"absorber_prisms": [
]
}