{"time_step": 1e-05, "number_of_molecules": 500000, "diff_coef": 350, "sim_time": 1.21905, "absorbers": [[8.7562, -13.3521, -13.6401, 5], [1.13022, -3.96147, 13.3802, 7], [10.4819, -0.242123, -9.27746, 7]], "reflectors": [[11.7247, 8.45639, -19.1578, 6]], "reflector_prisms": [], "absorber_prisms": [], "line_of_sight": [[55, 55, 0, 0, 0, 503], [86, 48, 63, 0, 0, 500], [133, 72, 82, 0, 0, 498]]}