{
"time_step": 1e-05,
"number_of_molecules": 500000,
"diff_coef": 300,
"sim_time": 1.8,
"absorbers": [
[-13.1039,-0.311309,7.29316,5],
[14.4793,-13.7105,1.53998,2],
[3.19291,-7.26924,-11.531,5]
],
"reflectors": [
[-4.67081,-16.4707,-5.55862,2],
[4.19531,1.54631,15.3626,6],
[20.8793,-3.65007,8.92917,6],
[-5.71769,-1.98339,11.5054,3]
],
"reflector_prisms": [
],
"absorber_prisms": [
]
}