{
"time_step": 1e-05,
"number_of_molecules": 500000,
"diff_coef": 400,
"sim_time": 1.20417,
"absorbers": [
[-1.64046,-6.78283,-20.8639,6],
[-5.68241,3.08152,-14.6361,6],
[-7.08553,-8.18263,-1.95952,5],
[11.4934,-12.4644,-16.9864,7]
],
"reflectors": [
[2.01347,-10.428,-5.58593,5],
[-5.59602,3.82547,13.381,5]
],
"reflector_prisms": [
],
"absorber_prisms": [
]
}