{"time_step": 1e-05, "number_of_molecules": 500000, "diff_coef": 200, "sim_time": 1.63333, "absorbers": [[12.9708, 5.8399, 14.0589, 6]], "reflectors": [], "reflector_prisms": [[1.75002, -2.3565, -20.7004, 4.75002, 0.643499, -16.7004], [0.499812, -15.1572, 4.11791, 4.49981, -10.1572, 9.11791], [-6.13633, 5.05701, -17.5957, -1.13633, 9.05701, -13.5957]], "absorber_prisms": [[2.22668, 8.72959, -16.9602, 8.22668, 10.7296, -13.9602]], "line_of_sight": [[0, 0, 0, 0, 0, 498]]}