{
"time_step": 1e-05,
"number_of_molecules": 500000,
"diff_coef": 350,
"sim_time": 1.71905,
"absorbers": [
[-9.13365,7.367,10.8768,2],
[-20.0979,-4.93548,-7.46428,3]
],
"reflectors": [
[1.55132,3.20034,9.34619,3]
],
"reflector_prisms": [
[-2.60569,-0.533655,-15.2159,0.39431,5.46635,-10.2159],
[4.71395,10.0709,3.37813,7.71395,14.0709,9.37813]
],
"absorber_prisms": [
]
}