{"time_step": 1e-05, "number_of_molecules": 500000, "diff_coef": 350, "sim_time": 0.933333, "absorbers": [[-4.30591, -4.94418, -7.55077, 4], [-10.1526, 0.395706, 6.38506, 5], [12.6644, 0.295573, -16.7489, 7], [3.78641, -2.0204, 17.4809, 4], [-8.39399, 17.0452, 0.0369647, 5], [-0.938201, 6.68559, -8.68462, 4]], "reflectors": [[-4.19197, -15.6205, -5.23697, 6], [19.3922, 4.9086, 6.39114, 4], [-10.5147, 6.3621, -17.0284, 6]], "reflector_prisms": [], "absorber_prisms": [], "line_of_sight": [[65, 0, 65, 0, 0, 498], [150, 150, 0, 0, 0, 500], [229, 229, 0, 0, 0, 499], [169, 55, 122, 0, 0, 501], [0, 0, 0, 0, 0, 500], [106, 33, 78, 0, 0, 501]]}