{
"time_step": 1e-05,
"number_of_molecules": 500000,
"diff_coef": 150,
"sim_time": 2.17778,
"absorbers": [
[-15.9175,-1.21857,-5.84376,3]
],
"reflectors": [
[-5.38808,2.31366,-21.2041,4],
[1.95181,1.84824,-10.6665,5]
],
"reflector_prisms": [
[-23.3367,-7.79937,-1.49479,-18.3367,-2.79937,1.50521],
[-9.80007,-11.6184,-1.91251,-6.80007,-5.61836,0.0874927]
],
"absorber_prisms": [
[7.38198,4.11157,0.812621,10.382,10.1116,6.81262]
]
}