{
"time_step": 1e-05,
"number_of_molecules": 500000,
"diff_coef": 150,
"sim_time": 2.84444,
"absorbers": [
[-16.6571,7.38817,-10.4382,5]
],
"reflectors": [
[-6.78266,-0.911695,-12.2133,5],
[-0.665155,0.346914,20.9866,2],
[-14.1168,-1.42563,7.39486,2],
[5.50762,-8.21081,19.6532,4]
],
"reflector_prisms": [
[-18.4115,-0.848168,-1.60141,-16.4115,4.15183,0.398586]
],
"absorber_prisms": [
]
}