{"time_step": 1e-05, "number_of_molecules": 500000, "diff_coef": 350, "sim_time": 0.47619, "absorbers": [[3.9885, -5.82384, -12.0903, 4]], "reflectors": [[2.52148, -2.40397, 12.5245, 6], [10.3558, -15.5834, -7.06496, 4]], "reflector_prisms": [[-16.3352, -18.1865, -8.26638, -10.3352, -15.1865, -2.26638], [1.81708, 7.40296, 1.28804, 4.81708, 9.40296, 7.28804], [9.52338, 6.43501, -3.81642, 13.5234, 8.43501, -1.81642]], "absorber_prisms": [], "line_of_sight": [[0, 0, 0, 0, 0, 501]]}