{"time_step": 1e-05, "number_of_molecules": 500000, "diff_coef": 150, "sim_time": 3.6, "absorbers": [[0.681989, 4.91526, -10.9259, 4], [5.66581, 10.6623, 8.90017, 7], [-14.6188, 5.79505, -8.75823, 4], [13.9581, -8.52323, -4.63974, 7], [-14.8694, 2.18218, 19.9785, 7]], "reflectors": [[12.3893, 3.08665, 2.44521, 4], [3.05203, -12.6298, 0.415083, 5]], "reflector_prisms": [], "absorber_prisms": [], "line_of_sight": [[0, 0, 0, 0, 0, 498], [0, 0, 0, 0, 0, 499], [0, 0, 0, 0, 0, 503], [0, 0, 0, 0, 0, 500], [0, 0, 0, 0, 0, 500]]}