{
"time_step": 1e-05,
"number_of_molecules": 500000,
"diff_coef": 50,
"sim_time": 9.63333,
"absorbers": [
[-18.8549,1.63283,-1.68174,2],
[3.72376,-17.5837,-0.972504,6],
[0.0944986,0.0415267,-8.99941,2],
[0.487825,1.30133,13.9308,3]
],
"reflectors": [
[-8.44427,2.02912,-15.7663,2],
[-2.51508,-7.38313,1.77868,2],
[-5.85672,-7.37891,-19.8809,6],
[-8.38189,-5.33738,-1.12083,2],
[-7.64223,0.424482,-4.73457,2],
[3.02452,8.06737,-9.73498,4]
],
"reflector_prisms": [
],
"absorber_prisms": [
]
}