{
"time_step": 1e-05,
"number_of_molecules": 500000,
"diff_coef": 250,
"sim_time": 2.40667,
"absorbers": [
[-9.64936,-6.11647,-13.9097,3],
[9.48585,2.78109,-1.51138,5],
[3.32787,7.56766,15.9892,3],
[2.52438,-1.37007,-13.7022,6],
[2.69053,14.688,1.42227,3],
[8.60902,2.51041,14.4424,2],
[5.22666,-7.52576,-6.08645,4],
[-19.8431,10.8583,8.02174,5]
],
"reflectors": [
[3.1036,10.8183,8.32659,3],
[-0.559701,-0.218965,18.9905,5],
[-4.15978,8.58075,3.01114,5]
],
"reflector_prisms": [
],
"absorber_prisms": [
]
}