{"time_step": 1e-05, "number_of_molecules": 500000, "diff_coef": 100, "sim_time": 2.4, "absorbers": [[6.1548, 10.9852, 3.23175, 4], [0.594724, 3.68325, 16.5855, 5]], "reflectors": [[-3.13614, 5.08943, -18.035, 4]], "reflector_prisms": [], "absorber_prisms": [[10.9797, -13.6371, 5.26074, 13.9797, -10.6371, 7.26074]], "line_of_sight": [[0, 0, 0, 0, 0, 501], [3, 0, 3, 0, 0, 500]]}