{"time_step": 1e-05, "number_of_molecules": 500000, "diff_coef": 100, "sim_time": 6.01667, "absorbers": [[-16.4978, -14.4724, 1.53996, 3], [-7.79896, -4.77661, -9.23906, 2], [9.22308, -5.34643, 9.07471, 5], [-6.1766, 4.92924, -10.3224, 4]], "reflectors": [], "reflector_prisms": [], "absorber_prisms": [[0.481535, 3.15838, -22.1472, 3.48153, 8.15838, -19.1472]], "line_of_sight": [[0, 0, 0, 0, 0, 502], [0, 0, 0, 0, 0, 502], [192, 192, 0, 0, 0, 501], [262, 262, 0, 0, 0, 498]]}