{
"time_step": 1e-05,
"number_of_molecules": 500000,
"diff_coef": 100,
"sim_time": 6.01667,
"absorbers": [
[-8.56566,-6.93716,6.8924,4],
[-10.0243,2.39862,22.7763,6]
],
"reflectors": [
[4.77327,-0.891021,15.2454,4],
[3.79743,2.97287,-13.1431,2],
[6.4774,9.19725,-12.7457,2],
[13.5273,4.16358,9.41685,3]
],
"reflector_prisms": [
],
"absorber_prisms": [
]
}