{"time_step": 1e-05, "number_of_molecules": 500000, "diff_coef": 50, "sim_time": 12.0333, "absorbers": [[-16.4806, 7.75608, -5.40669, 3], [18.5163, -1.89574, 7.31807, 5], [-3.07755, 1.24409, -22.7592, 4], [1.33866, 0.983748, 13.9011, 3], [2.35176, 3.03558, 5.85273, 2], [-13.5597, -2.2757, -2.63751, 4], [5.30431, 5.73142, 17.3209, 4], [10.4407, -17.2214, -11.1092, 4]], "reflectors": [[-14.4935, -9.33887, 11.9885, 5], [4.29809, -6.53652, -19.4885, 4], [-4.27299, 1.5992, -13.2357, 5], [-2.81357, -8.9483, -10.3929, 6], [12.3924, -6.03248, -2.45737, 2]], "reflector_prisms": [], "absorber_prisms": [], "line_of_sight": [[114, 114, 0, 0, 0, 504], [234, 234, 0, 0, 0, 500], [498, 297, 498, 0, 0, 498], [358, 338, 342, 0, 0, 501], [429, 193, 411, 0, 0, 497], [139, 139, 0, 0, 0, 500], [499, 445, 438, 0, 0, 499], [0, 0, 0, 0, 0, 499]]}