{"time_step": 1e-05, "number_of_molecules": 500000, "diff_coef": 400, "sim_time": 1.35, "absorbers": [[-0.781832, -8.78566, -10.872, 7], [-5.08353, -3.64983, 22.1323, 5], [16.511, 3.43731, -6.29064, 4]], "reflectors": [[14.7088, -14.3544, -4.31307, 7], [-16.1134, 9.98551, -1.28358, 7], [1.95651, -6.92665, 6.94216, 4]], "reflector_prisms": [], "absorber_prisms": [], "line_of_sight": [[0, 0, 0, 0, 0, 501], [0, 0, 0, 0, 0, 496], [0, 0, 0, 0, 0, 501]]}