{"time_step": 1e-05, "number_of_molecules": 500000, "diff_coef": 100, "sim_time": 4.26667, "absorbers": [[-1.82223, -2.64421, 18.7267, 3]], "reflectors": [[-13.6371, 8.63858, -7.96276, 2], [15.9037, -5.83393, -8.60447, 4]], "reflector_prisms": [[-5.38874, -3.19459, 6.40431, -0.388737, 0.805415, 9.40431]], "absorber_prisms": [], "line_of_sight": [[330, 0, 0, 0, 330, 499]]}