{
"time_step": 1e-05,
"number_of_molecules": 500000,
"diff_coef": 350,
"sim_time": 1.54286,
"absorbers": [
[7.73184,-3.88243,21.3107,7],
[-24.9997,-0.113085,-0.0116044,7],
[-11.3267,6.37463,0.262814,5],
[-6.03108,0.517728,13.7244,6],
[20.6576,7.53138,-0.735072,4],
[-1.73415,-3.89291,-17.4882,4]
],
"reflectors": [
],
"reflector_prisms": [
],
"absorber_prisms": [
]
}