{"time_step": 1e-05, "number_of_molecules": 500000, "diff_coef": 150, "sim_time": 2.17778, "absorbers": [[-7.83394, 11.4614, 9.81147, 3]], "reflectors": [], "reflector_prisms": [], "absorber_prisms": [[6.80766, -8.79535, -3.07012, 9.80766, -6.79535, -0.070119], [-9.69158, 0.754091, 15.9836, -7.69158, 3.75409, 21.9836], [-8.08822, -10.0445, -16.0853, -2.08822, -6.04445, -12.0853], [6.10094, -8.16957, 10.0359, 11.1009, -5.16957, 12.0359]], "line_of_sight": [[0, 0, 0, 0, 0, 502]]}