{
"time_step": 1e-05,
"number_of_molecules": 500000,
"diff_coef": 50,
"sim_time": 0.833333,
"absorbers": [
[-1.92753,-8.74063,4.45937,5]
],
"reflectors": [
],
"reflector_prisms": [
[-3.7413,-2.21144,6.91618,1.2587,1.78856,11.9162]
],
"absorber_prisms": [
[10.6772,0.708977,-7.91715,16.6772,2.70898,-3.91715],
[-4.16915,14.0692,-14.5849,-1.16915,16.0692,-9.58495],
[-7.59074,-3.82834,19.7616,-3.59074,2.17166,22.7616],
[-13.0101,-1.65812,-12.3469,-10.0101,3.34188,-8.34693]
]
}