{"time_step": 1e-05, "number_of_molecules": 500000, "diff_coef": 150, "sim_time": 3.6, "absorbers": [[0.263231, -1.04689, 13.9583, 4], [1.91945, 17.8787, -8.75609, 2]], "reflectors": [], "reflector_prisms": [[-18.0838, 3.8196, -13.3655, -14.0838, 7.8196, -7.36552], [-2.87184, 9.46149, -12.0435, 2.12816, 14.4615, -6.04348]], "absorber_prisms": [[-13.3507, -0.410541, 8.52777, -8.35074, 5.58946, 11.5278], [-5.16133, 0.140146, 9.1599, -3.16133, 2.14015, 12.1599]], "line_of_sight": [[1, 0, 0, 1, 0, 501], [301, 0, 0, 0, 301, 499]]}