{
"time_step": 1e-05,
"number_of_molecules": 500000,
"diff_coef": 200,
"sim_time": 0.533333,
"absorbers": [
[0.0291252,0.17139,10.9986,5],
[-6.2229,1.38085,-8.96486,3]
],
"reflectors": [
],
"reflector_prisms": [
],
"absorber_prisms": [
[8.84224,-3.61204,-2.66004,10.8422,2.38796,-0.660039],
[-2.17758,11.4341,9.86503,3.82242,16.4341,12.865],
[-0.291245,-5.982,-17.6187,5.70876,-2.982,-12.6187],
[-8.18824,-1.77216,-15.5003,-2.18824,1.22784,-10.5003]
]
}