{
"time_step": 1e-05,
"number_of_molecules": 500000,
"diff_coef": 300,
"sim_time": 2.00556,
"absorbers": [
[21.2879,10.5239,-3.47421,6],
[4.94642,-7.23285,23.4141,6]
],
"reflectors": [
[0.357495,4.47985,19.4885,4]
],
"reflector_prisms": [
],
"absorber_prisms": [
]
}