{
"time_step": 1e-05,
"number_of_molecules": 500000,
"diff_coef": 100,
"sim_time": 6.01667,
"absorbers": [
[-8.97736,5.92691,7.29923,6],
[17.5334,6.58756,-3.19134,4],
[-6.18865,-6.1505,-2.20726,3],
[4.93497,-0.465108,9.81987,5],
[12.1637,9.43319,14.285,3],
[-0.12358,2.31304,24.8925,6],
[-4.62828,19.9302,-8.08484,3]
],
"reflectors": [
[0.0662125,0.817079,-21.9847,3],
[9.16659,4.08444,-16.1335,6],
[-9.9724,-5.73383,-6.05595,2]
],
"reflector_prisms": [
],
"absorber_prisms": [
]
}