{
"time_step": 1e-05,
"number_of_molecules": 500000,
"diff_coef": 100,
"sim_time": 6.01667,
"absorbers": [
[15.8429,-17.773,-7.62392,6]
],
"reflectors": [
],
"reflector_prisms": [
[12.9893,-3.02469,8.41128,17.9893,-1.02469,11.4113],
[-4.61729,-17.5634,7.60989,-2.61729,-15.5634,13.6099],
[-3.26372,-2.69908,-12.7239,-0.263719,-0.699077,-8.72392]
],
"absorber_prisms": [
[-5.82605,13.2883,-6.26096,-1.82605,16.2883,-3.26096],
[7.24776,-10.5106,-9.9458,11.2478,-8.5106,-7.9458]
]
}