{
"time_step": 1e-05,
"number_of_molecules": 500000,
"diff_coef": 350,
"sim_time": 0.804762,
"absorbers": [
[9.16612,15.063,7.07726,6]
],
"reflectors": [
[11.5607,6.23887,-9.13388,4],
[-13.5704,-0.0222503,13.2983,3],
[3.02147,-10.9548,-13.9594,2],
[-3.5377,-10.249,19.1427,4],
[-2.69505,-3.29074,13.3382,5]
],
"reflector_prisms": [
],
"absorber_prisms": [
]
}