{
"time_step": 1e-05,
"number_of_molecules": 500000,
"diff_coef": 400,
"sim_time": 1.20417,
"absorbers": [
[0.0139066,0.0488149,-14.9999,6],
[10.8045,10.2293,14.8197,6],
[15.6055,-2.07613,12.3352,3],
[6.80519,-4.23528,10.2348,2],
[0.0162748,-0.170287,9.99854,2],
[15.1468,-11.2837,-9.17888,5],
[1.9479,1.84919,19.8188,5],
[-9.49867,-2.78252,19.6477,6]
],
"reflectors": [
[4.38316,17.1561,-9.29811,3],
[2.1809,-10.8756,-11.531,3],
[13.2532,-1.85743,-4.11121,2],
[10.8028,1.71107,-4.93674,2],
[-4.35137,-8.96716,0.80965,4]
],
"reflector_prisms": [
],
"absorber_prisms": [
]
}