{"time_step": 1e-05, "number_of_molecules": 500000, "diff_coef": 150, "sim_time": 4.01111, "absorbers": [[2.92052, 3.56841, -19.4612, 3], [-7.04815, 3.16692, 9.18119, 3], [3.21909, -11.4204, 9.17669, 4], [-0.211346, -9.43677, 3.30193, 3], [-7.69866, 4.06144, 2.2881, 3], [4.00066, 7.25927, 19.295, 2], [11.5202, -10.0891, 17.1609, 6], [1.30141, -0.0340964, -14.9434, 3]], "reflectors": [], "reflector_prisms": [], "absorber_prisms": [], "line_of_sight": [[213, 213, 0, 0, 0, 500], [0, 0, 0, 0, 0, 501], [188, 188, 0, 0, 0, 497], [101, 101, 0, 0, 0, 498], [0, 0, 0, 0, 0, 501], [0, 0, 0, 0, 0, 503], [69, 69, 0, 0, 0, 499], [128, 128, 0, 0, 0, 500]]}