{"time_step": 1e-05, "number_of_molecules": 500000, "diff_coef": 350, "sim_time": 1.71905, "absorbers": [[-17.254, -7.10475, 9.63435, 2]], "reflectors": [], "reflector_prisms": [[0.839224, -10.467, -11.6916, 2.83922, -6.46699, -7.69161], [-6.84264, -10.4574, 11.2856, -3.84264, -7.45742, 14.2856], [-13.7869, 9.79596, -9.47902, -8.78692, 14.796, -6.47902], [-1.12916, 10.7821, -15.6031, 1.87084, 12.7821, -11.6031]], "absorber_prisms": [], "line_of_sight": [[0, 0, 0, 0, 0, 500]]}