{"time_step": 1e-05, "number_of_molecules": 500000, "diff_coef": 100, "sim_time": 2.81667, "absorbers": [[-0.918534, -13.1448, 12.2626, 5]], "reflectors": [], "reflector_prisms": [], "absorber_prisms": [[-6.98691, 1.10186, -18.2322, -0.986912, 5.10186, -14.2322], [-9.42732, 4.48686, 0.655561, -6.42732, 6.48686, 4.65556], [-7.37394, -5.24936, -10.3851, -1.37394, -1.24936, -6.38512], [-11.7114, -6.7704, -2.98309, -7.71137, -2.7704, -0.983088], [-11.0868, 1.27689, -6.03, -9.08684, 6.27689, -2.03]], "line_of_sight": [[0, 0, 0, 0, 0, 502]]}