{
"time_step": 1e-05,
"number_of_molecules": 500000,
"diff_coef": 50,
"sim_time": 4.03333,
"absorbers": [
[-6.11279,16.776,2.28046,7],
[-3.72702,2.28033,-14.3495,7],
[1.54166,-2.1149,12.7338,6]
],
"reflectors": [
[10.3783,-5.46384,-2.5371,6],
[13.8652,18.2944,1.4398,7],
[-10.7175,0.691088,8.98094,4]
],
"reflector_prisms": [
],
"absorber_prisms": [
]
}