{
"time_step": 1e-05,
"number_of_molecules": 500000,
"diff_coef": 200,
"sim_time": 1.40833,
"absorbers": [
[-6.0663,12.4577,2.00151,3],
[-5.44122,6.82288,10.9472,3],
[12.3551,0.917537,-11.6409,4]
],
"reflectors": [
[-4.68422,-8.5059,2.3891,5]
],
"reflector_prisms": [
[-15.1613,-2.24122,5.69187,-11.1613,1.75878,8.69187]
],
"absorber_prisms": [
]
}