{
"time_step": 1e-05,
"number_of_molecules": 500000,
"diff_coef": 100,
"sim_time": 3.26667,
"absorbers": [
[14.579,5.72568,-12.4366,6],
[3.25291,-1.4315,7.16725,3]
],
"reflectors": [
],
"reflector_prisms": [
[-4.78352,5.79194,6.98898,1.21648,10.7919,9.98898]
],
"absorber_prisms": [
[-3.40967,-4.10905,9.93784,-1.40967,-1.10905,11.9378],
[-10.9968,-12.7059,-18.7051,-7.99681,-7.70588,-12.7051]
]
}