{"time_step": 1e-05, "number_of_molecules": 500000, "diff_coef": 100, "sim_time": 2.4, "absorbers": [[2.53495, 8.04934, 12.4009, 3], [1.66105, 0.521071, -17.9156, 6]], "reflectors": [[-8.04917, 8.23071, -7.96656, 6]], "reflector_prisms": [[-10.5215, -13.5736, 8.92422, -7.52152, -9.57359, 11.9242]], "absorber_prisms": [[-19.8129, 3.53371, -2.54709, -16.8129, 6.53371, 1.45291]], "line_of_sight": [[0, 0, 0, 0, 0, 499], [0, 0, 0, 0, 0, 501]]}