{"time_step": 1e-05, "number_of_molecules": 500000, "diff_coef": 400, "sim_time": 1.50417, "absorbers": [[21.5017, -9.81653, 4.16068, 5]], "reflectors": [], "reflector_prisms": [[-0.165901, 6.92551, 4.32742, 4.8341, 12.9255, 8.32742], [1.89792, -10.4209, -9.98003, 4.89792, -8.4209, -4.98003], [-1.71728, -3.02161, -12.3089, 2.28272, -1.02161, -9.30894]], "absorber_prisms": [[9.06486, 8.26271, -9.46276, 14.0649, 14.2627, -6.46276], [-3.11811, 3.59004, -22.4296, 1.88189, 9.59004, -17.4296]], "line_of_sight": [[0, 0, 0, 0, 0, 502]]}