{
"time_step": 1e-05,
"number_of_molecules": 500000,
"diff_coef": 100,
"sim_time": 3.26667,
"absorbers": [
[-8.92253,3.44441,-14.0543,3]
],
"reflectors": [
[6.61798,6.12951,-6.29535,5],
[6.49812,2.04158,11.0728,2]
],
"reflector_prisms": [
[-12.6596,-6.96105,-12.819,-10.6596,-3.96105,-7.819]
],
"absorber_prisms": [
]
}