{
"time_step": 1e-05,
"number_of_molecules": 500000,
"diff_coef": 100,
"sim_time": 1.66667,
"absorbers": [
[6.50501,0.960899,12.3597,4],
[-0.933172,-0.767274,9.92676,3]
],
"reflectors": [
],
"reflector_prisms": [
],
"absorber_prisms": [
[-8.83758,-1.92984,-12.577,-5.83758,0.0701572,-7.57697],
[-7.47891,8.72489,-9.0669,-1.47891,13.7249,-5.0669],
[3.59145,-6.07759,-10.4574,6.59145,-1.07759,-6.45742],
[11.7027,-3.80643,-5.66915,17.7027,1.19357,0.330847]
]
}