{
"time_step": 1e-05,
"number_of_molecules": 500000,
"diff_coef": 250,
"sim_time": 0.54,
"absorbers": [
[4.23984,8.9875,4.71684,2]
],
"reflectors": [
[0.180579,-18.8111,11.4066,4]
],
"reflector_prisms": [
[-1.01714,-10.9408,-0.809218,2.98286,-5.94083,1.19078]
],
"absorber_prisms": [
]
}