{
"time_step": 1e-05,
"number_of_molecules": 500000,
"diff_coef": 350,
"sim_time": 1.71905,
"absorbers": [
[-1.72318,-6.57878,9.88688,3],
[-0.808994,-21.9752,-11.8927,6],
[1.82308,4.76376,13.0378,6]
],
"reflectors": [
],
"reflector_prisms": [
[-12.184,5.7069,-11.9189,-6.18397,8.7069,-6.91888]
],
"absorber_prisms": [
[-15.6397,-6.31744,0.968616,-11.6397,-3.31744,6.96862]
]
}