{
"time_step": 1e-05,
"number_of_molecules": 500000,
"diff_coef": 250,
"sim_time": 1.30667,
"absorbers": [
[14.8442,7.66621,6.6992,4]
],
"reflectors": [
],
"reflector_prisms": [
[-6.99641,-5.9998,-7.07116,-2.99641,-3.9998,-4.07116]
],
"absorber_prisms": [
[-9.2902,-3.71001,-2.37658,-6.2902,0.289985,3.62342],
[-7.89029,-1.24549,-13.3892,-4.89029,0.75451,-10.3892]
]
}