{
"time_step": 1e-05,
"number_of_molecules": 500000,
"diff_coef": 200,
"sim_time": 1.2,
"absorbers": [
[3.48798,-11.1019,13.7325,6]
],
"reflectors": [
[-13.344,0.458209,-4.21053,4],
[10.6662,9.36226,-12.6325,6]
],
"reflector_prisms": [
],
"absorber_prisms": [
[-2.91864,-3.70242,7.37391,0.0813574,2.29758,12.3739],
[17.7327,-11.4314,-1.37579,20.7327,-5.43143,1.62421],
[-17.7324,-7.61911,-2.72982,-11.7324,-4.61911,0.270175]
]
}