{
"time_step": 1e-05,
"number_of_molecules": 500000,
"diff_coef": 350,
"sim_time": 0.304762,
"absorbers": [
[-0.553949,-1.79723,11.8517,4]
],
"reflectors": [
],
"reflector_prisms": [
[-6.8527,1.05,17.2027,-2.8527,5.05,23.2027],
[-8.51943,-1.25706,6.31194,-3.51943,2.74294,8.31194],
[9.46233,2.05483,-9.5314,12.4623,5.05483,-4.5314]
],
"absorber_prisms": [
[11.2174,4.06836,-3.09599,16.2174,8.06836,2.90401]
]
}