{"time_step": 1e-05, "number_of_molecules": 500000, "diff_coef": 200, "sim_time": 3.00833, "absorbers": [[-4.57146, -0.453164, -12.1613, 5], [1.97933, -4.23287, -20.4735, 6], [7.96929, -3.66749, -2.00996, 4], [-0.96261, 16.1653, 5.17268, 6], [0.163994, 0.583251, 8.97958, 3], [-7.52194, 2.30709, 11.5801, 3], [1.95284, -7.77597, -11.477, 2], [17.7664, -3.1112, 12.5967, 3]], "reflectors": [[-13.7952, -10.4356, -10.0394, 5]], "reflector_prisms": [], "absorber_prisms": [], "line_of_sight": [[164, 262, 0, 0, 0, 502], [362, 507, 0, 0, 0, 503], [0, 0, 0, 0, 0, 499], [0, 0, 0, 0, 0, 497], [393, 423, 0, 0, 0, 504], [40, 40, 0, 0, 0, 499], [70, 70, 0, 0, 0, 502], [0, 0, 0, 0, 0, 499]]}