{
"time_step": 1e-05,
"number_of_molecules": 500000,
"diff_coef": 150,
"sim_time": 4.01111,
"absorbers": [
[2.02196,18.4789,-3.9296,4],
[-22.285,-6.12552,-6.46976,5]
],
"reflectors": [
],
"reflector_prisms": [
[-2.92224,-14.3442,1.23396,0.0777646,-9.34419,6.23396]
],
"absorber_prisms": [
[0.622044,-3.15673,-16.5224,6.62204,2.84327,-10.5224],
[-10.8916,-4.15037,0.736422,-7.8916,1.84963,5.73642],
[-2.49819,-1.95828,9.48723,2.50181,3.04172,13.4872]
]
}