{"time_step": 1e-05, "number_of_molecules": 500000, "diff_coef": 100, "sim_time": 1.35, "absorbers": [[5.80371, -8.73436, -7.68296, 4], [-0.148803, 0.551169, 10.9852, 6]], "reflectors": [[2.40584, 11.7146, -0.99022, 2], [8.68327, 0.952677, -22.3538, 5]], "reflector_prisms": [[-6.66368, -8.83991, -17.9149, -0.66368, -6.83991, -15.9149]], "absorber_prisms": [], "line_of_sight": [[1, 1, 0, 0, 0, 499], [39, 1, 38, 0, 0, 499]]}