{
"time_step": 1e-05,
"number_of_molecules": 500000,
"diff_coef": 150,
"sim_time": 4.01111,
"absorbers": [
[16.6792,-14.7713,5.71084,4],
[4.88555,-2.21389,-11.8419,6],
[-9.89422,-12.446,-6.01675,5],
[-5.4395,6.53808,5.25979,4],
[2.35233,-0.16563,19.8605,4],
[-2.59771,-7.16325,7.93346,4],
[-11.8066,4.7187,-16.7134,4]
],
"reflectors": [
[19.3153,12.0744,-3.18258,7]
],
"reflector_prisms": [
],
"absorber_prisms": [
]
}