{
"time_step": 1e-05,
"number_of_molecules": 500000,
"diff_coef": 300,
"sim_time": 1.60556,
"absorbers": [
[4.00632,11.9891,-14.1849,2],
[6.95199,-5.01496,6.89347,5]
],
"reflectors": [
[-2.17638,-5.87739,-14.7214,6]
],
"reflector_prisms": [
[-18.3636,-2.29306,-7.02879,-13.3636,1.70694,-2.02879]
],
"absorber_prisms": [
]
}