{"time_step": 1e-05, "number_of_molecules": 500000, "diff_coef": 150, "sim_time": 1.34444, "absorbers": [[-5.25838, -0.940342, -5.95527, 3], [-14.3728, 4.2908, 0.102537, 4]], "reflectors": [[1.83921, -0.668813, -11.8393, 5]], "reflector_prisms": [[-1.11594, -8.79097, 7.32463, 4.88406, -3.79097, 10.3246]], "absorber_prisms": [], "line_of_sight": [[0, 0, 0, 0, 0, 500], [0, 0, 0, 0, 0, 501]]}