{"time_step": 1e-05, "number_of_molecules": 500000, "diff_coef": 50, "sim_time": 12.0333, "absorbers": [[0.450341, 1.1493, -13.9455, 4], [-8.39946, -10.0269, -17.6893, 3], [-3.8062, -12.1953, 2.40561, 4]], "reflectors": [[17.8146, -0.766553, 2.46017, 6]], "reflector_prisms": [], "absorber_prisms": [[-12.8241, 3.44435, 15.5204, -6.82408, 5.44435, 20.5204]], "line_of_sight": [[0, 0, 0, 0, 0, 497], [0, 0, 0, 0, 0, 499], [0, 0, 0, 0, 0, 497]]}