{"time_step": 1e-05, "number_of_molecules": 500000, "diff_coef": 100, "sim_time": 1.35, "absorbers": [[0.457071, -0.891275, -13.9641, 5]], "reflectors": [[5.64244, -2.29562, 24.2465, 6], [-12.0245, 9.47933, 18.4812, 6]], "reflector_prisms": [], "absorber_prisms": [[12.4496, -2.32472, -7.15684, 18.4496, 2.67528, -1.15684]], "line_of_sight": [[121, 0, 121, 0, 0, 497]]}