{"time_step": 1e-05, "number_of_molecules": 500000, "diff_coef": 100, "sim_time": 2.01667, "absorbers": [[7.35155, -0.353272, 10.7159, 2]], "reflectors": [[-1.27457, -0.393801, -12.9314, 4], [2.11535, -0.712264, 16.8528, 2], [-3.68819, 4.66644, -6.75437, 3], [12.5292, -12.8599, 1.28118, 5], [11.624, 18.6788, 6.70698, 4]], "reflector_prisms": [], "absorber_prisms": [], "line_of_sight": [[0, 0, 0, 0, 0, 498]]}