{"time_step": 1e-05, "number_of_molecules": 500000, "diff_coef": 200, "sim_time": 2.7, "absorbers": [[8.16418, 9.0177, -4.58554, 2], [-5.07305, 1.13856, -16.1854, 4], [-10.2324, -3.30405, 2.31955, 6], [2.87878, -2.53734, -11.3699, 4], [10.163, -3.83423, 1.73537, 5], [-5.29318, -18.2478, 0.0418482, 5], [-20.2777, 4.96123, 6.94262, 4], [-3.07922, -6.12791, -8.60041, 3]], "reflectors": [[-12.4267, -12.8651, -2.01638, 3]], "reflector_prisms": [], "absorber_prisms": [], "line_of_sight": [[315, 315, 0, 0, 0, 499], [0, 0, 0, 0, 0, 503], [220, 201, 40, 0, 0, 497], [0, 0, 0, 0, 0, 498], [155, 185, 0, 0, 0, 498], [0, 0, 0, 0, 0, 500], [376, 476, 0, 0, 0, 503], [0, 0, 0, 0, 0, 499]]}