{
"time_step": 1e-05,
"number_of_molecules": 500000,
"diff_coef": 100,
"sim_time": 4.81667,
"absorbers": [
[-8.84566,10.9593,14.2003,3],
[0.523074,-6.14691,-15.8411,6],
[-1.06682,0.13015,-8.9356,3]
],
"reflectors": [
],
"reflector_prisms": [
[-9.13365,5.1069,3.67704,-7.13365,10.1069,7.67704]
],
"absorber_prisms": [
[-16.3449,-11.9522,-2.29025,-10.3449,-8.95224,-0.290253]
]
}