{"time_step": 1e-05, "number_of_molecules": 500000, "diff_coef": 350, "sim_time": 0.171429, "absorbers": [[-8.91682, -2.52648, 5.92513, 5]], "reflectors": [], "reflector_prisms": [[-3.81873, 3.43185, 14.4267, 2.18127, 5.43185, 20.4267], [-2.0468, -3.13265, -14.8046, 0.953201, -1.13265, -9.80459], [2.87846, 2.27383, -15.751, 5.87846, 5.27383, -9.75097], [4.44986, -14.4359, 8.67404, 7.44986, -11.4359, 11.674], [2.05548, 8.50608, -15.8861, 8.05548, 14.5061, -9.88613]], "absorber_prisms": [], "line_of_sight": [[0, 0, 0, 0, 0, 501]]}