{
"time_step": 1e-05,
"number_of_molecules": 500000,
"diff_coef": 250,
"sim_time": 2.40667,
"absorbers": [
[-2.87033,-7.36645,11.5541,5],
[4.68933,13.0448,-1.96048,3],
[-9.47391,-5.54126,-14.2667,4],
[-20.473,4.35576,9.53336,4],
[-5.43103,0.00575107,-5.874,3],
[8.99344,0.423722,-22.2472,6],
[-0.553249,-4.2402,-13.331,3]
],
"reflectors": [
[10.5931,-13.6401,-15.19,5],
[6.94845,18.0341,5.14681,3],
[-0.738762,-14.9659,0.690456,5],
[-4.14366,8.1207,11.9115,2],
[-10.8889,-1.01522,-1.18393,2],
[4.39915,-1.04886,-8.91893,2]
],
"reflector_prisms": [
],
"absorber_prisms": [
]
}