{"time_step": 1e-05, "number_of_molecules": 500000, "diff_coef": 150, "sim_time": 2.84444, "absorbers": [[3.89558, 10.0289, -11.8426, 5], [1.0756, -1.80581, -20.8945, 7], [2.32531, -8.35977, 8.28898, 7], [-3.74595, 1.52581, 19.5867, 4], [-11.8166, 12.044, -2.0759, 6]], "reflectors": [], "reflector_prisms": [], "absorber_prisms": [], "line_of_sight": [[334, 334, 0, 0, 0, 502], [132, 132, 0, 0, 0, 500], [191, 191, 0, 0, 0, 500], [498, 498, 0, 0, 0, 498], [135, 135, 0, 0, 0, 497]]}