{
"time_step": 1e-05,
"number_of_molecules": 500000,
"diff_coef": 50,
"sim_time": 3.33333,
"absorbers": [
[0.62853,1.97109,-11.8203,3],
[4.06021,12.2173,5.50021,4]
],
"reflectors": [
[0.268304,-0.451576,17.9923,4]
],
"reflector_prisms": [
[15.4406,3.5583,-2.67147,19.4406,8.5583,0.328529]
],
"absorber_prisms": [
[-4.56043,-5.33353,6.63562,-1.56043,0.666465,9.63562]
]
}