{"time_step": 1e-05, "number_of_molecules": 500000, "diff_coef": 200, "sim_time": 2.7, "absorbers": [[-15.2322, 11.7057, 5.56399, 2]], "reflectors": [[15.7253, 10.8718, -8.69003, 6], [-2.40637, 6.98861, -8.1467, 3]], "reflector_prisms": [], "absorber_prisms": [[-3.0299, -12.4609, 7.86659, 1.9701, -10.4609, 9.86659], [-11.9052, -1.94045, -1.62748, -7.90518, 2.05955, 4.37252], [-6.61637, 2.61299, -18.2659, -4.61637, 7.61299, -13.2659]], "line_of_sight": [[0, 0, 0, 0, 0, 499]]}