{
"time_step": 1e-05,
"number_of_molecules": 500000,
"diff_coef": 150,
"sim_time": 3.21111,
"absorbers": [
[-0.679156,19.2876,-5.24659,3]
],
"reflectors": [
[-20.2648,1.99789,10.6933,5],
[1.26105,1.70525,-10.7936,4],
[-13.8807,13.4735,-8.17254,5]
],
"reflector_prisms": [
],
"absorber_prisms": [
[-5.93263,3.44998,4.54955,0.0673701,9.44998,6.54955],
[-2.79778,-0.373575,12.4531,3.20222,2.62642,15.4531]
]
}