{"time_step": 1e-05, "number_of_molecules": 500000, "diff_coef": 350, "sim_time": 0.47619, "absorbers": [[-12.5791, 0.441102, -8.15921, 6], [0.927175, -0.676658, -11.945, 2]], "reflectors": [], "reflector_prisms": [[9.2193, -6.38946, 7.45221, 12.2193, -3.38946, 9.45221]], "absorber_prisms": [[0.75283, -6.73623, -1.15241, 2.75283, -4.73623, 0.847591], [10.674, 2.87336, -8.4657, 14.674, 8.87336, -2.4657]], "line_of_sight": [[0, 0, 0, 0, 0, 501], [0, 0, 0, 0, 0, 497]]}