{
"time_step": 1e-05,
"number_of_molecules": 500000,
"diff_coef": 400,
"sim_time": 1.06667,
"absorbers": [
[-0.804609,-21.7129,3.44999,6],
[1.65055,4.14064,-11.1414,4]
],
"reflectors": [
],
"reflector_prisms": [
],
"absorber_prisms": [
[-9.37077,-12.036,-11.8724,-7.37077,-8.03603,-9.87236],
[-7.63684,-4.86581,-6.781,-4.63684,1.13419,-2.781],
[-3.75742,5.00826,-12.6155,0.242584,8.00826,-9.61549],
[16.2219,-5.82625,-1.10427,19.2219,0.173754,3.89573]
]
}