{
"time_step": 1e-05,
"number_of_molecules": 500000,
"diff_coef": 300,
"sim_time": 1.08889,
"absorbers": [
[-0.169238,0.0024699,-11.9988,5],
[0.543727,5.56156,7.05503,4],
[-3.3783,14.048,10.735,4],
[2.87848,10.4638,-1.79514,5],
[-11.0136,-8.59201,-0.93723,7]
],
"reflectors": [
[0.861051,-13.4397,3.82545,4]
],
"reflector_prisms": [
],
"absorber_prisms": [
]
}