{"time_step": 1e-05, "number_of_molecules": 500000, "diff_coef": 100, "sim_time": 4.26667, "absorbers": [[2.10078, -1.2826, -14.7967, 6], [0.30018, 9.85628, 1.66243, 4], [5.93444, -17.7105, 3.48149, 3]], "reflectors": [], "reflector_prisms": [[-4.79935, -3.37928, 12.8294, 0.20065, 2.62072, 18.8294]], "absorber_prisms": [[-7.07229, 1.0314, 16.7589, -5.07229, 6.0314, 21.7589]], "line_of_sight": [[0, 0, 0, 0, 0, 499], [35, 35, 0, 0, 0, 501], [111, 111, 0, 0, 0, 499]]}