{
"time_step": 1e-05,
"number_of_molecules": 500000,
"diff_coef": 250,
"sim_time": 2.40667,
"absorbers": [
[3.38922,7.10523,22.6722,5],
[-18.2602,-4.53044,-2.65343,2]
],
"reflectors": [
[-0.569494,9.01528,-14.4014,2],
[-4.55006,4.73232,-20.9977,5],
[-19.8608,2.35318,0.108443,2]
],
"reflector_prisms": [
],
"absorber_prisms": [
]
}