{"time_step": 1e-05, "number_of_molecules": 500000, "diff_coef": 400, "sim_time": 1.35, "absorbers": [[-1.21765, 4.89444, 17.2789, 4], [-2.82317, -4.48958, 9.63708, 2], [3.71733, 7.37727, -7.26343, 2], [-19.2403, 6.38958, 5.47592, 3], [-0.954025, -11.0055, -12.9217, 3], [-0.0102076, 4.94082, -4.95864, 2], [-3.83937, -2.1959, -11.1551, 4], [-11.035, 8.59061, -0.656409, 5]], "reflectors": [[-7.6125, -7.28074, -15.8127, 2], [13.0298, 8.70911, 3.22109, 6], [6.37917, -7.89426, 8.12322, 5], [-11.9473, 2.2792, -11.8772, 5]], "reflector_prisms": [], "absorber_prisms": [], "line_of_sight": [[154, 154, 0, 0, 0, 503], [78, 78, 0, 0, 0, 503], [167, 167, 0, 0, 0, 502], [83, 83, 0, 0, 0, 498], [0, 0, 0, 0, 0, 497], [240, 111, 129, 0, 0, 500], [179, 86, 93, 0, 0, 501], [100, 30, 70, 0, 0, 503]]}