{
"time_step": 1e-05,
"number_of_molecules": 500000,
"diff_coef": 150,
"sim_time": 1.34444,
"absorbers": [
[3.76391,-0.950085,16.5508,6]
],
"reflectors": [
],
"reflector_prisms": [
[2.32295,-9.60658,-5.1705,5.32295,-4.60658,-0.170501],
[-5.03372,-0.212293,15.3933,-2.03372,5.78771,17.3933]
],
"absorber_prisms": [
[-2.85812,-9.00985,19.0357,-0.858125,-3.00985,21.0357],
[-13.2726,-14.2078,-2.16495,-9.27256,-11.2078,0.835054]
]
}