{"time_step": 1e-05, "number_of_molecules": 500000, "diff_coef": 150, "sim_time": 0.4, "absorbers": [[-2.10217, -2.2286, 7.39015, 2]], "reflectors": [[0.766597, -0.0301569, -9.97053, 4], [17.9806, 0.728286, 0.410989, 5]], "reflector_prisms": [[12.1116, -11.825, 7.87163, 15.1116, -7.82504, 13.8716], [0.325656, -10.3995, 0.498167, 4.32566, -8.39949, 4.49817], [11.4156, -3.56622, 11.6735, 13.4156, 1.43378, 15.6735]], "absorber_prisms": [], "line_of_sight": [[260, 0, 260, 0, 0, 499]]}