{
"time_step": 1e-05,
"number_of_molecules": 500000,
"diff_coef": 250,
"sim_time": 0.806667,
"absorbers": [
[-2.15548,2.44778,16.6842,6]
],
"reflectors": [
[-8.10411,1.07132,8.78497,3],
[-11.8639,-20.8607,0.28041,6],
[-0.357005,-1.65822,-12.8889,4]
],
"reflector_prisms": [
],
"absorber_prisms": [
[-18.6752,-1.02003,8.66925,-13.6752,3.97997,14.6692]
]
}