{
"time_step": 1e-05,
"number_of_molecules": 500000,
"diff_coef": 300,
"sim_time": 1.60556,
"absorbers": [
[7.2215,18.1396,-4.33649,3],
[2.07014,10.5088,-15.6933,4],
[-3.50364,-4.74465,18.0614,2],
[-9.41114,5.06547,11.9068,4],
[-0.653835,-0.0237954,11.9822,3],
[9.91501,5.89116,7.93643,3],
[-15.1672,-1.30816,4.92378,4]
],
"reflectors": [
[2.96043,-3.213,-20.5405,6],
[-16.8804,-6.9252,-8.19108,5]
],
"reflector_prisms": [
],
"absorber_prisms": [
]
}