{"time_step": 1e-05, "number_of_molecules": 500000, "diff_coef": 350, "sim_time": 0.119048, "absorbers": [[9.23482, -5.12128, -3.08068, 6]], "reflectors": [[0.15643, -0.0920628, 15.999, 5]], "reflector_prisms": [[-14.8259, 2.24595, -11.4055, -8.82594, 6.24595, -8.4055]], "absorber_prisms": [], "line_of_sight": [[0, 0, 0, 0, 0, 498]]}