{"time_step": 1e-05, "number_of_molecules": 500000, "diff_coef": 50, "sim_time": 12.0333, "absorbers": [[6.95377, 14.6585, -19.0203, 6], [4.43082, -8.04382, -9.20135, 4], [3.65439, 9.03517, 11.4022, 4], [-0.146239, 2.20056, 14.837, 4], [-1.08367, 15.5976, -3.39734, 6], [-6.47397, -4.94277, 5.80144, 3], [-0.142106, -0.055199, -23.9995, 6]], "reflectors": [[21.148, -10.252, -4.86406, 5], [1.03719, 18.3312, 7.93042, 5], [17.2647, -3.13119, 11.5381, 3], [6.37136, -9.64808, 12.4628, 5], [10.2546, 2.71773, 21.528, 6], [-3.46034, -12.9456, -13.4699, 6]], "reflector_prisms": [], "absorber_prisms": [], "line_of_sight": [[107, 107, 0, 0, 0, 500], [73, 0, 73, 0, 0, 500], [359, 0, 359, 0, 0, 497], [273, 234, 58, 0, 0, 496], [2, 0, 2, 0, 0, 500], [80, 80, 0, 0, 0, 497], [294, 273, 51, 0, 0, 499]]}