{
"time_step": 1e-05,
"number_of_molecules": 500000,
"diff_coef": 150,
"sim_time": 1.11111,
"absorbers": [
[10.2953,6.77702,-4.13273,3]
],
"reflectors": [
],
"reflector_prisms": [
[6.25231,1.95872,17.1183,12.2523,3.95872,20.1183],
[1.24695,2.90378,11.5247,7.24695,6.90378,15.5247],
[-3.04477,5.6733,-15.579,-0.0447713,10.6733,-10.579],
[8.82845,10.7748,-8.85712,11.8284,14.7748,-5.85712]
],
"absorber_prisms": [
]
}