{
"time_step": 1e-05,
"number_of_molecules": 500000,
"diff_coef": 150,
"sim_time": 3.6,
"absorbers": [
[19.4472,1.48357,4.42762,7],
[1.84951,-7.43755,17.3857,5],
[0.711802,23.9841,-0.505302,7],
[15.4745,16.9874,-0.984551,5],
[-15.8253,6.60395,-5.47244,6],
[2.44311,-14.3723,3.53083,6]
],
"reflectors": [
[-4.93673,-7.61736,-6.21325,4]
],
"reflector_prisms": [
],
"absorber_prisms": [
]
}