{"time_step": 1e-05, "number_of_molecules": 500000, "diff_coef": 300, "sim_time": 0.272222, "absorbers": [[-9.63503, 6.33037, 3.33057, 5]], "reflectors": [], "reflector_prisms": [[18.6468, -3.29796, -5.34442, 24.6468, 1.70204, -2.34442], [-17.1988, 8.65906, -9.53195, -15.1988, 14.6591, -3.53195], [-17.9421, -2.9645, -17.1406, -11.9421, 2.0355, -15.1406]], "absorber_prisms": [[7.05737, -5.11634, -0.722314, 10.0574, -3.11634, 1.27769], [1.49312, -23.1356, 2.99611, 3.49312, -18.1356, 7.99611]], "line_of_sight": [[0, 0, 0, 0, 0, 499]]}