{"time_step": 1e-05, "number_of_molecules": 500000, "diff_coef": 100, "sim_time": 6.01667, "absorbers": [[8.86177, -1.8096, 20.0548, 6], [0.00941855, -0.00543287, -12, 3], [-7.74634, 4.79567, -14.3526, 2], [14.9429, 15.9366, 2.59539, 3], [4.58629, -13.8132, -10.5907, 3], [3.62109, 10.9644, 17.5405, 2], [2.67552, 13.5426, 2.33212, 3], [-15.1584, 1.39389, 4.92744, 5]], "reflectors": [[3.71988, -14.4151, 1.83516, 3], [18.5838, -0.0302114, 7.39189, 5], [7.68872, 7.55032, -8.93736, 2], [8.95506, 14.1549, 12.6667, 2], [11.4527, 5.67757, -2.36677, 2]], "reflector_prisms": [], "absorber_prisms": [], "line_of_sight": [[152, 152, 0, 0, 0, 502], [87, 87, 0, 0, 0, 501], [337, 337, 0, 0, 0, 501], [0, 0, 0, 0, 0, 501], [0, 0, 0, 0, 0, 498], [0, 0, 0, 0, 0, 499], [0, 0, 0, 0, 0, 499], [0, 0, 0, 0, 0, 499]]}