{"time_step": 1e-05, "number_of_molecules": 500000, "diff_coef": 200, "sim_time": 2.13333, "absorbers": [[-3.02856, 10.1732, -19.27, 6], [0.365737, 0.360742, 14.9912, 6], [-6.57344, -8.42148, 15.712, 4], [1.14757, 6.23953, 2.95827, 2], [4.53099, 8.98908, -9.72968, 4], [-0.443222, -10.9859, -0.336515, 2], [-2.01631, -8.30676, -13.5252, 5]], "reflectors": [[5.6102, -5.58744, -1.14289, 3], [-11.4743, 3.46124, 0.600378, 2], [-12.8651, -3.15634, -10.6548, 3]], "reflector_prisms": [], "absorber_prisms": [], "line_of_sight": [[166, 166, 0, 0, 0, 501], [172, 172, 0, 0, 0, 498], [246, 246, 0, 0, 0, 498], [69, 69, 0, 0, 0, 503], [173, 173, 0, 0, 0, 500], [59, 59, 0, 0, 0, 499], [168, 168, 0, 0, 0, 500]]}