{
"time_step": 1e-05,
"number_of_molecules": 500000,
"diff_coef": 100,
"sim_time": 5.4,
"absorbers": [
[-12.2502,-9.04446,-14.4614,6],
[11.7144,5.9124,15.0936,2]
],
"reflectors": [
],
"reflector_prisms": [
],
"absorber_prisms": [
[-2.32189,10.7145,-5.48319,-0.321894,16.7145,0.516806],
[-0.103189,-13.8416,-2.13827,3.89681,-8.84165,1.86173],
[3.03465,10.9045,8.98665,6.03465,12.9045,11.9866],
[-0.0996539,-8.56788,-14.7889,2.90035,-6.56788,-9.78887]
]
}