{
"time_step": 1e-05,
"number_of_molecules": 500000,
"diff_coef": 400,
"sim_time": 1.50417,
"absorbers": [
[0.187983,0.499782,11.9881,4],
[-5.74785,15.0746,-20.3892,7],
[-1.20052,-2.10931,22.8716,4],
[-6.94168,-1.21419,-8.44623,6]
],
"reflectors": [
[-4.45435,-14.4131,-18.6661,6],
[11.9299,-9.35314,18.6063,6]
],
"reflector_prisms": [
],
"absorber_prisms": [
]
}