{"time_step": 1e-05, "number_of_molecules": 500000, "diff_coef": 300, "sim_time": 0.45, "absorbers": [[1.47197, -2.40231, -12.691, 4]], "reflectors": [], "reflector_prisms": [], "absorber_prisms": [[9.82898, -15.7845, 3.4135, 11.829, -11.7845, 8.4135], [-2.56029, 2.3414, -15.4866, -0.560292, 4.3414, -10.4866], [5.61076, -6.23168, -1.36679, 9.61076, -1.23168, 2.63321], [-11.6136, -5.80426, -5.73585, -5.61358, 0.195738, -2.73585], [-3.92742, -3.65811, -20.3136, -0.92742, 1.34189, -18.3136]], "line_of_sight": [[0, 0, 0, 0, 0, 499]]}