{
"time_step": 1e-05,
"number_of_molecules": 500000,
"diff_coef": 350,
"sim_time": 0.933333,
"absorbers": [
[1.05766,4.5153,-12.1447,5],
[4.08264,16.0834,6.97551,5],
[6.3113,-15.6972,8.64665,5]
],
"reflectors": [
[-3.07933,-1.46277,17.6742,4],
[10.3078,1.9177,-5.83715,4],
[-16.7839,-0.214913,-8.90256,7]
],
"reflector_prisms": [
],
"absorber_prisms": [
]
}