{
"time_step": 1e-05,
"number_of_molecules": 500000,
"diff_coef": 100,
"sim_time": 5.4,
"absorbers": [
[-5.27637,-12.1332,-12.2043,3],
[-3.31234,-0.379996,-21.7459,4]
],
"reflectors": [
],
"reflector_prisms": [
[9.98217,-3.27946,11.3139,13.9822,-0.279465,15.3139],
[-9.78159,2.9768,-9.1048,-6.78159,5.9768,-4.1048]
],
"absorber_prisms": [
[-12.7452,-8.42461,-8.37218,-10.7452,-5.42461,-6.37218]
]
}