{"time_step": 1e-05, "number_of_molecules": 500000, "diff_coef": 350, "sim_time": 0.685714, "absorbers": [[-1.32719, -11.7142, -5.47861, 4], [-9.96482, -6.62688, -0.886981, 6], [-7.35529, -9.37399, -10.6784, 4]], "reflectors": [], "reflector_prisms": [[12.0826, -3.2621, 14.9663, 18.0826, 0.737899, 16.9663]], "absorber_prisms": [[11.1145, 2.0737, -2.99434, 16.1145, 7.0737, -0.994339]], "line_of_sight": [[20, 20, 0, 0, 0, 499], [30, 30, 0, 0, 0, 501], [93, 93, 0, 0, 0, 502]]}