{
"time_step": 1e-05,
"number_of_molecules": 500000,
"diff_coef": 300,
"sim_time": 0.2,
"absorbers": [
[4.52701,2.15227,-8.65297,4]
],
"reflectors": [
[-10.2084,5.08723,-18.8125,5],
[-17.4485,-4.86896,-5.73098,6],
[-5.71964,-9.59902,-15.367,4]
],
"reflector_prisms": [
[-0.916153,-1.47587,4.65564,5.08385,3.52413,10.6556],
[12.236,-8.53604,5.17163,14.236,-4.53604,7.17163]
],
"absorber_prisms": [
]
}