{
"time_step": 1e-05,
"number_of_molecules": 500000,
"diff_coef": 150,
"sim_time": 1.34444,
"absorbers": [
[3.41848,-3.1212,-14.2679,4]
],
"reflectors": [
[1.08766,-1.3197,21.9334,5]
],
"reflector_prisms": [
],
"absorber_prisms": [
[0.39877,-8.47347,-7.4626,5.39877,-3.47347,-1.4626],
[7.55858,0.377572,8.60487,13.5586,6.37757,11.6049],
[-4.58396,10.93,-14.5476,-1.58396,16.93,-10.5476]
]
}