{
"time_step": 1e-05,
"number_of_molecules": 500000,
"diff_coef": 50,
"sim_time": 1.63333,
"absorbers": [
[-4.30443,5.76025,-5.41215,2]
],
"reflectors": [
],
"reflector_prisms": [
[-7.38838,3.05561,-23.0164,-2.38838,5.05561,-17.0164],
[6.64384,-2.87716,-7.95122,10.6438,1.12284,-1.95122]
],
"absorber_prisms": [
[-9.65158,-9.66353,-8.95991,-3.65158,-4.66353,-4.95991],
[1.14281,2.76422,-7.27695,4.14281,4.76422,-3.27695],
[-11.0033,-14.7854,-17.7568,-6.00328,-9.78539,-11.7568]
]
}