{
"time_step": 1e-05,
"number_of_molecules": 500000,
"diff_coef": 350,
"sim_time": 1.71905,
"absorbers": [
[-7.05686,6.92065,18.5285,2]
],
"reflectors": [
],
"reflector_prisms": [
],
"absorber_prisms": [
[0.418097,-9.85992,-13.9082,6.4181,-4.85992,-8.90825],
[-2.12209,19.4706,-1.819,3.87791,22.4706,3.181],
[-0.826307,-4.68384,9.22957,3.17369,0.316159,13.2296],
[0.225816,-13.122,-13.2994,3.22582,-11.122,-7.29945],
[-12.9146,-2.36576,-2.88156,-10.9146,1.63424,0.118443]
]
}