{
"time_step": 1e-05,
"number_of_molecules": 500000,
"diff_coef": 400,
"sim_time": 1.35,
"absorbers": [
[15.4887,-4.69026,-14.903,4]
],
"reflectors": [
],
"reflector_prisms": [
[-4.67214,1.06814,-13.3377,0.327858,5.06814,-7.33771],
[-10.2876,-15.1531,-0.00875691,-5.28757,-12.1531,5.99124],
[-2.88571,-1.28222,9.31337,-0.88571,2.71778,12.3134],
[-2.14158,-0.697751,12.9963,1.85842,1.30225,16.9963]
],
"absorber_prisms": [
]
}