{"time_step": 1e-05, "number_of_molecules": 500000, "diff_coef": 400, "sim_time": 1.50417, "absorbers": [[10.2271, -11.2766, 7.56599, 5], [-2.80061, -7.44177, -17.2562, 7], [9.24342, 3.66693, -8.37334, 5], [-15.356, 4.43129, 0.747014, 4], [2.67676, -1.169, 25.8354, 7], [3.41673, 15.6905, 15.0377, 7]], "reflectors": [[-3.75455, -11.299, -1.49501, 4], [10.9699, -2.10101, 6.6518, 4]], "reflector_prisms": [], "absorber_prisms": [], "line_of_sight": [[40, 0, 40, 0, 0, 500], [240, 240, 0, 0, 0, 498], [0, 0, 0, 0, 0, 501], [0, 0, 0, 0, 0, 501], [153, 153, 0, 0, 0, 499], [211, 182, 29, 0, 0, 499]]}