{
"time_step": 1e-05,
"number_of_molecules": 500000,
"diff_coef": 350,
"sim_time": 1.54286,
"absorbers": [
[1.36124,-0.492021,20.9501,5],
[7.00034,11.4543,-8.70601,7],
[20.589,-7.19661,2.88143,4],
[-14.3072,-1.47101,-12.4153,6]
],
"reflectors": [
[-11.8915,17.1713,-13.7382,6],
[5.41218,7.40111,11.8715,4],
[7.83669,18.5082,11.1818,4]
],
"reflector_prisms": [
],
"absorber_prisms": [
]
}