{"time_step": 1e-05, "number_of_molecules": 500000, "diff_coef": 400, "sim_time": 0.704167, "absorbers": [[-18.3279, -2.03186, 4.57816, 6], [-0.0993677, -0.273094, -14.9972, 6]], "reflectors": [[6.0923, 4.63614, 16.2908, 4], [-7.61127, 6.3749, 9.87062, 6], [-6.79837, -17.0422, -7.95896, 6]], "reflector_prisms": [], "absorber_prisms": [], "line_of_sight": [[0, 0, 0, 0, 0, 499], [136, 0, 136, 0, 0, 502]]}