{"time_step": 1e-05, "number_of_molecules": 500000, "diff_coef": 300, "sim_time": 1.42222, "absorbers": [[10.2192, -7.85803, -13.9578, 3], [6.90032, -8.12699, 13.2415, 4]], "reflectors": [], "reflector_prisms": [], "absorber_prisms": [[-5.2325, -0.13432, -21.863, 0.767501, 1.86568, -19.863], [-2.49562, -4.52952, 7.60022, -0.495621, -0.529517, 13.6002], [-13.7971, 3.01628, -7.97263, -10.7971, 7.01628, -5.97263]], "line_of_sight": [[0, 0, 0, 0, 0, 497], [0, 0, 0, 0, 0, 499]]}