{
"time_step": 1e-05,
"number_of_molecules": 500000,
"diff_coef": 150,
"sim_time": 2.17778,
"absorbers": [
[1.65722,-2.09444,16.7889,3]
],
"reflectors": [
[-7.5335,0.886835,10.5575,2]
],
"reflector_prisms": [
[-4.74149,-9.98328,-14.5955,0.258507,-5.98328,-11.5955],
[-13.8641,-3.85778,4.76144,-11.8641,-0.857782,7.76144],
[6.73286,-5.29214,-21.1066,12.7329,-3.29214,-15.1066]
],
"absorber_prisms": [
[-14.6541,-8.86399,6.29855,-9.65406,-4.86399,11.2985]
]
}