{"time_step": 1e-05, "number_of_molecules": 500000, "diff_coef": 400, "sim_time": 1.50417, "absorbers": [[-4.7115, 2.18096, -15.1342, 6], [-0.135487, 0.0632645, 24.9996, 6], [-16.3932, -4.28077, 6.0778, 4], [-4.89248, -6.4403, 10.1777, 6], [11.5364, 9.14913, -13.5353, 3], [20.9468, -8.9012, -3.31637, 5], [-5.85127, 20.7543, -8.00133, 6], [-17.2639, 4.55431, -2.28357, 6]], "reflectors": [[12.2294, 6.23727, -2.74553, 6], [-8.75172, -4.29792, -2.22155, 2], [10.0453, -8.2005, -5.27675, 2], [3.42374, -13.5749, -0.0381821, 6]], "reflector_prisms": [], "absorber_prisms": [], "line_of_sight": [[154, 160, 0, 0, 0, 499], [297, 306, 0, 0, 0, 500], [425, 0, 425, 0, 0, 500], [141, 79, 69, 0, 0, 501], [498, 498, 41, 0, 0, 498], [234, 234, 0, 0, 0, 499], [276, 0, 276, 0, 0, 502], [113, 113, 0, 0, 0, 503]]}