{
"time_step": 1e-05,
"number_of_molecules": 500000,
"diff_coef": 100,
"sim_time": 1.66667,
"absorbers": [
[-8.25444,-12.2071,-2.80215,5]
],
"reflectors": [
[-12.7515,-5.55482,-12.9438,5],
[-4.22821,8.73999,2.39475,2]
],
"reflector_prisms": [
[2.47168,-13.0705,-12.6548,7.47168,-11.0705,-10.6548]
],
"absorber_prisms": [
[3.15656,-11.7692,9.34049,5.15656,-8.76922,12.3405],
[-13.9775,2.18609,0.238719,-7.97753,7.18609,2.23872]
]
}