{
"time_step": 1e-05,
"number_of_molecules": 500000,
"diff_coef": 250,
"sim_time": 0.24,
"absorbers": [
[-0.0242766,0.0125823,12,6]
],
"reflectors": [
[6.46324,16.2851,7.35006,4]
],
"reflector_prisms": [
[-12.4118,-5.46073,-0.213528,-8.41176,-1.46073,1.78647],
[-12.5646,16.452,-6.68933,-9.56456,19.452,-1.68933],
[-8.71736,5.61142,-13.7227,-5.71736,9.61142,-7.72269],
[-13.9597,6.55529,5.53067,-9.95971,10.5553,11.5307]
],
"absorber_prisms": [
]
}