{"time_step": 1e-05, "number_of_molecules": 500000, "diff_coef": 250, "sim_time": 0.426667, "absorbers": [[0.90389, -9.4642, -3.10031, 2], [-3.72376, -0.796606, -9.24657, 4]], "reflectors": [], "reflector_prisms": [], "absorber_prisms": [[-8.18802, -0.547604, 16.946, -4.18802, 4.4524, 21.946], [5.56787, -4.72726, -6.35451, 8.56787, -0.727264, -1.35451], [-10.7062, -4.07594, 10.3698, -7.70622, 0.924055, 14.3698], [-18.7592, -3.59166, -3.37659, -16.7592, -1.59166, 0.623408]], "line_of_sight": [[0, 0, 0, 0, 0, 498], [0, 0, 0, 0, 0, 502]]}