{
"time_step": 1e-05,
"number_of_molecules": 500000,
"diff_coef": 200,
"sim_time": 1.63333,
"absorbers": [
[0.329658,0.465976,15.9898,5],
[-3.93727,-9.59741,-14.7101,4],
[-0.491564,-14.2951,4.51752,2]
],
"reflectors": [
],
"reflector_prisms": [
],
"absorber_prisms": [
[-5.70474,0.656027,17.7591,0.295256,2.65603,23.7591]
]
}