{"time_step": 1e-05, "number_of_molecules": 500000, "diff_coef": 100, "sim_time": 6.01667, "absorbers": [[7.68942, -9.26643, 4.89959, 4], [-1.1496, -0.665406, -18.9535, 6], [5.50285, -22.9279, -4.47575, 5]], "reflectors": [[7.55956, 20.5903, -1.70069, 5], [-14.138, 6.63118, 3.48474, 2], [-18.9751, -8.11316, 12.2524, 6], [1.2379, 7.00549, -9.66388, 4]], "reflector_prisms": [], "absorber_prisms": [], "line_of_sight": [[0, 0, 0, 0, 0, 503], [0, 0, 0, 0, 0, 501], [0, 0, 0, 0, 0, 498]]}