{
"time_step": 1e-05,
"number_of_molecules": 500000,
"diff_coef": 350,
"sim_time": 0.933333,
"absorbers": [
[0.62349,0.647022,-19.9798,6]
],
"reflectors": [
],
"reflector_prisms": [
[-7.67537,3.67086,3.32756,-2.67537,6.67086,5.32756]
],
"absorber_prisms": [
[-18.6474,-3.01826,9.38466,-13.6474,0.981736,12.3847]
]
}