{"time_step": 1e-05, "number_of_molecules": 500000, "diff_coef": 100, "sim_time": 4.81667, "absorbers": [[-5.55157, 3.73215, -15.6285, 6], [-3.46134, 7.64828, 7.10794, 4], [6.77366, -15.146, 17.3411, 7]], "reflectors": [[-10.4521, -9.21708, 7.86123, 5], [17.6625, -5.70236, 7.45117, 4], [-3.6401, -12.8898, -8.75231, 5]], "reflector_prisms": [], "absorber_prisms": [], "line_of_sight": [[102, 102, 0, 0, 0, 499], [71, 0, 71, 0, 0, 501], [137, 137, 0, 0, 0, 501]]}