{"time_step": 1e-05, "number_of_molecules": 500000, "diff_coef": 50, "sim_time": 1.63333, "absorbers": [[1.229, -0.145281, -11.936, 5]], "reflectors": [[-13.7518, 5.95491, -11.6801, 5], [-1.50353, -2.86077, -23.7814, 6]], "reflector_prisms": [[-1.58143, 9.30567, -12.535, 2.41857, 14.3057, -7.53498]], "absorber_prisms": [[-3.57197, -22.949, -3.52008, 1.42803, -19.949, 1.47992]], "line_of_sight": [[96, 0, 96, 0, 0, 503]]}