{"time_step": 1e-05, "number_of_molecules": 500000, "diff_coef": 350, "sim_time": 1.37619, "absorbers": [[18.6897, 7.09023, -0.650505, 3]], "reflectors": [[0.775246, -3.40767, 12.5215, 4], [8.09335, 8.64791, 14.8564, 2]], "reflector_prisms": [[0.617288, 0.644692, 18.0883, 5.61729, 4.64469, 22.0883], [0.47066, 3.25766, -9.85441, 6.47066, 9.25766, -6.85441]], "absorber_prisms": [], "line_of_sight": [[0, 0, 0, 0, 0, 499]]}