{"time_step": 1e-05, "number_of_molecules": 500000, "diff_coef": 100, "sim_time": 4.81667, "absorbers": [[-12.1513, -14.6701, 8.83933, 6], [0.653639, -3.38134, 11.4952, 6], [-13.2777, 4.69106, -15.5787, 4], [-0.0213645, -3.18659, -13.6325, 6], [8.70337, 4.55612, -1.86901, 4]], "reflectors": [], "reflector_prisms": [], "absorber_prisms": [], "line_of_sight": [[178, 178, 0, 0, 0, 494], [180, 180, 0, 0, 0, 501], [110, 110, 0, 0, 0, 495], [198, 198, 0, 0, 0, 501], [108, 108, 0, 0, 0, 499]]}