{"time_step": 1e-05, "number_of_molecules": 500000, "diff_coef": 200, "sim_time": 1.00833, "absorbers": [[-6.89723, -3.75702, 15.0769, 6]], "reflectors": [[-14.4345, -2.15796, 6.55665, 2]], "reflector_prisms": [], "absorber_prisms": [[0.485552, -2.96998, 12.272, 3.48555, 0.0300235, 14.272], [15.8777, 6.06565, 3.19271, 17.8777, 11.0657, 6.19271]], "line_of_sight": [[0, 0, 0, 0, 0, 497]]}