{
"time_step": 1e-05,
"number_of_molecules": 500000,
"diff_coef": 400,
"sim_time": 1.20417,
"absorbers": [
[6.34328,17.4123,4.19235,2]
],
"reflectors": [
[-2.33155,2.16851,-12.604,2],
[11.7621,-5.61793,-7.4224,4]
],
"reflector_prisms": [
[9.21038,1.03176,1.47224,15.2104,3.03176,6.47224],
[-6.15513,-15.8967,-20.2048,-3.15513,-9.89675,-14.2048]
],
"absorber_prisms": [
[-13.9586,-9.18524,-2.58957,-10.9586,-3.18524,-0.589566]
]
}