{
"time_step": 1e-05,
"number_of_molecules": 500000,
"diff_coef": 350,
"sim_time": 1.54286,
"absorbers": [
[18.0666,3.0984,12.1655,4],
[-0.310354,-0.959512,-9.94902,2],
[-4.79208,-1.18081,-21.4393,4],
[8.96197,5.34428,-17.0623,6],
[0.00802483,-0.338542,19.9971,4],
[-3.5048,-9.07325,-11.419,6],
[-0.948536,-6.1351,12.5483,3]
],
"reflectors": [
[11.6834,4.16477,3.89278,6],
[9.34592,21.1855,6.31101,5],
[-9.46086,-15.6868,5.04151,2],
[6.41422,3.49268,-3.26481,2]
],
"reflector_prisms": [
],
"absorber_prisms": [
]
}