{
"time_step": 1e-05,
"number_of_molecules": 500000,
"diff_coef": 300,
"sim_time": 1.25,
"absorbers": [
[1.03693,0.0616653,19.973,5],
[15.6905,1.16541,-10.6514,4],
[10.8548,5.97312,15.7001,6]
],
"reflectors": [
[-3.84737,-0.469832,9.2183,5]
],
"reflector_prisms": [
],
"absorber_prisms": [
]
}