{"time_step": 1e-05, "number_of_molecules": 500000, "diff_coef": 400, "sim_time": 1.06667, "absorbers": [[-1.99397, 1.49268, -12.7592, 2], [-4.36897, 2.82469, 14.0689, 4], [-3.77969, -15.816, -4.95665, 3], [-8.54098, 17.2951, -8.30257, 5], [5.99754, -11.2824, 2.39518, 3], [5.20887, 8.37734, -6.83285, 5], [2.94091, -6.71148, -6.80493, 3]], "reflectors": [[10.4306, -5.2743, -2.71742, 2], [4.52438, 14.0679, 2.57382, 3], [5.93674, 4.86497, 12.8875, 6], [7.36249, -4.11178, -14.761, 3]], "reflector_prisms": [], "absorber_prisms": [], "line_of_sight": [[73, 0, 73, 0, 0, 496], [159, 22, 137, 0, 0, 501], [250, 0, 250, 0, 0, 498], [185, 185, 0, 0, 0, 501], [195, 195, 0, 0, 0, 501], [0, 0, 0, 0, 0, 499], [20, 20, 0, 0, 0, 501]]}