{"time_step": 1e-05, "number_of_molecules": 500000, "diff_coef": 350, "sim_time": 1.71905, "absorbers": [[3.37135, 1.68868, -18.6221, 5], [-2.94596, -14.8293, 5.23581, 5], [12.0727, -20.5952, 2.46725, 5], [0.188397, -0.165613, 13.9978, 4]], "reflectors": [[9.54812, -1.51593, 2.55644, 5]], "reflector_prisms": [], "absorber_prisms": [], "line_of_sight": [[239, 239, 0, 0, 0, 500], [0, 0, 0, 0, 0, 500], [0, 0, 0, 0, 0, 502], [202, 202, 0, 0, 0, 500]]}