{
"time_step": 1e-05,
"number_of_molecules": 500000,
"diff_coef": 200,
"sim_time": 2.13333,
"absorbers": [
[0.29189,-0.600382,9.97769,4],
[-15.6811,3.97116,-5.2282,2],
[4.46699,5.30629,-8.53752,2],
[6.48157,11.744,-12.0028,2]
],
"reflectors": [
],
"reflector_prisms": [
[-0.832291,13.9356,-1.13007,3.16771,18.9356,2.86993]
],
"absorber_prisms": [
]
}