{
"time_step": 1e-05,
"number_of_molecules": 500000,
"diff_coef": 350,
"sim_time": 1.71905,
"absorbers": [
[6.97409,16.8948,-15.554,5]
],
"reflectors": [
[8.83992,0.478323,1.62081,2]
],
"reflector_prisms": [
[18.2585,3.6626,-0.170675,24.2585,6.6626,4.82932],
[-12.8688,-9.76781,9.7807,-6.86884,-4.76781,13.7807],
[-2.16731,-0.748861,11.4709,3.83269,1.25114,14.4709],
[-0.309165,-19.8229,8.15617,4.69083,-17.8229,12.1562]
],
"absorber_prisms": [
]
}