{
"time_step": 1e-05,
"number_of_molecules": 500000,
"diff_coef": 250,
"sim_time": 0.806667,
"absorbers": [
[1.03597,7.05579,15.4319,6],
[1.34738,-5.30209,-11.7929,2]
],
"reflectors": [
],
"reflector_prisms": [
],
"absorber_prisms": [
[-12.7404,-7.56887,-16.502,-7.74035,-4.56887,-10.502],
[0.326884,15.2382,4.15826,2.32688,21.2382,6.15826],
[-0.995634,-0.418883,-10.9629,2.00437,1.58112,-4.96291],
[11.8382,2.18787,-7.20944,14.8382,4.18787,-2.20944]
]
}