{"time_step": 1e-05, "number_of_molecules": 500000, "diff_coef": 50, "sim_time": 4.03333, "absorbers": [[10.2482, 12.9304, -4.09645, 6]], "reflectors": [[0.558218, 4.1124, 19.5647, 5], [-4.27276, -2.65232, -9.78308, 6], [-5.65975, -14.9541, 0.585857, 3]], "reflector_prisms": [], "absorber_prisms": [], "line_of_sight": [[78, 0, 78, 0, 0, 496]]}