{"time_step": 1e-05, "number_of_molecules": 500000, "diff_coef": 350, "sim_time": 0.804762, "absorbers": [[2.09718, 9.59393, -6.89625, 5], [10.3855, 10.7744, 11.707, 6]], "reflectors": [], "reflector_prisms": [[-4.17677, -1.28026, 12.7978, -0.176772, 3.71974, 17.7978], [-1.11668, -3.22576, -12.6677, 3.88332, -1.22576, -7.66771]], "absorber_prisms": [[1.1121, -1.31788, 5.67532, 5.1121, 4.68212, 8.67532], [0.980245, -6.93559, 7.5894, 5.98025, -2.93559, 9.5894]], "line_of_sight": [[0, 0, 0, 0, 0, 498], [147, 0, 0, 147, 0, 502]]}