{
"time_step": 1e-05,
"number_of_molecules": 500000,
"diff_coef": 150,
"sim_time": 2.17778,
"absorbers": [
[-13.022,4.54253,-8.11125,4],
[0.904173,-1.87315,-15.8642,2],
[-14.5167,-3.68302,0.837323,4]
],
"reflectors": [
],
"reflector_prisms": [
[-5.66817,-1.69448,15.7664,0.331834,4.30552,21.7664]
],
"absorber_prisms": [
[-5.78287,2.64698,-19.2933,0.217134,5.64698,-15.2933]
]
}