{
"time_step": 1e-05,
"number_of_molecules": 500000,
"diff_coef": 350,
"sim_time": 0.47619,
"absorbers": [
[-8.62301,-11.0668,-5.30756,5]
],
"reflectors": [
],
"reflector_prisms": [
[-0.28275,-2.54075,-21.9545,2.71725,1.45925,-16.9545]
],
"absorber_prisms": [
[-3.35431,-0.133225,-22.2887,-0.354307,4.86677,-20.2887],
[1.73922,4.62281,-4.85527,3.73922,7.62281,-1.85527],
[0.973557,2.32783,8.47921,4.97356,8.32783,14.4792]
]
}