{"time_step": 1e-05, "number_of_molecules": 500000, "diff_coef": 250, "sim_time": 1.5, "absorbers": [[-10.1341, -2.02091, -14.7382, 3]], "reflectors": [], "reflector_prisms": [[-1.53829, -0.915559, 4.99943, 1.46171, 1.08444, 9.99943]], "absorber_prisms": [[13.2103, -0.827217, -12.1249, 18.2103, 4.17278, -7.12489], [-5.21626, 14.6493, -12.416, -1.21626, 20.6493, -9.41599]], "line_of_sight": [[0, 0, 0, 0, 0, 499]]}