{"time_step": 1e-05, "number_of_molecules": 500000, "diff_coef": 350, "sim_time": 0.385714, "absorbers": [[3.91228, -10.0981, 1.92956, 2]], "reflectors": [[-13.9488, -2.89782, 7.2825, 3], [1.41007, -4.49039, 7.67125, 2], [-7.1482, 1.61929, 13.0874, 2]], "reflector_prisms": [[-16.3634, 9.0073, -5.24306, -12.3634, 15.0073, -1.24306]], "absorber_prisms": [[-15.6249, -13.0347, -9.25523, -11.6249, -8.03471, -4.25523]], "line_of_sight": [[0, 0, 0, 0, 0, 501]]}