{"time_step": 1e-05, "number_of_molecules": 500000, "diff_coef": 250, "sim_time": 1.92667, "absorbers": [[6.82134, 4.42707, 11.3961, 6], [-8.62877, -14.3981, 2.69064, 7], [12.9593, -6.76716, 13.6478, 4], [-5.17347, 14.0536, -0.855633, 4], [-3.59141, -2.71722, -13.2559, 7], [-18.222, -7.76778, 6.97293, 4]], "reflectors": [], "reflector_prisms": [], "absorber_prisms": [], "line_of_sight": [[283, 283, 0, 0, 0, 500], [0, 0, 0, 0, 0, 501], [0, 0, 0, 0, 0, 501], [0, 0, 0, 0, 0, 502], [188, 188, 0, 0, 0, 502], [0, 0, 0, 0, 0, 499]]}