{
"time_step": 1e-05,
"number_of_molecules": 500000,
"diff_coef": 350,
"sim_time": 1.37619,
"absorbers": [
[0.491463,12.047,14.6843,2]
],
"reflectors": [
],
"reflector_prisms": [
[-3.54775,-1.43257,11.917,0.452251,1.56743,16.917],
[13.1422,-0.41262,6.6175,16.1422,1.58738,10.6175]
],
"absorber_prisms": [
[7.11463,7.76001,-8.83123,11.1146,11.76,-4.83123]
]
}