{"time_step": 1e-05, "number_of_molecules": 500000, "diff_coef": 400, "sim_time": 0.816667, "absorbers": [[8.25518, 9.48721, 14.2424, 5]], "reflectors": [], "reflector_prisms": [[1.45133, -10.1219, 2.08596, 3.45133, -8.12195, 7.08596]], "absorber_prisms": [[-18.6337, 0.447131, -7.72511, -14.6337, 2.44713, -5.72511], [3.4298, 1.37743, 10.3162, 9.4298, 6.37743, 13.3162], [-7.43912, 6.08301, 7.8721, -5.43912, 10.083, 13.8721]], "line_of_sight": [[185, 0, 0, 185, 0, 503]]}