{"time_step": 1e-05, "number_of_molecules": 500000, "diff_coef": 200, "sim_time": 2.40833, "absorbers": [[3.68351, 13.9142, -13.8862, 3]], "reflectors": [], "reflector_prisms": [[0.864392, 7.36919, -21.0163, 5.86439, 9.36919, -18.0163]], "absorber_prisms": [[-12.5975, 15.3178, -7.51049, -8.59754, 18.3178, -2.51049], [-2.20391, -6.78611, 7.69734, -0.203914, -2.78611, 9.69734], [-3.46675, -16.2385, 6.95928, 2.53325, -13.2385, 9.95928]], "line_of_sight": [[0, 0, 0, 0, 0, 502]]}