{
"time_step": 1e-05,
"number_of_molecules": 500000,
"diff_coef": 100,
"sim_time": 4.81667,
"absorbers": [
[-7.83218,3.67005,22.3872,7],
[-12.9026,-1.43768,0.675364,5],
[-4.39475,-13.9617,-6.46198,4],
[-4.58741,-2.80935,8.4299,5],
[9.97464,-10.5151,-17.8588,6]
],
"reflectors": [
[5.8111,5.96945,-22.5077,5],
[19.4468,2.57813,-7.49499,6]
],
"reflector_prisms": [
],
"absorber_prisms": [
]
}