{"time_step": 1e-05, "number_of_molecules": 500000, "diff_coef": 50, "sim_time": 8.53333, "absorbers": [[-3.4837, 0.729898, -18.6636, 3]], "reflectors": [], "reflector_prisms": [[11.0449, -3.62955, 8.83801, 16.0449, 2.37045, 14.838]], "absorber_prisms": [[5.46485, -6.54787, -7.55551, 7.46485, -3.54787, -5.55551], [-10.5551, 16.5747, -4.71672, -5.55509, 20.5747, -1.71672]], "line_of_sight": [[0, 0, 0, 0, 0, 499]]}