{"time_step": 1e-05, "number_of_molecules": 500000, "diff_coef": 50, "sim_time": 10.8, "absorbers": [[1.17085, -7.13218, -21.8349, 5], [9.31243, -3.0103, -15.1068, 6], [-3.26886, -17.5437, 12.8659, 7], [21.9519, -6.6708, 1.61674, 7], [4.33856, 1.9405, 14.2271, 4], [-9.83717, -0.556555, 6.84984, 4]], "reflectors": [[1.29821, -0.286175, 24.9646, 6], [-11.1682, -4.36854, -0.433024, 4], [9.80452, 16.4023, 8.70838, 5]], "reflector_prisms": [], "absorber_prisms": [], "line_of_sight": [[227, 161, 113, 0, 0, 500], [162, 162, 0, 0, 0, 499], [0, 0, 0, 0, 0, 498], [0, 0, 0, 0, 0, 503], [196, 76, 153, 0, 0, 501], [128, 128, 0, 0, 0, 501]]}