{
"time_step": 1e-05,
"number_of_molecules": 500000,
"diff_coef": 350,
"sim_time": 0.47619,
"absorbers": [
[-15.8377,1.48548,-1.72105,6]
],
"reflectors": [
[-1.03643,0.370756,-14.9596,3]
],
"reflector_prisms": [
],
"absorber_prisms": [
[5.19044,-8.44335,-16.9182,8.19044,-4.44335,-13.9182],
[1.99977,-4.15584,13.2397,6.99977,0.844158,16.2397],
[2.25742,-1.28381,-14.5468,4.25742,2.71619,-9.54684],
[-7.93131,-10.0045,-20.9848,-2.93131,-7.00451,-16.9848]
]
}