{"time_step": 1e-05, "number_of_molecules": 500000, "diff_coef": 50, "sim_time": 9.63333, "absorbers": [[-0.982531, 2.21825, -10.7291, 5], [-9.16266, -1.6943, -9.06505, 4], [-13.0046, 3.13249, 4.13143, 6], [-2.77119, -7.73004, 11.3387, 3], [-10.8662, -4.39791, 10.8896, 2], [2.86509, 6.49183, 18.6989, 3], [1.58286, -0.738345, -22.9336, 6]], "reflectors": [[4.61331, 20.2916, -2.82259, 4], [9.22766, -9.46008, -7.09627, 5], [13.1808, 6.38672, 10.4631, 3], [14.6762, -1.85163, 6.09752, 3], [-7.89457, 9.60079, -3.80797, 5], [10.5634, -1.64938, -9.03854, 2]], "reflector_prisms": [], "absorber_prisms": [], "line_of_sight": [[209, 217, 0, 0, 0, 500], [144, 17, 127, 0, 0, 497], [152, 0, 152, 0, 0, 503], [206, 206, 0, 0, 0, 502], [0, 0, 0, 0, 0, 499], [144, 206, 0, 0, 0, 496], [384, 414, 0, 0, 0, 502]]}