{
"time_step": 1e-05,
"number_of_molecules": 500000,
"diff_coef": 200,
"sim_time": 0.533333,
"absorbers": [
[2.73191,3.00994,-11.2906,4]
],
"reflectors": [
],
"reflector_prisms": [
],
"absorber_prisms": [
[0.825763,-13.6408,-9.41299,4.82576,-7.64076,-4.41299],
[7.14386,-8.45623,4.79893,12.1439,-2.45623,8.79893],
[-6.61536,-12.659,0.239937,-3.61536,-6.65897,2.23994],
[-1.79222,-4.08671,11.8373,3.20778,-0.0867083,17.8373],
[2.30478,-8.97724,2.7993,6.30478,-6.97724,7.7993]
]
}