{
"time_step": 1e-05,
"number_of_molecules": 500000,
"diff_coef": 350,
"sim_time": 1.07143,
"absorbers": [
[-2.70417,-6.99899,-12.9885,7],
[10.5182,-0.71442,10.6703,7],
[-3.37501,15.0097,4.39524,4],
[-5.72145,8.37169,16.068,4]
],
"reflectors": [
[-12.4926,-14.7919,5.01338,5],
[20.19,10.902,1.5848,7],
[-8.99521,13.3508,-10.0917,7]
],
"reflector_prisms": [
],
"absorber_prisms": [
]
}