{"time_step": 1e-05, "number_of_molecules": 500000, "diff_coef": 350, "sim_time": 0.385714, "absorbers": [[-0.157911, 5.09562, -11.9587, 4]], "reflectors": [[13.262, -9.4519, -14.7913, 3]], "reflector_prisms": [[-6.73639, -22.5757, -12.1019, -1.73639, -16.5757, -6.10189], [-11.4806, 0.739322, -12.4284, -6.48057, 2.73932, -7.42845]], "absorber_prisms": [], "line_of_sight": [[0, 0, 0, 0, 0, 502]]}