{
"time_step": 1e-05,
"number_of_molecules": 500000,
"diff_coef": 400,
"sim_time": 0.416667,
"absorbers": [
[1.24969,0.636918,13.9296,4]
],
"reflectors": [
[9.20127,-10.895,10.9834,2],
[3.55218,8.93469,20.8939,6],
[-1.99505,-15.4102,6.89541,3],
[17.5833,-2.37649,6.7955,2],
[-15.2429,1.63847,-12.844,6]
],
"reflector_prisms": [
],
"absorber_prisms": [
]
}