{"time_step": 1e-05, "number_of_molecules": 500000, "diff_coef": 400, "sim_time": 1.35, "absorbers": [[8.1157, -14.5744, 6.76189, 5], [-5.80323, 3.29466, 20.9635, 5], [2.55703, -0.746886, -11.7006, 6], [18.1023, 8.51296, 9.15613, 4], [-13.857, -12.1402, -4.64773, 4]], "reflectors": [], "reflector_prisms": [], "absorber_prisms": [], "line_of_sight": [[0, 0, 0, 0, 0, 501], [499, 499, 0, 0, 0, 499], [16, 16, 0, 0, 0, 497], [85, 85, 0, 0, 0, 503], [72, 72, 0, 0, 0, 502]]}