{"time_step": 1e-05, "number_of_molecules": 500000, "diff_coef": 300, "sim_time": 0.2, "absorbers": [[7.45205, -6.38468, 1.92427, 4]], "reflectors": [[1.42135, 0.646666, -8.8635, 4], [7.241, -9.54543, 12.0604, 5]], "reflector_prisms": [[-3.68772, 5.53147, 0.0449462, -1.68772, 10.5315, 6.04495]], "absorber_prisms": [[-12.9999, -10.6895, 11.3428, -7.99991, -4.68946, 16.3428], [-8.82653, -1.29559, -6.51717, -3.82653, 0.704415, -1.51717]], "line_of_sight": [[52, 0, 52, 0, 0, 500]]}