{"time_step": 1e-05, "number_of_molecules": 500000, "diff_coef": 200, "sim_time": 1.875, "absorbers": [[-9.11394, -0.646702, -6.12519, 4], [-15.8008, -13.7961, -1.0003, 6], [-8.80307, 18.9285, 6.94397, 7], [7.41279, -4.20975, 2.88593, 4], [-0.0393341, -9.87471, -16.2323, 5], [7.50485, -7.50699, 16.9506, 6], [12.9227, 12.4785, -6.18805, 7]], "reflectors": [[9.80734, -0.662034, -8.50751, 6]], "reflector_prisms": [], "absorber_prisms": [], "line_of_sight": [[142, 142, 0, 0, 0, 502], [195, 195, 0, 0, 0, 496], [0, 0, 0, 0, 0, 499], [139, 139, 0, 0, 0, 501], [0, 0, 0, 0, 0, 500], [50, 50, 0, 0, 0, 501], [172, 128, 44, 0, 0, 495]]}