{
"time_step": 1e-05,
"number_of_molecules": 500000,
"diff_coef": 300,
"sim_time": 1.08889,
"absorbers": [
[14.1583,-7.43325,-0.539011,2],
[-0.793162,0.333189,-12.9715,4],
[14.7478,6.18931,-8.25802,5]
],
"reflectors": [
],
"reflector_prisms": [
],
"absorber_prisms": [
[-13.3633,10.7158,-12.1105,-10.3633,12.7158,-6.11051]
]
}