{"time_step": 1e-05, "number_of_molecules": 500000, "diff_coef": 150, "sim_time": 4.01111, "absorbers": [[-2.69718, 13.7364, 0.188095, 2], [-4.05861, -6.36844, -7.99817, 2], [-2.60378, 10.9226, -4.23289, 2], [1.48258, -2.83209, -9.4753, 2], [5.73588, -23.2683, -1.29829, 5], [-11.2247, -7.44747, 3.81324, 2], [9.83588, 2.43261, -4.28229, 2], [20.3209, 8.26844, 6.90602, 5]], "reflectors": [[3.42177, 11.2206, 17.4181, 4], [-9.52398, 6.72493, 10.9576, 6], [1.57455, 1.08037, 17.8984, 3], [-17.7386, 3.02689, 0.425359, 5], [-6.95111, 6.24421, -21.0165, 6], [-8.53646, -0.854353, -5.13799, 2], [-0.322274, 6.0634, -11.4948, 4]], "reflector_prisms": [], "absorber_prisms": [], "line_of_sight": [[498, 498, 0, 0, 0, 498], [145, 0, 145, 0, 0, 500], [0, 0, 0, 0, 0, 498], [100, 0, 100, 0, 0, 500], [109, 109, 0, 0, 0, 500], [0, 0, 0, 0, 0, 499], [0, 0, 0, 0, 0, 501], [68, 0, 68, 0, 0, 500]]}