{
"time_step": 1e-05,
"number_of_molecules": 500000,
"diff_coef": 350,
"sim_time": 0.933333,
"absorbers": [
[-10.8739,-10.7251,12.9124,6],
[-3.0485,10.0698,10.6913,4]
],
"reflectors": [
[-8.80522,17.5313,-3.88864,6],
[-8.51449,6.72051,-11.7617,4]
],
"reflector_prisms": [
],
"absorber_prisms": [
]
}