{"time_step": 1e-05, "number_of_molecules": 500000, "diff_coef": 100, "sim_time": 4.81667, "absorbers": [[16.9648, -3.13976, -13.6505, 5], [-4.55842, 0.725763, 11.0767, 3], [4.8661, 9.97874, 16.6357, 5], [-6.17384, -1.5316, -11.3375, 3], [2.59183, 1.49597, 9.54172, 2], [7.72857, -2.37131, 8.86826, 4], [-2.33312, -6.56329, 5.69911, 4]], "reflectors": [[-3.5077, 1.97607, -20.6105, 5], [-9.55227, 7.00278, -9.20408, 6]], "reflector_prisms": [], "absorber_prisms": [], "line_of_sight": [[0, 0, 0, 0, 0, 499], [0, 0, 0, 0, 0, 501], [84, 99, 0, 0, 0, 500], [355, 351, 75, 0, 0, 499], [404, 280, 171, 0, 0, 499], [371, 98, 276, 0, 0, 498], [0, 0, 0, 0, 0, 498]]}