{
"time_step": 1e-05,
"number_of_molecules": 500000,
"diff_coef": 300,
"sim_time": 1.08889,
"absorbers": [
[15.9086,0.471384,1.64159,2]
],
"reflectors": [
],
"reflector_prisms": [
[-1.83823,-2.07925,13.994,2.16177,2.92075,19.994],
[-7.57385,-9.7126,-2.2718,-1.57385,-5.7126,0.728205],
[-3.78278,-13.8341,-1.94736,0.217221,-11.8341,4.05264]
],
"absorber_prisms": [
]
}