{
"time_step": 1e-05,
"number_of_molecules": 500000,
"diff_coef": 350,
"sim_time": 0.804762,
"absorbers": [
[-11.4151,-3.55592,1.02558,7],
[6.07066,-15.3677,-11.2686,7]
],
"reflectors": [
],
"reflector_prisms": [
],
"absorber_prisms": [
]
}