{
"time_step": 1e-05,
"number_of_molecules": 500000,
"diff_coef": 200,
"sim_time": 3.00833,
"absorbers": [
[-7.64463,-13.3372,18.4304,5],
[-0.676661,-2.45649,-16.808,7],
[-2.26611,19.4625,-4.00944,6],
[8.61275,11.8717,-3.14394,5],
[-8.10742,-5.97237,12.4338,4]
],
"reflectors": [
[1.90282,-16.8899,-0.331772,4]
],
"reflector_prisms": [
],
"absorber_prisms": [
]
}