{"time_step": 1e-05, "number_of_molecules": 500000, "diff_coef": 100, "sim_time": 2.01667, "absorbers": [[-5.39147, -10.6643, -9.06667, 4]], "reflectors": [[-1.10146, -12.6675, 9.71185, 3]], "reflector_prisms": [[-16.2687, -2.50901, -18.7771, -10.2687, 2.49099, -13.7771], [5.35946, 0.879771, 3.41979, 8.35946, 3.87977, 5.41979], [-12.498, 2.21777, 4.63725, -9.49798, 4.21777, 9.63725]], "absorber_prisms": [], "line_of_sight": [[0, 0, 0, 0, 0, 495]]}