{"time_step": 1e-05, "number_of_molecules": 500000, "diff_coef": 50, "sim_time": 1.63333, "absorbers": [[5.53562, -7.48247, 3.65644, 3]], "reflectors": [[-1.65472, -0.152856, -10.8738, 4], [-5.40644, -9.30994, 2.25729, 5]], "reflector_prisms": [], "absorber_prisms": [[-13.1223, -17.4056, -13.8811, -11.1223, -11.4056, -8.88108], [3.21106, -16.3343, -6.37923, 6.21106, -11.3343, -0.379226]], "line_of_sight": [[0, 0, 0, 0, 0, 502]]}