{
"time_step": 1e-05,
"number_of_molecules": 500000,
"diff_coef": 200,
"sim_time": 2.40833,
"absorbers": [
[-14.8797,-6.6501,9.76583,2],
[-17.1281,-1.94111,-11.9942,5],
[7.50873,-7.34894,3.2576,2],
[-1.8812,5.61863,6.77437,3],
[0.799552,-6.05454,9.14895,6],
[16.746,-2.7199,1.0837,3],
[17.2139,-13.6855,-0.624501,5],
[-2.47346,4.10603,20.4456,5]
],
"reflectors": [
[11.3528,6.03126,-1.93332,4],
[-6.60529,-19.9706,-6.44555,5]
],
"reflector_prisms": [
],
"absorber_prisms": [
]
}