{
"time_step": 1e-05,
"number_of_molecules": 500000,
"diff_coef": 200,
"sim_time": 3.00833,
"absorbers": [
[-10.8281,4.8632,14.8358,5],
[-4.61883,8.85231,-0.55053,4],
[-9.06488,-4.71729,20.6052,4],
[16.5669,4.01881,-8.38979,6],
[0.024932,3.86846,9.22141,4]
],
"reflectors": [
],
"reflector_prisms": [
],
"absorber_prisms": [
]
}