{
"time_step": 1e-05,
"number_of_molecules": 500000,
"diff_coef": 300,
"sim_time": 1.25,
"absorbers": [
[-4.36379,8.51142,-16.4169,4],
[3.93331,-1.68238,-15.4175,6],
[9.46107,7.05965,-2.15629,4],
[2.28336,0.436428,14.8188,7]
],
"reflectors": [
[15.7028,12.0236,-2.97577,4]
],
"reflector_prisms": [
],
"absorber_prisms": [
]
}