{"time_step": 1e-05, "number_of_molecules": 500000, "diff_coef": 200, "sim_time": 2.13333, "absorbers": [[20.7668, 6.90951, 2.23544, 6], [4.16115, -17.7021, -12.3823, 7], [-3.85511, 16.1397, -3.69444, 5], [-5.92465, -7.8313, -16.2656, 6], [-7.18498, -16.1183, -3.54641, 7], [-21.127, 5.80417, 1.99072, 6]], "reflectors": [[-2.11048, 7.34224, -11.7319, 6], [-9.1167, 9.20454, 11.0074, 7], [-2.9723, -0.597163, 20.78, 4]], "reflector_prisms": [], "absorber_prisms": [], "line_of_sight": [[0, 0, 0, 0, 0, 499], [196, 11, 185, 0, 0, 501], [0, 0, 0, 0, 0, 504], [0, 0, 0, 0, 0, 500], [6, 6, 0, 0, 0, 501], [0, 0, 0, 0, 0, 500]]}