{
"time_step": 1e-05,
"number_of_molecules": 500000,
"diff_coef": 400,
"sim_time": 0.15,
"absorbers": [
[7.69228,7.14811,5.80805,6]
],
"reflectors": [
],
"reflector_prisms": [
[-2.91878,-0.00261352,10.0832,1.08122,5.99739,13.0832]
],
"absorber_prisms": [
[-6.78967,10.735,2.23652,-1.78967,16.735,6.23652],
[1.41552,1.73784,2.7916,6.41552,6.73784,6.7916]
]
}