{"time_step": 1e-05, "number_of_molecules": 500000, "diff_coef": 400, "sim_time": 0.266667, "absorbers": [[-5.90502, -7.69016, -2.4479, 2]], "reflectors": [], "reflector_prisms": [[-3.25181, -11.9259, 2.33135, 0.748189, -5.92594, 6.33135], [-2.92489, 1.62585, 4.67789, -0.924891, 6.62585, 9.67789], [2.33162, 7.15136, 1.84609, 6.33162, 9.15136, 5.84609], [-9.61703, -2.21977, -12.6864, -3.61703, 2.78023, -9.68644], [-0.354801, -1.17293, 16.7399, 5.6452, 4.82707, 22.7399]], "absorber_prisms": [], "line_of_sight": [[0, 0, 0, 0, 0, 503]]}