{"time_step": 1e-05, "number_of_molecules": 500000, "diff_coef": 250, "sim_time": 0.806667, "absorbers": [[-0.768967, -8.93398, -13.2511, 6], [2.4783, 4.92994, 13.9483, 4]], "reflectors": [[0.0992994, 1.89651, 6.73746, 2], [7.76617, 2.108, -16.101, 2]], "reflector_prisms": [], "absorber_prisms": [[-2.55549, -0.490311, -13.2345, 2.44451, 5.50969, -10.2345]], "line_of_sight": [[188, 143, 145, 0, 0, 502], [390, 281, 266, 0, 0, 500]]}