{
"time_step": 1e-05,
"number_of_molecules": 500000,
"diff_coef": 300,
"sim_time": 1.42222,
"absorbers": [
[1.4668,14.3763,-6.86816,6],
[-16.2782,14.4346,3.26553,7],
[10.4818,13.8829,4.62554,6],
[17.2139,-6.84352,-7.53972,4],
[-5.59084,-11.2847,-9.86901,6]
],
"reflectors": [
[-1.74581,1.10693,24.9144,6],
[-9.446,0.601324,-12.9001,4],
[-0.828412,4.31898,7.8524,4],
[-8.70346,-0.513855,14.594,4],
[-2.09089,-8.38665,12.2594,5]
],
"reflector_prisms": [
],
"absorber_prisms": [
]
}