{
"time_step": 1e-05,
"number_of_molecules": 500000,
"diff_coef": 300,
"sim_time": 0.938889,
"absorbers": [
[-9.55914,3.42737,-13.6336,4]
],
"reflectors": [
],
"reflector_prisms": [
[3.4886,-6.46732,-11.9652,6.4886,-1.46732,-5.96517],
[11.4587,7.27345,0.522696,15.4587,13.2734,2.5227],
[12.7944,-16.8159,-7.38518,16.7944,-12.8159,-2.38518],
[3.10816,-18.6272,6.23796,8.10816,-12.6272,12.238]
],
"absorber_prisms": [
[-0.473527,-2.04234,6.81775,3.52647,3.95766,10.8178]
]
}