{
"time_step": 1e-05,
"number_of_molecules": 500000,
"diff_coef": 150,
"sim_time": 1.6,
"absorbers": [
[17.8324,-1.01086,-2.23262,6]
],
"reflectors": [
[2.2398,-2.42159,10.4938,2],
[14.5265,9.03314,-5.60213,4]
],
"reflector_prisms": [
[0.860675,-8.68887,13.1818,2.86068,-3.68887,17.1818],
[-12.2241,-1.07257,16.9521,-9.22415,4.92743,18.9521]
],
"absorber_prisms": [
]
}