{"time_step": 1e-05, "number_of_molecules": 500000, "diff_coef": 150, "sim_time": 2.84444, "absorbers": [[12.5402, -16.5345, 3.21773, 5]], "reflectors": [], "reflector_prisms": [[-9.9706, 1.62496, -5.07255, -7.9706, 6.62496, -2.07255], [3.41454, -3.05337, 8.94735, 6.41454, 2.94663, 12.9473]], "absorber_prisms": [[4.96125, 2.26326, -6.21445, 6.96125, 8.26326, -2.21445]], "line_of_sight": [[0, 0, 0, 0, 0, 501]]}