{"time_step": 1e-05, "number_of_molecules": 500000, "diff_coef": 100, "sim_time": 5.4, "absorbers": [[0.609527, -16.9873, 0.243572, 7], [-3.14676, 19.7285, 0.941354, 6], [-5.14787, 3.45735, 24.2187, 7], [6.01071, -11.0078, 14.2723, 6], [-1.10848, 7.79729, -16.1856, 6], [-21.5194, 4.22098, -1.76008, 4], [-2.78609, -8.11411, -8.39041, 5]], "reflectors": [[1.64194, -0.898533, 13.8743, 5]], "reflector_prisms": [], "absorber_prisms": [], "line_of_sight": [[132, 132, 0, 0, 0, 499], [457, 457, 0, 0, 0, 502], [186, 0, 186, 0, 0, 499], [187, 187, 58, 0, 0, 501], [334, 167, 177, 0, 0, 497], [0, 0, 0, 0, 0, 499], [1, 1, 0, 0, 0, 500]]}