{"time_step": 1e-05, "number_of_molecules": 500000, "diff_coef": 250, "sim_time": 0.54, "absorbers": [[4.23826, 2.4863, 13.1094, 5]], "reflectors": [[12.71, -12.3013, 3.33685, 2], [-10.5302, -22.2488, 4.37104, 6]], "reflector_prisms": [], "absorber_prisms": [[-17.2761, -4.82545, -11.6727, -13.2761, 0.174554, -8.67266]], "line_of_sight": [[0, 0, 0, 0, 0, 501]]}