{"time_step": 1e-05, "number_of_molecules": 500000, "diff_coef": 50, "sim_time": 5.63333, "absorbers": [[11.2746, -8.56774, 4.94735, 5], [-15.7669, -8.31367, -6.57946, 7], [13.1594, 0.658595, -12.2636, 7], [2.19143, -14.3343, -12.277, 6], [0.376533, 0.263547, 15.9934, 5]], "reflectors": [[-14.577, 2.76534, 8.29837, 6], [-7.11616, -8.05544, 16.8662, 5], [6.94557, 6.33347, 12.9478, 4], [9.07992, 8.35228, -4.0981, 4]], "reflector_prisms": [], "absorber_prisms": [], "line_of_sight": [[0, 0, 0, 0, 0, 502], [7, 0, 7, 0, 0, 500], [238, 0, 238, 0, 0, 500], [0, 0, 0, 0, 0, 500], [0, 0, 0, 0, 0, 500]]}