{"time_step": 1e-05, "number_of_molecules": 500000, "diff_coef": 250, "sim_time": 1.5, "absorbers": [[-7.73292, -13.8563, -2.05085, 7], [-0.212838, 0.460785, 13.9908, 5], [-6.56757, 14.3768, -15.3028, 7], [15.1237, 4.04427, -3.30415, 4]], "reflectors": [[3.18184, 0.211553, -23.7872, 7], [19.6013, 17.0727, 0.557793, 7], [-0.707442, 11.6798, -5.66401, 4], [2.48975, -1.88904, -10.5467, 5]], "reflector_prisms": [], "absorber_prisms": [], "line_of_sight": [[112, 0, 112, 0, 0, 500], [318, 0, 500, 0, 0, 498], [119, 0, 119, 0, 0, 503], [21, 0, 21, 0, 0, 497]]}