{
"time_step": 1e-05,
"number_of_molecules": 500000,
"diff_coef": 400,
"sim_time": 1.06667,
"absorbers": [
[6.21352,10.2054,1.11407,6],
[8.78746,9.39802,-19.0646,7],
[-1.97468,-0.574544,-11.8225,4],
[-11.5115,1.69105,10.9829,7]
],
"reflectors": [
[12.5065,-5.82336,-9.93357,4],
[-5.91667,11.8364,18.812,6]
],
"reflector_prisms": [
],
"absorber_prisms": [
]
}