{"time_step": 1e-05, "number_of_molecules": 500000, "diff_coef": 100, "sim_time": 4.81667, "absorbers": [[11.8958, 15.2549, 5.07703, 3]], "reflectors": [[9.30045, -15.1869, 12.9175, 5]], "reflector_prisms": [], "absorber_prisms": [[-8.38665, -12.0777, -17.9141, -2.38665, -8.07772, -14.9141], [3.96751, -7.08649, 15.2675, 6.96751, -4.08649, 18.2675], [-0.752351, -1.55021, -12.954, 1.24765, 3.44979, -7.95402], [-0.404281, -6.28262, 12.6937, 4.59572, -2.28262, 14.6937]], "line_of_sight": [[0, 0, 0, 0, 0, 498]]}