{
"time_step": 1e-05,
"number_of_molecules": 500000,
"diff_coef": 350,
"sim_time": 1.71905,
"absorbers": [
[-7.99619,19.3869,6.64909,3]
],
"reflectors": [
[2.97949,-23.7238,2.07435,6]
],
"reflector_prisms": [
[-9.34296,2.63634,-5.49299,-4.34296,4.63634,-1.49299]
],
"absorber_prisms": [
[-8.84635,-14.2739,2.87616,-3.84635,-12.2739,6.87616]
]
}