{"time_step": 1e-05, "number_of_molecules": 500000, "diff_coef": 400, "sim_time": 0.704167, "absorbers": [[14.5197, 0.237951, -12.2524, 6]], "reflectors": [[-5.04108, 5.49549, -8.08623, 5]], "reflector_prisms": [[-7.78146, -3.68615, -7.29102, -2.78146, -0.686151, -5.29102], [-9.61669, -14.6329, -0.893148, -4.61669, -10.6329, 1.10685], [0.0127836, 1.42644, -13.0581, 3.01278, 4.42644, -11.0581], [1.55868, -18.8172, -8.08292, 3.55868, -16.8172, -4.08292]], "absorber_prisms": [], "line_of_sight": [[0, 0, 0, 0, 0, 498]]}