{
"time_step": 1e-05,
"number_of_molecules": 500000,
"diff_coef": 100,
"sim_time": 0.416667,
"absorbers": [
[4.06868,-5.37921,-4.30232,3]
],
"reflectors": [
[14.6631,1.05393,-6.31519,6]
],
"reflector_prisms": [
],
"absorber_prisms": [
[-4.45059,11.1365,-18.2848,0.54941,14.1365,-16.2848],
[2.7274,-0.28077,9.98209,8.7274,5.71923,14.9821],
[-0.276669,-5.95038,-12.241,5.72333,0.0496154,-8.24103],
[13.1786,-11.8722,-3.83916,19.1786,-7.87221,1.16084]
]
}