{
"time_step": 1e-05,
"number_of_molecules": 500000,
"diff_coef": 100,
"sim_time": 5.4,
"absorbers": [
[-20.4002,4.50073,2.1387,4],
[-1.09897,9.75455,-4.96396,4],
[20.3679,-1.6436,-8.15155,6],
[-4.86606,6.71135,17.0962,6],
[8.37771,14.3294,-3.67185,6],
[14.2173,-10.7017,12.9361,4]
],
"reflectors": [
[-17.2866,-10.049,0.437427,6],
[-9.63997,-5.14259,-17.9339,5]
],
"reflector_prisms": [
],
"absorber_prisms": [
]
}