{
"time_step": 1e-05,
"number_of_molecules": 500000,
"diff_coef": 150,
"sim_time": 1.11111,
"absorbers": [
[-8.62871,-1.77166,8.14903,2]
],
"reflectors": [
[-16.1205,-6.52949,-11.7684,4],
[-9.59154,4.58978,-2.81712,6],
[17.2498,9.45267,9.85356,4]
],
"reflector_prisms": [
],
"absorber_prisms": [
[13.7213,-10.4989,-6.5776,17.7213,-5.49887,-4.5776],
[0.895189,1.13758,3.51045,4.89519,6.13758,9.51045]
]
}