{
"time_step": 1e-05,
"number_of_molecules": 500000,
"diff_coef": 400,
"sim_time": 0.9375,
"absorbers": [
[1.78939,-4.87801,-20.3471,6]
],
"reflectors": [
[-8.43422,12.9367,7.10674,4],
[8.23436,13.7118,-0.426585,3]
],
"reflector_prisms": [
[-17.9922,6.01071,-3.24889,-11.9922,10.0107,2.75111],
[-20.3335,-4.93209,7.3449,-15.3335,1.06791,10.3449]
],
"absorber_prisms": [
]
}