{"time_step": 1e-05, "number_of_molecules": 500000, "diff_coef": 400, "sim_time": 1.06667, "absorbers": [[3.19707, -1.16985, -21.735, 6], [1.47394, -1.55932, -9.76709, 4], [-6.53327, 8.84717, -0.209918, 5]], "reflectors": [[13.7308, 2.70131, -0.409933, 5]], "reflector_prisms": [], "absorber_prisms": [], "line_of_sight": [[503, 503, 0, 0, 0, 503], [65, 65, 0, 0, 0, 502], [0, 0, 0, 0, 0, 497]]}