{"time_step": 1e-05, "number_of_molecules": 500000, "diff_coef": 100, "sim_time": 2.81667, "absorbers": [[14.5841, 4.26546, -9.6493, 5], [12.9093, -5.17277, -1.61047, 4]], "reflectors": [[-6.85939, -1.17284, -8.51899, 3]], "reflector_prisms": [], "absorber_prisms": [[-0.490167, -12.7815, -1.96841, 4.50983, -6.78151, 3.03159], [-18.0854, -7.92724, -7.31169, -13.0854, -3.92724, -3.31169]], "line_of_sight": [[0, 0, 0, 0, 0, 499], [0, 0, 0, 0, 0, 503]]}