{
"time_step": 1e-05,
"number_of_molecules": 500000,
"diff_coef": 400,
"sim_time": 0.9375,
"absorbers": [
[-9.69906,-5.50672,14.1281,6],
[15.1854,-1.77716,-12.8936,5]
],
"reflectors": [
],
"reflector_prisms": [
[-16.489,6.78061,-13.9085,-12.489,10.7806,-10.9085],
[-0.962315,-7.2531,-7.38921,3.03769,-5.2531,-5.38921]
],
"absorber_prisms": [
]
}