{"time_step": 1e-05, "number_of_molecules": 500000, "diff_coef": 400, "sim_time": 1.35, "absorbers": [[-0.178751, -5.00454, -24.4933, 7], [15.1888, 9.16556, 11.2379, 7], [-3.44593, -13.4892, 1.47214, 6]], "reflectors": [[-5.1896, -1.30461, 16.1359, 5], [6.40614, 9.54053, -3.45538, 6]], "reflector_prisms": [], "absorber_prisms": [], "line_of_sight": [[116, 0, 116, 0, 0, 502], [0, 0, 0, 0, 0, 500], [246, 0, 246, 0, 0, 500]]}