{"time_step": 1e-05, "number_of_molecules": 500000, "diff_coef": 350, "sim_time": 1.37619, "absorbers": [[20.1479, -5.37126, -2.49199, 4], [0.89961, -3.53002, 17.6275, 4], [8.7684, -5.46289, 3.77783, 4], [9.86456, 8.35094, 15.2628, 5], [-6.75017, -5.21435, 15.8507, 4]], "reflectors": [[-12.94, -19.8788, 7.89871, 6], [0.790551, -22.0382, 6.53403, 4], [-15.4098, 3.14697, 12.3546, 6], [-10.1606, -2.41729, -20.4919, 4]], "reflector_prisms": [], "absorber_prisms": [], "line_of_sight": [[20, 20, 0, 0, 0, 502], [0, 0, 0, 0, 0, 500], [10, 10, 0, 0, 0, 497], [63, 0, 63, 0, 0, 497], [0, 0, 0, 0, 0, 501]]}