{
"time_step": 1e-05,
"number_of_molecules": 500000,
"diff_coef": 200,
"sim_time": 3.00833,
"absorbers": [
[1.08886,-10.4181,21.5935,5]
],
"reflectors": [
[0.290057,11.0563,10.1328,3]
],
"reflector_prisms": [
],
"absorber_prisms": [
[-7.54739,15.4127,-0.655319,-1.54739,19.4127,1.34468],
[-0.820365,-3.50283,-13.9584,1.17964,1.49717,-10.9584]
]
}