{"time_step": 1e-05, "number_of_molecules": 500000, "diff_coef": 100, "sim_time": 3.26667, "absorbers": [[1.59381, -6.28586, 18.9195, 6]], "reflectors": [[-0.536717, -3.40687, -11.4937, 4], [13.8367, -0.981717, -14.4077, 2]], "reflector_prisms": [[-15.4798, -9.14239, 6.64005, -13.4798, -6.14239, 12.6401]], "absorber_prisms": [[-6.32219, -4.48497, -8.06609, -2.32219, 1.51503, -5.06609]], "line_of_sight": [[36, 0, 36, 0, 0, 500]]}