{
"time_step": 1e-05,
"number_of_molecules": 500000,
"diff_coef": 50,
"sim_time": 12.0333,
"absorbers": [
[-20.9076,6.34323,-12.1505,6],
[3.16398,-4.06463,14.0879,7],
[21.0967,9.56511,6.27987,5],
[6.75634,11.4803,6.89598,4],
[-0.492244,22.4874,-13.0412,7]
],
"reflectors": [
[-13.9191,-2.64524,-14.116,5],
[19.3392,-16.8266,-4.34285,7],
[-1.08869,5.80186,-19.109,5]
],
"reflector_prisms": [
],
"absorber_prisms": [
]
}