{
"time_step": 1e-05,
"number_of_molecules": 500000,
"diff_coef": 250,
"sim_time": 0.166667,
"absorbers": [
[-5.65165,1.90054,-3.66699,2]
],
"reflectors": [
[-2.32523,3.92475,8.89886,4],
[2.42421,14.4313,12.1187,4],
[-2.50513,-0.0551906,17.8247,3],
[8.80383,10.0777,4.11496,3],
[18.5588,0.0306942,4.07061,2]
],
"reflector_prisms": [
],
"absorber_prisms": [
]
}