{
"time_step": 1e-05,
"number_of_molecules": 500000,
"diff_coef": 400,
"sim_time": 1.06667,
"absorbers": [
[2.17979,1.08704,13.7865,5],
[0.960855,-13.15,-4.70686,7],
[0.202397,-0.525921,-17.9912,6],
[-13.2816,2.29046,-17.3883,6]
],
"reflectors": [
[24.0889,1.28154,-9.69963,7],
[10.2289,-7.62245,2.50339,5]
],
"reflector_prisms": [
],
"absorber_prisms": [
]
}