{"time_step": 1e-05, "number_of_molecules": 500000, "diff_coef": 250, "sim_time": 2.40667, "absorbers": [[-3.8807, 22.403, 3.47044, 4], [-15.3678, -15.441, -3.0669, 4], [8.40468, 15.8532, 1.42718, 6]], "reflectors": [[-0.122895, -4.27614, 14.377, 4], [4.34052, 5.28352, 25.0847, 7], [-3.3209, 1.42758, -10.3891, 6]], "reflector_prisms": [], "absorber_prisms": [], "line_of_sight": [[0, 0, 0, 0, 0, 499], [261, 261, 0, 0, 0, 497], [94, 94, 0, 0, 0, 499]]}