{"time_step": 1e-05, "number_of_molecules": 500000, "diff_coef": 50, "sim_time": 2.7, "absorbers": [[-5.70313, 9.96607, 8.00949, 5]], "reflectors": [[1.57226, 1.02039, 7.77733, 3]], "reflector_prisms": [[0.625644, 9.82326, 13.6121, 4.62564, 11.8233, 19.6121], [6.24327, 6.08572, -10.6306, 9.24327, 9.08572, -8.63061], [-7.06289, 0.155427, -10.0641, -1.06289, 2.15543, -8.0641]], "absorber_prisms": [], "line_of_sight": [[0, 0, 0, 0, 0, 500]]}