{
"time_step": 1e-05,
"number_of_molecules": 500000,
"diff_coef": 400,
"sim_time": 0.204167,
"absorbers": [
[-3.29217,-11.2358,-2.63009,5]
],
"reflectors": [
[-0.0715971,1.3821,-18.9495,6]
],
"reflector_prisms": [
],
"absorber_prisms": [
]
}