{"time_step": 1e-05, "number_of_molecules": 500000, "diff_coef": 50, "sim_time": 10.8, "absorbers": [[0.360614, -1.08704, -6.90567, 2], [-5.81146, 3.46318, -17.7548, 4], [6.96542, 6.67312, 18.6535, 3]], "reflectors": [], "reflector_prisms": [], "absorber_prisms": [[-14.5076, 0.271876, -11.5345, -9.50761, 4.27188, -7.53446], [-22.2074, 2.82439, 4.61295, -17.2074, 6.82439, 9.61295]], "line_of_sight": [[4, 4, 0, 0, 0, 497], [5, 5, 0, 0, 0, 498], [6, 6, 0, 0, 0, 503]]}