{"time_step": 1e-05, "number_of_molecules": 500000, "diff_coef": 350, "sim_time": 1.21905, "absorbers": [[-2.00693, 4.64886, 20.3804, 5]], "reflectors": [[0.383903, 0.199564, -8.98959, 3]], "reflector_prisms": [[-2.16737, -6.0098, 5.11972, 2.83263, -1.0098, 8.11972], [-5.73307, -3.20443, -12.5137, -0.733066, 1.79557, -9.51368], [-10.2515, 0.676519, -6.63791, -5.25146, 6.67652, -3.63791]], "absorber_prisms": [[5.48555, 0.548946, 16.8522, 11.4855, 5.54895, 18.8522]], "line_of_sight": [[277, 0, 277, 0, 0, 497]]}