{
"time_step": 1e-05,
"number_of_molecules": 500000,
"diff_coef": 200,
"sim_time": 2.7,
"absorbers": [
[-6.71308,2.87202,14.2368,2],
[0.788193,2.52886,-19.8238,3],
[11.0133,3.20569,19.9357,6],
[-13.0889,14.7166,-9.80315,4],
[1.15537,-3.77149,14.4721,6],
[11.7337,-2.4419,-0.598052,3],
[5.62807,9.44462,-0.352091,6],
[-11.2118,-9.81447,1.72417,3]
],
"reflectors": [
[14.1401,2.80019,6.94376,6],
[5.75033,-5.41212,-13.9156,6],
[-3.9071,5.8248,-5.63971,2],
[-9.44841,6.85097,-18.6492,3],
[4.05233,2.46795,-11.0222,2],
[-6.84551,14.5972,16.403,4]
],
"reflector_prisms": [
],
"absorber_prisms": [
]
}