{
"time_step": 1e-05,
"number_of_molecules": 500000,
"diff_coef": 300,
"sim_time": 1.60556,
"absorbers": [
[-13.1727,-3.63393,-11.7164,3],
[2.21255,6.86583,-13.1516,6],
[7.48461,-3.01446,-14.9631,5],
[-2.73594,12.6096,1.58542,3],
[0.678307,-12.6771,9.73812,3],
[-2.253,-6.27126,-8.75187,3],
[-6.73656,16.1067,14.9731,6],
[1.78682,4.50353,7.58456,4]
],
"reflectors": [
[14.146,-16.8483,0.165267,5],
[9.18015,-6.01091,0.770585,2],
[18.2617,3.45444,-15.1848,6],
[-12.1607,3.32787,-3.16885,6],
[7.33627,-14.2458,-8.19982,3]
],
"reflector_prisms": [
],
"absorber_prisms": [
]
}