{
"time_step": 1e-05,
"number_of_molecules": 500000,
"diff_coef": 350,
"sim_time": 1.37619,
"absorbers": [
[10.1225,-7.79859,5.71992,4],
[-0.527553,-1.15702,12.9377,4],
[-11.3318,9.82802,0.0355521,3],
[4.97489,2.98928,-8.14338,5],
[-15.5795,0.676694,-3.5805,5],
[0.157858,0.0776605,18.9992,2],
[4.59317,8.46421,10.1617,5],
[-8.06586,-13.8041,0.623395,6]
],
"reflectors": [
[0.610736,-20.9146,1.79039,3],
[0.713636,7.82184,-11.5892,2],
[0.966972,-17.782,9.10309,2],
[-0.262806,-0.893701,-17.9759,2],
[1.76445,-10.9332,-6.80818,3],
[-9.06034,-4.43978,13.6821,4]
],
"reflector_prisms": [
],
"absorber_prisms": [
]
}