{
"time_step": 1e-05,
"number_of_molecules": 500000,
"diff_coef": 100,
"sim_time": 4.81667,
"absorbers": [
[2.22951,-1.4743,-15.7752,4],
[5.14671,-8.57376,-0.044654,4],
[-16.289,-4.29454,8.78789,4],
[-5.84147,3.95146,-21.8921,6],
[7.54027,1.50073,18.4633,6],
[6.85854,-19.1033,-5.38738,4]
],
"reflectors": [
[-14.6273,-2.12234,-2.55671,5],
[-7.79394,-5.96395,-9.98427,4],
[-6.69242,7.46241,-4.53033,4]
],
"reflector_prisms": [
],
"absorber_prisms": [
]
}