{
"time_step": 1e-05,
"number_of_molecules": 500000,
"diff_coef": 150,
"sim_time": 0.277778,
"absorbers": [
[-4.44055,-3.59624,4.04334,2]
],
"reflectors": [
],
"reflector_prisms": [
[-10.3333,-7.42897,-17.832,-4.33329,-4.42897,-12.832],
[-7.48482,-1.23308,16.2314,-3.48482,1.76692,22.2314]
],
"absorber_prisms": [
[-5.69862,-0.530229,7.65349,0.301379,1.46977,13.6535]
]
}