{"time_step": 1e-05, "number_of_molecules": 500000, "diff_coef": 400, "sim_time": 1.06667, "absorbers": [[-2.63258, 11.9513, 11.7999, 5], [1.53077, -2.78408, -19.746, 5], [18.9547, 2.60175, 12.7652, 7], [-8.89128, 0.975631, -14.4566, 4], [2.27208, -2.68865, -9.35996, 5]], "reflectors": [[-3.41403, 13.4419, -11.4743, 4], [-9.13181, 1.07204, 14.299, 7], [-10.4426, -11.4109, -11.0337, 4], [-1.66743, -18.1483, -10.4335, 4], [8.96852, -6.04223, -14.3895, 4]], "reflector_prisms": [], "absorber_prisms": [], "line_of_sight": [[308, 224, 88, 0, 0, 501], [502, 502, 157, 0, 0, 502], [59, 59, 0, 0, 0, 501], [82, 82, 0, 0, 0, 500], [294, 122, 223, 0, 0, 500]]}