{"time_step": 1e-05, "number_of_molecules": 500000, "diff_coef": 150, "sim_time": 2.5, "absorbers": [[0.417806, -2.72791, 9.61166, 4], [-20.4629, -8.03355, -0.855007, 7], [-14.0355, 3.66698, 3.81539, 4]], "reflectors": [], "reflector_prisms": [], "absorber_prisms": [], "line_of_sight": [[0, 0, 0, 0, 0, 500], [0, 0, 0, 0, 0, 498], [0, 0, 0, 0, 0, 503]]}