{
"time_step": 1e-05,
"number_of_molecules": 500000,
"diff_coef": 350,
"sim_time": 1.54286,
"absorbers": [
[5.5884,-19.5212,-5.35649,3]
],
"reflectors": [
],
"reflector_prisms": [
[-8.71603,-6.71425,-6.201,-4.71603,-0.714245,-3.201],
[-1.76854,-10.7266,-1.33177,4.23146,-4.72661,4.66823],
[2.93138,-0.532405,13.3462,7.93138,5.46759,16.3462]
],
"absorber_prisms": [
[-19.243,4.20724,-11.3696,-13.243,6.20724,-5.3696],
[-1.82875,4.62584,7.27889,2.17125,8.62584,10.2789]
]
}