{"time_step": 1e-05, "number_of_molecules": 500000, "diff_coef": 150, "sim_time": 1.87778, "absorbers": [[-5.3508, -13.7261, 2.82215, 2], [-11.4279, -5.56827, 5.86493, 3]], "reflectors": [], "reflector_prisms": [[6.34581, 3.32153, 15.6885, 9.34581, 6.32153, 18.6885], [-6.44505, 4.95871, 14.9943, -2.44505, 8.95871, 16.9943], [7.2313, -16.5371, -10.2003, 9.2313, -14.5371, -4.20029]], "absorber_prisms": [], "line_of_sight": [[0, 0, 0, 0, 0, 501], [0, 0, 0, 0, 0, 495]]}