{"time_step": 1e-05, "number_of_molecules": 500000, "diff_coef": 350, "sim_time": 0.385714, "absorbers": [[-0.860609, 11.3282, -8.18115, 5]], "reflectors": [[-1.16883, -10.5543, 2.8707, 5], [3.2334, -0.643978, 9.44089, 3], [-15.1539, 11.4435, -0.635472, 6], [1.19985, -8.56148, -13.4633, 6]], "reflector_prisms": [], "absorber_prisms": [[-18.3531, -10.5072, -1.53143, -14.3531, -4.50717, 2.46857]], "line_of_sight": [[233, 0, 233, 0, 0, 499]]}