{"time_step": 1e-05, "number_of_molecules": 500000, "diff_coef": 150, "sim_time": 3.6, "absorbers": [[16.8838, -8.34244, 11.3729, 4]], "reflectors": [], "reflector_prisms": [[-6.01822, -6.19585, 13.0574, -0.0182183, -3.19585, 19.0574], [-5.69674, 1.10502, 8.50884, -3.69674, 6.10502, 13.5088], [0.904737, -3.81724, 10.1144, 4.90474, 2.18276, 13.1144], [5.71646, -15.2274, -4.82501, 10.7165, -9.22739, -0.825005]], "absorber_prisms": [], "line_of_sight": [[0, 0, 0, 0, 0, 504]]}