{"time_step": 1e-05, "number_of_molecules": 500000, "diff_coef": 200, "sim_time": 2.7, "absorbers": [[7.81684, -6.15206, 11.2272, 6], [-6.54324, -20.3642, 12.9416, 7], [-5.51528, 6.13762, -15.9972, 6], [-8.43394, -18.6363, -10.5146, 5], [-5.67962, 2.5854, 22.1372, 5], [-9.5769, -9.76, -6.16647, 4], [10.1274, 4.27859, 0.358462, 6]], "reflectors": [[-0.519144, -0.544385, -8.96851, 4]], "reflector_prisms": [], "absorber_prisms": [], "line_of_sight": [[180, 176, 89, 0, 0, 501], [0, 0, 0, 0, 0, 501], [427, 270, 184, 0, 0, 499], [156, 156, 0, 0, 0, 501], [377, 0, 377, 0, 0, 500], [357, 357, 0, 0, 0, 498], [77, 77, 0, 0, 0, 498]]}