{
"time_step": 1e-05,
"number_of_molecules": 500000,
"diff_coef": 250,
"sim_time": 1.5,
"absorbers": [
[-4.1913,-7.11645,-13.7036,5],
[-7.08033,-6.41897,-2.94376,5],
[5.17934,-5.38465,17.4694,6],
[-4.5604,3.08809,-20.2649,6]
],
"reflectors": [
],
"reflector_prisms": [
],
"absorber_prisms": [
]
}