{"time_step": 1e-05, "number_of_molecules": 500000, "diff_coef": 250, "sim_time": 2.16, "absorbers": [[5.92122, -5.99165, 20.3234, 7], [-0.218279, 0.169648, -24.9985, 7], [-3.27424, 16.7541, 12.2303, 6], [-5.24088, -14.3032, -12.9596, 7]], "reflectors": [[1.37849, -1.12497, -10.8551, 5], [-10.0567, 4.9172, -11.4317, 6], [-15.9709, -2.8108, -5.10197, 4], [-0.50314, 16.8255, -17.107, 5]], "reflector_prisms": [], "absorber_prisms": [], "line_of_sight": [[338, 128, 338, 0, 0, 501], [501, 155, 501, 0, 0, 501], [147, 147, 0, 0, 0, 501], [118, 113, 5, 0, 0, 499]]}