{
"time_step": 1e-05,
"number_of_molecules": 500000,
"diff_coef": 250,
"sim_time": 1.92667,
"absorbers": [
[-7.87806,-4.34195,-6.33116,4],
[0.731166,-2.0275,15.8542,4],
[-6.31453,-15.335,-9.27175,2]
],
"reflectors": [
],
"reflector_prisms": [
[4.80071,-5.98109,0.378871,8.80071,-1.98109,2.37887]
],
"absorber_prisms": [
]
}