{
"time_step": 1e-05,
"number_of_molecules": 500000,
"diff_coef": 100,
"sim_time": 1.66667,
"absorbers": [
[-12.4547,10.0149,-0.763001,6]
],
"reflectors": [
[5.83986,-0.45391,-11.6056,4]
],
"reflector_prisms": [
[-0.734875,-9.14966,-2.59325,5.26512,-6.14966,1.40675]
],
"absorber_prisms": [
[-1.09121,-14.5365,9.3524,4.90879,-9.53649,14.3524]
]
}