{"time_step": 1e-05, "number_of_molecules": 500000, "diff_coef": 300, "sim_time": 0.355556, "absorbers": [[-0.103706, -0.0315633, 12.9995, 5]], "reflectors": [[-3.2322, -12.5709, -9.35555, 6], [-12.2228, -3.46448, 11.296, 6]], "reflector_prisms": [[-5.49125, 12.2954, -4.502, -2.49125, 15.2954, 0.498002], [14.155, 7.01679, -0.682957, 20.155, 13.0168, 5.31704], [9.62094, -1.63054, -7.49312, 12.6209, 2.36946, -1.49312]], "absorber_prisms": [], "line_of_sight": [[0, 0, 0, 0, 0, 499]]}