{
"time_step": 1e-05,
"number_of_molecules": 500000,
"diff_coef": 250,
"sim_time": 0.166667,
"absorbers": [
[2.58928,5.28927,-6.80582,4]
],
"reflectors": [
],
"reflector_prisms": [
[-17.8651,6.04108,-0.235907,-13.8651,10.0411,5.76409]
],
"absorber_prisms": [
[-2.33889,-2.40973,7.4982,2.66111,2.59027,11.4982]
]
}