{
"time_step": 1e-05,
"number_of_molecules": 500000,
"diff_coef": 200,
"sim_time": 2.13333,
"absorbers": [
[-14.1865,-11.5966,12.1764,6]
],
"reflectors": [
[-10.999,2.48826,8.29639,2],
[0.401971,0.32677,9.98657,2],
[-12.0933,13.0418,12.9485,3]
],
"reflector_prisms": [
[-6.41052,-14.5106,11.1698,-3.41052,-11.5106,16.1698],
[-4.70817,-17.5466,-3.88599,-1.70817,-12.5466,0.114009]
],
"absorber_prisms": [
]
}