{
"time_step": 1e-05,
"number_of_molecules": 500000,
"diff_coef": 300,
"sim_time": 1.08889,
"absorbers": [
[-3.96172,9.87228,13.2606,6],
[3.35284,-19.3362,-3.85626,6],
[11.4124,9.18869,-3.21334,5]
],
"reflectors": [
[-0.848502,-0.458099,-21.9789,5],
[4.28112,-12.9268,6.29047,3],
[-14.1601,9.15644,-6.29701,4],
[-6.71672,-4.93929,12.4695,6]
],
"reflector_prisms": [
],
"absorber_prisms": [
]
}