{"time_step": 1e-05, "number_of_molecules": 500000, "diff_coef": 50, "sim_time": 4.03333, "absorbers": [[1.18955, -15.8617, 1.72953, 5]], "reflectors": [[2.29437, 10.7023, -19.0839, 5]], "reflector_prisms": [[-0.675483, -2.31413, -13.3393, 4.32452, 0.68587, -11.3393], [-3.70218, -7.18484, -10.9369, 2.29782, -1.18484, -4.93688]], "absorber_prisms": [[0.645195, -4.49887, 17.2662, 3.64519, 0.501129, 19.2662]], "line_of_sight": [[0, 0, 0, 0, 0, 497]]}