{
"time_step": 1e-05,
"number_of_molecules": 500000,
"diff_coef": 400,
"sim_time": 0.6,
"absorbers": [
[-15.1919,-3.31006,-6.87384,5],
[-7.99619,-0.0333395,-6.00498,2]
],
"reflectors": [
[12.4777,-7.51796,3.57588,2],
[-1.77477,2.38586,11.6257,4]
],
"reflector_prisms": [
[-5.32818,-4.59227,-9.70137,0.671819,-0.592271,-4.70137]
],
"absorber_prisms": [
]
}