{
"time_step": 1e-05,
"number_of_molecules": 500000,
"diff_coef": 150,
"sim_time": 4.01111,
"absorbers": [
[-2.22642,0.72801,-16.8378,7],
[-16.5415,18.6814,1.54366,6]
],
"reflectors": [
],
"reflector_prisms": [
],
"absorber_prisms": [
]
}