{"time_step": 1e-05, "number_of_molecules": 500000, "diff_coef": 250, "sim_time": 1.30667, "absorbers": [[-1.56502, 17.9182, -0.697957, 4], [0.574757, -0.681808, -12.9694, 2]], "reflectors": [], "reflector_prisms": [], "absorber_prisms": [[4.32146, -10.7535, 0.948374, 7.32146, -4.75346, 3.94837], [3.53608, 0.291037, -8.21324, 9.53608, 4.29104, -6.21324], [15.6237, -9.14519, 5.00957, 21.6237, -3.14519, 10.0096]], "line_of_sight": [[0, 0, 0, 0, 0, 499], [0, 0, 0, 0, 0, 499]]}