{
"time_step": 1e-05,
"number_of_molecules": 500000,
"diff_coef": 300,
"sim_time": 1.42222,
"absorbers": [
[17.6798,9.31685,0.787501,5],
[1.61579,1.65127,-19.8661,4],
[4.1631,0.10886,-11.2542,4],
[-0.925757,-3.12468,15.6646,3],
[10.3676,-5.25474,-5.82248,4],
[9.90567,8.25224,9.47514,4],
[5.51621,3.8814,-4.30187,3]
],
"reflectors": [
[5.33011,-5.74133,6.21506,2],
[-9.37491,1.5191,20.9476,5],
[9.05293,-13.9003,3.7182,6],
[20.0414,-7.19032,5.53561,3],
[10.0604,-5.91571,16.2417,6],
[-0.836117,1.56685,9.84103,4]
],
"reflector_prisms": [
],
"absorber_prisms": [
]
}