{"time_step": 1e-05, "number_of_molecules": 500000, "diff_coef": 50, "sim_time": 12.0333, "absorbers": [[22.4503, -4.96135, -0.608079, 5], [-0.190897, 1.43508, -20.95, 7], [-1.0169, -19.3718, -10.3779, 4], [-22.0647, -3.29909, -13.3516, 7]], "reflectors": [[6.84144, -21.7837, -2.76825, 4], [-6.01326, 14.2147, 9.26189, 4]], "reflector_prisms": [], "absorber_prisms": [], "line_of_sight": [[0, 0, 0, 0, 0, 500], [0, 0, 0, 0, 0, 499], [16, 0, 16, 0, 0, 500], [0, 0, 0, 0, 0, 501]]}