{"time_step": 1e-05, "number_of_molecules": 500000, "diff_coef": 300, "sim_time": 1.8, "absorbers": [[0.0706181, -1.40201, 17.9452, 7], [8.55194, -16.9665, 0.0287971, 4], [-12.4398, -18.0245, 2.09022, 4], [-1.42577, 4.46767, -16.3404, 5], [-18.7586, -5.6937, -3.96174, 6], [-4.49232, 13.5485, -7.22894, 5]], "reflectors": [[9.17943, 13.1125, 15.093, 6], [11.9198, 4.56611, 2.4633, 5], [-3.60966, -14.0697, -10.6307, 7], [20.4228, 1.94724, -4.48521, 6], [3.97491, 11.3188, 0.292108, 5]], "reflector_prisms": [], "absorber_prisms": [], "line_of_sight": [[165, 165, 0, 0, 0, 500], [50, 50, 0, 0, 0, 500], [408, 0, 408, 0, 0, 501], [339, 339, 0, 0, 0, 502], [500, 0, 592, 0, 0, 500], [34, 34, 0, 0, 0, 499]]}