{
"time_step": 1e-05,
"number_of_molecules": 500000,
"diff_coef": 400,
"sim_time": 0.15,
"absorbers": [
[1.33725,-0.618367,-9.89087,4]
],
"reflectors": [
[-8.98085,0.269596,0.521125,3]
],
"reflector_prisms": [
[-1.90595,-5.04049,8.67324,3.09405,-3.04049,10.6732]
],
"absorber_prisms": [
]
}