{
"time_step": 1e-05,
"number_of_molecules": 500000,
"diff_coef": 200,
"sim_time": 0.833333,
"absorbers": [
[-0.0433398,0.159334,-12.999,3],
[-8.97376,-5.86667,2.46043,4],
[0.52463,-7.95702,-0.640818,2]
],
"reflectors": [
[-0.101312,-0.00567901,22.9998,6]
],
"reflector_prisms": [
],
"absorber_prisms": [
[-1.88844,-21.4902,-1.42153,3.11156,-17.4902,1.57847]
]
}