{"time_step": 1e-05, "number_of_molecules": 500000, "diff_coef": 300, "sim_time": 2.00556, "absorbers": [[-4.39232, 1.21722, -15.3371, 6], [0.30188, 1.77792, 18.9142, 2], [-0.416277, -11.1759, -14.1041, 5], [-0.10433, -9.57366, 8.79398, 6], [1.65273, 1.51658, -20.8799, 2], [7.07538, -9.08464, -11.1089, 2], [2.42351, -2.72116, 19.6652, 2], [-9.29343, 8.19344, -3.93696, 2]], "reflectors": [[16.8947, 1.4094, 1.25842, 2], [-0.455547, 13.8303, 14.4401, 3], [-3.52622, 13.6744, -16.8694, 4], [14.1483, -0.988921, 9.37271, 3]], "reflector_prisms": [], "absorber_prisms": [], "line_of_sight": [[135, 135, 0, 0, 0, 501], [397, 417, 0, 0, 0, 498], [52, 0, 52, 0, 0, 501], [61, 43, 18, 0, 0, 497], [303, 324, 0, 0, 0, 498], [0, 0, 0, 0, 0, 499], [499, 499, 0, 0, 0, 499], [0, 0, 0, 0, 0, 504]]}