{
"time_step": 1e-05,
"number_of_molecules": 500000,
"diff_coef": 350,
"sim_time": 1.21905,
"absorbers": [
[4.61462,-20.8021,-5.47529,6]
],
"reflectors": [
[8.20851,3.90421,-16.6846,2],
[1.52701,6.47138,-9.98947,2],
[-2.687,10.4232,15.6568,4],
[-1.73254,2.53259,10.5633,2],
[-10.295,-1.09774,3.71598,6]
],
"reflector_prisms": [
],
"absorber_prisms": [
]
}