{"time_step": 1e-05, "number_of_molecules": 500000, "diff_coef": 50, "sim_time": 7.5, "absorbers": [[-10.2909, -14.2512, 3.87291, 3], [-9.16674, 10.573, 5.40199, 5]], "reflectors": [[16.859, 0.963883, -14.1013, 4]], "reflector_prisms": [], "absorber_prisms": [[2.40034, -2.16336, 4.79952, 5.40034, -0.16336, 7.79952]], "line_of_sight": [[0, 0, 0, 0, 0, 504], [0, 0, 0, 0, 0, 500]]}