{
"time_step": 1e-05,
"number_of_molecules": 500000,
"diff_coef": 150,
"sim_time": 1.11111,
"absorbers": [
[2.15518,6.4766,11.0639,3]
],
"reflectors": [
[-4.08522,-10.2918,17.8435,5]
],
"reflector_prisms": [
],
"absorber_prisms": [
[-10.9823,-8.66489,1.98505,-5.98225,-4.66489,5.98505],
[5.64837,7.44388,1.33833,7.64837,10.4439,4.33833],
[13.8874,-13.1994,-8.75464,17.8874,-8.19935,-2.75464]
]
}