{"time_step": 1e-05, "number_of_molecules": 500000, "diff_coef": 200, "sim_time": 1.63333, "absorbers": [[-12.7187, 1.62138, 2.14617, 2], [14.547, -10.0179, 7.00184, 5], [-5.63629, 2.8496, -11.3627, 5], [3.9699, -0.896051, 12.3465, 3]], "reflectors": [[-1.98351, 8.59756, -22.3192, 5], [-1.486, 12.9137, 0.165098, 5], [-4.23729, -6.00514, -6.78113, 2], [1.59968, -1.26036, -20.901, 3], [-12.8128, 0.639167, 11.1545, 6], [7.93266, -15.324, -10.1117, 5]], "reflector_prisms": [], "absorber_prisms": [], "line_of_sight": [[0, 0, 0, 0, 0, 500], [0, 0, 0, 0, 0, 500], [191, 110, 84, 0, 0, 501], [399, 399, 68, 0, 0, 497]]}