{"time_step": 1e-05, "number_of_molecules": 500000, "diff_coef": 400, "sim_time": 0.704167, "absorbers": [[0.812028, 1.68518, 14.8829, 2]], "reflectors": [[-5.76487, 3.70059, -19.8512, 6], [10.3399, -3.12783, 15.6302, 2], [-3.68299, -3.87278, 17.1883, 5]], "reflector_prisms": [], "absorber_prisms": [[5.25427, 0.122825, 11.9564, 9.25427, 4.12282, 13.9564]], "line_of_sight": [[94, 0, 94, 0, 0, 502]]}