{
"time_step": 1e-05,
"number_of_molecules": 500000,
"diff_coef": 300,
"sim_time": 1.25,
"absorbers": [
[-3.31467,-1.085,-16.6384,2]
],
"reflectors": [
[-7.68172,5.62675,-3.05464,4]
],
"reflector_prisms": [
],
"absorber_prisms": [
[6.32024,-1.64921,0.00959175,9.32024,4.35079,2.00959],
[-13.3377,1.26507,-12.4315,-10.3377,7.26507,-10.4315]
]
}