{"time_step": 1e-05, "number_of_molecules": 500000, "diff_coef": 100, "sim_time": 2.01667, "absorbers": [[-0.311358, 0.416454, -16.992, 6]], "reflectors": [[5.84551, -7.91579, -19.6766, 3], [-3.13946, -2.97577, 9.01602, 5], [-4.39851, 8.05813, -3.9648, 5]], "reflector_prisms": [[-10.8803, -9.31286, 3.02867, -6.88033, -3.31286, 7.02867], [-10.4412, -1.90093, 15.3789, -4.4412, 3.09907, 17.3789]], "absorber_prisms": [], "line_of_sight": [[250, 0, 250, 0, 0, 501]]}