{
"time_step": 1e-05,
"number_of_molecules": 500000,
"diff_coef": 200,
"sim_time": 3.00833,
"absorbers": [
[12.2379,19.2794,-2.74589,4],
[11.7434,10.1503,18.3047,5],
[-11.2117,-19.6126,4.31791,5],
[6.43472,10.121,-5.01598,4],
[-2.51441,1.4385,-23.8245,5]
],
"reflectors": [
[9.87747,11.7771,-20.9699,7],
[9.41493,-2.33259,-18.6257,5],
[6.78031,5.36364,6.80138,4]
],
"reflector_prisms": [
],
"absorber_prisms": [
]
}