{"time_step": 1e-05, "number_of_molecules": 500000, "diff_coef": 50, "sim_time": 1.2, "absorbers": [[-11.6017, -2.07993, 2.25258, 6]], "reflectors": [], "reflector_prisms": [[-0.349737, -6.7612, 4.34526, 3.65026, -2.7612, 9.34526]], "absorber_prisms": [[4.87495, 2.97435, -18.059, 9.87495, 7.97435, -14.059], [-1.47563, -1.06225, -8.99968, 1.52437, 0.937746, -4.99968], [13.35, 3.97574, 0.584232, 15.35, 6.97574, 3.58423]], "line_of_sight": [[0, 0, 0, 0, 0, 503]]}