{
"time_step": 1e-05,
"number_of_molecules": 500000,
"diff_coef": 50,
"sim_time": 8.53333,
"absorbers": [
[-4.67,21.0168,-4.52605,6]
],
"reflectors": [
],
"reflector_prisms": [
[-17.602,3.76405,-6.48173,-11.602,5.76405,-2.48173]
],
"absorber_prisms": [
[4.59472,-3.42701,13.2247,7.59472,0.57299,16.2247],
[-9.68993,-15.9636,-0.0684199,-3.68993,-12.9636,2.93158],
[5.90035,4.58557,-13.7562,9.90035,8.58557,-10.7562]
]
}