{"time_step": 1e-05, "number_of_molecules": 500000, "diff_coef": 400, "sim_time": 0.816667, "absorbers": [[12.4251, 5.99651, -2.37882, 6], [2.32052, -2.5743, -13.5642, 3], [4.76279, 9.54751, 15.7214, 5], [1.46439, -10.6248, 2.44301, 6], [-4.36625, 9.31937, 3.88397, 3], [-4.01747, -15.7501, -4.97927, 3], [-9.26887, 5.52119, -8.92214, 2], [1.75301, -0.020108, 8.8276, 4]], "reflectors": [[-6.72828, -4.4342, -8.89203, 2], [1.62308, 2.45372, -19.7824, 3], [5.46361, 20.0014, -3.33074, 5], [6.31684, -7.01208, -3.3058, 2], [-14.999, 13.174, -1.21487, 4], [-11.2517, -10.5192, 12.7572, 5], [0.348678, -8.60916, 21.3251, 4]], "reflector_prisms": [], "absorber_prisms": [], "line_of_sight": [[54, 0, 54, 0, 0, 498], [270, 270, 44, 0, 0, 499], [207, 157, 56, 0, 0, 498], [194, 101, 93, 0, 0, 499], [284, 163, 121, 0, 0, 497], [149, 149, 0, 0, 0, 500], [0, 0, 0, 0, 0, 498], [265, 157, 114, 0, 0, 500]]}