{"time_step": 1e-05, "number_of_molecules": 500000, "diff_coef": 250, "sim_time": 0.24, "absorbers": [[-4.49406, 0.401962, -11.1194, 6]], "reflectors": [], "reflector_prisms": [[4.64154, 2.70384, -8.09848, 6.64154, 7.70384, -3.09848], [6.15624, -14.2304, -12.1056, 10.1562, -9.23043, -8.10558], [6.26023, -1.38235, -21.634, 11.2602, 1.61765, -17.634]], "absorber_prisms": [[-11.1222, 7.48267, -16.4714, -5.12224, 13.4827, -13.4714]], "line_of_sight": [[0, 0, 0, 0, 0, 500]]}