{
"time_step": 1e-05,
"number_of_molecules": 500000,
"diff_coef": 50,
"sim_time": 8.53333,
"absorbers": [
[-5.97956,-5.60047,11.3525,5],
[-3.40806,1.83356,-20.6403,6],
[-6.54548,5.61456,-6.82886,3],
[8.33366,6.67386,-14.4917,2]
],
"reflectors": [
],
"reflector_prisms": [
],
"absorber_prisms": [
[11.3657,1.4111,-9.49036,13.3657,4.4111,-4.49036]
]
}