{
"time_step": 1e-05,
"number_of_molecules": 500000,
"diff_coef": 400,
"sim_time": 1.06667,
"absorbers": [
[13.9936,-9.48823,14.0767,6],
[6.73348,-14.1241,-8.89778,3]
],
"reflectors": [
[7.1033,-16.9142,4.94514,4]
],
"reflector_prisms": [
],
"absorber_prisms": [
[-11.181,7.64455,-17.9902,-9.18101,12.6445,-13.9902]
]
}