{
"time_step": 1e-05,
"number_of_molecules": 500000,
"diff_coef": 350,
"sim_time": 0.304762,
"absorbers": [
[-3.83655,-7.23411,7.34497,3]
],
"reflectors": [
[-0.394171,10.9232,8.7481,6],
[3.34074,3.6854,-10.9205,3]
],
"reflector_prisms": [
],
"absorber_prisms": [
[15.7463,-1.97914,-13.3144,17.7463,1.02086,-10.3144],
[-10.8079,-3.01298,9.71802,-4.80787,-0.0129819,15.718]
]
}