{
"time_step": 1e-05,
"number_of_molecules": 500000,
"diff_coef": 200,
"sim_time": 3.00833,
"absorbers": [
[-0.242857,-2.32905,11.7693,7],
[-7.78125,12.0844,17.956,5],
[-1.78556,-8.17971,-15.9344,6],
[-10.3418,-0.109469,3.74624,6],
[-0.894506,8.94604,-0.410082,4],
[-3.04447,-11.9934,21.723,6]
],
"reflectors": [
[9.75559,-10.2381,-5.00093,6],
[-3.82465,9.92018,-19.2604,7],
[-14.9352,0.200059,16.1524,4],
[10.3524,-2.77806,-21.4735,7],
[-9.04619,-21.7624,4.53478,6]
],
"reflector_prisms": [
],
"absorber_prisms": [
]
}