{"time_step": 1e-05, "number_of_molecules": 500000, "diff_coef": 100, "sim_time": 6.01667, "absorbers": [[12.4606, 1.55647, -8.20439, 4], [1.50147, -10.4892, 21.5342, 5], [3.31489, 8.33107, 20.0899, 6], [7.77004, -1.44732, 10.3214, 4], [-11.8699, 11.7675, -6.68068, 5]], "reflectors": [], "reflector_prisms": [], "absorber_prisms": [], "line_of_sight": [[0, 0, 0, 0, 0, 500], [0, 0, 0, 0, 0, 502], [0, 0, 0, 0, 0, 501], [0, 0, 0, 0, 0, 504], [0, 0, 0, 0, 0, 500]]}