{
"time_step": 1e-05,
"number_of_molecules": 500000,
"diff_coef": 200,
"sim_time": 2.13333,
"absorbers": [
[4.01107,7.12908,5.75218,3],
[10.5071,11.2096,-12.8041,4],
[-8.24472,-2.42686,-16.9451,3],
[2.05828,-15.0816,9.60771,2],
[-19.1204,-3.09112,4.98565,5],
[1.21319,1.33509,-7.79395,3],
[-1.21793,11.4828,-13.8081,4],
[-9.58164,-1.71207,5.12455,4]
],
"reflectors": [
[16.7336,-6.19323,-2.37263,6],
[12.7537,-10.639,3.62685,2],
[-11.593,-9.49323,-0.694177,5],
[8.60397,-16.591,-7.12114,4],
[2.02697,0.169552,19.8963,5],
[4.52238,19.2023,13.6682,6],
[-15.5674,17.2561,5.99022,6]
],
"reflector_prisms": [
],
"absorber_prisms": [
]
}