{"time_step": 1e-05, "number_of_molecules": 500000, "diff_coef": 400, "sim_time": 1.35, "absorbers": [[10.0005, -4.86559, -20.1324, 5]], "reflectors": [], "reflector_prisms": [[-3.8118, -12.6814, 15.2974, -0.811801, -10.6814, 19.2974]], "absorber_prisms": [[-16.1684, -9.49454, 5.82762, -12.1684, -7.49454, 10.8276], [-5.65217, -4.30991, 5.37979, -3.65217, 0.690091, 8.37979], [18.7141, -5.3529, 0.370835, 21.7141, -0.352904, 3.37083]], "line_of_sight": [[0, 0, 0, 0, 0, 501]]}