{"time_step": 1e-05, "number_of_molecules": 500000, "diff_coef": 50, "sim_time": 10.8, "absorbers": [[-5.00188, -6.60055, 8.68412, 5], [-20.0938, 5.5502, 2.53624, 5], [-4.27577, -7.90668, -21.1708, 6], [10.6759, -0.645898, 2.57065, 5], [-11.8538, -15.1029, -14.401, 6], [10.3101, -6.83261, -11.6627, 5]], "reflectors": [], "reflector_prisms": [], "absorber_prisms": [], "line_of_sight": [[0, 0, 0, 0, 0, 500], [269, 269, 0, 0, 0, 500], [0, 0, 0, 0, 0, 497], [90, 90, 0, 0, 0, 502], [0, 0, 0, 0, 0, 502], [0, 0, 0, 0, 0, 499]]}