{
"time_step": 1e-05,
"number_of_molecules": 500000,
"diff_coef": 400,
"sim_time": 0.204167,
"absorbers": [
[-0.715676,0.0284321,-10.9767,4],
[-4.30569,7.28828,7.02439,5],
[2.63024,-1.9939,11.5372,5]
],
"reflectors": [
],
"reflector_prisms": [
],
"absorber_prisms": [
]
}