{
"time_step": 1e-05,
"number_of_molecules": 500000,
"diff_coef": 50,
"sim_time": 5.63333,
"absorbers": [
[-1.50944,-0.664693,-15.9148,3]
],
"reflectors": [
],
"reflector_prisms": [
[5.41468,-4.83295,16.6479,7.41468,-1.83295,20.6479]
],
"absorber_prisms": [
[-2.89776,5.38984,4.69152,3.10224,7.38984,10.6915],
[7.20727,-7.85878,-5.99008,11.2073,-3.85878,-3.99008]
]
}