{
"time_step": 1e-05,
"number_of_molecules": 500000,
"diff_coef": 200,
"sim_time": 3.00833,
"absorbers": [
[13.808,11.1784,6.73675,4],
[-12.9539,-1.23316,15.188,3],
[-15.6581,3.28064,-0.245163,5],
[12.212,-2.18216,-10.1048,5],
[-3.55628,-2.81419,-7.77388,3],
[1.56873,-5.64337,9.31083,6],
[14.5477,8.70863,-6.04344,2],
[-17.4745,13.3619,-0.315625,3]
],
"reflectors": [
[2.63177,7.03292,-23.8456,6],
[0.0666001,6.73438,18.832,3],
[-13.3423,-16.1052,9.57119,4]
],
"reflector_prisms": [
],
"absorber_prisms": [
]
}