{
"time_step": 1e-05,
"number_of_molecules": 500000,
"diff_coef": 400,
"sim_time": 1.50417,
"absorbers": [
[14.3706,18.9135,3.43,6],
[10.2137,-15.4621,7.52359,6],
[14.0422,11.4367,-10.6311,2]
],
"reflectors": [
],
"reflector_prisms": [
],
"absorber_prisms": [
[-3.88402,-14.0605,14.1209,2.11598,-12.0605,16.1209],
[-1.84257,-17.7556,-10.6632,0.157431,-13.7556,-6.66315]
]
}