{"time_step": 1e-05, "number_of_molecules": 500000, "diff_coef": 400, "sim_time": 0.504167, "absorbers": [[0.0102418, -1.06153, -14.9624, 4], [-5.50954, 5.96367, -5.83777, 5]], "reflectors": [[13.4415, -3.88041, 0.517082, 3]], "reflector_prisms": [[-19.2447, -8.96743, 0.802913, -15.2447, -5.96743, 4.80291]], "absorber_prisms": [], "line_of_sight": [[0, 0, 0, 0, 0, 498], [0, 0, 0, 0, 0, 499]]}