{
"time_step": 1e-05,
"number_of_molecules": 500000,
"diff_coef": 200,
"sim_time": 3.00833,
"absorbers": [
[0.115123,-0.126297,14.999,2],
[-1.67826,-9.53139,-15.1768,5],
[-10.7237,-1.93541,-5.0255,5],
[-0.411818,0.743449,-20.9828,2]
],
"reflectors": [
],
"reflector_prisms": [
[4.26868,4.88018,-20.7674,10.2687,9.88018,-15.7674]
],
"absorber_prisms": [
]
}