{
"time_step": 1e-05,
"number_of_molecules": 500000,
"diff_coef": 250,
"sim_time": 0.666667,
"absorbers": [
[-0.252649,14.9858,-0.602833,5]
],
"reflectors": [
[6.98784,9.22302,-13.7879,6],
[-2.10122,5.9608,-7.74944,4],
[10.2212,-10.6717,-2.57706,6],
[-8.27925,7.09573,-20.251,5],
[15.5222,-7.13867,-16.8553,6]
],
"reflector_prisms": [
],
"absorber_prisms": [
]
}