{
"time_step": 1e-05,
"number_of_molecules": 500000,
"diff_coef": 300,
"sim_time": 0.672222,
"absorbers": [
[11.0077,7.96826,6.35114,4]
],
"reflectors": [
[6.63272,15.3784,8.97278,4],
[5.8891,-2.8265,-6.19108,4],
[-10.6625,6.96774,2.60043,5]
],
"reflector_prisms": [
],
"absorber_prisms": [
[-0.612011,-13.7054,-2.7676,4.38799,-8.7054,-0.767601]
]
}