{"time_step": 1e-05, "number_of_molecules": 500000, "diff_coef": 350, "sim_time": 1.21905, "absorbers": [[7.22763, 7.88001, -2.58202, 2], [-2.38375, -10.5161, 14.4128, 2], [-12.1019, -4.66348, -0.89226, 3], [-8.65591, -5.95963, -9.24976, 4]], "reflectors": [[-4.6378, -5.52591, 5.381, 2], [4.49728, 1.57726, 12.0949, 6], [-6.67195, 17.3107, 4.10167, 6], [11.5766, 4.29857, 4.06267, 5], [-0.869215, 0.535315, -11.9565, 6], [3.70984, 10.3553, -0.0634344, 2]], "reflector_prisms": [], "absorber_prisms": [], "line_of_sight": [[2, 0, 2, 0, 0, 498], [40, 0, 40, 0, 0, 500], [361, 0, 361, 0, 0, 504], [363, 0, 363, 0, 0, 500]]}