{"time_step": 1e-05, "number_of_molecules": 500000, "diff_coef": 100, "sim_time": 5.4, "absorbers": [[-1.72433, 2.49956, -11.6094, 6], [-6.95157, 7.73825, 12.1571, 4], [-4.3006, -0.285675, 13.32, 4], [13.9744, 10.5025, -16.4442, 6]], "reflectors": [[7.32303, -7.24891, 9.47769, 4]], "reflector_prisms": [], "absorber_prisms": [], "line_of_sight": [[173, 90, 83, 0, 0, 500], [0, 0, 0, 0, 0, 501], [235, 235, 0, 0, 0, 499], [0, 0, 0, 0, 0, 501]]}