{
"time_step": 1e-05,
"number_of_molecules": 500000,
"diff_coef": 250,
"sim_time": 2.16,
"absorbers": [
[-8.78448,3.54844,8.90177,7],
[1.48063,-2.27097,-18.8056,5],
[-12.3098,13.9456,9.74625,4],
[4.28488,7.86576,-20.094,4],
[14.4113,-2.72084,-3.14821,4],
[-3.30587,14.9161,-7.4552,5]
],
"reflectors": [
[-12.2601,-12.886,-2.76435,5],
[-0.739291,-0.911983,17.9617,5],
[5.5113,-12.9349,-9.55587,6],
[-21.6854,-1.79787,-3.24217,7]
],
"reflector_prisms": [
],
"absorber_prisms": [
]
}