{
"time_step": 1e-05,
"number_of_molecules": 500000,
"diff_coef": 300,
"sim_time": 2.00556,
"absorbers": [
[-19.1064,1.98719,-8.48505,6],
[-8.98655,-15.7,-15.7718,5],
[16.5846,-9.24086,-6.28937,5],
[6.83419,-4.12002,18.339,6],
[8.30775,-0.104815,-14.8314,5],
[14.9689,0.651995,0.712053,6],
[0.538933,0.474746,6.96306,2],
[-13.2741,9.21231,-7.93289,2]
],
"reflectors": [
[-14.6638,9.57771,13.3132,4],
[-15.1626,17.0685,2.78568,4],
[0.158886,0.930985,-24.9822,6],
[-7.70835,-3.72067,-9.78458,6],
[7.00808,12.3099,-4.93482,5],
[7.3413,1.46799,6.6295,3],
[-16.0234,-10.1876,0.680334,2]
],
"reflector_prisms": [
],
"absorber_prisms": [
]
}