{
"time_step": 1e-05,
"number_of_molecules": 500000,
"diff_coef": 100,
"sim_time": 2.81667,
"absorbers": [
[1.36034,10.8913,11.6417,3]
],
"reflectors": [
],
"reflector_prisms": [
[6.7764,4.95792,3.6684,9.7764,9.95792,7.6684],
[-11.6241,8.17918,-10.3323,-5.62409,12.1792,-7.33229],
[-5.84609,4.93738,17.3073,-3.84609,8.93738,23.3073],
[-3.57934,-4.51326,-15.7082,-0.579337,0.486741,-12.7082],
[-8.46455,-11.6784,-12.0208,-3.46455,-9.67839,-7.02083]
],
"absorber_prisms": [
]
}