{"time_step": 1e-05, "number_of_molecules": 500000, "diff_coef": 100, "sim_time": 6.01667, "absorbers": [[-3.15107, 22.306, 10.8403, 6], [4.33353, 1.08292, 7.81331, 2], [11.4393, -5.84093, -2.00651, 6], [0.824071, 0.389612, -10.9622, 6], [-1.32462, -11.8832, -12.0844, 4], [3.82911, 8.85314, 12.7656, 5], [-4.11411, -20.7422, 6.06909, 4], [-4.37691, 17.8972, -7.78019, 5]], "reflectors": [[5.03427, -5.21613, 5.33368, 2], [-7.48493, 12.1711, -13.9943, 4], [0.0910929, -0.0680567, -22.9997, 6], [-11.2712, 8.55499, 14.1341, 2], [1.30141, -12.9347, -0.000629818, 2]], "reflector_prisms": [], "absorber_prisms": [], "line_of_sight": [[70, 70, 0, 0, 0, 500], [233, 244, 0, 0, 0, 499], [0, 0, 0, 0, 0, 496], [136, 123, 14, 0, 0, 502], [344, 344, 0, 0, 0, 500], [309, 318, 0, 0, 0, 501], [14, 14, 0, 0, 0, 505], [10, 10, 0, 0, 0, 503]]}