{"time_step": 1e-05, "number_of_molecules": 500000, "diff_coef": 400, "sim_time": 0.704167, "absorbers": [[-2.27959, -3.45937, -18.5428, 6], [3.49679, 4.78359, -5.37491, 3]], "reflectors": [], "reflector_prisms": [], "absorber_prisms": [[9.70162, -21.0136, -8.70701, 11.7016, -15.0136, -4.70701], [7.32143, -0.495206, -1.04189, 10.3214, 3.50479, 2.95811]], "line_of_sight": [[0, 0, 0, 0, 0, 501], [0, 0, 0, 0, 0, 503]]}