{
"time_step": 1e-05,
"number_of_molecules": 500000,
"diff_coef": 200,
"sim_time": 2.13333,
"absorbers": [
[6.83816,-10.6017,12.8391,2],
[6.12858,8.73718,-16.9146,4]
],
"reflectors": [
],
"reflector_prisms": [
[-1.30564,-2.20781,-18.4395,3.69436,3.79219,-15.4395],
[-12.4727,-20.8909,1.27316,-6.47272,-17.8909,7.27316]
],
"absorber_prisms": [
[0.807892,-4.34472,18.8208,3.80789,1.65528,20.8208]
]
}