{
"time_step": 1e-05,
"number_of_molecules": 500000,
"diff_coef": 250,
"sim_time": 2.16,
"absorbers": [
[11.8495,-10.7431,0.418219,7],
[-17.6617,0.649786,14.7188,5],
[8.57124,14.2216,9.23468,7],
[-5.05575,9.38938,-13.2393,6],
[13.4691,1.41702,19.8135,6],
[-0.0245019,-0.472441,19.9944,4],
[1.56771,4.47795,9.92422,5]
],
"reflectors": [
[-7.29802,-3.98563,-17.0837,4]
],
"reflector_prisms": [
],
"absorber_prisms": [
]
}