{"time_step": 1e-05, "number_of_molecules": 500000, "diff_coef": 350, "sim_time": 1.71905, "absorbers": [[-2.54997, 10.5138, 1.98914, 4], [6.72752, 10.0371, 21.886, 7], [14.4038, -13.3672, -17.025, 7], [2.42559, 4.81051, -17.1749, 6], [-0.40968, -2.84889, 15.739, 6]], "reflectors": [[10.3342, -2.11989, -10.6635, 6], [-11.9023, 16.0929, -11.3294, 4], [0.211507, -14.8285, 2.25181, 5], [-0.711731, -5.54464, -24.367, 6]], "reflector_prisms": [], "absorber_prisms": [], "line_of_sight": [[150, 0, 150, 0, 0, 501], [130, 0, 130, 0, 0, 502], [215, 0, 215, 0, 0, 499], [333, 329, 47, 0, 0, 501], [315, 223, 95, 0, 0, 500]]}