{"time_step": 1e-05, "number_of_molecules": 500000, "diff_coef": 350, "sim_time": 1.07143, "absorbers": [[5.10568, 9.63926, 17.9448, 6], [-0.0598037, -8.51853, 8.45169, 4], [4.47673, 9.57548, -19.2943, 7]], "reflectors": [[-13.2965, -12.694, -4.80271, 5]], "reflector_prisms": [], "absorber_prisms": [], "line_of_sight": [[0, 0, 0, 0, 0, 501], [151, 151, 0, 0, 0, 500], [165, 165, 0, 0, 0, 500]]}