{
"time_step": 1e-05,
"number_of_molecules": 500000,
"diff_coef": 400,
"sim_time": 1.50417,
"absorbers": [
[-2.82865,4.64937,23.3748,5],
[2.05309,-1.53953,14.7789,5],
[7.07164,6.22079,-5.68275,4],
[-6.34688,9.51349,-6.18148,6],
[-11.0506,-7.18244,-9.07179,3],
[0.470174,3.43858,-13.563,5],
[7.1353,12.63,3.81715,6],
[2.5202,-9.0704,-3.37289,2]
],
"reflectors": [
[-18.178,-3.47476,13.656,6],
[-9.75557,-2.72269,-12.3861,2],
[-2.16162,9.76307,9.79847,4],
[-15.4797,0.248597,4.03952,3],
[10.2031,-9.50034,-9.72831,6],
[-15.8924,-11.8697,2.55768,4]
],
"reflector_prisms": [
],
"absorber_prisms": [
]
}