{"time_step": 1e-05, "number_of_molecules": 500000, "diff_coef": 100, "sim_time": 5.4, "absorbers": [[0.99745, -13.9642, -0.083678, 4], [-3.43136, -10.5745, -14.1565, 4], [9.67255, -13.7898, 8.79116, 3], [5.33026, -18.462, -8.47021, 4], [12.3111, -2.64656, -18.0398, 6], [17.3217, -4.89471, -0.0013342, 2], [-5.76718, -5.33579, 13.938, 6], [1.73408, 18.6633, 6.9767, 2]], "reflectors": [], "reflector_prisms": [], "absorber_prisms": [], "line_of_sight": [[28, 28, 0, 0, 0, 500], [0, 0, 0, 0, 0, 501], [0, 0, 0, 0, 0, 500], [36, 36, 0, 0, 0, 498], [126, 126, 0, 0, 0, 501], [0, 0, 0, 0, 0, 495], [84, 84, 0, 0, 0, 501], [15, 15, 0, 0, 0, 499]]}