{
"time_step": 1e-05,
"number_of_molecules": 500000,
"diff_coef": 100,
"sim_time": 6.01667,
"absorbers": [
[15.1196,0.0337013,14.5738,6],
[-15.1228,4.90916,-1.78952,4],
[9.25052,-15.1688,17.5879,6],
[10.1296,2.15174,-7.8588,7],
[-12.9621,-2.30524,10.755,5],
[2.64938,4.88618,-17.1203,5]
],
"reflectors": [
[16.0386,-6.46704,-18.0538,7]
],
"reflector_prisms": [
],
"absorber_prisms": [
]
}