{
"time_step": 1e-05,
"number_of_molecules": 500000,
"diff_coef": 200,
"sim_time": 0.533333,
"absorbers": [
[9.15393,2.21974,-5.68141,3]
],
"reflectors": [
[0.951438,3.07254,12.5958,3]
],
"reflector_prisms": [
[12.9607,12.6692,-5.72065,15.9607,15.6692,-0.720649],
[8.53581,6.57462,-3.7886,12.5358,8.57462,2.2114]
],
"absorber_prisms": [
]
}