{
"time_step": 1e-05,
"number_of_molecules": 500000,
"diff_coef": 150,
"sim_time": 2.5,
"absorbers": [
[-4.22921,-1.10909,16.4281,2],
[-2.63399,-10.3175,13.2519,4]
],
"reflectors": [
[-0.0116245,4.43978,-19.501,4],
[-0.266267,8.44618,-7.0421,5],
[2.18519,-12.0313,4.41289,3]
],
"reflector_prisms": [
],
"absorber_prisms": [
]
}