{"time_step": 1e-05, "number_of_molecules": 500000, "diff_coef": 300, "sim_time": 0.555556, "absorbers": [[0.869037, 10.8869, -10.282, 5]], "reflectors": [[9.84452, 0.00620459, -1.75653, 5], [-9.95029, -0.881233, -0.4638, 3], [3.90988, 3.80329, 18.2002, 3]], "reflector_prisms": [], "absorber_prisms": [[-0.0204965, -1.77601, 16.9719, 1.9795, 2.22399, 18.9719], [-2.06096, -2.59337, 9.99946, 1.93904, 2.40663, 12.9995]], "line_of_sight": [[0, 0, 0, 0, 0, 501]]}