{"time_step": 1e-05, "number_of_molecules": 500000, "diff_coef": 150, "sim_time": 4.01111, "absorbers": [[-14.2849, 11.5355, -10.1919, 2], [-10.184, -4.74608, -4.21445, 2], [-2.12316, -5.37767, -20.1884, 4], [-2.62421, -4.18318, 7.52426, 4], [2.73683, -2.02263, -8.33179, 4], [10.4963, 13.9065, -4.52061, 3], [3.15548, 2.29131, 15.5175, 6]], "reflectors": [[-10.6793, 0.476804, 7.39759, 4], [-10.7867, 15.5459, -1.72391, 3], [-4.99546, 9.17813, -15.8684, 5], [0.326227, -17.5646, 3.92157, 3], [-3.47382, -13.0399, 10.339, 5], [17.3709, -0.801055, 4.64864, 3], [-4.17202, -15.2101, -13.8653, 2]], "reflector_prisms": [], "absorber_prisms": [], "line_of_sight": [[0, 0, 0, 0, 0, 499], [0, 0, 0, 0, 0, 503], [500, 783, 0, 0, 0, 500], [307, 123, 193, 0, 0, 500], [284, 305, 55, 0, 0, 498], [0, 0, 0, 0, 0, 505], [195, 233, 0, 0, 0, 499]]}