{
"time_step": 1e-05,
"number_of_molecules": 500000,
"diff_coef": 50,
"sim_time": 1.2,
"absorbers": [
[-0.893282,-1.66577,10.8364,5]
],
"reflectors": [
],
"reflector_prisms": [
[4.90663,-13.65,-17.5808,10.9066,-9.65004,-13.5808]
],
"absorber_prisms": [
[18.568,-7.9179,-9.06402,22.568,-1.9179,-3.06402],
[-11.4369,-7.22202,-0.44193,-8.43694,-5.22202,5.55807]
]
}