{"time_step": 1e-05, "number_of_molecules": 500000, "diff_coef": 300, "sim_time": 2.00556, "absorbers": [[-0.0820593, -22.2229, -11.4516, 6], [7.13138, 4.76141, 15.8263, 2], [12.1381, -10.7415, 9.91388, 4]], "reflectors": [[-5.03323, 6.62222, 8.64944, 6], [12.7215, 10.2299, 13.2103, 6], [-9.11073, -15.4697, -1.2977, 3], [-1.55743, 0.831827, -10.8574, 6]], "reflector_prisms": [], "absorber_prisms": [], "line_of_sight": [[150, 0, 150, 0, 0, 501], [496, 0, 506, 0, 0, 496], [0, 0, 0, 0, 0, 500]]}