{
"time_step": 1e-05,
"number_of_molecules": 500000,
"diff_coef": 200,
"sim_time": 1.63333,
"absorbers": [
[-4.8615,3.33916,15.9441,3]
],
"reflectors": [
[10.3224,6.83397,-16.963,6],
[-0.134748,-10.7867,-11.8164,5],
[8.88553,4.83761,8.16363,2]
],
"reflector_prisms": [
],
"absorber_prisms": [
]
}