{
"time_step": 1e-05,
"number_of_molecules": 500000,
"diff_coef": 150,
"sim_time": 1.11111,
"absorbers": [
[10.4876,-10.2255,6.43827,6]
],
"reflectors": [
[1.62376,-3.47424,21.6632,4],
[-0.851977,-1.9825,-8.7375,4]
],
"reflector_prisms": [
],
"absorber_prisms": [
[-5.37234,-3.75081,-23.197,-1.37234,1.24919,-19.197],
[-8.78276,4.71533,2.42917,-6.78276,9.71533,6.42917],
[-5.7695,-10.3039,-20.6225,-2.7695,-4.30394,-15.6225]
]
}