{"time_step": 1e-05, "number_of_molecules": 500000, "diff_coef": 100, "sim_time": 6.01667, "absorbers": [[-4.43936, -7.43181, 18.0294, 7], [-8.50091, 3.81527, -10.4488, 6], [17.0334, -14.8375, -12.8729, 7], [15.2435, 1.48989, 9.45598, 4]], "reflectors": [], "reflector_prisms": [], "absorber_prisms": [], "line_of_sight": [[0, 0, 0, 0, 0, 500], [68, 68, 0, 0, 0, 501], [0, 0, 0, 0, 0, 498], [176, 176, 0, 0, 0, 499]]}