{"time_step": 1e-05, "number_of_molecules": 500000, "diff_coef": 150, "sim_time": 4.01111, "absorbers": [[5.18425, 9.88998, 18.9555, 4], [-16.6694, 0.723844, -3.25665, 7], [20.4096, -6.33097, -12.9756, 7], [5.47295, 1.20304, -7.0427, 4], [24.7585, -2.97822, 7.35841, 7], [-7.06771, -21.5608, -3.76541, 7], [-6.90488, 8.25108, 2.28963, 4]], "reflectors": [], "reflector_prisms": [], "absorber_prisms": [], "line_of_sight": [[0, 0, 0, 0, 0, 500], [57, 57, 0, 0, 0, 499], [201, 201, 0, 0, 0, 495], [88, 88, 0, 0, 0, 498], [502, 502, 0, 0, 0, 502], [0, 0, 0, 0, 0, 503], [25, 25, 0, 0, 0, 499]]}