{
"time_step": 1e-05,
"number_of_molecules": 500000,
"diff_coef": 150,
"sim_time": 4.01111,
"absorbers": [
[0.0784999,-9.89766,9.90102,3],
[-0.546351,-3.48103,-18.6704,5],
[-11.1157,12.6361,-2.40243,3],
[7.66766,-8.46015,-13.9152,4],
[-1.84752,-1.54441,13.7914,5],
[-7.17039,2.50224,-10.551,6],
[0.0494807,17.5513,13.2646,5],
[15.1605,-10.8364,11.6932,3]
],
"reflectors": [
[6.91584,3.09976,6.52401,2],
[12.5242,-16.6969,-2.31483,6],
[0.825857,-13.2163,-8.98041,3],
[-6.28994,2.28327,7.43124,2],
[-19.632,6.78485,3.09063,2],
[8.57495,7.38339,-17.6906,2]
],
"reflector_prisms": [
],
"absorber_prisms": [
]
}