{"time_step": 1e-05, "number_of_molecules": 500000, "diff_coef": 50, "sim_time": 2.7, "absorbers": [[-1.21382, -2.94211, 14.6585, 6]], "reflectors": [[10.0608, -3.24039, -3.04636, 6], [-1.66876, 1.2377, -15.8645, 5], [-10.1348, 7.73228, 16.6883, 5], [3.7429, 10.2326, -10.3095, 2]], "reflector_prisms": [[-2.12454, 15.7394, -5.53038, 0.87546, 20.7394, -0.530379]], "absorber_prisms": [], "line_of_sight": [[173, 0, 173, 0, 0, 498]]}