{
"time_step": 1e-05,
"number_of_molecules": 500000,
"diff_coef": 200,
"sim_time": 2.13333,
"absorbers": [
[5.92916,8.00263,-0.896073,5],
[-11.0718,-1.84298,17.7488,7],
[-0.423239,-0.531802,9.97688,5],
[-8.56901,17.0496,10.9492,6],
[21.7807,-1.54135,2.68803,6],
[-0.796316,-13.3503,-17.4681,7]
],
"reflectors": [
[11.5523,-1.26199,-16.2773,7]
],
"reflector_prisms": [
],
"absorber_prisms": [
]
}