{"time_step": 1e-05, "number_of_molecules": 500000, "diff_coef": 150, "sim_time": 0.9, "absorbers": [[-3.14836, 8.77157, -5.84358, 2]], "reflectors": [[1.43362, 4.21726, 18.4705, 5], [13.5029, -0.80419, -3.60904, 3], [12.961, -8.06575, -7.48045, 2], [3.60083, 9.60387, -3.97489, 3]], "reflector_prisms": [], "absorber_prisms": [[-14.4488, -5.59383, 11.4944, -10.4488, -1.59383, 13.4944]], "line_of_sight": [[0, 0, 0, 0, 0, 501]]}