{
"time_step": 1e-05,
"number_of_molecules": 500000,
"diff_coef": 150,
"sim_time": 3.21111,
"absorbers": [
[-3.46704,-10.6705,-8.37382,2],
[6.05798,8.39702,-18.2699,4],
[18.283,-8.09449,6.4196,5]
],
"reflectors": [
],
"reflector_prisms": [
],
"absorber_prisms": [
[-0.543101,-6.03182,-17.681,2.4569,-0.0318211,-13.681],
[-20.4038,5.47022,-7.02758,-16.4038,11.4702,-4.02758]
]
}