{"time_step": 1e-05, "number_of_molecules": 500000, "diff_coef": 400, "sim_time": 1.35, "absorbers": [[21.659, 7.03162, 3.2319, 5], [-4.6669, 0.632833, 9.9408, 5]], "reflectors": [], "reflector_prisms": [], "absorber_prisms": [[2.93677, 6.16508, -15.9051, 4.93677, 8.16508, -13.9051], [11.7513, -10.6533, 6.736, 13.7513, -4.65333, 9.736], [11.5294, 9.66742, -14.1154, 13.5294, 15.6674, -8.11535], [-5.04967, 7.58767, -3.07863, -0.0496749, 10.5877, 0.921366]], "line_of_sight": [[0, 0, 0, 0, 0, 502], [0, 0, 0, 0, 0, 501]]}