{
"time_step": 1e-05,
"number_of_molecules": 500000,
"diff_coef": 250,
"sim_time": 1.92667,
"absorbers": [
[9.16535,10.3138,-5.88409,4],
[-8.96214,-8.11981,7.05328,5],
[5.49063,3.6359,-4.54238,3],
[-5.24248,4.68372,19.7884,6],
[-17.7093,-5.2386,-9.99685,4],
[-16.028,-9.61655,-3.40961,4],
[0.87633,-0.198423,-14.9731,3]
],
"reflectors": [
[-3.73291,1.45655,-9.16209,3],
[5.58568,2.41086,19.0522,2],
[-1.32007,-2.82375,11.5881,2],
[7.1836,-15.7302,-18.0543,6],
[12.0729,-4.33782,-5.60606,6]
],
"reflector_prisms": [
],
"absorber_prisms": [
]
}