{"time_step": 1e-05, "number_of_molecules": 500000, "diff_coef": 100, "sim_time": 6.01667, "absorbers": [[-0.0222428, -7.28235, 20.7597, 3], [4.91507, -3.01687, -8.16949, 4], [2.03248, 5.01166, 8.41144, 4]], "reflectors": [], "reflector_prisms": [[-1.70921, -3.08657, 9.99581, 2.29079, 2.91343, 11.9958]], "absorber_prisms": [], "line_of_sight": [[187, 0, 0, 0, 187, 501], [56, 56, 0, 0, 0, 498], [66, 57, 0, 0, 9, 500]]}