{"time_step": 1e-05, "number_of_molecules": 500000, "diff_coef": 350, "sim_time": 1.37619, "absorbers": [[-18.2831, -3.22745, -9.81393, 4]], "reflectors": [[4.43498, 5.3115, -18.7648, 3], [-12.8979, -13.455, 9.67504, 3]], "reflector_prisms": [[11.2858, -7.51895, -18.1083, 15.2858, -4.51895, -12.1083]], "absorber_prisms": [[7.81008, -15.285, 4.54113, 12.8101, -10.285, 7.54113]], "line_of_sight": [[0, 0, 0, 0, 0, 497]]}