{
"time_step": 1e-05,
"number_of_molecules": 500000,
"diff_coef": 50,
"sim_time": 9.63333,
"absorbers": [
[4.68517,-5.57745,-15.3604,4],
[0.2436,-0.281363,15.9957,4],
[3.6057,0.086019,-8.2457,4],
[-0.841591,-17.9081,-12.7512,5]
],
"reflectors": [
[-7.10351,14.0368,-8.74699,4]
],
"reflector_prisms": [
],
"absorber_prisms": [
]
}