{
"time_step": 1e-05,
"number_of_molecules": 500000,
"diff_coef": 50,
"sim_time": 10.8,
"absorbers": [
[-3.8714,14.3259,2.18621,6],
[-5.53818,-21.0687,-3.07237,4]
],
"reflectors": [
[11.54,2.81849,1.6983,3],
[-8.97552,-1.48946,13.1614,4]
],
"reflector_prisms": [
[3.75136,10.3719,-13.1881,9.75136,16.3719,-10.1881]
],
"absorber_prisms": [
]
}