{
"time_step": 1e-05,
"number_of_molecules": 500000,
"diff_coef": 200,
"sim_time": 0.533333,
"absorbers": [
[-6.78051,-4.88127,7.15528,3]
],
"reflectors": [
[5.23199,-7.1001,-19.0582,4],
[13.2804,-4.07642,-7.93812,2]
],
"reflector_prisms": [
[-1.52029,5.75054,-13.191,1.47971,7.75054,-10.191]
],
"absorber_prisms": [
]
}