{"time_step": 1e-05, "number_of_molecules": 500000, "diff_coef": 100, "sim_time": 1.06667, "absorbers": [[2.49836, -7.66135, -5.9213, 2]], "reflectors": [], "reflector_prisms": [[4.89624, 14.2204, 8.18514, 10.8962, 20.2204, 14.1851]], "absorber_prisms": [[1.01608, 1.33885, -18.7332, 3.01608, 3.33885, -16.7332], [-1.3894, -1.2023, 13.9856, 2.6106, 1.7977, 17.9856], [-2.99493, -1.35576, 5.97934, 2.00507, 0.644245, 11.9793]], "line_of_sight": [[0, 0, 0, 0, 0, 497]]}