{
"time_step": 1e-05,
"number_of_molecules": 500000,
"diff_coef": 350,
"sim_time": 0.933333,
"absorbers": [
[6.20196,4.50163,14.0453,6],
[-0.970084,0.15543,-15.9698,2]
],
"reflectors": [
[6.38205,5.55382,-5.33147,5],
[-3.83289,-2.75024,9.93706,4],
[13.4032,5.69625,3.59273,4]
],
"reflector_prisms": [
],
"absorber_prisms": [
]
}