{"time_step": 1e-05, "number_of_molecules": 500000, "diff_coef": 50, "sim_time": 2.13333, "absorbers": [[0.791704, -4.41731, 12.2008, 5]], "reflectors": [], "reflector_prisms": [[14.4362, 1.09925, -15.3967, 16.4362, 5.09925, -12.3967]], "absorber_prisms": [[-6.51733, -9.73298, -9.4878, -0.517333, -5.73298, -4.4878]], "line_of_sight": [[0, 0, 0, 0, 0, 501]]}