{"time_step": 1e-05, "number_of_molecules": 500000, "diff_coef": 50, "sim_time": 12.0333, "absorbers": [[-0.27641, -0.0664548, 13.9971, 6], [2.72853, -0.0189404, -22.8376, 6], [-10.6994, 1.51393, -7.22709, 4], [4.01187, -7.76222, 19.0959, 2], [19.9526, 0.150777, 6.54754, 6], [12.8948, 0.978745, 1.32904, 2], [-22.4418, -6.89339, -8.59329, 6], [-12.9201, -10.5109, 9.14282, 6]], "reflectors": [[-10.4361, 2.84882, 8.88665, 3], [-0.648063, -2.14338, -10.7697, 5], [17.5116, 9.26629, 2.7352, 4], [-13.9531, 7.67535, -1.54918, 4], [-2.75395, -14.4145, -13.5881, 4], [0.439925, 21.913, 6.9732, 6], [-6.03147, 7.79788, -9.94055, 2]], "reflector_prisms": [], "absorber_prisms": [], "line_of_sight": [[312, 72, 276, 0, 0, 499], [500, 500, 402, 0, 0, 500], [179, 238, 0, 0, 0, 504], [263, 263, 0, 0, 0, 505], [404, 440, 0, 0, 0, 500], [313, 409, 0, 0, 0, 501], [338, 351, 121, 0, 0, 503], [0, 0, 0, 0, 0, 493]]}