{
"time_step": 1e-05,
"number_of_molecules": 500000,
"diff_coef": 350,
"sim_time": 1.37619,
"absorbers": [
[-1.56899,-0.288435,-19.9363,3],
[3.69281,5.47482,10.0195,5]
],
"reflectors": [
],
"reflector_prisms": [
[1.65226,-12.4938,-7.56014,5.65226,-7.49377,-5.56014]
],
"absorber_prisms": [
[-5.29358,-2.64541,17.7764,-0.293578,0.354586,22.7764],
[-21.9502,-4.67401,-9.76997,-15.9502,-2.67401,-6.76997],
[-2.68763,7.09518,7.16595,2.31237,9.09518,9.16595]
]
}