{"time_step": 1e-05, "number_of_molecules": 500000, "diff_coef": 200, "sim_time": 0.833333, "absorbers": [[-0.528159, -1.4004, 12.9136, 6], [-5.25216, 5.21208, 9.44717, 2]], "reflectors": [], "reflector_prisms": [], "absorber_prisms": [[-11.1177, -5.85253, -1.57707, -7.11775, -1.85253, 4.42293], [-20.4727, -4.65292, -8.07888, -18.4727, -1.65292, -3.07888]], "line_of_sight": [[0, 0, 0, 0, 0, 502], [0, 0, 0, 0, 0, 502]]}