{"time_step": 1e-05, "number_of_molecules": 500000, "diff_coef": 250, "sim_time": 0.54, "absorbers": [[-7.94659, -4.80105, 10.4786, 5], [-0.504522, -2.40918, -8.65687, 3]], "reflectors": [], "reflector_prisms": [[-9.53776, 0.860845, -3.03394, -5.53776, 5.86084, -1.03394], [-15.9747, 0.571658, 5.99745, -10.9747, 2.57166, 8.99745]], "absorber_prisms": [[8.38238, -4.44826, -1.30984, 13.3824, 1.55174, 2.69016], [-17.1447, 4.26712, 6.07972, -13.1447, 8.26712, 11.0797]], "line_of_sight": [[0, 0, 0, 0, 0, 500], [0, 0, 0, 0, 0, 502]]}