{
"time_step": 1e-05,
"number_of_molecules": 500000,
"diff_coef": 350,
"sim_time": 0.47619,
"absorbers": [
[-13.5966,-4.48789,4.47104,5]
],
"reflectors": [
[-0.95419,-12.8486,-11.0907,6],
[0.392192,0.379177,-11.9876,6],
[11.5445,11.0012,-1.30329,3]
],
"reflector_prisms": [
],
"absorber_prisms": [
[7.93157,-10.5486,14.4394,10.9316,-4.54861,17.4394]
]
}