{"time_step": 1e-05, "number_of_molecules": 500000, "diff_coef": 300, "sim_time": 1.08889, "absorbers": [[3.7102, 2.57973, -15.3486, 4], [-4.15396, -18.4258, -2.05782, 5], [17.6252, -2.67228, 2.49224, 5], [-10.8099, -8.60008, 2.2768, 6], [4.84068, -1.30373, 17.2878, 7]], "reflectors": [[-9.97247, -4.09499, -19.1776, 7], [6.03281, 5.3721, -5.89455, 5], [6.86576, -12.8155, -6.68021, 6], [-15.8568, 4.34334, 9.52352, 5], [-5.60421, 18.509, 5.0998, 7]], "reflector_prisms": [], "absorber_prisms": [], "line_of_sight": [[240, 125, 115, 0, 0, 506], [85, 0, 85, 0, 0, 499], [0, 0, 0, 0, 0, 501], [213, 0, 213, 0, 0, 503], [228, 68, 160, 0, 0, 499]]}