{"time_step": 1e-05, "number_of_molecules": 500000, "diff_coef": 200, "sim_time": 2.7, "absorbers": [[4.61298, -3.65948, 9.29132, 6], [1.87616, 1.0081, -6.66811, 2], [14.9405, -7.72696, 6.40905, 3], [19.5668, -7.56546, -11.6578, 6]], "reflectors": [], "reflector_prisms": [], "absorber_prisms": [[-22.3663, -4.27602, -0.354621, -19.3663, -0.27602, 1.64538]], "line_of_sight": [[81, 81, 0, 0, 0, 497], [112, 112, 0, 0, 0, 501], [128, 128, 0, 0, 0, 501], [0, 0, 0, 0, 0, 500]]}