{
"time_step": 1e-05,
"number_of_molecules": 500000,
"diff_coef": 200,
"sim_time": 1.875,
"absorbers": [
[-2.35891,4.40293,17.2931,3],
[-4.56212,14.2878,0.210887,6]
],
"reflectors": [
[19.7435,-1.67623,2.71719,2],
[-20.2997,-9.27608,-5.55663,5]
],
"reflector_prisms": [
[2.80965,-18.5257,-2.4562,4.80965,-13.5257,0.543805]
],
"absorber_prisms": [
]
}