{"time_step": 1e-05, "number_of_molecules": 500000, "diff_coef": 150, "sim_time": 1.6, "absorbers": [[-3.47006, -6.943, 15.1246, 5]], "reflectors": [[1.96896, 10.1874, 15.9167, 5]], "reflector_prisms": [[-6.09865, 3.90751, 4.94637, -2.09865, 8.90751, 10.9464], [-9.7054, -11.4302, -2.41564, -5.7054, -9.43017, 0.584364]], "absorber_prisms": [], "line_of_sight": [[0, 0, 0, 0, 0, 498]]}