{"time_step": 1e-05, "number_of_molecules": 500000, "diff_coef": 50, "sim_time": 5.63333, "absorbers": [[0.12084, 0.269161, -16.9974, 4]], "reflectors": [[1.38471, -0.250258, 18.9478, 5]], "reflector_prisms": [], "absorber_prisms": [[-6.52662, -18.5077, -16.5756, -1.52662, -12.5077, -10.5756], [-12.3526, -7.76798, -12.4906, -8.35264, -2.76798, -6.49058], [-12.4945, 2.99359, 15.9474, -7.49452, 4.99359, 18.9474], [-10.6859, 9.08858, 3.10932, -7.68591, 14.0886, 9.10932]], "line_of_sight": [[362, 0, 362, 0, 0, 500]]}