{
"time_step": 1e-05,
"number_of_molecules": 500000,
"diff_coef": 50,
"sim_time": 10.8,
"absorbers": [
[-9.5454,8.87186,-15.1715,2]
],
"reflectors": [
],
"reflector_prisms": [
[-4.12968,-16.2202,4.21494,-1.12968,-11.2202,9.21494],
[-1.49139,-3.00143,7.5,1.50861,2.99857,10.5],
[-7.3688,1.76206,-3.37248,-5.3688,7.76206,1.62752]
],
"absorber_prisms": [
[-5.2013,14.3595,5.62105,-0.201297,19.3595,8.62105]
]
}