{"time_step": 1e-05, "number_of_molecules": 500000, "diff_coef": 350, "sim_time": 0.171429, "absorbers": [[-3.52071, 5.93217, -1.18913, 2], [0.454259, 0.525233, 10.9781, 5]], "reflectors": [], "reflector_prisms": [[6.66427, -5.02562, -2.03875, 8.66427, -2.02562, -0.0387525]], "absorber_prisms": [[14.3567, -7.59509, -2.4133, 18.3567, -1.59509, 3.5867], [-6.75373, -3.8876, -9.86954, -3.75373, -1.8876, -4.86954], [12.2438, 7.22117, 7.29195, 15.2438, 10.2212, 10.2919]], "line_of_sight": [[0, 0, 0, 0, 0, 503], [0, 0, 0, 0, 0, 499]]}