{
"time_step": 1e-05,
"number_of_molecules": 500000,
"diff_coef": 300,
"sim_time": 0.938889,
"absorbers": [
[-15.5692,0.83714,-3.59166,3],
[-15.2554,-9.39332,1.74346,5]
],
"reflectors": [
],
"reflector_prisms": [
[2.83129,7.10144,5.83183,6.83129,10.1014,7.83183],
[-1.34629,-4.52808,9.49501,2.65371,-2.52808,15.495]
],
"absorber_prisms": [
[-6.1615,-14.4674,-9.5396,-0.161496,-12.4674,-6.5396],
[-20.4192,-11.4903,-1.39852,-16.4192,-6.49027,0.601484]
]
}