{"time_step": 1e-05, "number_of_molecules": 500000, "diff_coef": 350, "sim_time": 0.119048, "absorbers": [[-5.45944, 2.67389, -3.47057, 2]], "reflectors": [[-0.704601, 3.9019, 20.6223, 6], [0.708328, -23.711, 3.64521, 5]], "reflector_prisms": [[13.4245, 1.76393, 5.38339, 15.4245, 4.76393, 11.3834], [8.22137, -15.5676, 11.5354, 14.2214, -9.56757, 13.5354]], "absorber_prisms": [[-19.4468, -2.74886, -4.36006, -16.4468, 2.25114, 1.63994]], "line_of_sight": [[0, 0, 0, 0, 0, 500]]}