{
"time_step": 1e-05,
"number_of_molecules": 500000,
"diff_coef": 350,
"sim_time": 1.71905,
"absorbers": [
[-4.02989,-9.80411,11.985,4],
[7.40779,20.3611,7.717,7],
[17.6117,-1.98148,-13.0347,6],
[-8.36298,3.10385,1.19442,4],
[-12.9342,-14.548,14.0379,5]
],
"reflectors": [
[-11.9681,3.2734,16.9426,6],
[-1.67058,-17.9173,-0.424291,7],
[2.61414,-3.21427,-7.98966,4],
[-7.27191,14.6155,7.58332,7]
],
"reflector_prisms": [
],
"absorber_prisms": [
]
}