{"time_step": 1e-05, "number_of_molecules": 500000, "diff_coef": 100, "sim_time": 0.6, "absorbers": [[-5.44242, 0.0253622, 7.16795, 3], [2.12699, -3.06861, 7.07528, 2]], "reflectors": [[5.06009, -1.51759, -11.8782, 2], [5.69962, 15.8278, -2.44837, 2], [0.499394, 8.36258, -7.12866, 3], [-7.35752, -15.1751, 6.29163, 5]], "reflector_prisms": [], "absorber_prisms": [], "line_of_sight": [[79, 0, 79, 0, 0, 500], [0, 0, 0, 0, 0, 504]]}