{
"time_step": 1e-05,
"number_of_molecules": 500000,
"diff_coef": 50,
"sim_time": 8.53333,
"absorbers": [
[-2.99792,-5.33374,19.0411,4],
[-9.5984,0.731536,5.32311,5]
],
"reflectors": [
[-4.44884,4.35917,11.4108,2]
],
"reflector_prisms": [
[7.89957,1.97798,-20.6071,10.8996,7.97798,-15.6071]
],
"absorber_prisms": [
[6.51413,3.47476,14.2429,9.51413,8.47476,19.2429]
]
}