{"time_step": 1e-05, "number_of_molecules": 500000, "diff_coef": 400, "sim_time": 1.20417, "absorbers": [[-4.03033, 2.90053, 21.4323, 5], [2.24026, 6.42113, 9.88688, 3]], "reflectors": [], "reflector_prisms": [], "absorber_prisms": [[10.3158, -10.9157, 13.0725, 15.3158, -5.91573, 17.0725], [5.48101, -2.13946, -2.49608, 8.48101, 1.86054, 1.50392], [1.04148, -9.60253, 13.1373, 6.04148, -3.60253, 15.1373], [-4.44071, -7.90646, 5.61831, -2.44071, -3.90646, 11.6183]], "line_of_sight": [[0, 0, 0, 0, 0, 503], [0, 0, 0, 0, 0, 499]]}