{
"time_step": 1e-05,
"number_of_molecules": 500000,
"diff_coef": 250,
"sim_time": 2.40667,
"absorbers": [
[-3.6844,7.40504,20.386,3]
],
"reflectors": [
],
"reflector_prisms": [
],
"absorber_prisms": [
[0.7882,12.9351,-4.79055,3.7882,14.9351,-1.79055]
]
}