{
"time_step": 1e-05,
"number_of_molecules": 500000,
"diff_coef": 300,
"sim_time": 1.8,
"absorbers": [
[14.2382,-4.3508,-16.197,4]
],
"reflectors": [
[-3.50699,-6.50035,-11.8931,3],
[-6.33361,-3.57285,9.54568,3]
],
"reflector_prisms": [
[7.18153,0.800964,-12.3836,10.1815,3.80096,-10.3836]
],
"absorber_prisms": [
]
}