{
"time_step": 1e-05,
"number_of_molecules": 500000,
"diff_coef": 250,
"sim_time": 0.426667,
"absorbers": [
[1.21814,-7.08506,6.95112,2]
],
"reflectors": [
[-7.37716,11.4752,3.14601,3],
[6.1151,-17.7149,-9.4757,6]
],
"reflector_prisms": [
[-7.62538,0.671536,-19.3363,-3.62538,5.67154,-15.3363],
[-12.6567,-8.03417,5.42643,-9.65666,-3.03417,9.42643]
],
"absorber_prisms": [
[-10.8719,3.08627,-0.138963,-5.87191,5.08627,3.86104]
]
}