{
"time_step": 1e-05,
"number_of_molecules": 500000,
"diff_coef": 200,
"sim_time": 3.00833,
"absorbers": [
[-16.3764,7.97749,-12.3358,3],
[1.57343,10.0764,-10.9995,3]
],
"reflectors": [
[4.20605,-11.4095,-4.59694,3]
],
"reflector_prisms": [
[-2.28662,-0.697503,17.954,-0.286616,1.3025,19.954],
[-10.4513,-9.89243,7.39107,-7.45133,-5.89243,12.3911]
],
"absorber_prisms": [
]
}