{
"time_step": 1e-05,
"number_of_molecules": 500000,
"diff_coef": 300,
"sim_time": 0.8,
"absorbers": [
[11.6991,-1.87738,9.1982,3]
],
"reflectors": [
],
"reflector_prisms": [
[7.37473,-6.80479,3.687,13.3747,-2.80479,8.687]
],
"absorber_prisms": [
[6.40762,-12.2854,8.05343,9.40762,-7.28545,10.0534],
[-5.40828,-20.6906,3.5911,0.591725,-17.6906,6.5911],
[-9.1633,-12.5476,-13.9097,-6.1633,-8.54762,-7.9097],
[-5.79611,11.0385,13.2339,-3.79611,13.0385,17.2339]
]
}