{"time_step": 1e-05, "number_of_molecules": 500000, "diff_coef": 150, "sim_time": 0.544444, "absorbers": [[-2.38908, -0.0707903, -12.7784, 6]], "reflectors": [], "reflector_prisms": [[4.24172, -1.63148, -12.8211, 8.24172, 4.36852, -9.82114], [-10.7601, 3.65414, 1.69972, -6.76007, 8.65414, 6.69972]], "absorber_prisms": [[7.74272, 1.30047, -1.78876, 12.7427, 3.30047, 2.21124]], "line_of_sight": [[0, 0, 0, 0, 0, 500]]}