{"time_step": 1e-05, "number_of_molecules": 500000, "diff_coef": 400, "sim_time": 0.3375, "absorbers": [[-1.3539, 0.839844, 10.884, 2]], "reflectors": [[9.00359, 12.2355, -7.6308, 3], [-1.92969, -6.69852, -10.973, 3]], "reflector_prisms": [], "absorber_prisms": [], "line_of_sight": [[0, 0, 0, 0, 0, 501]]}