{"time_step": 1e-05, "number_of_molecules": 500000, "diff_coef": 250, "sim_time": 1.5, "absorbers": [[1.03173, 4.16816, -13.3252, 5], [-3.34165, 3.84902, 17.2632, 3]], "reflectors": [], "reflector_prisms": [[9.01461, 2.20908, 8.47544, 12.0146, 5.20908, 14.4754], [0.267954, -4.5199, 7.37847, 5.26795, -2.5199, 9.37847], [8.67777, 4.12484, -7.17991, 12.6778, 8.12484, -1.17991]], "absorber_prisms": [], "line_of_sight": [[2, 2, 0, 0, 0, 497], [6, 6, 0, 0, 0, 500]]}