{
"time_step": 1e-05,
"number_of_molecules": 500000,
"diff_coef": 400,
"sim_time": 1.35,
"absorbers": [
[-0.142635,1.42752,-11.9139,6],
[0.571049,3.1127,10.5349,5],
[-11.4184,4.53968,-8.60294,5],
[8.96668,11.5623,-10.4839,5],
[-8.25266,11.0318,9.95951,5],
[18.0658,9.25607,-8.48254,4]
],
"reflectors": [
],
"reflector_prisms": [
],
"absorber_prisms": [
]
}