{"time_step": 1e-05, "number_of_molecules": 500000, "diff_coef": 50, "sim_time": 6.53333, "absorbers": [[-2.13763, 4.23792, -18.3976, 5], [2.35725, -1.38545, 16.7787, 5]], "reflectors": [[13.6112, 19.0763, 5.17978, 5]], "reflector_prisms": [], "absorber_prisms": [[-2.82177, -14.0714, 3.48791, 1.17823, -10.0714, 8.48791], [-22.6044, -7.56108, 4.48872, -16.6044, -1.56108, 7.48872]], "line_of_sight": [[299, 299, 0, 0, 0, 499], [224, 224, 0, 0, 0, 497]]}