{
"time_step": 1e-05,
"number_of_molecules": 500000,
"diff_coef": 200,
"sim_time": 3.00833,
"absorbers": [
[-13.6978,-18.0731,-3.83854,4],
[0.703125,9.2225,13.0557,2],
[9.9225,-14.8194,2.435,6],
[-5.71768,-6.87862,0.996327,3],
[2.65357,-7.56072,-13.849,6],
[12.8788,5.13696,11.4781,3],
[9.68383,-0.437829,2.45594,3],
[12.9504,5.71831,-18.127,5]
],
"reflectors": [
[-3.34835,19.9265,12.9508,6],
[-3.23284,2.7545,-17.4918,4],
[0.614135,0.270748,-8.97494,3]
],
"reflector_prisms": [
],
"absorber_prisms": [
]
}