{"time_step": 1e-05, "number_of_molecules": 500000, "diff_coef": 250, "sim_time": 1.92667, "absorbers": [[-7.67544, -16.7242, 13.7982, 6], [2.66424, 0.901812, 21.8195, 5], [-12.5514, 12.4829, -3.26186, 5], [11.4726, -14.1687, -5.35064, 5], [-0.972465, -9.32867, -12.9626, 3], [5.85471, 17.7062, -7.22596, 5], [-8.23615, -4.46693, -7.49749, 2]], "reflectors": [[-2.97747, 4.55472, 13.9782, 4], [12.3585, -0.730319, 3.96675, 6], [17.5891, 0.549981, 14.8095, 6]], "reflector_prisms": [], "absorber_prisms": [], "line_of_sight": [[156, 156, 0, 0, 0, 504], [75, 0, 75, 0, 0, 497], [107, 55, 52, 0, 0, 499], [58, 58, 0, 0, 0, 494], [67, 0, 67, 0, 0, 501], [171, 171, 0, 0, 0, 503], [127, 0, 161, 0, 0, 503]]}