{"time_step": 1e-05, "number_of_molecules": 500000, "diff_coef": 300, "sim_time": 0.2, "absorbers": [[4.06895, -4.99248, -8.91733, 5]], "reflectors": [], "reflector_prisms": [[-2.30363, -7.43061, -14.5085, 3.69637, -2.43061, -9.5085], [-2.8336, -1.24437, 9.99642, 3.1664, 1.75563, 15.9964]], "absorber_prisms": [[-1.95546, -2.99649, 6.48702, 1.04454, 3.00351, 9.48702], [-12.5268, -3.23283, -14.3525, -6.52679, 2.76717, -11.3525], [1.13421, 2.55441, 7.34275, 5.13421, 7.55441, 12.3427]], "line_of_sight": [[26, 0, 0, 0, 26, 503]]}