{
"time_step": 1e-05,
"number_of_molecules": 500000,
"diff_coef": 100,
"sim_time": 5.4,
"absorbers": [
[-1.45719,5.53353,9.3945,4],
[0.219542,3.30507,-12.5709,3],
[-7.31699,-3.15298,4.18574,2],
[5.59893,-8.65887,3.83093,3],
[0.471006,-0.245275,-22.9939,6],
[15.1854,1.20911,15.8726,4],
[1.27263,1.3451,19.9141,4],
[5.00636,11.0129,4.75954,3]
],
"reflectors": [
[-10.3885,-3.59448,16.708,4],
[-8.62983,9.87381,-12.3302,5],
[8.25696,-16.6465,-9.78341,6],
[-0.833325,10.183,-13.5872,2],
[-5.67895,10.1878,-2.82119,3]
],
"reflector_prisms": [
],
"absorber_prisms": [
]
}