{
"time_step": 1e-05,
"number_of_molecules": 500000,
"diff_coef": 400,
"sim_time": 1.20417,
"absorbers": [
[-10.651,3.08347,-8.54688,2],
[1.36911,-8.31233,-5.38801,5],
[-0.0591751,0.711372,-11.9787,4],
[13.1003,-12.252,-6.2668,3],
[-13.0443,-5.87141,-9.18551,2],
[-8.16151,-12.3739,-11.886,2],
[8.21767,5.78743,-19.5698,5],
[1.21902,10.3844,-7.72523,5]
],
"reflectors": [
],
"reflector_prisms": [
],
"absorber_prisms": [
]
}