{
"time_step": 1e-05,
"number_of_molecules": 500000,
"diff_coef": 150,
"sim_time": 3.6,
"absorbers": [
[0.888805,16.5217,3.90427,3],
[4.89213,2.12132,-7.25031,4],
[-4.55042,4.96092,-21.9928,5]
],
"reflectors": [
[11.7664,1.84434,7.35874,6],
[-0.663873,-7.80758,-1.61276,2],
[-1.26499,-3.92805,-12.3276,5],
[14.8511,-6.66842,-9.79686,5]
],
"reflector_prisms": [
],
"absorber_prisms": [
]
}