{
"time_step": 1e-05,
"number_of_molecules": 500000,
"diff_coef": 50,
"sim_time": 7.5,
"absorbers": [
[-6.85055,0.561212,19.8433,6]
],
"reflectors": [
[1.7638,0.949599,-9.79731,5],
[3.37765,-9.05268,-16.3597,4]
],
"reflector_prisms": [
[-7.40599,-8.30671,-6.38869,-4.40599,-5.30671,-4.38869],
[15.8662,-7.64849,-11.0697,17.8662,-5.64849,-8.06972]
],
"absorber_prisms": [
[-19.4363,2.4181,8.27914,-13.4363,7.4181,12.2791]
]
}