{"time_step": 1e-05, "number_of_molecules": 500000, "diff_coef": 400, "sim_time": 1.35, "absorbers": [[-7.52204, -2.77213, -8.92941, 4], [-12.4119, 0.69635, -16.9251, 4], [-3.03207, 0.713183, 11.5887, 6], [-3.96728, 6.2434, 19.654, 3]], "reflectors": [], "reflector_prisms": [[11.2359, -17.6004, 6.53473, 13.2359, -13.6004, 12.5347]], "absorber_prisms": [], "line_of_sight": [[102, 102, 0, 0, 0, 500], [289, 289, 0, 0, 0, 499], [7, 7, 0, 0, 0, 500], [501, 501, 0, 0, 0, 501]]}