{"time_step": 1e-05, "number_of_molecules": 500000, "diff_coef": 150, "sim_time": 4.01111, "absorbers": [[-0.791954, -13.0882, -12.3317, 2], [4.85378, 1.35922, 9.77719, 3], [3.2584, 8.0403, -8.29074, 6], [3.17838, -5.96778, 17.7562, 6], [0.364774, 5.57816, -22.3103, 4], [-12.3215, -5.95498, 6.14165, 5], [12.177, -4.2815, -1.54585, 3], [4.11092, 1.03024, -20.5679, 2]], "reflectors": [], "reflector_prisms": [], "absorber_prisms": [], "line_of_sight": [[0, 0, 0, 0, 0, 503], [65, 65, 0, 0, 0, 502], [161, 198, 0, 0, 0, 499], [276, 310, 0, 0, 0, 498], [424, 546, 0, 0, 0, 502], [119, 119, 0, 0, 0, 494], [0, 0, 0, 0, 0, 500], [13, 13, 0, 0, 0, 499]]}