{
"time_step": 1e-05,
"number_of_molecules": 500000,
"diff_coef": 400,
"sim_time": 0.504167,
"absorbers": [
[-3.82063,3.39742,-13.033,3]
],
"reflectors": [
[0.263167,-2.71652,-14.7496,3]
],
"reflector_prisms": [
[-13.9501,-5.78061,6.7402,-9.95015,-1.78061,9.7402]
],
"absorber_prisms": [
[11.6034,6.70954,-7.43779,14.6034,10.7095,-5.43779],
[-10.3239,6.14229,2.7781,-8.32392,8.14229,5.7781],
[-6.90074,-2.84885,-6.33486,-4.90074,1.15115,-4.33486]
]
}