{"time_step": 1e-05, "number_of_molecules": 500000, "diff_coef": 250, "sim_time": 1.92667, "absorbers": [[-3.13736, 1.32435, 16.6554, 5], [-10.7574, 17.4621, 7.95932, 7], [-18.186, -3.33501, 13.6802, 7], [5.49531, -3.82373, -20.9566, 5]], "reflectors": [[7.50826, 22.1652, 5.32244, 6], [5.3243, -6.70099, 24.5509, 7], [16.9567, -4.66752, -13.2168, 5]], "reflector_prisms": [], "absorber_prisms": [], "line_of_sight": [[222, 178, 44, 0, 0, 499], [0, 0, 0, 0, 0, 500], [103, 0, 103, 0, 0, 496], [377, 377, 0, 0, 0, 498]]}