{"time_step": 1e-05, "number_of_molecules": 500000, "diff_coef": 50, "sim_time": 7.5, "absorbers": [[-16.1237, -13.2853, 6.89389, 7], [12.241, -2.11858, 3.83005, 6], [-3.83831, 6.01034, 10.8694, 5]], "reflectors": [[-14.3432, 7.00078, -1.123, 6]], "reflector_prisms": [], "absorber_prisms": [], "line_of_sight": [[0, 0, 0, 0, 0, 500], [162, 0, 162, 0, 0, 499], [0, 0, 0, 0, 0, 501]]}