{"time_step": 1e-05, "number_of_molecules": 500000, "diff_coef": 300, "sim_time": 0.672222, "absorbers": [[-1.48205, 3.15985, 16.6379, 6], [-2.45115, -3.57944, -10.1084, 6]], "reflectors": [], "reflector_prisms": [[-11.1132, -5.7747, 1.31077, -6.11317, -0.774703, 3.31077], [5.80192, -4.65838, -22.1976, 9.80192, -2.65838, -17.1976]], "absorber_prisms": [], "line_of_sight": [[341, 341, 0, 0, 0, 500], [117, 117, 0, 0, 0, 498]]}