{
"time_step": 1e-05,
"number_of_molecules": 500000,
"diff_coef": 350,
"sim_time": 1.37619,
"absorbers": [
[11.6132,-8.01889,18.1613,6]
],
"reflectors": [
[-1.4138,3.7262,-16.5262,6],
[7.07299,4.77179,16.9765,5]
],
"reflector_prisms": [
[-9.3395,-19.4633,9.63286,-3.3395,-14.4633,11.6329]
],
"absorber_prisms": [
]
}