{"time_step": 1e-05, "number_of_molecules": 500000, "diff_coef": 150, "sim_time": 2.84444, "absorbers": [[2.96536, -2.48456, 17.5794, 2], [-0.25466, 0.260328, 10.994, 2]], "reflectors": [], "reflector_prisms": [[-2.27265, 2.90558, -22.2732, 2.72735, 7.90558, -17.2732], [-8.25489, -5.91748, 1.86553, -5.25489, -0.917484, 5.86553]], "absorber_prisms": [[-8.36255, 5.75623, -8.67424, -6.36255, 11.7562, -3.67424]], "line_of_sight": [[88, 88, 0, 0, 0, 504], [44, 44, 0, 0, 0, 499]]}