{
"time_step": 1e-05,
"number_of_molecules": 500000,
"diff_coef": 250,
"sim_time": 0.806667,
"absorbers": [
[-4.22623,3.43545,-8.3867,4],
[4.81917,-14.4755,4.82031,5],
[5.00667,10.5878,2.61356,7],
[7.78102,-1.00859,-9.07957,5]
],
"reflectors": [
[15.3816,-7.79063,7.9821,4],
[5.30012,-2.58921,12.6966,7],
[-9.48487,1.99496,11.448,7],
[0.809252,13.4261,16.1272,6]
],
"reflector_prisms": [
],
"absorber_prisms": [
]
}