{"time_step": 1e-05, "number_of_molecules": 500000, "diff_coef": 50, "sim_time": 10.8, "absorbers": [[-6.78, 0.594167, -16.6637, 5], [-10.2584, 10.2316, -15.2013, 3]], "reflectors": [], "reflector_prisms": [], "absorber_prisms": [[5.42711, 8.08613, -12.2629, 10.4271, 10.0861, -10.2629], [4.43649, 0.124693, -5.44332, 7.43649, 2.12469, -3.44332], [-1.3914, 15.1347, 1.76997, 3.6086, 17.1347, 4.76997], [-1.30096, 2.92727, -6.23734, 3.69904, 8.92727, -4.23734]], "line_of_sight": [[0, 0, 0, 0, 0, 501], [0, 0, 0, 0, 0, 503]]}