{
"time_step": 1e-05,
"number_of_molecules": 500000,
"diff_coef": 50,
"sim_time": 9.63333,
"absorbers": [
[2.71286,1.72385,-22.7743,6]
],
"reflectors": [
],
"reflector_prisms": [
[-5.77091,-5.21262,-22.5398,-1.77091,0.787377,-18.5398],
[13.1924,-2.28142,-13.5257,16.1924,3.71858,-10.5257]
],
"absorber_prisms": [
[-19.5934,1.00165,8.10797,-17.5934,3.00165,13.108],
[9.96682,-0.574577,-13.3603,11.9668,3.42542,-8.36034],
[-13.7346,-2.35892,-6.97855,-8.73457,2.64108,-3.97855]
]
}