{"time_step": 1e-05, "number_of_molecules": 500000, "diff_coef": 100, "sim_time": 6.01667, "absorbers": [[0.532271, -0.144251, -12.9883, 7], [-16.7347, -0.653649, 14.2661, 4], [0.326903, -6.92423, 7.20751, 4], [12.8263, 3.01367, -22.4143, 7], [1.69871, 3.17494, 15.5896, 7], [-3.99297, -20.6083, 0.594418, 4]], "reflectors": [], "reflector_prisms": [], "absorber_prisms": [], "line_of_sight": [[347, 348, 0, 0, 0, 501], [117, 117, 0, 0, 0, 500], [115, 115, 0, 0, 0, 499], [346, 377, 0, 0, 0, 502], [340, 356, 0, 0, 0, 499], [0, 0, 0, 0, 0, 499]]}