{"time_step": 1e-05, "number_of_molecules": 500000, "diff_coef": 250, "sim_time": 2.40667, "absorbers": [[-1.80595, -5.38291, -8.23182, 4], [1.83783, -1.12431, -15.8543, 3], [11.0561, -1.80179, 11.4244, 3], [-3.17714, 5.44283, 10.2118, 5], [9.07187, 5.13036, -10.788, 3], [-9.42322, 5.47223, -5.02569, 6], [9.46885, 18.6199, -2.15414, 5], [5.29478, 3.2458, 22.1457, 4]], "reflectors": [], "reflector_prisms": [], "absorber_prisms": [], "line_of_sight": [[235, 244, 0, 0, 0, 500], [224, 249, 0, 0, 0, 498], [292, 292, 0, 0, 0, 500], [228, 230, 0, 0, 0, 501], [0, 0, 0, 0, 0, 501], [60, 60, 0, 0, 0, 500], [0, 0, 0, 0, 0, 502], [220, 220, 0, 0, 0, 503]]}