{"time_step": 1e-05, "number_of_molecules": 500000, "diff_coef": 300, "sim_time": 1.42222, "absorbers": [[1.84517, -6.79655, 19.7839, 5]], "reflectors": [], "reflector_prisms": [[0.884534, 1.22883, -16.4995, 4.88453, 4.22883, -14.4995], [7.85816, 14.2786, 0.243285, 11.8582, 19.2786, 2.24328], [-23.6144, -4.69395, -4.35147, -17.6144, 0.306051, -2.35147], [-1.98056, 3.23278, -7.98598, 4.01944, 8.23278, -2.98598]], "absorber_prisms": [[-1.72318, -0.0285906, 8.44886, 2.27682, 1.97141, 11.4489]], "line_of_sight": [[0, 0, 0, 0, 0, 501]]}