{
"time_step": 1e-05,
"number_of_molecules": 500000,
"diff_coef": 50,
"sim_time": 2.7,
"absorbers": [
[0.321242,-8.65758,-8.3032,3]
],
"reflectors": [
[3.60864,17.4085,-9.16093,4],
[-16.3714,5.93354,7.60072,6],
[-0.36761,6.51286,13.5073,3]
],
"reflector_prisms": [
[-3.29061,-2.40708,-10.8846,2.70939,-0.40708,-6.88457]
],
"absorber_prisms": [
[-0.999596,-0.925176,12.8221,3.0004,5.07482,16.8221]
]
}