{
"time_step": 1e-05,
"number_of_molecules": 500000,
"diff_coef": 350,
"sim_time": 0.304762,
"absorbers": [
[-12.818,0.877591,1.98196,5]
],
"reflectors": [
],
"reflector_prisms": [
[-3.91194,-2.34518,-13.7268,-0.911939,1.65482,-7.72676],
[-1.76128,10.0804,15.6909,3.23872,13.0804,21.6909],
[-4.71682,2.82456,4.00774,1.28318,5.82456,9.00774],
[-4.95584,16.8572,-7.57177,-2.95584,22.8572,-3.57177],
[-7.2869,2.53062,-5.11388,-4.2869,8.53062,-3.11388]
],
"absorber_prisms": [
]
}