{"time_step": 1e-05, "number_of_molecules": 500000, "diff_coef": 150, "sim_time": 0.711111, "absorbers": [[-1.83741, -12.2863, 3.83035, 5]], "reflectors": [[-21.6405, -10.1116, -2.33388, 5], [-0.0924007, 11.7646, -10.8437, 5]], "reflector_prisms": [], "absorber_prisms": [[-9.69682, 7.39064, -5.31964, -6.69682, 9.39064, -3.31964]], "line_of_sight": [[117, 0, 117, 0, 0, 499]]}