{"time_step": 1e-05, "number_of_molecules": 500000, "diff_coef": 300, "sim_time": 1.8, "absorbers": [[7.15244, 11.9211, -9.78422, 6], [-5.21874, -9.63843, -0.930313, 3], [10.1511, -10.7202, -13.492, 4], [-0.601052, -0.257271, 16.9874, 2], [-1.44586, -0.761798, -7.83129, 3], [1.80885, -10.523, 20.3714, 5], [2.70539, -3.90767, 9.92023, 6], [16.3538, -6.60006, 3.6044, 5]], "reflectors": [[9.90698, 3.9461, 2.69817, 6], [-15.2018, -12.0304, 8.073, 2], [-0.88287, 1.35636, -14.9124, 2], [-10.9218, 4.25992, -7.65292, 5]], "reflector_prisms": [], "absorber_prisms": [], "line_of_sight": [[103, 73, 30, 0, 0, 500], [130, 0, 130, 0, 0, 503], [0, 0, 0, 0, 0, 499], [499, 998, 211, 0, 0, 499], [259, 294, 23, 0, 0, 499], [499, 534, 0, 0, 0, 499], [279, 204, 100, 0, 0, 500], [259, 0, 295, 0, 0, 499]]}