{
"time_step": 1e-05,
"number_of_molecules": 500000,
"diff_coef": 50,
"sim_time": 9.63333,
"absorbers": [
[4.57049,16.5787,15.2728,6],
[1.7885,4.08646,13.2703,6],
[0.35745,-8.39915,8.56309,6],
[-17.1786,5.68884,-8.51664,5],
[-6.00931,-7.07888,-10.4775,4]
],
"reflectors": [
[-3.8658,9.43371,-20.617,5]
],
"reflector_prisms": [
],
"absorber_prisms": [
]
}