{"time_step": 1e-05, "number_of_molecules": 500000, "diff_coef": 300, "sim_time": 1.60556, "absorbers": [[-16.8773, 11.7446, -4.2685, 4], [-0.266309, -10.9184, -1.31092, 6]], "reflectors": [[-3.23422, 4.16578, -6.01549, 3]], "reflector_prisms": [[-4.45837, -3.72531, 9.78468, 0.541625, 1.27469, 14.7847]], "absorber_prisms": [], "line_of_sight": [[0, 0, 0, 0, 0, 498], [0, 0, 0, 0, 0, 502]]}