{"time_step": 1e-05, "number_of_molecules": 500000, "diff_coef": 100, "sim_time": 5.4, "absorbers": [[-13.2709, -18.7346, 1.37706, 7], [0.356078, -0.190303, 24.9967, 7], [4.82662, 0.925027, 8.70908, 5], [-12.4973, -4.87979, -10.4406, 4], [-11.9147, 0.965749, -1.05256, 7]], "reflectors": [[12.4528, -1.62306, -16.8313, 5], [8.08603, -8.07525, -6.19729, 4], [4.14008, 15.1927, 13.8939, 7], [17.7066, 13.0502, 9.60054, 6], [-1.67701, -7.47743, -18.4736, 6]], "reflector_prisms": [], "absorber_prisms": [], "line_of_sight": [[0, 0, 0, 0, 0, 503], [276, 230, 134, 0, 0, 499], [331, 257, 185, 0, 0, 496], [498, 478, 126, 0, 0, 498], [136, 118, 57, 0, 0, 500]]}