{
"time_step": 1e-05,
"number_of_molecules": 500000,
"diff_coef": 100,
"sim_time": 4.81667,
"absorbers": [
[0.289171,0.0562306,9.99566,4],
[-1.25998,-6.88074,-0.260574,2],
[-6.30763,0.972568,15.7565,2],
[3.94155,10.0857,19.1506,5],
[2.34798,-1.30218,-11.6958,5],
[-8.46838,-3.66335,5.98886,5],
[-0.746937,-9.68177,5.16773,4],
[7.43532,-6.22323,-2.4469,4]
],
"reflectors": [
[-6.86832,-1.79924,-17.6235,4],
[-12.084,17.8232,8.08141,4],
[-15.5738,-17.6599,-4.64565,6]
],
"reflector_prisms": [
],
"absorber_prisms": [
]
}