{"time_step": 1e-05, "number_of_molecules": 500000, "diff_coef": 400, "sim_time": 1.50417, "absorbers": [[-16.3409, 3.67393, 12.668, 6], [-1.05728, -0.743776, 9.9161, 4], [9.92124, -12.662, 5.49939, 5], [-6.66728, -9.88983, 1.31853, 4], [-4.23899, -7.56591, -13.4457, 5], [7.64869, 4.19925, 4.88505, 4], [-17.7703, -9.0127, 15.0993, 6]], "reflectors": [], "reflector_prisms": [], "absorber_prisms": [], "line_of_sight": [[0, 0, 0, 0, 0, 503], [27, 27, 0, 0, 0, 502], [0, 0, 0, 0, 0, 494], [0, 0, 0, 0, 0, 499], [118, 118, 0, 0, 0, 499], [61, 61, 0, 0, 0, 499], [0, 0, 0, 0, 0, 498]]}