{
"time_step": 1e-05,
"number_of_molecules": 500000,
"diff_coef": 150,
"sim_time": 4.01111,
"absorbers": [
[4.74386,5.35937,15.4199,6],
[5.50302,-9.48044,0.91538,6],
[-6.58538,-21.0643,-11.7442,7],
[-5.70883,10.4971,1.10505,5],
[-16.4048,-0.191668,-18.8639,7],
[-7.31456,2.80302,-9.09067,6],
[-1.47708,-20.6425,12.1534,5]
],
"reflectors": [
],
"reflector_prisms": [
],
"absorber_prisms": [
]
}