{
"time_step": 1e-05,
"number_of_molecules": 500000,
"diff_coef": 100,
"sim_time": 4.26667,
"absorbers": [
[0.195751,0.173829,-19.9983,4]
],
"reflectors": [
[0.170517,-10.9903,14.2543,2],
[-1.47194,20.933,-0.802075,5],
[1.41371,-6.75232,-20.8904,3]
],
"reflector_prisms": [
[-11.9744,7.97532,-7.09954,-7.97435,11.9753,-3.09954]
],
"absorber_prisms": [
[-5.79684,0.822314,-8.98249,-0.796838,3.82231,-5.98249]
]
}