{"time_step": 1e-05, "number_of_molecules": 500000, "diff_coef": 100, "sim_time": 4.81667, "absorbers": [[-12.1062, 3.96925, -15.4171, 3]], "reflectors": [], "reflector_prisms": [[3.25672, 2.8408, 7.99219, 9.25672, 4.8408, 10.9922], [12.7329, -9.82478, -0.0763934, 15.7329, -7.82478, 5.92361]], "absorber_prisms": [[-2.03502, -2.40117, -22.4908, 2.96498, 1.59883, -18.4908], [-21.1094, 7.37518, -1.11938, -15.1094, 9.37518, 3.88062], [-1.65467, -15.5886, -11.0448, 4.34533, -9.58856, -5.04477]], "line_of_sight": [[0, 0, 0, 0, 0, 498]]}