{"time_step": 1e-05, "number_of_molecules": 500000, "diff_coef": 350, "sim_time": 0.57619, "absorbers": [[-4.08623, -2.8116, -16.2603, 6]], "reflectors": [[13.0899, 16.417, -0.37159, 6], [-6.30452, -15.8851, 5.64938, 2]], "reflector_prisms": [[6.34677, -0.792989, 4.46183, 10.3468, 2.20701, 6.46183]], "absorber_prisms": [[-18.642, 3.8301, -0.872681, -14.642, 9.8301, 2.12732], [-19.7607, -2.42362, 1.84157, -13.7607, 2.57638, 3.84157]], "line_of_sight": [[0, 0, 0, 0, 0, 502]]}