{
"time_step": 1e-05,
"number_of_molecules": 500000,
"diff_coef": 50,
"sim_time": 6.53333,
"absorbers": [
[1.14117,-2.65051,18.7796,5],
[5.08711,-6.45049,-16.016,4],
[11.5601,-1.414,2.89216,6],
[9.71812,-13.4836,6.91021,4],
[-0.167282,8.52935,-9.80929,7]
],
"reflectors": [
[1.87741,2.78994,9.41762,5],
[-1.14682,-8.90984,-6.34819,4]
],
"reflector_prisms": [
],
"absorber_prisms": [
]
}