{
"time_step": 1e-05,
"number_of_molecules": 500000,
"diff_coef": 150,
"sim_time": 3.6,
"absorbers": [
[11.3715,17.6298,-6.62401,4],
[15.9704,11.1979,-4.42173,4],
[-6.62941,-8.05269,18.2265,4],
[-0.513283,0.185649,-11.9876,5],
[15.5571,-15.0621,-10.3494,7],
[9.87801,-5.28076,6.59838,6]
],
"reflectors": [
[-8.51498,-5.23685,0.265567,5]
],
"reflector_prisms": [
],
"absorber_prisms": [
]
}