{"time_step": 1e-05, "number_of_molecules": 500000, "diff_coef": 150, "sim_time": 3.21111, "absorbers": [[2.15986, 4.83975, 12.9581, 2], [8.50351, -6.17816, 5.78971, 5], [-13.0141, -17.9087, -6.23776, 6]], "reflectors": [[-2.08646, -0.808934, 18.8678, 2]], "reflector_prisms": [], "absorber_prisms": [[16.8096, 0.357138, -7.76297, 21.8096, 5.35714, -4.76297]], "line_of_sight": [[0, 0, 0, 0, 0, 498], [0, 0, 0, 0, 0, 499], [0, 0, 0, 0, 0, 499]]}