{
"time_step": 1e-05,
"number_of_molecules": 500000,
"diff_coef": 150,
"sim_time": 0.711111,
"absorbers": [
[0.199022,7.1375,8.36758,3]
],
"reflectors": [
[-9.30009,-5.41399,-2.27973,4],
[-7.97028,3.30502,21.3202,5]
],
"reflector_prisms": [
],
"absorber_prisms": [
[5.08493,2.50508,-11.0002,9.08493,7.50508,-7.00016],
[-0.940959,-2.22668,-10.9052,1.05904,-0.226683,-4.90517],
[-2.03506,-7.39236,-13.7068,0.964939,-3.39236,-7.70683]
]
}