{
"time_step": 1e-05,
"number_of_molecules": 500000,
"diff_coef": 250,
"sim_time": 1.30667,
"absorbers": [
[-3.66803,0.863519,15.5499,2]
],
"reflectors": [
[19.6601,0.673187,11.9175,5],
[-14.7973,-18.0537,-8.95015,6],
[1.14807,6.27076,-7.70451,5]
],
"reflector_prisms": [
[-0.626323,-5.40726,10.2249,4.37368,-2.40726,13.2249]
],
"absorber_prisms": [
]
}