{
"time_step": 1e-05,
"number_of_molecules": 500000,
"diff_coef": 200,
"sim_time": 2.7,
"absorbers": [
[2.48289,1.10588,23.8456,6],
[2.82343,-10.7199,11.5374,2]
],
"reflectors": [
[17.8204,8.98114,1.33128,4]
],
"reflector_prisms": [
[0.757421,-6.21967,16.5211,4.75742,-0.219665,20.5211]
],
"absorber_prisms": [
]
}