{"time_step": 1e-05, "number_of_molecules": 500000, "diff_coef": 250, "sim_time": 2.40667, "absorbers": [[-21.1563, -6.00509, -0.59093, 7], [-6.75209, -8.6519, 0.744324, 5], [-4.05591, 6.45561, 22.7569, 5], [2.44433, 5.1502, -24.3413, 7], [-11.2223, -5.39224, 18.1379, 4], [-6.4337, 22.4904, -5.36563, 7]], "reflectors": [[-2.08247, -7.11095, 18.5768, 5]], "reflector_prisms": [], "absorber_prisms": [], "line_of_sight": [[115, 115, 0, 0, 0, 504], [73, 73, 0, 0, 0, 498], [14, 14, 0, 0, 0, 501], [244, 31, 213, 0, 0, 502], [33, 33, 0, 0, 0, 499], [0, 0, 0, 0, 0, 500]]}