{
"time_step": 1e-05,
"number_of_molecules": 500000,
"diff_coef": 200,
"sim_time": 0.675,
"absorbers": [
[-0.703283,8.45381,-9.85081,4]
],
"reflectors": [
[-7.99106,6.12376,14.9212,3],
[-6.25216,-17.7953,-2.289,2]
],
"reflector_prisms": [
[-2.48643,-2.05382,8.9807,3.51357,2.94618,14.9807]
],
"absorber_prisms": [
[6.00989,9.66538,-15.9281,11.0099,15.6654,-12.9281],
[-22.8643,0.660646,3.62831,-17.8643,5.66065,8.62831]
]
}