{
"time_step": 1e-05,
"number_of_molecules": 500000,
"diff_coef": 350,
"sim_time": 1.21905,
"absorbers": [
[7.76703,16.1728,1.45402,2]
],
"reflectors": [
[-15.3066,8.38107,-14.9822,4],
[3.26631,2.39886,12.3522,5],
[3.88264,0.0267299,-10.292,6]
],
"reflector_prisms": [
[12.8931,-1.08631,-5.13035,14.8931,1.91369,-3.13035]
],
"absorber_prisms": [
[-5.97146,3.31676,11.1537,-1.97146,9.31676,17.1537]
]
}