{"time_step": 1e-05, "number_of_molecules": 500000, "diff_coef": 200, "sim_time": 1.00833, "absorbers": [[4.82982, 6.3344, -8.97486, 7], [-8.40155, -7.50911, 11.359, 7], [-1.16903, -12.2864, -11.6909, 6]], "reflectors": [[-20.1724, 0.486172, -8.76579, 7], [8.80129, 13.4238, -17.8421, 5], [-22.8427, 8.69569, 5.25328, 6]], "reflector_prisms": [], "absorber_prisms": [], "line_of_sight": [[75, 75, 7, 0, 0, 501], [501, 501, 28, 0, 0, 501], [0, 0, 0, 0, 0, 502]]}