{"time_step": 1e-05, "number_of_molecules": 500000, "diff_coef": 100, "sim_time": 3.75, "absorbers": [[-9.38283, -5.41051, 1.92063, 6], [-9.48162, -18.1324, 4.72397, 6]], "reflectors": [], "reflector_prisms": [[-1.22336, -3.25984, -23.915, 4.77664, 1.74016, -19.915]], "absorber_prisms": [[2.62833, -3.40391, -15.1792, 5.62833, -0.403912, -9.17916]], "line_of_sight": [[87, 87, 0, 0, 0, 502], [233, 233, 0, 0, 0, 501]]}