{
"time_step": 1e-05,
"number_of_molecules": 500000,
"diff_coef": 350,
"sim_time": 1.71905,
"absorbers": [
[-22.3362,-0.861323,-11.1961,6]
],
"reflectors": [
[-8.06594,-5.34492,-5.23187,5],
[-16.6984,-10.1605,4.23408,6]
],
"reflector_prisms": [
],
"absorber_prisms": [
[2.3529,-1.54571,-17.4653,5.3529,3.45429,-11.4653],
[9.5239,-4.95904,4.62396,14.5239,0.0409584,6.62396],
[4.14126,7.57909,4.17597,6.14126,9.57909,7.17597]
]
}