{
"time_step": 1e-05,
"number_of_molecules": 500000,
"diff_coef": 150,
"sim_time": 3.6,
"absorbers": [
[9.27054,-8.77555,20.3236,6],
[-9.79761,-13.9029,-5.89193,4],
[2.05558,-8.82872,-11.9511,6],
[6.42874,-5.55131,6.98959,6],
[18.3988,4.40104,-9.11678,5]
],
"reflectors": [
],
"reflector_prisms": [
],
"absorber_prisms": [
]
}