{
"time_step": 1e-05,
"number_of_molecules": 500000,
"diff_coef": 150,
"sim_time": 2.84444,
"absorbers": [
[0.0697771,2.40209,17.8389,5],
[8.02662,6.67896,14.6617,2]
],
"reflectors": [
],
"reflector_prisms": [
[-7.38327,-13.2263,-18.9495,-4.38327,-8.22625,-13.9495],
[-6.94059,0.734913,-9.37979,-1.94059,6.73491,-4.37979]
],
"absorber_prisms": [
]
}