{
"time_step": 1e-05,
"number_of_molecules": 500000,
"diff_coef": 250,
"sim_time": 1.70667,
"absorbers": [
[-12.2551,-6.89006,-15.5994,5],
[1.22633,-4.70059,-13.1301,5],
[-4.48481,10.1659,14.1612,5],
[5.9373,5.41007,8.91513,6],
[-19.1846,-5.14362,-2.34426,5]
],
"reflectors": [
[5.52598,-4.84471,10.7234,4],
[-11.2013,4.76872,-10.3823,7],
[7.40495,-1.49625,-4.89162,4],
[2.44165,4.94905,-22.3281,5],
[9.96473,9.07337,-3.79184,6]
],
"reflector_prisms": [
],
"absorber_prisms": [
]
}