{"time_step": 1e-05, "number_of_molecules": 500000, "diff_coef": 200, "sim_time": 2.7, "absorbers": [[8.22408, -4.38203, 3.62799, 5], [-11.1359, 18.1543, -8.68414, 6], [4.90657, -2.10465, -5.95786, 2], [-0.585569, 0.233947, -23.9917, 6]], "reflectors": [], "reflector_prisms": [], "absorber_prisms": [[-2.43654, -9.11803, 8.02807, -0.436535, -3.11803, 10.0281]], "line_of_sight": [[83, 83, 0, 0, 0, 500], [243, 243, 0, 0, 0, 503], [0, 0, 0, 0, 0, 500], [0, 0, 0, 0, 0, 499]]}