{"time_step": 1e-05, "number_of_molecules": 500000, "diff_coef": 400, "sim_time": 0.266667, "absorbers": [[-4.58504, -10.313, 6.45136, 5]], "reflectors": [[11.7132, -4.34512, -9.99601, 5]], "reflector_prisms": [[1.6505, 12.1381, -18.2512, 7.6505, 17.1381, -13.2512]], "absorber_prisms": [[-5.48464, -1.45357, 19.0808, -2.48464, 4.54643, 24.0808], [-6.00061, -3.80334, -8.93796, -4.00061, -1.80334, -4.93796], [-19.076, 2.61832, -4.67148, -16.076, 7.61832, -0.671477]], "line_of_sight": [[0, 0, 0, 0, 0, 499]]}