{"time_step": 1e-05, "number_of_molecules": 500000, "diff_coef": 350, "sim_time": 1.71905, "absorbers": [[1.27564, 13.8968, -11.3688, 6], [-3.03119, -8.09767, 23.4572, 6], [-12.5743, 7.95837, 17.5372, 6], [-1.37783, -13.7518, -11.5321, 2], [7.58416, -2.55478, -7.54676, 3], [-3.57081, 1.14187, 11.3994, 4], [-5.14435, 5.50145, -11.8013, 3], [4.35414, 1.49857, 16.3645, 5]], "reflectors": [[13.756, 6.61863, 4.79235, 5], [-3.39113, -0.495335, -21.7314, 6], [-8.71764, -15.6379, -1.86012, 4], [-8.65501, -0.366871, 2.44054, 4], [-19.9541, 2.89518, -13.0173, 6], [17.056, -8.88373, -10.6851, 6], [5.15727, -8.94547, 15.9493, 3]], "reflector_prisms": [], "absorber_prisms": [], "line_of_sight": [[27, 27, 0, 0, 0, 496], [202, 150, 65, 0, 0, 500], [371, 389, 128, 0, 0, 501], [0, 0, 0, 0, 0, 498], [433, 309, 310, 0, 0, 499], [278, 310, 90, 0, 0, 502], [167, 2, 165, 0, 0, 495], [249, 65, 248, 0, 0, 500]]}