{"time_step": 1e-05, "number_of_molecules": 500000, "diff_coef": 100, "sim_time": 5.4, "absorbers": [[-2.09444, 4.19725, -8.83155, 5], [-0.228646, -12.3684, 15.7153, 2], [3.7076, 2.69297, 7.74607, 2], [-11.2682, -0.788005, 6.43477, 4], [5.43994, -9.56952, 8.65051, 4], [-2.35689, 9.20971, -3.10262, 2], [7.20572, -2.21404, 4.91688, 4]], "reflectors": [[-9.14266, -3.09045, -2.61933, 2], [2.30175, -5.82366, -10.2366, 5], [4.05659, 7.54724, 2.75377, 4], [-4.38408, -8.57505, -10.1611, 2], [-0.673463, 3.68748, 14.5241, 4]], "reflector_prisms": [], "absorber_prisms": [], "line_of_sight": [[226, 219, 31, 0, 0, 502], [499, 499, 0, 0, 0, 499], [54, 0, 56, 0, 0, 500], [0, 0, 0, 0, 0, 501], [384, 453, 0, 0, 0, 500], [78, 78, 0, 0, 0, 502], [154, 191, 8, 0, 0, 495]]}