{
"time_step": 1e-05,
"number_of_molecules": 500000,
"diff_coef": 250,
"sim_time": 2.40667,
"absorbers": [
[-8.409,15.6033,-9.26425,5],
[2.8721,-5.28428,-12.6423,4],
[8.73344,-6.9739,17.779,4],
[3.69483,4.98372,-24.218,6],
[1.13391,10.7122,20.3215,4],
[-15.5722,-8.45383,-3.16873,6]
],
"reflectors": [
[-6.44771,-14.9884,4.77236,5],
[-14.3254,8.92987,-18.4402,6],
[-3.64999,13.7395,12.6057,5],
[-9.37454,0.640776,-8.98373,4]
],
"reflector_prisms": [
],
"absorber_prisms": [
]
}