{
"time_step": 1e-05,
"number_of_molecules": 500000,
"diff_coef": 200,
"sim_time": 2.40833,
"absorbers": [
[-3.70906,-8.07109,-20.1271,5],
[-7.70565,1.88659,-11.5353,3],
[-4.04082,-4.6535,-7.87507,5],
[0.00881888,-1.00091,16.9705,5],
[-0.586849,15.9525,16.5582,6],
[5.43427,-2.87586,-10.3052,2],
[1.97683,3.77546,-18.5159,4]
],
"reflectors": [
[-14.3433,2.74944,-3.42208,4],
[16.0789,-11.3989,3.39587,4],
[12.4277,5.88134,5.99694,3]
],
"reflector_prisms": [
],
"absorber_prisms": [
]
}