{
"time_step": 1e-05,
"number_of_molecules": 500000,
"diff_coef": 100,
"sim_time": 1.06667,
"absorbers": [
[-0.035412,0.642897,9.97925,4],
[-9.60796,10.0962,1.32427,6],
[0.642722,-7.05854,-9.68318,5]
],
"reflectors": [
],
"reflector_prisms": [
[-1.01805,11.7959,0.838449,0.981951,14.7959,3.83845],
[7.55941,-0.0968141,-9.36495,12.5594,1.90319,-5.36495]
],
"absorber_prisms": [
]
}