{"time_step": 1e-05, "number_of_molecules": 500000, "diff_coef": 100, "sim_time": 6.01667, "absorbers": [[-9.67841, -6.36515, -3.13259, 2], [-0.601945, 1.20739, 19.9544, 4], [12.8092, -21.4083, -1.61567, 6], [4.17037, -3.05513, -14.081, 2], [8.14015, 13.8806, -19.1329, 6], [-1.05484, -23.6057, 4.20203, 5], [13.4954, 6.13294, 10.2109, 6], [5.21564, 8.8427, -3.95016, 5]], "reflectors": [], "reflector_prisms": [], "absorber_prisms": [], "line_of_sight": [[186, 186, 0, 0, 0, 499], [41, 41, 0, 0, 0, 503], [0, 0, 0, 0, 0, 501], [69, 69, 0, 0, 0, 499], [192, 192, 0, 0, 0, 503], [186, 186, 0, 0, 0, 502], [67, 67, 0, 0, 0, 500], [138, 138, 0, 0, 0, 499]]}