{"time_step": 1e-05, "number_of_molecules": 500000, "diff_coef": 150, "sim_time": 2.84444, "absorbers": [[17.1184, -7.09554, -4.19684, 3], [-5.50982, 4.46796, -5.53889, 4]], "reflectors": [[1.69778, 1.74942, -12.7694, 5]], "reflector_prisms": [], "absorber_prisms": [[10.3281, 13.8682, 2.76, 13.3281, 18.8682, 8.76]], "line_of_sight": [[0, 0, 0, 0, 0, 501], [0, 0, 0, 0, 0, 501]]}