{"time_step": 1e-05, "number_of_molecules": 500000, "diff_coef": 300, "sim_time": 1.8, "absorbers": [[-12.608, 6.05798, -9.66126, 7], [14.6032, 6.22977, -6.07743, 5], [-16.1998, -16.1615, 2.31792, 6], [1.77019, 22.8934, 1.32606, 5], [-10.822, -8.88206, -15.6523, 6], [4.30154, -15.0549, -13.9945, 7]], "reflectors": [], "reflector_prisms": [], "absorber_prisms": [], "line_of_sight": [[0, 0, 0, 0, 0, 502], [76, 76, 0, 0, 0, 498], [91, 91, 0, 0, 0, 499], [0, 0, 0, 0, 0, 500], [0, 0, 0, 0, 0, 500], [0, 0, 0, 0, 0, 503]]}