{"time_step": 1e-05, "number_of_molecules": 500000, "diff_coef": 50, "sim_time": 9.63333, "absorbers": [[-1.08359, -0.129321, 13.9574, 3], [-19.4516, -4.6389, 0.341834, 5], [-10.495, 3.16011, -12.995, 2], [1.62393, 20.9156, 0.950053, 4], [-5.10769, -6.79856, -6.9779, 5], [-8.70529, -16.7956, -1.76812, 6], [-3.76611, 10.6909, -20.013, 6], [-7.09504, 5.02661, 6.73748, 2]], "reflectors": [[-3.8807, -5.94379, 21.8772, 4], [0.954859, 2.78005, -10.6, 3]], "reflector_prisms": [], "absorber_prisms": [], "line_of_sight": [[225, 0, 324, 0, 0, 499], [0, 0, 0, 0, 0, 499], [0, 0, 0, 0, 0, 502], [129, 129, 0, 0, 0, 502], [80, 80, 0, 0, 0, 499], [191, 191, 0, 0, 0, 501], [143, 0, 174, 0, 0, 499], [0, 0, 0, 0, 0, 502]]}