{"time_step": 1e-05, "number_of_molecules": 500000, "diff_coef": 350, "sim_time": 1.07143, "absorbers": [[8.73271, -14.2257, 6.73564, 3], [5.01951, 3.37438, 10.3643, 2]], "reflectors": [], "reflector_prisms": [], "absorber_prisms": [[-4.4697, -16.5388, -7.98364, -1.4697, -12.5388, -3.98364], [1.18332, 1.23038, 6.27807, 5.18332, 7.23038, 8.27807], [-3.03203, 0.495376, 6.66086, -0.0320281, 3.49538, 11.6609]], "line_of_sight": [[0, 0, 0, 0, 0, 498], [466, 0, 0, 466, 0, 498]]}