{
"time_step": 1e-05,
"number_of_molecules": 500000,
"diff_coef": 350,
"sim_time": 1.37619,
"absorbers": [
[11.1473,3.75332,14.9215,4],
[-5.37443,-3.26373,9.02572,4],
[-0.214518,-1.1775,11.9402,2],
[-15.0319,3.27211,-9.34532,6],
[-0.0618988,-0.398259,-14.9946,5],
[0.761083,-3.03455,17.726,3],
[-2.44533,4.64331,16.1697,4],
[12.8856,13.4101,-3.88984,2]
],
"reflectors": [
[-12.2276,-8.64525,14.7223,2]
],
"reflector_prisms": [
],
"absorber_prisms": [
]
}