{"time_step": 1e-05, "number_of_molecules": 500000, "diff_coef": 350, "sim_time": 1.37619, "absorbers": [[-2.19466, 12.7833, -18.994, 6]], "reflectors": [[4.3928, 0.798527, -13.269, 2]], "reflector_prisms": [[-4.49171, -1.61896, -16.776, -0.491711, 1.38104, -10.776], [-10.615, -2.59751, -0.764191, -8.61505, -0.597508, 5.23581]], "absorber_prisms": [[9.9541, 0.287887, -22.0355, 11.9541, 2.28789, -16.0355]], "line_of_sight": [[0, 0, 0, 0, 0, 502]]}