{
"time_step": 1e-05,
"number_of_molecules": 500000,
"diff_coef": 200,
"sim_time": 0.3,
"absorbers": [
[-0.317164,-0.240838,-8.99118,3]
],
"reflectors": [
],
"reflector_prisms": [
[-17.1675,-5.29986,8.93275,-11.1675,-2.29986,11.9328]
],
"absorber_prisms": [
[-11.4107,5.70546,1.22646,-5.41067,9.70546,6.22646],
[8.65413,-4.88932,-15.2063,11.6541,-1.88932,-11.2063],
[-12.3203,11.8989,1.7975,-10.3203,17.8989,4.7975]
]
}