{
"time_step": 1e-05,
"number_of_molecules": 500000,
"diff_coef": 100,
"sim_time": 6.01667,
"absorbers": [
[16.2515,1.03212,7.66959,3],
[13.1252,-5.87554,-20.4501,6],
[-1.54778,19.3131,10.4215,6],
[9.3314,9.75334,-8.59053,5],
[4.10535,5.49872,1.38209,2],
[2.27044,1.96509,16.7327,3],
[-18.6358,-2.06292,-6.96065,6],
[-1.26106,4.33893,-11.1168,4]
],
"reflectors": [
[-0.699343,-12.9127,-20.2181,6]
],
"reflector_prisms": [
],
"absorber_prisms": [
]
}