{"time_step": 1e-05, "number_of_molecules": 500000, "diff_coef": 200, "sim_time": 0.3, "absorbers": [[-0.359213, -3.25805, 8.38189, 3]], "reflectors": [[-3.16965, -7.06836, 20.5911, 3], [1.10289, 16.508, -3.90764, 2]], "reflector_prisms": [], "absorber_prisms": [[-3.63876, -1.02247, 11.8274, -0.638763, 1.97753, 15.8274]], "line_of_sight": [[23, 0, 23, 0, 0, 501]]}