{"time_step": 1e-05, "number_of_molecules": 500000, "diff_coef": 250, "sim_time": 0.326667, "absorbers": [[2.15705, -0.887969, -7.65236, 3], [6.28559, 3.00181, 9.77141, 5], [1.2294, 6.34113, -2.6979, 2]], "reflectors": [], "reflector_prisms": [], "absorber_prisms": [[-22.1602, -4.46995, 5.56644, -16.1602, -1.46995, 10.5664], [-0.673249, 16.3017, -13.1347, 4.32675, 20.3017, -7.13467]], "line_of_sight": [[0, 0, 0, 0, 0, 501], [0, 0, 0, 0, 0, 499], [0, 0, 0, 0, 0, 499]]}