{
"time_step": 1e-05,
"number_of_molecules": 500000,
"diff_coef": 350,
"sim_time": 0.933333,
"absorbers": [
[-14.7379,-5.63115,-2.66142,2]
],
"reflectors": [
[-3.81183,-11.1688,9.25897,5]
],
"reflector_prisms": [
[2.98255,4.20695,-14.0379,4.98255,10.2069,-11.0379],
[-12.5132,14.8968,-5.00026,-9.51318,16.8968,-0.000263556]
],
"absorber_prisms": [
[-9.65846,10.8313,-16.1188,-6.65846,12.8313,-13.1188]
]
}