{"time_step": 1e-05, "number_of_molecules": 500000, "diff_coef": 300, "sim_time": 1.60556, "absorbers": [[-2.14802, -3.70411, -7.91616, 4], [-1.27197, -0.313404, 18.9548, 7], [0.512468, -2.51793, -16.8047, 5], [-7.32061, -8.19719, 11.6282, 5], [9.35239, -10.1486, 15.8284, 4], [17.1215, 1.35036, -8.12595, 4], [3.83449, 11.1357, 2.30045, 4]], "reflectors": [], "reflector_prisms": [], "absorber_prisms": [], "line_of_sight": [[132, 240, 0, 0, 0, 505], [211, 342, 0, 0, 0, 499], [482, 595, 0, 0, 0, 499], [0, 0, 0, 0, 0, 500], [0, 0, 0, 0, 0, 503], [0, 0, 0, 0, 0, 501], [0, 0, 0, 0, 0, 499]]}