{"time_step": 1e-05, "number_of_molecules": 500000, "diff_coef": 200, "sim_time": 0.675, "absorbers": [[-10.7705, 2.3221, 6.89964, 4]], "reflectors": [[16.2717, -10.4652, -5.07047, 6]], "reflector_prisms": [[-3.75361, -0.0419697, 8.7813, 0.24639, 2.95803, 14.7813], [-1.85535, -0.757018, -21.9979, 2.14465, 1.24298, -15.9979]], "absorber_prisms": [[-0.962022, -21.9627, -3.57814, 2.03798, -16.9627, 1.42186]], "line_of_sight": [[109, 0, 109, 0, 0, 497]]}