{
"time_step": 1e-05,
"number_of_molecules": 500000,
"diff_coef": 150,
"sim_time": 4.01111,
"absorbers": [
[-1.69838,3.18216,13.5274,6],
[-14.6818,-2.27488,-2.06664,5],
[-4.91622,16.207,-1.47081,4],
[-3.79666,-1.99535,-19.5347,6],
[6.74673,7.33106,0.858653,4],
[0.120333,10.8883,7.10144,4],
[-8.9417,-12.6408,17.0076,4]
],
"reflectors": [
[4.04448,-16.0605,7.05002,6]
],
"reflector_prisms": [
],
"absorber_prisms": [
]
}