{
"time_step": 1e-05,
"number_of_molecules": 500000,
"diff_coef": 100,
"sim_time": 2.81667,
"absorbers": [
[2.22151,2.08411,-14.6875,2]
],
"reflectors": [
[0.126538,0.52449,20.9931,2]
],
"reflector_prisms": [
],
"absorber_prisms": [
[9.81634,-15.9366,-3.90317,12.8163,-12.9366,-0.903174],
[-5.97458,-4.87018,-11.5548,-2.97458,-0.870176,-6.55485],
[10.1226,0.911961,-5.29313,13.1226,2.91196,0.706866],
[-9.86106,-2.58708,0.43428,-4.86106,2.41292,2.43428]
]
}