{"time_step": 1e-05, "number_of_molecules": 500000, "diff_coef": 250, "sim_time": 2.40667, "absorbers": [[4.29161, 12.1491, 1.72683, 4], [7.36708, -11.3443, 10.2972, 3], [-3.13384, -8.97255, 11.6048, 6], [-15.3551, -5.40487, 18.9739, 6]], "reflectors": [], "reflector_prisms": [], "absorber_prisms": [[-7.75346, 8.43638, -15.5726, -1.75346, 10.4364, -13.5726]], "line_of_sight": [[0, 0, 0, 0, 0, 502], [0, 0, 0, 0, 0, 500], [49, 49, 0, 0, 0, 499], [90, 90, 0, 0, 0, 499]]}