{"time_step": 1e-05, "number_of_molecules": 500000, "diff_coef": 350, "sim_time": 0.804762, "absorbers": [[0.0923364, 1.70494, -14.9025, 2]], "reflectors": [], "reflector_prisms": [[-4.64839, -7.22792, -7.74298, 1.35161, -5.22792, -1.74298]], "absorber_prisms": [[6.0295, -2.18229, 4.75249, 9.0295, 0.817707, 6.75249]], "line_of_sight": [[0, 0, 0, 0, 0, 500]]}