{
"time_step": 1e-05,
"number_of_molecules": 500000,
"diff_coef": 200,
"sim_time": 2.7,
"absorbers": [
[11.3923,-5.5127,-16.7579,3]
],
"reflectors": [
[4.94528,-17.1865,-2.04199,3],
[-3.55426,-16.3699,-6.58728,6]
],
"reflector_prisms": [
[-10.9562,4.11784,-14.4997,-6.9562,9.11784,-12.4997],
[-18.9906,-5.71298,2.79348,-12.9906,-0.712978,6.79348],
[-6.24274,-1.51616,-23.4648,-3.24274,2.48384,-18.4648]
],
"absorber_prisms": [
]
}