{
"time_step": 1e-05,
"number_of_molecules": 500000,
"diff_coef": 50,
"sim_time": 3.33333,
"absorbers": [
[-12.604,5.60456,5.89304,5]
],
"reflectors": [
[0.262471,7.63335,2.37973,3],
[1.28973,4.93476,13.0378,2],
[-9.51065,-11.9283,12.9331,2],
[0.884154,-11.8653,5.23764,4]
],
"reflector_prisms": [
],
"absorber_prisms": [
]
}