{"time_step": 1e-05, "number_of_molecules": 500000, "diff_coef": 50, "sim_time": 5.63333, "absorbers": [[-2.51006, -9.05577, -3.41943, 3], [12.2656, -12.9322, -2.51291, 5], [-11.6125, -2.57389, 1.58927, 2]], "reflectors": [[-0.570301, 24.8815, -2.36317, 6], [-2.68888, -4.16588, 7.51101, 4], [13.1356, 6.84363, -10.2284, 4], [-4.5093, 2.40753, 6.15386, 2]], "reflector_prisms": [], "absorber_prisms": [], "line_of_sight": [[19, 0, 19, 0, 0, 502], [0, 0, 0, 0, 0, 499], [0, 0, 0, 0, 0, 498]]}