{"time_step": 1e-05, "number_of_molecules": 500000, "diff_coef": 350, "sim_time": 1.21905, "absorbers": [[15.7091, -11.0955, 5.48756, 4], [-5.05428, -3.60915, -9.079, 5], [-0.649962, 4.42377, 7.81075, 3], [2.28556, 17.5703, 6.86014, 5]], "reflectors": [[-5.34501, -5.94904, 18.3314, 6], [6.19957, -10.562, 8.66085, 3], [-0.782077, -0.453656, -16.9759, 4], [-5.27153, -15.095, -0.594449, 2], [-4.82874, 17.2117, -14.472, 4], [6.90006, 5.70369, 0.925806, 4]], "reflector_prisms": [], "absorber_prisms": [], "line_of_sight": [[0, 0, 0, 0, 0, 502], [196, 100, 106, 0, 0, 501], [186, 154, 50, 0, 0, 500], [4, 0, 4, 0, 0, 500]]}