{"time_step": 1e-05, "number_of_molecules": 500000, "diff_coef": 150, "sim_time": 4.01111, "absorbers": [[-3.82045, -3.28772, 21.4148, 3]], "reflectors": [[-5.78093, -15.3641, 9.56693, 5]], "reflector_prisms": [[3.51947, -15.4372, -5.70509, 6.51947, -10.4372, -2.70509]], "absorber_prisms": [[-8.67823, -2.03973, -5.49023, -5.67823, 0.960266, -1.49023]], "line_of_sight": [[0, 0, 0, 0, 0, 499]]}