{
"time_step": 1e-05,
"number_of_molecules": 500000,
"diff_coef": 400,
"sim_time": 1.50417,
"absorbers": [
[0.0299334,-0.00403238,-6.99993,2],
[8.41646,4.65572,-2.73633,5],
[3.37119,12.2622,-17.9519,3],
[5.21751,4.93012,8.33496,5]
],
"reflectors": [
],
"reflector_prisms": [
],
"absorber_prisms": [
[-6.46311,4.31788,-2.39484,-2.46311,6.31788,0.605162]
]
}