{
"time_step": 1e-05,
"number_of_molecules": 500000,
"diff_coef": 200,
"sim_time": 0.533333,
"absorbers": [
[-0.353751,11.8609,-7.42923,6]
],
"reflectors": [
[-1.13993,-7.21986,-16.4491,6]
],
"reflector_prisms": [
[6.99895,-10.4832,-5.60872,12.9989,-4.48319,-1.60872]
],
"absorber_prisms": [
[-7.65002,-14.08,7.9461,-1.65002,-11.08,12.9461],
[-11.2836,7.08306,4.56183,-9.28359,11.0831,7.56183]
]
}