{"time_step": 1e-05, "number_of_molecules": 500000, "diff_coef": 400, "sim_time": 0.504167, "absorbers": [[-1.93223, -8.13689, -12.4522, 4]], "reflectors": [], "reflector_prisms": [[-12.1307, 0.187236, 9.78065, -6.13069, 3.18724, 13.7807]], "absorber_prisms": [[-8.16416, 6.90688, 1.4008, -4.16416, 11.9069, 3.4008], [-7.35606, -3.40395, 6.42559, -4.35606, 1.59605, 8.42559]], "line_of_sight": [[0, 0, 0, 0, 0, 498]]}