{
"time_step": 1e-05,
"number_of_molecules": 500000,
"diff_coef": 100,
"sim_time": 1.66667,
"absorbers": [
[2.55755,9.04322,11.691,5]
],
"reflectors": [
[-6.07663,7.30347,5.54382,3],
[-4.80797,-10.6788,-13.6692,3],
[-4.4972,-16.439,5.79087,3],
[9.87216,1.33672,-0.868177,2]
],
"reflector_prisms": [
],
"absorber_prisms": [
[2.37772,-18.3203,-6.21729,5.37772,-16.3203,-4.21729]
]
}