{"time_step": 1e-05, "number_of_molecules": 500000, "diff_coef": 400, "sim_time": 1.35, "absorbers": [[14.7153, 1.50065, 2.4917, 6], [-3.36199, 14.8416, -7.5778, 7], [9.65776, -19.886, -6.34623, 5], [-21.8751, -6.72573, 2.2897, 6], [-5.36692, 9.03288, 3.25625, 5]], "reflectors": [], "reflector_prisms": [], "absorber_prisms": [], "line_of_sight": [[122, 122, 0, 0, 0, 499], [51, 51, 0, 0, 0, 500], [500, 500, 0, 0, 0, 500], [273, 273, 0, 0, 0, 502], [66, 66, 0, 0, 0, 497]]}