{
"time_step": 1e-05,
"number_of_molecules": 500000,
"diff_coef": 350,
"sim_time": 1.71905,
"absorbers": [
[10.4346,6.54914,-17.0067,2]
],
"reflectors": [
],
"reflector_prisms": [
[1.96703,-3.16108,-11.0536,5.96703,0.838916,-6.05363],
[-13.4145,-1.33074,7.67781,-10.4145,1.66926,13.6778],
[0.163501,4.44268,3.11764,5.1635,9.44268,5.11764]
],
"absorber_prisms": [
]
}