{"time_step": 1e-05, "number_of_molecules": 500000, "diff_coef": 100, "sim_time": 3.75, "absorbers": [[-14.9722, 10.8735, -9.92985, 6]], "reflectors": [[5.7938, 1.01929, -14.8793, 3]], "reflector_prisms": [[-4.78802, -3.98696, -9.54023, 1.21198, 0.0130433, -5.54023]], "absorber_prisms": [[-7.35563, 0.460799, -9.57847, -3.35563, 4.4608, -6.57847], [14.9324, -3.76182, 3.44682, 18.9324, -1.76182, 7.44682]], "line_of_sight": [[61, 0, 0, 61, 0, 500]]}