{"time_step": 1e-05, "number_of_molecules": 500000, "diff_coef": 250, "sim_time": 1.70667, "absorbers": [[-4.48585, -15.1251, -12.2926, 4]], "reflectors": [[-6.26728, 2.54842, 11.1008, 4]], "reflector_prisms": [[-9.07391, -3.62756, -6.08294, -3.07391, 1.37244, -4.08294]], "absorber_prisms": [[-8.53407, -6.65302, -13.6283, -4.53407, -0.653016, -7.62833], [-15.852, -2.95265, 0.941684, -10.852, 2.04735, 2.94168], [2.41398, 9.33072, -0.32565, 7.41398, 11.3307, 2.67435]], "line_of_sight": [[0, 0, 0, 0, 0, 497]]}