{"time_step": 1e-05, "number_of_molecules": 500000, "diff_coef": 250, "sim_time": 2.16, "absorbers": [[3.60746, -0.458927, 22.7107, 5], [-5.20306, 4.0989, 7.49181, 5]], "reflectors": [[-0.0248864, -0.182729, -11.9986, 4]], "reflector_prisms": [], "absorber_prisms": [[15.6315, -15.1069, 2.72064, 17.6315, -9.10694, 5.72064]], "line_of_sight": [[409, 0, 409, 0, 0, 499], [66, 0, 66, 0, 0, 505]]}