{"time_step": 1e-05, "number_of_molecules": 500000, "diff_coef": 400, "sim_time": 1.20417, "absorbers": [[6.7548, -8.13058, -5.68035, 3], [-2.68308, -10.4815, -20.2963, 6]], "reflectors": [[-7.56411, -2.85195, 5.88648, 4]], "reflector_prisms": [], "absorber_prisms": [[15.5035, -4.69388, 0.996034, 19.5035, -2.69388, 2.99603], [-11.2608, 7.59707, -15.6531, -5.26078, 10.5971, -10.6531], [-8.88736, 3.88117, 3.86026, -3.88736, 8.88117, 6.86026]], "line_of_sight": [[0, 0, 0, 0, 0, 501], [0, 0, 0, 0, 0, 503]]}