{
"time_step": 1e-05,
"number_of_molecules": 500000,
"diff_coef": 350,
"sim_time": 0.933333,
"absorbers": [
[-0.459883,-8.23277,-16.0003,4]
],
"reflectors": [
],
"reflector_prisms": [
],
"absorber_prisms": [
[-9.95918,0.334619,-13.5016,-7.95918,4.33462,-7.50155],
[-15.6318,-0.133356,-18.0294,-9.63175,5.86664,-15.0294],
[10.6785,-8.52781,-5.35559,14.6785,-5.52781,-2.35559],
[-13.0886,-0.0214503,8.61933,-8.08865,5.97855,14.6193],
[-0.801047,-1.80642,9.44563,2.19895,0.19358,11.4456]
]
}