{"time_step": 1e-05, "number_of_molecules": 500000, "diff_coef": 50, "sim_time": 10.8, "absorbers": [[9.89681, 0.976603, 19.6239, 4], [7.86256, -3.89612, 4.79587, 3], [-15.2961, -13.6184, -8.03545, 4], [-2.95073, 7.39306, -8.97974, 2], [13.7387, -2.23747, 7.88932, 2], [-0.759123, 0.937817, 18.9617, 6], [-16.6571, 9.29094, -6.01825, 2]], "reflectors": [[2.90727, -6.73189, 5.21818, 2], [10.1946, 15.6142, 7.2296, 2], [14.4439, 4.18696, 14.6576, 3]], "reflector_prisms": [], "absorber_prisms": [], "line_of_sight": [[0, 0, 0, 0, 0, 499], [97, 97, 0, 0, 0, 502], [39, 0, 39, 0, 0, 501], [196, 0, 196, 0, 0, 497], [303, 303, 0, 0, 0, 501], [0, 0, 0, 0, 0, 501], [497, 497, 0, 0, 0, 497]]}