{
"time_step": 1e-05,
"number_of_molecules": 500000,
"diff_coef": 300,
"sim_time": 0.8,
"absorbers": [
[-9.90574,-13.8051,-0.544692,5]
],
"reflectors": [
[-4.1679,-6.78735,4.19053,2],
[1.98585,0.659107,11.8162,6]
],
"reflector_prisms": [
[-10.342,1.65845,4.60898,-5.34198,6.65845,6.60898],
[10.5109,12.0844,-3.5918,14.5109,15.0844,1.4082],
[-16.9899,-2.87316,15.4785,-10.9899,3.12684,18.4785]
],
"absorber_prisms": [
]
}