{"time_step": 1e-05, "number_of_molecules": 500000, "diff_coef": 300, "sim_time": 1.8, "absorbers": [[5.69171, 10.2501, 2.55743, 4], [14.2073, 1.43243, -14.0036, 7], [6.26122, -22.118, 0.767587, 7], [-16.0224, -13.0441, -14.076, 7], [-6.24139, -2.71462, 13.367, 7]], "reflectors": [[-7.47434, 10.9912, -12.1379, 4], [-0.0449673, 20.8058, -7.14962, 7], [13.5662, -8.18709, 19.3372, 7]], "reflector_prisms": [], "absorber_prisms": [], "line_of_sight": [[70, 70, 0, 0, 0, 498], [259, 259, 0, 0, 0, 500], [146, 0, 146, 0, 0, 500], [84, 84, 0, 0, 0, 500], [145, 145, 0, 0, 0, 498]]}