{"time_step": 1e-05, "number_of_molecules": 500000, "diff_coef": 150, "sim_time": 2.84444, "absorbers": [[-1.5325, -13.7954, -1.82737, 2], [2.66269, -10.0977, -10.7678, 6], [-6.2312, 5.27977, -17.1551, 3]], "reflectors": [[5.48299, -4.96247, 21.7787, 6]], "reflector_prisms": [[-10.5358, -0.866673, 0.789911, -8.53583, 3.13333, 4.78991]], "absorber_prisms": [], "line_of_sight": [[0, 0, 0, 0, 0, 498], [0, 0, 0, 0, 0, 498], [457, 0, 457, 0, 0, 498]]}