{"time_step": 1e-05, "number_of_molecules": 500000, "diff_coef": 200, "sim_time": 2.7, "absorbers": [[11.7003, 7.1374, -8.25588, 3], [-5.276, 18.1403, -11.2735, 6], [0.848302, -1.86631, 15.8681, 3], [0.0716835, 2.5823, -22.8545, 5], [4.2047, -4.5252, 10.288, 4], [6.90155, 17.6623, -1.18795, 2], [-10.9291, 9.46552, 3.9948, 2], [-6.20568, 6.48739, -0.635093, 3]], "reflectors": [[0.86591, 4.3537, -12.2187, 3], [9.5696, 4.75345, 20.3673, 5]], "reflector_prisms": [], "absorber_prisms": [], "line_of_sight": [[0, 0, 0, 0, 0, 502], [35, 35, 0, 0, 0, 502], [462, 526, 174, 0, 0, 498], [348, 334, 181, 0, 0, 501], [141, 145, 77, 0, 0, 499], [0, 0, 0, 0, 0, 501], [206, 206, 0, 0, 0, 503], [53, 53, 0, 0, 0, 501]]}