{"time_step": 1e-05, "number_of_molecules": 500000, "diff_coef": 400, "sim_time": 0.816667, "absorbers": [[3.59417, -15.5165, -1.52272, 3], [-3.55951, 3.73459, 15.1454, 2]], "reflectors": [], "reflector_prisms": [[9.77048, -14.0581, -10.1359, 13.7705, -10.0581, -5.1359], [0.839751, -5.60305, 15.2849, 3.83975, -3.60305, 21.2849], [-14.0197, -10.9136, 10.7862, -8.01971, -7.91357, 13.7862]], "absorber_prisms": [[0.533099, -2.37346, 6.93941, 5.5331, 2.62654, 8.93941]], "line_of_sight": [[0, 0, 0, 0, 0, 501], [0, 0, 0, 0, 0, 498]]}