{
"time_step": 1e-05,
"number_of_molecules": 500000,
"diff_coef": 250,
"sim_time": 0.806667,
"absorbers": [
[-16.6803,-3.18864,-0.774464,6],
[1.46902,1.01383,12.8769,6],
[0.19478,-0.0720728,-13.9985,5],
[-9.90585,4.52306,10.3158,5]
],
"reflectors": [
],
"reflector_prisms": [
],
"absorber_prisms": [
[10.1035,-5.02265,-4.94812,16.1035,-2.02265,-1.94812]
]
}