{
"time_step": 1e-05,
"number_of_molecules": 500000,
"diff_coef": 300,
"sim_time": 1.42222,
"absorbers": [
[12.5529,12.018,-9.89906,4],
[7.26885,-10.6413,1.71059,5]
],
"reflectors": [
[0.0580586,-0.0515871,-8.99966,2]
],
"reflector_prisms": [
],
"absorber_prisms": [
[-13.5811,-8.77804,11.023,-11.5811,-3.77804,13.023],
[-8.35989,2.1006,-0.643683,-5.35989,6.1006,1.35632],
[-11.8552,-0.843246,12.3035,-7.85522,3.15675,15.3035]
]
}