{"time_step": 1e-05, "number_of_molecules": 500000, "diff_coef": 50, "sim_time": 12.0333, "absorbers": [[2.48793, 12.43, 8.01913, 6], [-7.60351, -5.88242, -10.1776, 2], [12.7886, -2.08953, -9.38542, 2], [0.274573, 1.02563, 20.9731, 2]], "reflectors": [[-8.18645, -4.19799, 18.8775, 6], [-6.29383, 16.061, -11.9763, 5], [14.223, -13.2635, 7.92373, 3], [13.2668, 3.73583, -2.45676, 5], [0.116027, 0.479717, -15.9924, 3], [-1.95452, 9.83451, -6.59259, 4]], "reflector_prisms": [], "absorber_prisms": [], "line_of_sight": [[0, 0, 0, 0, 0, 502], [0, 0, 0, 0, 0, 502], [0, 0, 0, 0, 0, 501], [504, 0, 504, 0, 0, 504]]}