{
"time_step": 1e-05,
"number_of_molecules": 500000,
"diff_coef": 300,
"sim_time": 2.00556,
"absorbers": [
[-2.16754,-2.52668,22.7578,4],
[0.663311,0.582221,-8.95662,4]
],
"reflectors": [
[9.15805,12.2939,-4.58142,6]
],
"reflector_prisms": [
[-8.47918,12.6559,-5.27401,-6.47918,16.6559,-3.27401]
],
"absorber_prisms": [
]
}