{
"time_step": 1e-05,
"number_of_molecules": 500000,
"diff_coef": 300,
"sim_time": 1.8,
"absorbers": [
[-6.71903,10.8897,5.68067,5],
[-13.169,8.62941,15.3659,4],
[-3.60027,3.71122,14.0807,5]
],
"reflectors": [
],
"reflector_prisms": [
[10.3172,5.52092,-1.17575,14.3172,11.5209,2.82425]
],
"absorber_prisms": [
[2.81705,-1.62526,-20.4993,5.81705,2.37474,-16.4993]
]
}