{"time_step": 1e-05, "number_of_molecules": 500000, "diff_coef": 50, "sim_time": 10.8, "absorbers": [[0.432131, -0.895409, -17.9725, 2], [10.4102, 5.36822, 16.2114, 5], [10.92, -17.5392, 12.2118, 6], [-0.112403, -0.126169, 14.999, 2], [20.1817, -1.74817, 5.53549, 6], [14.359, -12.7785, -10.7018, 6], [13.5704, 6.34939, -0.728537, 2], [-0.0712289, 7.53511, -2.68646, 3]], "reflectors": [[-8.89416, 0.599442, 6.44474, 2], [2.61313, -8.29199, -2.32688, 4], [0.000682074, 4.71815, -13.181, 3]], "reflector_prisms": [], "absorber_prisms": [], "line_of_sight": [[346, 346, 0, 0, 0, 501], [0, 0, 0, 0, 0, 499], [97, 97, 0, 0, 0, 497], [249, 221, 28, 0, 0, 499], [0, 0, 0, 0, 0, 499], [149, 0, 149, 0, 0, 501], [0, 0, 0, 0, 0, 501], [159, 58, 101, 0, 0, 496]]}