{"time_step": 1e-05, "number_of_molecules": 500000, "diff_coef": 150, "sim_time": 2.84444, "absorbers": [[3.96001, -8.82057, -18.6418, 5]], "reflectors": [], "reflector_prisms": [[-7.37525, -0.906861, 12.635, -5.37525, 4.09314, 17.635]], "absorber_prisms": [[-1.43949, 0.228414, -8.52323, 4.56051, 4.22841, -6.52323], [-10.1671, -17.7834, -9.64291, -8.16711, -11.7834, -5.64291], [-8.05212, -15.4556, -4.66717, -3.05212, -9.45564, -1.66717]], "line_of_sight": [[0, 0, 0, 0, 0, 500]]}