{
"time_step": 1e-05,
"number_of_molecules": 500000,
"diff_coef": 150,
"sim_time": 1.6,
"absorbers": [
[-0.0502252,-13.9995,-0.104525,6],
[-11.2307,-9.56559,2.71494,3]
],
"reflectors": [
],
"reflector_prisms": [
[9.20776,-6.05859,-17.03,12.2078,-2.05859,-12.03],
[7.87995,-0.310996,-18.4245,9.87995,5.689,-12.4245],
[-1.1972,-0.163144,-20.9145,0.802796,3.83686,-18.9145]
],
"absorber_prisms": [
]
}