{
"time_step": 1e-05,
"number_of_molecules": 500000,
"diff_coef": 150,
"sim_time": 3.21111,
"absorbers": [
[4.4087,-1.37128,-19.4598,3]
],
"reflectors": [
],
"reflector_prisms": [
[-15.7636,-2.52402,-20.1628,-11.7636,2.47598,-14.1628],
[-9.55931,8.81337,-6.49037,-7.55931,14.8134,-0.490365],
[-4.12108,5.67231,4.36263,0.878917,9.67231,6.36263]
],
"absorber_prisms": [
]
}