{"time_step": 1e-05, "number_of_molecules": 500000, "diff_coef": 350, "sim_time": 0.685714, "absorbers": [[1.8481, 17.6129, -6.88268, 7], [3.5463, -5.17865, -11.3844, 6], [-5.37999, 4.66962, -8.38155, 4], [8.16799, 1.61478, 9.98381, 6]], "reflectors": [[-0.317129, -9.68024, 10.109, 4]], "reflector_prisms": [], "absorber_prisms": [], "line_of_sight": [[109, 0, 109, 0, 0, 500], [0, 0, 0, 0, 0, 502], [207, 156, 51, 0, 0, 501], [112, 112, 0, 0, 0, 499]]}