{"time_step": 1e-05, "number_of_molecules": 500000, "diff_coef": 400, "sim_time": 1.50417, "absorbers": [[-6.43913, 4.57106, 11.5604, 6], [7.84595, -1.55966, -22.6276, 5], [-3.5051, -18.1798, -7.56363, 7]], "reflectors": [[9.92816, -0.459875, -9.86003, 4]], "reflector_prisms": [], "absorber_prisms": [], "line_of_sight": [[201, 86, 116, 0, 0, 505], [357, 357, 52, 0, 0, 498], [0, 0, 0, 0, 0, 499]]}