{"time_step": 1e-05, "number_of_molecules": 500000, "diff_coef": 350, "sim_time": 0.385714, "absorbers": [[-3.33967, -0.0906928, -12.5634, 4]], "reflectors": [], "reflector_prisms": [[-4.85206, 5.53864, -3.08411, 0.147938, 8.53864, 0.915889]], "absorber_prisms": [[-9.60967, -11.5517, -6.17127, -5.60967, -8.55166, -0.171274], [-8.77961, 1.78014, 3.5463, -4.77961, 3.78014, 8.5463], [11.6938, -13.9709, 9.79315, 13.6938, -8.97088, 12.7932]], "line_of_sight": [[0, 0, 0, 0, 0, 502]]}