{"time_step": 1e-05, "number_of_molecules": 500000, "diff_coef": 350, "sim_time": 1.21905, "absorbers": [[-0.197001, 14.6579, 17.7231, 7], [-0.0478312, -0.180111, 14.9988, 5], [-4.85745, -19.4012, 0.0114034, 4], [-5.6503, -11.2349, 15.5516, 6], [-14.9158, -0.597585, 1.47006, 7]], "reflectors": [[1.82326, -11.2322, -12.6298, 4], [7.459, 8.28823, -10.0334, 6], [-13.5067, 2.15327, -14.5922, 7]], "reflector_prisms": [], "absorber_prisms": [], "line_of_sight": [[175, 0, 175, 0, 0, 499], [0, 0, 0, 0, 0, 499], [0, 0, 0, 0, 0, 498], [314, 0, 314, 0, 0, 501], [0, 0, 0, 0, 0, 499]]}