{
"time_step": 1e-05,
"number_of_molecules": 500000,
"diff_coef": 150,
"sim_time": 3.21111,
"absorbers": [
[10.0937,-2.3456,-15.9253,2],
[-8.85887,-7.29332,13.8682,3],
[-11.9691,-1.09015,8.97513,4],
[-7.29524,-3.08783,1.1157,3],
[5.60384,-9.2057,-2.20273,4],
[17.8345,-6.02443,2.57629,6],
[2.37456,4.53616,10.8529,5],
[-11.1481,12.1991,-9.37559,6]
],
"reflectors": [
[-2.28404,-8.42512,4.87858,5]
],
"reflector_prisms": [
],
"absorber_prisms": [
]
}