{"time_step": 1e-05, "number_of_molecules": 500000, "diff_coef": 50, "sim_time": 10.8, "absorbers": [[-2.20662, -0.311539, 20.8814, 6], [11.76, -15.6407, 10.0533, 4]], "reflectors": [], "reflector_prisms": [], "absorber_prisms": [[7.04249, 10.2244, 8.91618, 9.04249, 12.2244, 10.9162], [5.53926, -4.92738, 11.6085, 10.5393, -0.927376, 16.6085], [6.07173, 11.9694, -11.6758, 12.0717, 17.9694, -7.67583]], "line_of_sight": [[0, 0, 0, 0, 0, 498], [0, 0, 0, 0, 0, 501]]}