{"time_step": 1e-05, "number_of_molecules": 500000, "diff_coef": 250, "sim_time": 1.92667, "absorbers": [[6.57252, -4.30139, -21.6171, 6], [5.46943, 10.5466, -10.717, 6]], "reflectors": [], "reflector_prisms": [[-1.50013, 5.54414, 17.2669, 0.499867, 11.5441, 23.2669]], "absorber_prisms": [[-15.1359, 0.412509, -9.08896, -9.13587, 6.41251, -3.08896], [-0.987981, -1.68704, 11.3448, 4.01202, 4.31296, 14.3448]], "line_of_sight": [[0, 0, 0, 0, 0, 500], [0, 0, 0, 0, 0, 499]]}