{"time_step": 1e-05, "number_of_molecules": 500000, "diff_coef": 400, "sim_time": 1.50417, "absorbers": [[-11.2512, -3.82146, -1.67548, 6], [-13.462, -2.98383, -14.4869, 6], [14.0208, -10.5078, -17.8327, 6]], "reflectors": [[12.4361, -4.42727, 12.237, 5], [-8.54283, 7.37278, 6.45462, 6]], "reflector_prisms": [], "absorber_prisms": [], "line_of_sight": [[65, 65, 0, 0, 0, 502], [234, 117, 117, 0, 0, 502], [424, 0, 424, 0, 0, 506]]}