{
"time_step": 1e-05,
"number_of_molecules": 500000,
"diff_coef": 400,
"sim_time": 1.50417,
"absorbers": [
[6.44417,9.63563,-11.0285,5],
[5.78213,-1.17167,11.5842,7],
[14.8367,2.50397,-17.3954,4]
],
"reflectors": [
],
"reflector_prisms": [
],
"absorber_prisms": [
]
}