{"time_step": 1e-05, "number_of_molecules": 500000, "diff_coef": 300, "sim_time": 0.938889, "absorbers": [[6.71353, -2.57148, 3.50941, 3], [15.4425, -8.83906, 2.72011, 5], [-3.82696, -5.63003, -7.3251, 2]], "reflectors": [], "reflector_prisms": [[-21.9859, 4.47615, -1.71443, -19.9859, 8.47615, 4.28557], [4.58338, 4.22991, -7.60435, 8.58338, 9.22991, -5.60435]], "absorber_prisms": [], "line_of_sight": [[136, 136, 0, 0, 0, 499], [237, 237, 0, 0, 0, 502], [0, 0, 0, 0, 0, 502]]}