{"time_step": 1e-05, "number_of_molecules": 500000, "diff_coef": 150, "sim_time": 3.21111, "absorbers": [[9.12884, 4.16585, 13.7226, 6], [-8.03237, -5.61727, -18.5722, 4], [-2.37972, 8.38985, 6.70428, 4]], "reflectors": [[-4.56986, -17.6421, 10.4342, 5]], "reflector_prisms": [], "absorber_prisms": [], "line_of_sight": [[75, 75, 0, 0, 0, 501], [486, 486, 0, 0, 0, 504], [0, 0, 0, 0, 0, 499]]}