{
"time_step": 1e-05,
"number_of_molecules": 500000,
"diff_coef": 50,
"sim_time": 8.53333,
"absorbers": [
[9.32467,-8.08839,10.1798,7],
[-17.1872,-1.83441,-15.1735,7]
],
"reflectors": [
[12.3964,12.8037,14.5395,4]
],
"reflector_prisms": [
],
"absorber_prisms": [
]
}