{
"time_step": 1e-05,
"number_of_molecules": 500000,
"diff_coef": 100,
"sim_time": 4.81667,
"absorbers": [
[-8.43868,1.69329,-18.0533,6],
[6.81981,4.2725,16.1008,4],
[-20.6062,9.13419,4.57706,6],
[4.96891,15.838,3.66995,7],
[-5.19713,-16.046,8.74738,7],
[-20.4544,-7.61001,7.2598,7]
],
"reflectors": [
[5.30589,-2.00006,-14.9615,5],
[-2.09562,-1.55375,20.8373,5],
[-2.49242,10.7927,-15.4372,5]
],
"reflector_prisms": [
],
"absorber_prisms": [
]
}