{"time_step": 1e-05, "number_of_molecules": 500000, "diff_coef": 250, "sim_time": 2.16, "absorbers": [[10.7032, -3.41696, -16.5459, 2], [-9.83153, 10.5924, 16.5874, 4]], "reflectors": [[-13.4284, 3.07988, -11.5841, 6], [-0.0515997, -0.0255123, -19.9999, 4], [6.50385, 4.11503, -15.1581, 2]], "reflector_prisms": [], "absorber_prisms": [], "line_of_sight": [[0, 0, 0, 0, 0, 501], [0, 0, 0, 0, 0, 499]]}