{
"time_step": 1e-05,
"number_of_molecules": 500000,
"diff_coef": 350,
"sim_time": 0.933333,
"absorbers": [
[4.13292,-1.1057,5.54043,2],
[-15.0485,4.85974,2.43397,3],
[-9.59476,-1.77347,16.3032,5]
],
"reflectors": [
],
"reflector_prisms": [
],
"absorber_prisms": [
[-0.331219,-12.4336,-2.65373,2.66878,-8.43361,2.34627],
[-2.31403,-2.80837,-14.9007,0.685966,0.191635,-8.90065]
]
}