{
"time_step": 1e-05,
"number_of_molecules": 500000,
"diff_coef": 400,
"sim_time": 0.3375,
"absorbers": [
[9.35416,-2.32455,-7.14816,3]
],
"reflectors": [
[-4.2777,13.0533,-2.70397,4]
],
"reflector_prisms": [
],
"absorber_prisms": [
[1.90023,-5.98658,12.0986,5.90023,-3.98658,15.0986],
[0.181221,-16.0488,-9.19326,2.18122,-13.0488,-6.19326],
[-5.49715,-19.1462,7.69873,0.502845,-13.1462,11.6987]
]
}