{"time_step": 1e-05, "number_of_molecules": 500000, "diff_coef": 300, "sim_time": 2.00556, "absorbers": [[-22.9365, -8.14921, 9.13832, 7], [-11.5918, -12.7785, -5.13229, 6]], "reflectors": [[21.8109, 6.64502, 3.02137, 6], [0.0463322, -1.32238, 19.9562, 6]], "reflector_prisms": [], "absorber_prisms": [], "line_of_sight": [[41, 0, 41, 0, 0, 499], [40, 0, 40, 0, 0, 503]]}