{
"time_step": 1e-05,
"number_of_molecules": 500000,
"diff_coef": 350,
"sim_time": 1.71905,
"absorbers": [
[1.1373,-14.4856,12.2423,6],
[-1.9335,10.853,-14.2293,4],
[-10.3031,2.65377,5.55009,6],
[-12.5195,0.464303,-9.95218,6],
[15.1177,5.05991,-15.1609,7],
[5.50572,-20.6207,-10.9761,5]
],
"reflectors": [
],
"reflector_prisms": [
],
"absorber_prisms": [
]
}