{
"time_step": 1e-05,
"number_of_molecules": 500000,
"diff_coef": 100,
"sim_time": 4.26667,
"absorbers": [
[1.13798,2.56228,20.812,6],
[0.637056,-20.493,4.54225,5]
],
"reflectors": [
[-9.49013,-5.33953,1.55783,6]
],
"reflector_prisms": [
],
"absorber_prisms": [
[-3.16344,-7.01148,10.3058,1.83656,-4.01148,14.3058]
]
}