{
"time_step": 1e-05,
"number_of_molecules": 500000,
"diff_coef": 250,
"sim_time": 1.92667,
"absorbers": [
[-15.5784,13.3912,10.3435,6],
[1.87206,7.12811,18.5926,4],
[-8.19953,6.50625,-17.0422,7],
[-9.2075,2.18995,-3.22895,4]
],
"reflectors": [
],
"reflector_prisms": [
],
"absorber_prisms": [
]
}