{"time_step": 1e-05, "number_of_molecules": 500000, "diff_coef": 350, "sim_time": 1.54286, "absorbers": [[4.83213, -4.05732, -15.7857, 7], [-2.12032, 23.8943, -0.752762, 6], [-11.0363, -3.9054, 16.2157, 7]], "reflectors": [[-8.37153, -13.5004, -1.91244, 7], [-10.7423, 11.4952, 16.7769, 7]], "reflector_prisms": [], "absorber_prisms": [], "line_of_sight": [[248, 114, 134, 0, 0, 499], [51, 0, 51, 0, 0, 499], [146, 146, 0, 0, 0, 502]]}