{"time_step": 1e-05, "number_of_molecules": 500000, "diff_coef": 400, "sim_time": 1.35, "absorbers": [[15.8431, -8.31451, -1.96569, 5], [-0.324362, 1.73405, 14.8959, 7], [-8.71171, -18.6149, 4.31188, 5], [11.0604, -4.32163, 19.6975, 5], [1.9805, -2.76801, -14.6088, 7]], "reflectors": [[1.45544, -10.2617, -3.68488, 5], [-9.20041, -4.24959, 4.27709, 4]], "reflector_prisms": [], "absorber_prisms": [], "line_of_sight": [[0, 0, 0, 0, 0, 501], [331, 331, 0, 0, 0, 495], [0, 0, 0, 0, 0, 501], [102, 102, 0, 0, 0, 500], [287, 287, 0, 0, 0, 497]]}