{"time_step": 1e-05, "number_of_molecules": 500000, "diff_coef": 50, "sim_time": 9.63333, "absorbers": [[10.9188, 10.5768, 7.60996, 3], [7.62336, -16.6058, 12.2528, 5]], "reflectors": [[-2.10604, 0.491274, 11.8035, 2], [8.79832, 1.74098, 4.42251, 4], [-1.6968, -1.096, -15.872, 4], [3.56162, 12.5727, 5.02405, 2]], "reflector_prisms": [], "absorber_prisms": [], "line_of_sight": [[105, 0, 105, 0, 0, 499], [0, 0, 0, 0, 0, 500]]}