{
"time_step": 1e-05,
"number_of_molecules": 500000,
"diff_coef": 250,
"sim_time": 1.92667,
"absorbers": [
[-10.5389,8.10953,-16.2532,4]
],
"reflectors": [
],
"reflector_prisms": [
],
"absorber_prisms": [
[-15.6146,-3.97615,-2.0074,-9.61458,-1.97615,-0.00740147],
[-11.3231,3.72612,5.88578,-5.32308,6.72612,7.88578],
[-6.02627,3.66932,-23.046,-1.02627,6.66932,-17.046],
[1.26828,-0.184933,14.7341,3.26828,3.81507,16.7341]
]
}