{
"time_step": 1e-05,
"number_of_molecules": 500000,
"diff_coef": 350,
"sim_time": 0.385714,
"absorbers": [
[9.27193,4.20648,6.35114,3]
],
"reflectors": [
[3.34134,1.40514,-13.5226,5],
[-14.0157,-5.36608,7.98538,4]
],
"reflector_prisms": [
],
"absorber_prisms": [
[13.0202,0.299079,-7.14517,16.0202,5.29908,-2.14517],
[-0.948121,-5.53854,8.36092,4.05188,-1.53854,14.3609],
[14.3696,-5.47481,5.83009,16.3696,0.525192,7.83009]
]
}