{
"time_step": 1e-05,
"number_of_molecules": 500000,
"diff_coef": 50,
"sim_time": 12.0333,
"absorbers": [
[3.51031,-3.26588,-16.3099,4],
[-21.0491,-5.77191,9.98094,5],
[16.7534,2.87782,0.20531,5],
[-0.743786,9.58627,14.0196,5],
[-14.7367,-6.9579,-11.5939,4],
[8.6463,11.8253,3.22557,7]
],
"reflectors": [
[-2.36008,-5.62627,21.1371,4]
],
"reflector_prisms": [
],
"absorber_prisms": [
]
}