{"time_step": 1e-05, "number_of_molecules": 500000, "diff_coef": 50, "sim_time": 8.53333, "absorbers": [[18.0741, -2.13682, -5.45519, 3], [-1.56192, 3.64231, -15.5014, 6], [-7.86382, -6.15817, 13.7564, 3], [-10.7368, 0.928327, 8.9364, 5]], "reflectors": [[13.7631, 12.7952, -9.37334, 5], [6.49719, 1.2979, -8.78077, 3], [5.41854, -6.8195, -18.0037, 5], [-3.20674, -7.4825, 20.4384, 3], [16.1624, 3.15421, 4.22219, 5], [-1.58136, 5.44921, -5.63963, 3]], "reflector_prisms": [], "absorber_prisms": [], "line_of_sight": [[171, 171, 0, 0, 0, 498], [174, 0, 174, 0, 0, 500], [204, 0, 204, 0, 0, 497], [204, 56, 148, 0, 0, 498]]}