{"time_step": 1e-05, "number_of_molecules": 500000, "diff_coef": 150, "sim_time": 0.9, "absorbers": [[0.729333, 10.9485, -0.773173, 2]], "reflectors": [[-11.3704, 3.39686, 7.42808, 5], [5.49091, 1.86748, -5.51021, 2]], "reflector_prisms": [], "absorber_prisms": [[-3.22268, -1.57883, 10.9129, 0.777324, 3.42117, 15.9129]], "line_of_sight": [[0, 0, 0, 0, 0, 502]]}