{
"time_step": 1e-05,
"number_of_molecules": 500000,
"diff_coef": 100,
"sim_time": 1.06667,
"absorbers": [
[1.21053,-4.64636,-9.89677,3]
],
"reflectors": [
[-2.51016,2.87633,-7.03035,3],
[-7.51441,-16.0173,-3.3137,5]
],
"reflector_prisms": [
[-17.3687,5.77831,-1.08811,-14.3687,10.7783,4.91189]
],
"absorber_prisms": [
[-11.1129,4.71562,2.58428,-6.11289,7.71562,8.58428],
[-9.42527,-1.82595,-11.8901,-3.42527,0.174054,-5.89009]
]
}