{
"time_step": 1e-05,
"number_of_molecules": 500000,
"diff_coef": 400,
"sim_time": 1.20417,
"absorbers": [
[3.28121,1.9129,-19.6361,3]
],
"reflectors": [
[-1.07587,-18.0205,-8.60847,6],
[-12.2452,3.9846,-1.78303,2]
],
"reflector_prisms": [
[-8.21961,-10.3984,-16.1199,-2.21961,-5.39844,-12.1199]
],
"absorber_prisms": [
]
}