{
"time_step": 1e-05,
"number_of_molecules": 500000,
"diff_coef": 250,
"sim_time": 1.30667,
"absorbers": [
[2.00484,-8.36862,14.6611,3]
],
"reflectors": [
[-6.02259,5.9115,-19.2297,6]
],
"reflector_prisms": [
[-13.7762,-17.0687,-5.60415,-8.77623,-13.0687,0.395853],
[1.50403,5.90702,10.1559,4.50403,9.90702,12.1559],
[5.27186,-9.24637,-0.873182,7.27186,-3.24637,4.12682],
[-14.5847,-9.95451,7.13248,-12.5847,-4.95451,9.13248]
],
"absorber_prisms": [
]
}