{"time_step": 1e-05, "number_of_molecules": 500000, "diff_coef": 350, "sim_time": 0.804762, "absorbers": [[-9.57916, -13.7215, -6.6303, 5]], "reflectors": [], "reflector_prisms": [[-10.4736, -2.2927, -18.9672, -4.47355, 2.7073, -15.9672], [-1.58573, -0.780269, 14.9754, 3.41427, 1.21973, 20.9754]], "absorber_prisms": [[2.84829, -2.55681, 9.08872, 5.84829, 1.44319, 11.0887]], "line_of_sight": [[0, 0, 0, 0, 0, 501]]}