{
"time_step": 1e-05,
"number_of_molecules": 500000,
"diff_coef": 100,
"sim_time": 6.01667,
"absorbers": [
[0.810778,-2.19837,-21.8749,3]
],
"reflectors": [
[4.04778,6.62265,-13.9913,4]
],
"reflector_prisms": [
[-5.71898,-6.84195,-14.2906,0.281022,-4.84195,-8.29065],
[-3.22531,-10.811,-2.89451,-0.225308,-4.81103,3.10549]
],
"absorber_prisms": [
]
}