{
"time_step": 1e-05,
"number_of_molecules": 500000,
"diff_coef": 300,
"sim_time": 1.42222,
"absorbers": [
[-7.43503,-2.08455,2.09164,2],
[-2.79236,17.0256,5.13129,6],
[6.95994,-7.82163,-3.37362,2],
[-6.76674,-7.32615,-12.5115,5],
[3.9513,-12.5054,-13.7478,4],
[-11.6204,-2.853,5.08207,2],
[-0.516344,19.2258,-5.48638,4],
[7.27523,0.973389,-10.7296,6]
],
"reflectors": [
[1.71245,-0.102658,7.8139,3],
[-18.8234,6.12734,-2.85208,6],
[-6.14445,-10.5569,4.44955,4]
],
"reflector_prisms": [
],
"absorber_prisms": [
]
}