{"time_step": 1e-05, "number_of_molecules": 500000, "diff_coef": 100, "sim_time": 5.4, "absorbers": [[0.73605, -0.0959616, 9.97241, 5], [-15.4928, 9.35303, -10.6534, 4], [7.8033, -2.38619, -21.5038, 7], [-0.785266, -0.0577298, -12.9761, 5], [-12.6398, 1.72384, -20.3289, 6], [1.16033, -18.6912, -16.5617, 7]], "reflectors": [[7.67526, 8.96863, 2.15733, 5]], "reflector_prisms": [], "absorber_prisms": [], "line_of_sight": [[231, 253, 0, 0, 0, 500], [0, 0, 0, 0, 0, 499], [267, 450, 0, 0, 0, 499], [501, 703, 0, 0, 0, 501], [252, 379, 0, 0, 0, 500], [0, 0, 0, 0, 0, 498]]}