{
"time_step": 1e-05,
"number_of_molecules": 500000,
"diff_coef": 400,
"sim_time": 1.35,
"absorbers": [
[-1.10927,-5.60317,-10.5534,7],
[-12.7082,0.0490812,2.73839,6],
[-10.5585,1.71726,15.7025,7],
[1.84676,9.66735,1.76969,4],
[1.12575,-4.00315,11.2564,6],
[8.07728,-21.7654,-6.08493,6]
],
"reflectors": [
[19.5822,13.7291,2.01269,6],
[5.93893,17.4724,-18.3151,7]
],
"reflector_prisms": [
],
"absorber_prisms": [
]
}