{"time_step": 1e-05, "number_of_molecules": 500000, "diff_coef": 300, "sim_time": 1.42222, "absorbers": [[1.26554, 0.809438, -10.8969, 5], [20.4506, 4.57083, -1.37183, 7], [-5.84146, -2.72668, 11.289, 6], [-0.803588, -19.958, 1.01684, 6], [-2.36933, 4.87733, -19.2509, 4]], "reflectors": [], "reflector_prisms": [], "absorber_prisms": [], "line_of_sight": [[266, 269, 0, 0, 0, 500], [0, 0, 0, 0, 0, 499], [204, 247, 0, 0, 0, 500], [0, 0, 0, 0, 0, 500], [451, 565, 0, 0, 0, 500]]}