{"time_step": 1e-05, "number_of_molecules": 500000, "diff_coef": 100, "sim_time": 3.75, "absorbers": [[11.0482, 5.48971, 15.7417, 6], [-0.292552, 10.2076, 13.5912, 2]], "reflectors": [], "reflector_prisms": [[1.70936, 0.400099, -22.4379, 5.70936, 5.4001, -16.4379], [-3.3251, -1.8848, -11.4441, 1.6749, 3.1152, -7.44409]], "absorber_prisms": [], "line_of_sight": [[0, 0, 0, 0, 0, 499], [0, 0, 0, 0, 0, 501]]}