{
"time_step": 1e-05,
"number_of_molecules": 500000,
"diff_coef": 350,
"sim_time": 1.71905,
"absorbers": [
[14.6483,-7.95271,-15.8487,4],
[-13.7468,7.62969,-2.96893,4],
[2.30662,11.3861,-3.00616,6],
[-7.32031,-4.84122,1.99392,4]
],
"reflectors": [
[0.945519,8.32614,-14.7913,4]
],
"reflector_prisms": [
],
"absorber_prisms": [
]
}