{"time_step": 1e-05, "number_of_molecules": 500000, "diff_coef": 300, "sim_time": 1.25, "absorbers": [[10.7435, 2.33576, 14.2521, 5], [-18.4004, -7.80608, -0.700794, 5]], "reflectors": [[-6.32149, -3.53084, -6.89724, 4], [9.52153, -9.45509, 10.4375, 7]], "reflector_prisms": [], "absorber_prisms": [], "line_of_sight": [[329, 0, 329, 0, 0, 500], [0, 0, 0, 0, 0, 504]]}