{"time_step": 1e-05, "number_of_molecules": 500000, "diff_coef": 200, "sim_time": 0.408333, "absorbers": [[-6.76503, -1.179, -7.26941, 3]], "reflectors": [[16.1898, 10.6179, 5.01511, 3], [2.95129, 4.71491, 13.9305, 5]], "reflector_prisms": [], "absorber_prisms": [[13.1207, -14.7715, 3.84683, 18.1207, -12.7715, 6.84683], [-0.0352369, -2.04871, -10.7575, 3.96476, 2.95129, -5.75748], [15.6237, -8.04558, -7.67209, 21.6237, -6.04558, -5.67209]], "line_of_sight": [[66, 0, 66, 0, 0, 497]]}