{"time_step": 1e-05, "number_of_molecules": 500000, "diff_coef": 50, "sim_time": 0.833333, "absorbers": [[-3.08489, 1.45036, -10.4585, 6]], "reflectors": [[-19.4395, -7.86283, 1.13261, 3]], "reflector_prisms": [], "absorber_prisms": [[-15.7085, 14.4167, -4.84813, -10.7085, 16.4167, -0.848128], [6.23533, 17.1777, -5.1762, 11.2353, 19.1777, -2.1762]], "line_of_sight": [[0, 0, 0, 0, 0, 499]]}