{
"time_step": 1e-05,
"number_of_molecules": 500000,
"diff_coef": 300,
"sim_time": 0.45,
"absorbers": [
[-8.85339,-7.71424,-9.33317,6]
],
"reflectors": [
],
"reflector_prisms": [
[-1.65241,-12.8078,-12.1001,1.34759,-9.80776,-9.10007]
],
"absorber_prisms": [
[0.213923,-5.35553,9.05638,4.21392,0.644472,14.0564],
[-16.0164,-9.71777,-1.11839,-13.0164,-3.71777,1.88161],
[-2.70781,7.60295,-3.87927,-0.707808,13.6029,-0.879274],
[-9.23132,4.77606,-3.55173,-7.23132,9.77606,2.44827]
]
}