{
"time_step": 1e-05,
"number_of_molecules": 500000,
"diff_coef": 200,
"sim_time": 1.63333,
"absorbers": [
[-4.50787,8.90153,-0.664674,3],
[1.45161,18.723,2.88852,5]
],
"reflectors": [
[1.79068,0.934374,-10.813,4],
[8.36891,14.8322,-5.82804,5]
],
"reflector_prisms": [
],
"absorber_prisms": [
[-1.07526,-13.3696,-7.26802,4.92474,-11.3696,-5.26802]
]
}