{
"time_step": 1e-05,
"number_of_molecules": 500000,
"diff_coef": 100,
"sim_time": 3.75,
"absorbers": [
[1.75429,-19.8411,-1.80396,5]
],
"reflectors": [
[-1.62092,-11.8416,-13.4592,3]
],
"reflector_prisms": [
[-5.69443,-17.5638,11.5501,-2.69443,-11.5638,14.5501],
[-4.68167,13.4138,0.350105,-0.68167,17.4138,6.3501]
],
"absorber_prisms": [
]
}