{
"time_step": 1e-05,
"number_of_molecules": 500000,
"diff_coef": 50,
"sim_time": 3.33333,
"absorbers": [
[3.22502,11.5572,0.174527,2]
],
"reflectors": [
[-12.6589,-12.136,-13.2842,5]
],
"reflector_prisms": [
],
"absorber_prisms": [
[-0.451406,2.38411,4.37189,4.54859,4.38411,8.37189],
[-3.08262,-13.8178,-1.5384,-1.08262,-9.81783,1.4616]
]
}