{
"time_step": 1e-05,
"number_of_molecules": 500000,
"diff_coef": 350,
"sim_time": 1.07143,
"absorbers": [
[7.65068,-7.81792,-17.9262,6]
],
"reflectors": [
],
"reflector_prisms": [
[-8.72601,-8.03677,-0.651848,-5.72601,-2.03677,4.34815],
[7.2994,0.547944,1.37233,9.2994,4.54794,3.37233],
[-4.76464,0.887183,-22.5428,-1.76464,4.88718,-18.5428]
],
"absorber_prisms": [
[-3.43578,-1.24329,18.3629,-0.435783,3.75671,20.3629]
]
}