{
"time_step": 1e-05,
"number_of_molecules": 500000,
"diff_coef": 350,
"sim_time": 0.685714,
"absorbers": [
[13.3499,3.60346,5.8134,3]
],
"reflectors": [
[2.63366,-14.5563,-13.4603,3]
],
"reflector_prisms": [
[10.0255,-13.3813,-0.033754,16.0255,-8.38133,1.96625],
[-3.06437,-4.26089,-12.4459,-1.06437,-1.26089,-8.44586]
],
"absorber_prisms": [
[7.85081,8.77423,12.3424,10.8508,13.7742,16.3424]
]
}