{
"time_step": 1e-05,
"number_of_molecules": 500000,
"diff_coef": 150,
"sim_time": 3.6,
"absorbers": [
[2.62258,-2.09962,20.7295,3]
],
"reflectors": [
],
"reflector_prisms": [
[-3.90905,7.34703,17.6222,2.09095,10.347,22.6222]
],
"absorber_prisms": [
[-1.63334,-4.47057,-13.6839,3.36666,-0.47057,-7.68387]
]
}