{
"time_step": 1e-05,
"number_of_molecules": 500000,
"diff_coef": 250,
"sim_time": 2.16,
"absorbers": [
[-4.56511,-4.45691,18.9551,5],
[-0.193383,-1.51211,-19.9418,2],
[-3.64114,-3.79663,-11.8881,5],
[1.21126,8.45008,-12.3341,3],
[17.9365,-12.1331,3.88194,5],
[-2.90501,-10.4924,1.57201,4],
[-11.765,-12.7909,-7.67962,6],
[3.67846,1.15627,-12.415,2]
],
"reflectors": [
],
"reflector_prisms": [
],
"absorber_prisms": [
]
}