{
"time_step": 1e-05,
"number_of_molecules": 500000,
"diff_coef": 150,
"sim_time": 3.21111,
"absorbers": [
[-3.64384,-12.5331,16.4512,4],
[0.354687,5.24017,18.2596,2]
],
"reflectors": [
],
"reflector_prisms": [
],
"absorber_prisms": [
[12.2165,-13.275,5.37137,16.2165,-11.275,8.37137],
[-10.756,-16.2791,-15.254,-5.75599,-13.2791,-11.254],
[-19.0238,4.7173,4.52798,-14.0238,7.7173,6.52798],
[-6.76662,-6.63063,-15.3173,-1.76662,-1.63063,-13.3173]
]
}