{"time_step": 1e-05, "number_of_molecules": 500000, "diff_coef": 250, "sim_time": 1.70667, "absorbers": [[-3.75743, 3.37892, 13.0562, 6], [-18.0079, -12.4757, -2.01835, 6]], "reflectors": [[4.10977, -14.2646, -5.96924, 4], [7.23603, -10.3512, 9.82305, 5]], "reflector_prisms": [[-18.9106, 5.84247, -6.32217, -15.9106, 11.8425, -2.32217]], "absorber_prisms": [], "line_of_sight": [[0, 0, 0, 0, 0, 502], [0, 0, 0, 0, 0, 499]]}