{"time_step": 1e-05, "number_of_molecules": 500000, "diff_coef": 250, "sim_time": 1.92667, "absorbers": [[6.19996, -11.7496, 14.9502, 3]], "reflectors": [[2.90886, 0.449016, 17.7577, 3], [-4.65402, 10.5438, -17.5547, 5], [-2.3847, 2.96656, 9.24731, 5]], "reflector_prisms": [], "absorber_prisms": [[5.96507, 0.33782, -10.9296, 8.96507, 4.33782, -5.92955]], "line_of_sight": [[344, 0, 344, 0, 0, 501]]}