{
"time_step": 1e-05,
"number_of_molecules": 500000,
"diff_coef": 250,
"sim_time": 0.666667,
"absorbers": [
[0.512662,-0.772349,11.9641,2]
],
"reflectors": [
[9.59861,2.95699,14.9373,5],
[5.07304,3.58933,-15.8234,4]
],
"reflector_prisms": [
],
"absorber_prisms": [
[-5.90817,-12.1661,-10.2864,-0.908172,-7.16606,-7.28645],
[-9.9372,9.061,0.636873,-6.9372,11.061,5.63687],
[-18.3786,11.5677,6.25976,-12.3786,14.5677,11.2598]
]
}