{"time_step": 1e-05, "number_of_molecules": 500000, "diff_coef": 100, "sim_time": 5.4, "absorbers": [[5.56621, -1.85463, 9.30471, 2], [17.9017, 7.61213, 7.91108, 3]], "reflectors": [], "reflector_prisms": [[5.51641, -7.28641, -6.24747, 10.5164, -3.28641, -2.24747]], "absorber_prisms": [[-9.40634, -8.20271, 0.667257, -4.40634, -3.20271, 5.66726], [-0.679365, 6.69356, -16.8725, 2.32063, 9.69356, -12.8725]], "line_of_sight": [[0, 0, 0, 0, 0, 497], [0, 0, 0, 0, 0, 498]]}