{
"time_step": 1e-05,
"number_of_molecules": 500000,
"diff_coef": 250,
"sim_time": 0.166667,
"absorbers": [
[-3.99184,0.709059,-10.2256,6]
],
"reflectors": [
[15.203,-7.64907,-10.5053,4]
],
"reflector_prisms": [
],
"absorber_prisms": [
[2.54726,-9.01268,1.387,7.54726,-6.01268,4.387],
[-11.0747,4.99805,5.65479,-6.07466,7.99805,10.6548]
]
}