{"time_step": 1e-05, "number_of_molecules": 500000, "diff_coef": 50, "sim_time": 5.63333, "absorbers": [[8.04465, 14.2382, -4.64304, 4]], "reflectors": [[-16.5107, -2.91459, -6.5499, 2], [-4.76367, 7.2589, -20.2142, 5]], "reflector_prisms": [], "absorber_prisms": [[1.10799, -19.1072, -12.2344, 4.10799, -13.1072, -7.23435]], "line_of_sight": [[0, 0, 0, 0, 0, 501]]}