{
"time_step": 1e-05,
"number_of_molecules": 500000,
"diff_coef": 350,
"sim_time": 1.54286,
"absorbers": [
[-4.60837,11.0069,-1.2692,6],
[0.52776,4.50401,16.384,4],
[-19.5007,-9.57162,7.55682,6],
[-9.74855,4.19327,-20.4054,7],
[13.8212,-15.0192,8.2096,4],
[0.162544,-1.46749,-13.9219,6],
[-14.8392,-15.1276,-5.91194,5]
],
"reflectors": [
[-11.7663,20.5019,-4.15037,6]
],
"reflector_prisms": [
],
"absorber_prisms": [
]
}