{"time_step": 1e-05, "number_of_molecules": 500000, "diff_coef": 400, "sim_time": 0.104167, "absorbers": [[4.28515, 3.20182, -9.61175, 6]], "reflectors": [[1.09387, -13.4406, 8.61118, 2], [-4.71697, 20.7572, 5.55791, 5]], "reflector_prisms": [[18.3483, -6.294, -5.63382, 23.3483, -1.294, -1.63382], [-19.6797, -2.34664, -5.42426, -16.6797, 2.65336, -1.42426]], "absorber_prisms": [[-18.639, 0.397845, -0.726359, -14.639, 6.39784, 2.27364]], "line_of_sight": [[0, 0, 0, 0, 0, 500]]}