{"time_step": 1e-05, "number_of_molecules": 500000, "diff_coef": 300, "sim_time": 0.938889, "absorbers": [[0.13062, 7.99402, -0.280359, 3], [0.173037, 1.42353, 17.9428, 5]], "reflectors": [], "reflector_prisms": [[-5.95925, -1.71725, -14.4863, -0.959252, 3.28275, -9.48628], [15.4453, 5.4651, 5.98237, 17.4453, 7.4651, 7.98237], [-8.97421, -17.0511, 7.98313, -3.97421, -15.0511, 9.98313], [-3.54234, -8.46126, 4.0773, 1.45766, -2.46126, 10.0773]], "absorber_prisms": [], "line_of_sight": [[0, 0, 0, 0, 0, 500], [0, 0, 0, 0, 0, 502]]}