{"time_step": 1e-05, "number_of_molecules": 500000, "diff_coef": 400, "sim_time": 0.266667, "absorbers": [[4.69672, -4.00941, 7.86546, 2]], "reflectors": [[7.00694, -10.066, 10.2751, 3]], "reflector_prisms": [[10.9457, -1.62755, -2.0344, 15.9457, 0.372451, -0.0344017]], "absorber_prisms": [[0.292588, 6.14131, 5.13107, 3.29259, 11.1413, 11.1311], [1.75017, -11.7981, 15.0236, 4.75017, -5.79815, 18.0236], [14.8049, 7.36103, -3.11371, 20.8049, 10.361, -1.11371]], "line_of_sight": [[110, 0, 110, 0, 0, 500]]}