{"time_step": 1e-05, "number_of_molecules": 500000, "diff_coef": 350, "sim_time": 1.37619, "absorbers": [[-4.38141, -3.73327, 15.9958, 5], [11.3917, 18.0025, -5.48977, 5]], "reflectors": [[12.9017, -5.41013, 0.525899, 5]], "reflector_prisms": [[2.14168, -7.32172, -15.0309, 5.14168, -5.32172, -10.0309]], "absorber_prisms": [[2.28898, 1.18477, -19.5918, 5.28898, 7.18477, -14.5918]], "line_of_sight": [[0, 0, 0, 0, 0, 501], [0, 0, 0, 0, 0, 500]]}