{"time_step": 1e-05, "number_of_molecules": 500000, "diff_coef": 300, "sim_time": 1.42222, "absorbers": [[-13.7824, -13.9059, 7.59412, 5], [5.48542, -3.94167, 5.94755, 2]], "reflectors": [[-9.78423, -3.23372, 7.92539, 6]], "reflector_prisms": [[-2.80536, -1.4937, 15.4917, 3.19464, 0.506295, 18.4917]], "absorber_prisms": [[-2.01785, -9.14093, -18.7369, -0.0178521, -4.14093, -15.7369]], "line_of_sight": [[200, 0, 200, 0, 0, 497], [0, 0, 0, 0, 0, 499]]}