{
"time_step": 1e-05,
"number_of_molecules": 500000,
"diff_coef": 200,
"sim_time": 2.40833,
"absorbers": [
[-15.3715,-13.7996,12.2184,7],
[-11.1612,-5.26203,-4.09138,7],
[2.91694,6.32571,-17.677,4]
],
"reflectors": [
[1.2765,1.81884,19.8762,7]
],
"reflector_prisms": [
],
"absorber_prisms": [
]
}