{
"time_step": 1e-05,
"number_of_molecules": 500000,
"diff_coef": 200,
"sim_time": 1.2,
"absorbers": [
[-7.68665,4.45878,-9.48866,4],
[-1.06439,0.239436,-13.9574,2],
[-2.10852,-1.08105,14.8117,5]
],
"reflectors": [
],
"reflector_prisms": [
[-9.88883,-10.1375,16.1835,-5.88883,-8.13751,18.1835]
],
"absorber_prisms": [
[-9.7869,-3.97552,16.6762,-6.7869,2.02448,19.6762]
]
}