{
"time_step": 1e-05,
"number_of_molecules": 500000,
"diff_coef": 250,
"sim_time": 0.166667,
"absorbers": [
[-2.58129,-0.86021,7.5231,3]
],
"reflectors": [
],
"reflector_prisms": [
[5.04604,-11.8274,-13.2997,11.046,-7.82743,-9.29968]
],
"absorber_prisms": [
[7.11861,8.38014,-10.1007,10.1186,12.3801,-7.10072],
[-12.6357,8.16562,-14.8845,-8.63567,13.1656,-9.88455],
[-16.9824,-6.74948,-13.8059,-10.9824,-0.749477,-10.8059]
]
}