{
"time_step": 1e-05,
"number_of_molecules": 500000,
"diff_coef": 350,
"sim_time": 1.21905,
"absorbers": [
[1.87186,-2.85075,-12.5447,5],
[-7.20878,-11.3385,-6.66867,4],
[0.355156,1.98861,19.8977,7],
[-10.8256,11.4228,-12.342,4]
],
"reflectors": [
[3.98751,-8.24348,-4.01805,5],
[1.33271,17.8968,1.38839,5],
[-11.0526,10.0905,1.01128,6]
],
"reflector_prisms": [
],
"absorber_prisms": [
]
}