{
"time_step": 1e-05,
"number_of_molecules": 500000,
"diff_coef": 350,
"sim_time": 0.119048,
"absorbers": [
[7.02179,3.83326,0.0228832,3]
],
"reflectors": [
[0.379999,-9.9927,0.0397546,5]
],
"reflector_prisms": [
],
"absorber_prisms": [
[-2.1754,-1.75961,-11.9724,1.8246,3.24039,-8.9724],
[11.4267,-2.06473,-3.33326,13.4267,-0.0647342,1.66674],
[6.10297,-2.29796,-5.79526,9.10297,2.70204,-1.79526]
]
}