{"time_step": 1e-05, "number_of_molecules": 500000, "diff_coef": 50, "sim_time": 6.53333, "absorbers": [[0.59447, -2.60221, 11.6994, 7], [6.13199, 8.10868, -4.20095, 4], [-6.90345, 14.3582, 10.353, 7], [13.599, -14.4372, 6.90174, 7]], "reflectors": [[-8.17801, -5.18453, 2.49815, 4], [7.35902, -10.3496, -19.1763, 6]], "reflector_prisms": [], "absorber_prisms": [], "line_of_sight": [[35, 0, 35, 0, 0, 498], [211, 0, 211, 0, 0, 506], [98, 0, 98, 0, 0, 501], [0, 0, 0, 0, 0, 500]]}