{
"time_step": 1e-05,
"number_of_molecules": 500000,
"diff_coef": 200,
"sim_time": 2.13333,
"absorbers": [
[-6.07032,-7.13401,-14.1865,6],
[-4.63681,19.6278,8.7891,6]
],
"reflectors": [
[17.0098,-6.48597,-8.28239,6]
],
"reflector_prisms": [
[4.18624,-1.4878,0.858843,9.18624,2.5122,5.85884]
],
"absorber_prisms": [
]
}