{
"time_step": 1e-05,
"number_of_molecules": 500000,
"diff_coef": 250,
"sim_time": 1.92667,
"absorbers": [
[-0.497913,6.34625,-14.6791,5],
[17.8077,0.625317,2.54832,6],
[9.61376,8.55051,-13.9809,2]
],
"reflectors": [
],
"reflector_prisms": [
],
"absorber_prisms": [
[-4.61624,-12.023,0.304412,0.383755,-8.02303,4.30441],
[-6.62221,-6.40259,-22.9169,-2.62221,-3.40259,-17.9169]
]
}