{
"time_step": 1e-05,
"number_of_molecules": 500000,
"diff_coef": 150,
"sim_time": 4.01111,
"absorbers": [
[-4.72919,-2.84533,-13.9477,2],
[-1.69918,-2.85387,-21.7478,3]
],
"reflectors": [
],
"reflector_prisms": [
[-10.4743,0.0436892,3.46161,-4.47426,3.04369,9.46161]
],
"absorber_prisms": [
[12.8057,11.7855,-9.67488,17.8057,14.7855,-4.67488],
[-15.7675,-2.84658,-3.20787,-12.7675,0.153416,-1.20787],
[-2.26326,8.56641,-7.05531,2.73674,11.5664,-4.05531]
]
}