{"time_step": 1e-05, "number_of_molecules": 500000, "diff_coef": 300, "sim_time": 0.555556, "absorbers": [[0.743324, -1.71567, -12.8648, 3]], "reflectors": [], "reflector_prisms": [[-4.63499, -3.34696, 14.3531, 0.365014, 2.65304, 17.3531], [-11.4337, 3.97195, -7.27229, -9.43367, 8.97195, -1.27229], [-5.96038, -2.22951, 8.17947, -1.96038, 1.77049, 10.1795], [-10.2074, -1.85279, -1.03416, -7.20743, 4.14721, 4.96584]], "absorber_prisms": [[-7.93581, -6.04259, 5.04225, -3.93581, -0.0425922, 7.04225]], "line_of_sight": [[0, 0, 0, 0, 0, 499]]}