{"time_step": 1e-05, "number_of_molecules": 500000, "diff_coef": 200, "sim_time": 0.408333, "absorbers": [[6.60879, 2.48554, 10.9154, 6]], "reflectors": [[-2.14464, 16.8713, -10.5243, 5], [-8.58339, -18.8563, -3.42985, 6]], "reflector_prisms": [[-9.10117, -11.753, 3.5582, -5.10117, -7.75303, 8.5582]], "absorber_prisms": [], "line_of_sight": [[0, 0, 0, 0, 0, 501]]}