{"time_step": 1e-05, "number_of_molecules": 500000, "diff_coef": 250, "sim_time": 1.92667, "absorbers": [[9.2123, -1.60449, 5.79303, 6], [4.39929, 10.5, -18.8254, 5]], "reflectors": [[-11.5282, -3.26807, 7.24022, 4], [-0.0325927, 0.00507824, -25, 6], [-5.75903, 0.819951, 10.4958, 3], [3.32034, 13.6534, 5.24967, 3]], "reflector_prisms": [], "absorber_prisms": [], "line_of_sight": [[0, 0, 0, 0, 0, 500], [0, 0, 0, 0, 0, 497]]}