{
"time_step": 1e-05,
"number_of_molecules": 500000,
"diff_coef": 400,
"sim_time": 0.3375,
"absorbers": [
[5.78185,4.33413,9.58047,3],
[1.6479,8.81493,6.37035,2]
],
"reflectors": [
[-1.85573,-11.4016,16.3267,4]
],
"reflector_prisms": [
],
"absorber_prisms": [
[-9.22511,-6.89257,5.00316,-4.22511,-4.89257,11.0032],
[-6.74424,8.40349,-8.99136,-3.74424,13.4035,-6.99136],
[10.9244,4.42799,-5.93404,12.9244,6.42799,-3.93404]
]
}