{
"time_step": 1e-05,
"number_of_molecules": 500000,
"diff_coef": 300,
"sim_time": 2.00556,
"absorbers": [
[-1.86698,-1.59898,10.7218,6],
[-11.0125,22.2957,-2.57363,6],
[3.4469,-2.30473,-12.321,6],
[5.1981,-8.3851,15.0556,4],
[-1.56672,2.45531,-6.36528,2],
[-6.15442,-13.0266,-4.1751,4],
[-0.271654,7.94028,-10.2897,4],
[1.23109,-12.7907,-1.97043,2]
],
"reflectors": [
],
"reflector_prisms": [
],
"absorber_prisms": [
]
}