{
"time_step": 1e-05,
"number_of_molecules": 500000,
"diff_coef": 250,
"sim_time": 1.92667,
"absorbers": [
[10.7336,-7.554,13.7378,2],
[15.4781,-7.02925,-0.130998,3],
[0.38447,1.2945,-6.86851,2],
[-2.85076,-2.5852,14.4979,5]
],
"reflectors": [
[-3.85363,6.45901,-4.94274,3],
[-0.714296,-0.69497,-16.9708,4],
[12.1061,0.308595,-13.3171,3],
[-5.14545,14.7161,-3.6002,2],
[6.94993,-4.53813,-13.6786,3],
[9.97822,-16.1615,0.491982,5]
],
"reflector_prisms": [
],
"absorber_prisms": [
]
}