{"time_step": 1e-05, "number_of_molecules": 500000, "diff_coef": 150, "sim_time": 2.84444, "absorbers": [[-20.4904, 1.24228, 7.91197, 6]], "reflectors": [], "reflector_prisms": [[2.3399, 13.7278, 12.6098, 7.3399, 15.7278, 18.6098], [-10.8503, 8.20433, -9.30796, -5.85031, 11.2043, -4.30796]], "absorber_prisms": [[7.1711, -2.07209, 6.63764, 12.1711, 3.92791, 10.6376], [-3.48595, 1.57201, -9.74749, 1.51405, 5.57201, -7.74749]], "line_of_sight": [[0, 0, 0, 0, 0, 498]]}