{"time_step": 1e-05, "number_of_molecules": 500000, "diff_coef": 50, "sim_time": 2.7, "absorbers": [[-0.0443801, 0.386686, 10.9931, 2]], "reflectors": [], "reflector_prisms": [[6.1848, 0.233019, -1.607, 9.1848, 3.23302, 4.393], [-4.58507, -1.58806, 5.26998, -1.58507, 2.41194, 7.26998]], "absorber_prisms": [[-10.7073, -13.1899, -4.85092, -5.7073, -9.18992, 1.14908], [5.57229, 0.8732, 15.7962, 7.57229, 2.8732, 21.7962]], "line_of_sight": [[0, 0, 0, 0, 0, 498]]}