{"time_step": 1e-05, "number_of_molecules": 500000, "diff_coef": 50, "sim_time": 7.5, "absorbers": [[5.45731, 2.41993, -6.73511, 2], [-2.88146, 0.314158, 18.7776, 4]], "reflectors": [], "reflector_prisms": [[13.1409, 4.21292, -9.3244, 15.1409, 9.21292, -6.3244], [-8.16046, -5.9816, -2.44503, -6.16046, -2.9816, 0.554971], [5.22274, -13.242, 14.8084, 8.22274, -7.24196, 16.8084]], "absorber_prisms": [[-10.5977, 3.4815, 13.34, -6.59768, 5.4815, 19.34]], "line_of_sight": [[0, 0, 0, 0, 0, 498], [0, 0, 0, 0, 0, 499]]}