{
"time_step": 1e-05,
"number_of_molecules": 500000,
"diff_coef": 50,
"sim_time": 9.63333,
"absorbers": [
[-1.61722,6.67629,5.81478,4],
[-17.5376,5.83681,4.40052,2],
[-11.8388,-4.42634,-3.04153,6],
[5.86578,3.0326,-10.0198,6]
],
"reflectors": [
],
"reflector_prisms": [
],
"absorber_prisms": [
[-3.87785,2.2923,-10.7113,2.12215,5.2923,-7.71129]
]
}