{"time_step": 1e-05, "number_of_molecules": 500000, "diff_coef": 400, "sim_time": 0.9375, "absorbers": [[-2.40427, -11.1569, 8.10828, 4], [-5.56975, -9.85342, -15.2607, 4]], "reflectors": [[3.27905, 7.43558, -20.4441, 3]], "reflector_prisms": [[-20.2789, 5.931, -11.0363, -15.2789, 8.931, -8.03631]], "absorber_prisms": [], "line_of_sight": [[0, 0, 0, 0, 0, 503], [0, 0, 0, 0, 0, 501]]}