{
"time_step": 1e-05,
"number_of_molecules": 500000,
"diff_coef": 100,
"sim_time": 2.81667,
"absorbers": [
[5.51102,9.05513,-7.52552,4],
[-10.8269,12.0338,-5.1929,4]
],
"reflectors": [
[-3.44281,6.36366,-15.3835,2]
],
"reflector_prisms": [
],
"absorber_prisms": [
[-11.367,2.32117,-17.5678,-9.36702,5.32117,-14.5678],
[0.771175,-2.52214,14.8294,3.77118,1.47786,16.8294],
[-0.453401,-0.184706,-12.5106,4.5466,4.81529,-6.51057]
]
}