{
"time_step": 1e-05,
"number_of_molecules": 500000,
"diff_coef": 350,
"sim_time": 1.71905,
"absorbers": [
[2.35117,-13.7379,14.3437,6],
[-5.76574,18.0594,-9.03411,5],
[7.33803,1.56039,8.04478,6],
[4.72846,-3.26015,-5.56894,2],
[17.2555,1.86448,-15.0921,4],
[5.62287,0.823786,21.2533,5],
[-0.419858,0.941025,-20.9747,6],
[4.63097,-0.0470939,-11.0703,3]
],
"reflectors": [
],
"reflector_prisms": [
],
"absorber_prisms": [
]
}