{"time_step": 1e-05, "number_of_molecules": 500000, "diff_coef": 50, "sim_time": 8.53333, "absorbers": [[-12.3879, 2.20662, -14.2363, 3]], "reflectors": [[-3.38866, -0.314688, -10.4603, 5]], "reflector_prisms": [], "absorber_prisms": [[-16.5399, -8.67564, -2.16677, -12.5399, -4.67564, 1.83323]], "line_of_sight": [[293, 0, 293, 0, 0, 495]]}