{"time_step": 1e-05, "number_of_molecules": 500000, "diff_coef": 200, "sim_time": 0.533333, "absorbers": [[-2.05999, -3.40406, -12.3761, 5]], "reflectors": [[5.23665, -6.57093, 12.4258, 3], [7.30628, 3.19415, -7.57731, 4]], "reflector_prisms": [[-19.414, 4.19599, 2.74712, -17.414, 8.19599, 6.74712], [-10.0871, 8.69261, 12.1031, -5.08714, 12.6926, 18.1031], [-3.0683, 10.1039, 1.47315, -1.0683, 16.1039, 7.47315]], "absorber_prisms": [], "line_of_sight": [[0, 0, 0, 0, 0, 496]]}