{"time_step": 1e-05, "number_of_molecules": 500000, "diff_coef": 50, "sim_time": 4.8, "absorbers": [[5.45819, -2.23424, -13.7919, 3]], "reflectors": [[-4.66576, 6.58834, 17.1996, 6], [4.87735, 7.88427, 9.11317, 5], [-2.03337, 10.1992, -19.3867, 4]], "reflector_prisms": [[13.4824, 3.07814, -10.5264, 19.4824, 5.07814, -6.52636], [4.8263, 2.27934, -8.76914, 9.8263, 4.27934, -4.76914]], "absorber_prisms": [], "line_of_sight": [[308, 0, 308, 0, 0, 501]]}