{"time_step": 1e-05, "number_of_molecules": 500000, "diff_coef": 150, "sim_time": 0.711111, "absorbers": [[3.80899, -3.53438, 9.69535, 3]], "reflectors": [], "reflector_prisms": [[-12.5331, -0.158934, 18.1886, -6.53311, 4.84107, 21.1886]], "absorber_prisms": [[-8.34403, -4.72276, -22.0494, -3.34403, 1.27724, -16.0494]], "line_of_sight": [[0, 0, 0, 0, 0, 501]]}