{
"time_step": 1e-05,
"number_of_molecules": 500000,
"diff_coef": 350,
"sim_time": 1.54286,
"absorbers": [
[6.01125,3.80261,18.6924,2]
],
"reflectors": [
[1.28582,-12.1095,6.90692,3],
[4.54389,0.808253,12.1532,3]
],
"reflector_prisms": [
[-0.226405,-4.44423,-8.02313,3.77359,0.555774,-6.02313],
[-8.10965,-13.3839,-17.6687,-3.10965,-11.3839,-11.6687]
],
"absorber_prisms": [
[-2.06038,2.41838,10.0597,0.939621,7.41838,15.0597]
]
}