{"time_step": 1e-05, "number_of_molecules": 500000, "diff_coef": 250, "sim_time": 0.166667, "absorbers": [[5.72048, -3.7648, 5.83972, 4]], "reflectors": [[0.0699132, 0.790285, 21.9857, 6], [-4.56308, 3.11661, -9.51131, 2]], "reflector_prisms": [[-12.8004, -5.37237, -12.1307, -10.8004, -0.372374, -7.13073]], "absorber_prisms": [[-1.66457, -15.4744, -2.22324, 2.33543, -12.4744, 3.77676]], "line_of_sight": [[65, 0, 65, 0, 0, 501]]}