{"time_step": 1e-05, "number_of_molecules": 500000, "diff_coef": 50, "sim_time": 0.833333, "absorbers": [[-2.00328, -0.798216, 10.7866, 6]], "reflectors": [[11.4383, -2.9333, 13.5853, 3]], "reflector_prisms": [], "absorber_prisms": [[-16.9693, 5.69285, -15.2451, -14.9693, 7.69285, -10.2451], [10.9558, 9.0632, -12.6775, 16.9558, 12.0632, -6.67753], [5.54128, -1.39383, 1.58052, 8.54128, 1.60617, 3.58052]], "line_of_sight": [[0, 0, 0, 0, 0, 499]]}