{
"time_step": 1e-05,
"number_of_molecules": 500000,
"diff_coef": 300,
"sim_time": 1.42222,
"absorbers": [
[4.29334,-13.6931,13.9308,4]
],
"reflectors": [
[-0.139963,2.68811,-12.7183,4]
],
"reflector_prisms": [
],
"absorber_prisms": [
[-4.70584,-12.0457,-1.08154,-0.70584,-8.04572,3.91846]
]
}