{"time_step": 1e-05, "number_of_molecules": 500000, "diff_coef": 50, "sim_time": 7.5, "absorbers": [[1.98358, 20.8117, -1.98438, 6], [-0.259209, 10.3997, -3.57469, 4]], "reflectors": [], "reflector_prisms": [[-12.2543, -4.86425, -0.971008, -10.2543, 0.135752, 1.02899], [-10.2676, 1.7833, -19.7768, -8.26756, 6.7833, -15.7768], [-6.95299, 1.95307, 5.79006, -3.95299, 6.95307, 9.79006]], "absorber_prisms": [[-1.76712, -18.9174, -14.7482, 3.23288, -14.9174, -11.7482]], "line_of_sight": [[267, 267, 0, 0, 0, 502], [161, 161, 0, 0, 0, 497]]}