{"time_step": 1e-05, "number_of_molecules": 500000, "diff_coef": 100, "sim_time": 1.66667, "absorbers": [[7.15795, -3.05148, 10.414, 3]], "reflectors": [], "reflector_prisms": [[-16.1113, -1.4534, -6.88764, -10.1113, 0.546599, -2.88764]], "absorber_prisms": [[-6.67077, 4.83384, 7.99426, -4.67077, 8.83384, 10.9943], [-15.1581, -7.63622, -11.475, -11.1581, -5.63622, -5.47501]], "line_of_sight": [[0, 0, 0, 0, 0, 501]]}