{
"time_step": 1e-05,
"number_of_molecules": 500000,
"diff_coef": 100,
"sim_time": 6.01667,
"absorbers": [
[5.2132,-18.1408,13.1429,4],
[7.76531,-5.71637,-5.29368,2]
],
"reflectors": [
[4.33619,2.28783,17.3194,5]
],
"reflector_prisms": [
[-1.76959,7.34431,-1.07515,0.23041,9.34431,3.92485],
[-5.9973,-6.21095,-8.35881,-3.9973,-0.210947,-2.35881]
],
"absorber_prisms": [
]
}