{
"time_step": 1e-05,
"number_of_molecules": 500000,
"diff_coef": 150,
"sim_time": 4.01111,
"absorbers": [
[-16.1035,-4.25935,6.82166,6],
[2.045,-19.7147,11.6683,4],
[-10.9049,5.75995,15.745,7],
[-0.892505,-0.999738,-11.9249,7],
[8.69955,12.5452,-7.47902,6]
],
"reflectors": [
[13.4271,-11.5184,3.3228,5],
[7.85755,-5.14975,-3.4262,4],
[-0.454919,17.2745,18.0661,7]
],
"reflector_prisms": [
],
"absorber_prisms": [
]
}