{"time_step": 1e-05, "number_of_molecules": 500000, "diff_coef": 200, "sim_time": 2.13333, "absorbers": [[8.39786, -17.2055, 5.78342, 4], [16.5569, -3.43966, 1.74255, 3], [0.464675, -0.234074, 10.9877, 5]], "reflectors": [], "reflector_prisms": [[-8.25038, 1.68824, 1.1678, -5.25038, 7.68824, 6.1678]], "absorber_prisms": [[-7.32576, 10.9555, 15.2466, -1.32576, 14.9555, 19.2466]], "line_of_sight": [[0, 0, 0, 0, 0, 497], [0, 0, 0, 0, 0, 500], [0, 0, 0, 0, 0, 501]]}