{"time_step": 1e-05, "number_of_molecules": 500000, "diff_coef": 350, "sim_time": 0.933333, "absorbers": [[-2.5305, -10.159, -5.86435, 2], [1.47792, 8.342, -9.86037, 6], [3.94306, 7.49743, 8.49946, 4], [-13.7671, -12.9636, 1.84713, 5]], "reflectors": [[7.06029, -4.87741, 5.13451, 3], [-22.9125, 9.87999, 1.55022, 6], [-2.90746, -1.03967, 10.5577, 3], [0.0679424, 0.0033359, -22.9999, 4], [8.66218, 14.5746, -1.24437, 5]], "reflector_prisms": [], "absorber_prisms": [], "line_of_sight": [[225, 225, 0, 0, 0, 499], [65, 0, 65, 0, 0, 504], [73, 73, 0, 0, 0, 502], [201, 0, 201, 0, 0, 499]]}