{"time_step": 1e-05, "number_of_molecules": 500000, "diff_coef": 250, "sim_time": 0.426667, "absorbers": [[-4.37923, 5.85088, 6.82565, 2]], "reflectors": [], "reflector_prisms": [[2.29585, -0.177856, -7.13035, 6.29585, 5.82214, -5.13035], [-5.35407, 0.864863, 6.19747, -2.35407, 3.86486, 8.19747]], "absorber_prisms": [[-2.30673, -3.73894, 14.8123, -0.306727, -0.738935, 20.8123], [-9.64388, -15.0966, -3.06181, -6.64388, -10.0966, 2.93819]], "line_of_sight": [[100, 0, 0, 0, 100, 503]]}