{
"time_step": 1e-05,
"number_of_molecules": 500000,
"diff_coef": 100,
"sim_time": 4.81667,
"absorbers": [
[-0.647669,-17.9799,-0.552365,4],
[0.161709,0.0566716,23.9994,7],
[13.7275,9.35273,12.8484,4],
[10.3547,-18.1418,-2.15728,6]
],
"reflectors": [
[3.94152,-0.538755,-18.5789,6],
[-2.60354,18.0211,5.42788,4]
],
"reflector_prisms": [
],
"absorber_prisms": [
]
}