{
"time_step": 1e-05,
"number_of_molecules": 500000,
"diff_coef": 250,
"sim_time": 2.16,
"absorbers": [
[-5.2305,0.0224212,-8.52299,5],
[4.07105,10.6135,3.84455,5],
[-6.78178,-2.69861,11.9468,7],
[-1.9734,-11.5259,2.69451,6],
[8.35273,-8.60284,-0.472295,5],
[10.9929,10.6783,-4.59664,4],
[2.33268,-9.61356,21.8664,6]
],
"reflectors": [
],
"reflector_prisms": [
],
"absorber_prisms": [
]
}