{
"time_step": 1e-05,
"number_of_molecules": 500000,
"diff_coef": 300,
"sim_time": 0.2,
"absorbers": [
[-11.8867,-1.63825,-0.153585,6]
],
"reflectors": [
[4.71241,-4.73623,7.44052,4],
[-9.93512,-7.84785,-20.3888,5]
],
"reflector_prisms": [
[-3.79985,4.5789,18.1854,0.200154,6.5789,23.1854],
[10.2745,2.61776,-5.29094,14.2745,4.61776,0.709065]
],
"absorber_prisms": [
[-0.406775,2.50863,-12.8645,3.59322,4.50863,-9.86447]
]
}