{"time_step": 1e-05, "number_of_molecules": 500000, "diff_coef": 100, "sim_time": 3.75, "absorbers": [[-0.278985, 0.230796, -9.99344, 4], [4.39265, -5.86406, 16.4413, 3]], "reflectors": [], "reflector_prisms": [[-6.52728, -4.17168, -10.5647, -3.52728, 1.82832, -6.56467]], "absorber_prisms": [[16.1306, 2.07199, -4.33178, 18.1306, 4.07199, 0.668221], [-9.28341, -17.2552, 12.0911, -5.28341, -11.2552, 18.0911], [-5.08334, -2.89687, 13.3275, 0.916655, 1.10313, 16.3275]], "line_of_sight": [[104, 63, 0, 0, 41, 503], [261, 261, 0, 0, 0, 499]]}