{"time_step": 1e-05, "number_of_molecules": 500000, "diff_coef": 300, "sim_time": 2.00556, "absorbers": [[2.90096, 2.25168, -20.6764, 4], [-19.4674, -7.93333, 6.48697, 6], [0.357832, -5.52834, 8.32522, 4], [-8.79357, -5.23827, 18.3367, 7], [-18.7031, 3.80882, 12.8331, 4], [12.2758, -19.8485, 5.59847, 7], [14.087, -9.28135, -15.6337, 7]], "reflectors": [], "reflector_prisms": [], "absorber_prisms": [], "line_of_sight": [[282, 334, 0, 0, 0, 500], [0, 0, 0, 0, 0, 500], [120, 146, 0, 0, 0, 500], [193, 215, 0, 0, 0, 501], [178, 178, 0, 0, 0, 505], [0, 0, 0, 0, 0, 499], [77, 77, 0, 0, 0, 500]]}