{"time_step": 1e-05, "number_of_molecules": 500000, "diff_coef": 50, "sim_time": 4.03333, "absorbers": [[-2.58626, -1.72536, -13.6504, 3]], "reflectors": [[4.32919, 11.4906, 11.7569, 3]], "reflector_prisms": [[-9.46085, -15.4391, -8.34088, -3.46085, -9.43915, -2.34088], [0.496005, -1.61797, -21.7763, 5.496, 2.38203, -18.7763]], "absorber_prisms": [[0.813875, 4.49395, -0.0158702, 3.81388, 7.49395, 1.98413]], "line_of_sight": [[0, 0, 0, 0, 0, 502]]}