{
"time_step": 1e-05,
"number_of_molecules": 500000,
"diff_coef": 250,
"sim_time": 0.166667,
"absorbers": [
[-6.87878,2.85984,6.67111,5]
],
"reflectors": [
],
"reflector_prisms": [
],
"absorber_prisms": [
[-1.63099,-4.26476,6.23743,3.36901,0.735237,8.23743],
[-12.239,0.488797,-9.72285,-7.23899,3.4888,-3.72285],
[2.84761,-0.00927911,-15.1981,4.84761,4.99072,-10.1981],
[0.972997,-9.75137,-1.84642,2.973,-5.75137,2.15358]
]
}