{
"time_step": 1e-05,
"number_of_molecules": 500000,
"diff_coef": 200,
"sim_time": 0.208333,
"absorbers": [
[0.770431,0.982469,-9.92175,5]
],
"reflectors": [
],
"reflector_prisms": [
[-7.57052,3.42322,-13.7751,-2.57052,7.42322,-8.77513],
[-8.2071,-2.23443,-8.56887,-2.2071,1.76557,-3.56887]
],
"absorber_prisms": [
[-7.92587,-5.98249,12.1662,-4.92587,-1.98249,17.1662],
[13.1484,-3.16143,-15.5675,16.1484,0.838573,-11.5675],
[-13.9658,-5.49085,13.8574,-7.9658,-1.49085,18.8574]
]
}