{"time_step": 1e-05, "number_of_molecules": 500000, "diff_coef": 150, "sim_time": 2.84444, "absorbers": [[-2.31967, -4.78072, -9.6314, 2], [-8.98189, 15.2178, -3.42685, 2], [4.20141, -2.41131, 6.36661, 3]], "reflectors": [], "reflector_prisms": [[1.29668, -12.5264, -2.47715, 5.29668, -10.5264, 3.52285]], "absorber_prisms": [], "line_of_sight": [[0, 0, 0, 0, 0, 504], [0, 0, 0, 0, 0, 502], [0, 0, 0, 0, 0, 503]]}