{"time_step": 1e-05, "number_of_molecules": 500000, "diff_coef": 200, "sim_time": 3.00833, "absorbers": [[-20.3123, -1.10501, 14.5324, 6], [-4.34702, -4.83634, 14.6189, 4]], "reflectors": [], "reflector_prisms": [], "absorber_prisms": [[3.4412, 4.01442, 15.5914, 5.4412, 7.01442, 18.5914], [-8.81038, -5.72511, -3.39622, -5.81038, -0.725109, 2.60378]], "line_of_sight": [[14, 0, 0, 14, 0, 499], [0, 0, 0, 0, 0, 499]]}