{"time_step": 1e-05, "number_of_molecules": 500000, "diff_coef": 150, "sim_time": 2.84444, "absorbers": [[3.91119, 0.439321, -10.2718, 6], [-11.0994, -11.1841, -6.38127, 6], [1.85788, 1.394, 10.752, 3], [5.66608, 18.0601, -1.65225, 3], [8.55487, -2.05207, 15.7036, 4], [2.79969, 8.35037, 4.73635, 5], [-12.9395, 2.23468, 12.3116, 3]], "reflectors": [[7.15138, -2.06369, -2.9324, 2], [0.0947272, -10.0898, 9.70499, 5], [-5.08226, -3.73051, 4.92483, 2], [-16.4201, 3.92238, 6.24458, 4]], "reflector_prisms": [], "absorber_prisms": [], "line_of_sight": [[242, 129, 113, 0, 0, 500], [254, 254, 0, 0, 0, 503], [302, 302, 0, 0, 0, 502], [151, 151, 0, 0, 0, 502], [92, 92, 0, 0, 0, 501], [167, 167, 0, 0, 0, 498], [426, 381, 45, 0, 0, 501]]}