{
"time_step": 1e-05,
"number_of_molecules": 500000,
"diff_coef": 200,
"sim_time": 3.00833,
"absorbers": [
[0.596874,-0.952217,10.9424,6],
[4.575,-8.75426,-6.81412,4],
[-0.308022,5.27532,24.4351,6]
],
"reflectors": [
],
"reflector_prisms": [
[-9.56189,-8.95524,3.95883,-6.56189,-5.95524,9.95883],
[-8.23584,6.49113,-8.60305,-4.23584,8.49113,-3.60305]
],
"absorber_prisms": [
]
}