{
"time_step": 1e-05,
"number_of_molecules": 500000,
"diff_coef": 50,
"sim_time": 8.53333,
"absorbers": [
[-2.15114,-7.32466,16.301,2]
],
"reflectors": [
[1.25157,4.33933,6.60332,2]
],
"reflector_prisms": [
],
"absorber_prisms": [
[4.60481,6.59346,4.9482,10.6048,11.5935,9.9482],
[-8.43554,-8.50886,0.0267256,-2.43554,-5.50886,3.02673],
[9.4553,-11.2082,-10.9596,13.4553,-6.20818,-8.9596]
]
}