{
"time_step": 1e-05,
"number_of_molecules": 500000,
"diff_coef": 200,
"sim_time": 2.7,
"absorbers": [
[4.42838,7.96389,11.9149,3],
[-3.89419,-17.7563,-8.33971,2],
[3.31587,4.94206,-10.4202,3],
[-3.44548,-9.66968,-17.1647,4],
[-15.3152,5.71247,4.67052,4],
[6.6293,16.5568,-11.0872,4],
[10.4923,0.241214,-19.3353,6],
[-4.55824,3.45661,17.0668,2]
],
"reflectors": [
[-16.6316,-5.68691,-11.4912,5],
[-9.56486,-12.4327,3.15307,2],
[5.20437,-4.75836,9.70941,3]
],
"reflector_prisms": [
],
"absorber_prisms": [
]
}