{"time_step": 1e-05, "number_of_molecules": 500000, "diff_coef": 200, "sim_time": 1.40833, "absorbers": [[-7.47639, 1.92687, 7.83523, 4], [-1.43953, -2.01971, -10.7167, 4], [8.62403, 6.65972, 1.50803, 5], [-16.5193, 9.22727, 6.47847, 7], [7.96642, -2.09436, 11.3203, 4]], "reflectors": [[-0.75896, 11.8173, -5.36428, 7], [-23.2746, -0.354235, -5.84514, 5], [-8.71532, -3.93093, -15.2509, 4]], "reflector_prisms": [], "absorber_prisms": [], "line_of_sight": [[121, 121, 0, 0, 0, 501], [126, 50, 95, 0, 0, 502], [22, 0, 22, 0, 0, 501], [124, 124, 0, 0, 0, 502], [128, 68, 88, 0, 0, 499]]}