{"time_step": 1e-05, "number_of_molecules": 500000, "diff_coef": 400, "sim_time": 1.06667, "absorbers": [[-3.68239, -7.19641, 5.88657, 5], [2.11881, 9.39954, -5.30653, 5], [-8.94448, 4.53844, 20.6978, 7]], "reflectors": [], "reflector_prisms": [], "absorber_prisms": [], "line_of_sight": [[214, 214, 0, 0, 0, 499], [286, 286, 0, 0, 0, 500], [0, 0, 0, 0, 0, 500]]}