{"time_step": 1e-05, "number_of_molecules": 500000, "diff_coef": 100, "sim_time": 4.81667, "absorbers": [[-4.33768, -1.70429, 16.3487, 2], [11.3897, -16.8736, 8.34014, 5]], "reflectors": [[14.9188, 15.9379, 2.72241, 6]], "reflector_prisms": [[-0.681891, -14.3835, -12.2001, 5.31811, -11.3835, -6.20008], [-12.1969, -3.91077, 12.1813, -9.19685, 2.08923, 14.1813]], "absorber_prisms": [], "line_of_sight": [[0, 0, 0, 0, 0, 502], [0, 0, 0, 0, 0, 502]]}