{
"time_step": 1e-05,
"number_of_molecules": 500000,
"diff_coef": 400,
"sim_time": 0.504167,
"absorbers": [
[2.99042,7.36759,-10.2847,2]
],
"reflectors": [
[0.55122,-0.733859,-23.9824,6],
[1.57922,-0.676672,12.886,4],
[-0.534809,-16.8617,2.09714,5]
],
"reflector_prisms": [
],
"absorber_prisms": [
[-9.00669,2.24323,-7.59574,-6.00669,8.24323,-4.59574]
]
}