{"time_step": 1e-05, "number_of_molecules": 500000, "diff_coef": 100, "sim_time": 5.4, "absorbers": [[-6.29781, 2.27805, -18.8454, 2]], "reflectors": [], "reflector_prisms": [], "absorber_prisms": [[-2.43889, -0.430881, 19.4001, 2.56111, 4.56912, 23.4001], [4.27474, 3.44885, 3.30191, 9.27474, 8.44885, 9.30191], [6.84364, -0.0682359, -10.3187, 8.84364, 4.93176, -4.31873], [-0.214981, 0.169661, -12.6114, 4.78502, 3.16966, -7.61143], [-2.94421, -4.4343, -19.6825, 0.0557939, -1.4343, -13.6825]], "line_of_sight": [[0, 0, 0, 0, 0, 498]]}