{
"time_step": 1e-05,
"number_of_molecules": 500000,
"diff_coef": 400,
"sim_time": 1.50417,
"absorbers": [
[5.47986,-2.74514,-23.2042,5],
[1.10824,-5.94292,-13.7278,4],
[0.759495,10.4985,-12.0501,5],
[-2.54867,-1.06218,-14.7437,2],
[2.55726,9.40846,13.9263,6],
[-8.0272,5.47537,-5.156,6],
[-10.0289,-13.5279,2.32754,6]
],
"reflectors": [
[10.2703,0.575616,6.17984,2],
[7.65632,10.7465,-20.0473,5],
[7.49581,12.7259,-6.15338,4],
[5.10733,15.4652,4.8726,5],
[-0.898603,-8.85323,4.56211,2]
],
"reflector_prisms": [
],
"absorber_prisms": [
]
}