{"time_step": 1e-05, "number_of_molecules": 500000, "diff_coef": 250, "sim_time": 1.70667, "absorbers": [[-2.042, -6.33168, 8.76014, 6], [2.4142, -8.64617, 0.64442, 3], [-10.1372, 17.3527, 8.95098, 6]], "reflectors": [[1.68028, 12.6411, 2.52563, 3], [-14.0991, -8.93208, -3.23026, 3], [-2.65589, 7.42525, -6.14914, 5], [-1.87622, 17.3233, -13.4307, 4]], "reflector_prisms": [], "absorber_prisms": [], "line_of_sight": [[173, 0, 205, 0, 0, 497], [276, 48, 228, 0, 0, 500], [60, 60, 0, 0, 0, 497]]}