{"time_step": 1e-05, "number_of_molecules": 500000, "diff_coef": 50, "sim_time": 2.7, "absorbers": [[-2.77553, 4.94088, 11.6998, 4]], "reflectors": [[-5.33203, -7.95737, 5.4083, 2], [14.9432, 7.67702, -2.60076, 4]], "reflector_prisms": [], "absorber_prisms": [[10.862, -17.8911, 5.1265, 14.862, -13.8911, 11.1265]], "line_of_sight": [[0, 0, 0, 0, 0, 498]]}