{
"time_step": 1e-05,
"number_of_molecules": 500000,
"diff_coef": 350,
"sim_time": 1.71905,
"absorbers": [
[10.299,-16.4021,-8.11811,4],
[-9.27125,-1.91717,19.8587,5],
[7.10178,13.6521,15.7221,3],
[1.06116,10.9042,-0.985805,5]
],
"reflectors": [
],
"reflector_prisms": [
],
"absorber_prisms": [
[-4.1808,8.36185,5.49459,0.819204,11.3619,9.49459]
]
}