{
"time_step": 1e-05,
"number_of_molecules": 500000,
"diff_coef": 50,
"sim_time": 4.8,
"absorbers": [
[-16.561,6.71539,2.15293,6],
[7.49658,7.91049,1.49181,6],
[5.45729,-2.99845,-10.258,6]
],
"reflectors": [
[-4.78917,5.7047,17.4791,4]
],
"reflector_prisms": [
[-0.554428,-2.62971,-19.4907,1.44557,3.37029,-16.4907]
],
"absorber_prisms": [
]
}