{"time_step": 1e-05, "number_of_molecules": 500000, "diff_coef": 100, "sim_time": 3.26667, "absorbers": [[-1.30492, -1.51289, 19.9, 6], [-1.41637, 9.08711, 6.03477, 6]], "reflectors": [[14.7938, 10.1867, -1.17348, 6]], "reflector_prisms": [], "absorber_prisms": [], "line_of_sight": [[0, 0, 0, 0, 0, 501], [0, 0, 0, 0, 0, 503]]}