{"time_step": 1e-05, "number_of_molecules": 500000, "diff_coef": 300, "sim_time": 2.00556, "absorbers": [[12.395, 3.22406, -2.22925, 6], [-2.80228, 16.5634, -6.46542, 6], [12.9046, 3.27472, 16.2403, 6], [-2.37799, -8.08257, -12.4104, 7], [4.73585, 3.84491, 22.1763, 4], [5.56124, -13.2456, 4.31589, 7]], "reflectors": [[5.1222, 2.16239, 7.07723, 4], [-3.41531, -10.7178, 12.7461, 4], [-14.7837, 11.8506, 1.41617, 5]], "reflector_prisms": [], "absorber_prisms": [], "line_of_sight": [[0, 0, 0, 0, 0, 501], [367, 367, 0, 0, 0, 499], [500, 142, 500, 0, 0, 500], [187, 133, 162, 0, 0, 501], [412, 350, 282, 0, 0, 494], [203, 144, 59, 0, 0, 504]]}