{"time_step": 1e-05, "number_of_molecules": 500000, "diff_coef": 50, "sim_time": 6.53333, "absorbers": [[-16.4877, 6.52239, 3.10074, 4], [-5.59933, 3.01213, 6.36982, 3]], "reflectors": [[2.35277, -14.4245, -16.4438, 4]], "reflector_prisms": [], "absorber_prisms": [[-21.959, 1.3946, 3.53857, -15.959, 6.3946, 6.53857], [-10.5976, -6.25778, -2.20039, -4.59764, -3.25778, 3.79961]], "line_of_sight": [[28, 0, 0, 28, 0, 500], [0, 0, 0, 0, 0, 503]]}