{"time_step": 1e-05, "number_of_molecules": 500000, "diff_coef": 250, "sim_time": 1.92667, "absorbers": [[0.157434, 0.63616, 19.9893, 3]], "reflectors": [], "reflector_prisms": [[-8.57291, -0.461258, 5.59526, -2.57291, 5.53874, 7.59526], [-7.16005, -0.564022, -11.7971, -4.16005, 5.43598, -8.79708], [-0.491972, -5.10956, 4.09214, 4.50803, -1.10956, 10.0921]], "absorber_prisms": [[-19.22, -4.14896, -3.1053, -17.22, -2.14896, 1.8947], [-14.9633, -11.2213, -5.52751, -9.96325, -9.22125, -1.52751]], "line_of_sight": [[20, 0, 0, 0, 20, 497]]}