{"time_step": 1e-05, "number_of_molecules": 500000, "diff_coef": 200, "sim_time": 2.7, "absorbers": [[-16.5086, -1.7926, 6.94631, 2], [-5.4637, 12.1023, 19.992, 6]], "reflectors": [], "reflector_prisms": [[1.25506, -1.17207, -15.6124, 5.25506, 1.82793, -11.6124], [17.6265, -3.77354, 5.63123, 23.6265, -1.77354, 8.63123], [7.88205, -7.65968, -9.33033, 11.8821, -4.65968, -4.33033], [13.6953, 6.60332, -10.7999, 18.6953, 12.6033, -7.79993]], "absorber_prisms": [], "line_of_sight": [[0, 0, 0, 0, 0, 500], [0, 0, 0, 0, 0, 499]]}