{
"time_step": 1e-05,
"number_of_molecules": 500000,
"diff_coef": 150,
"sim_time": 4.01111,
"absorbers": [
[-10.3809,-7.34266,21.5249,6],
[-8.35599,12.3121,-1.89458,3],
[7.74496,4.04972,-15.7358,5],
[-5.77983,-16.8786,-12.8727,5],
[11.2273,-3.14347,18.6565,5],
[1.02182,-8.52759,2.69,4],
[16.3636,-11.7802,11.0661,6],
[1.18223,0.0847662,18.963,4]
],
"reflectors": [
[0.909421,14.1414,-4.91862,6],
[-14.6952,10.606,5.70661,6],
[-11.3916,0.70695,9.73302,4],
[-2.00264,-8.19528,-20.3181,5],
[0.409849,-8.507,-11.1114,3],
[1.80179,-4.92916,10.7915,3],
[11.4979,1.90078,10.9629,3]
],
"reflector_prisms": [
],
"absorber_prisms": [
]
}