{"time_step": 1e-05, "number_of_molecules": 500000, "diff_coef": 150, "sim_time": 2.84444, "absorbers": [[-3.05174, 8.773, 15.4182, 2]], "reflectors": [], "reflector_prisms": [], "absorber_prisms": [[10.1206, -4.79214, 14.9115, 15.1206, -0.792142, 16.9115], [-17.5205, -11.5564, -11.6698, -12.5205, -8.55639, -7.66977], [13.427, -2.49753, -2.37751, 17.427, -0.49753, 2.62249], [-11.9285, 5.85072, -2.16926, -7.92851, 10.8507, 3.83074], [-14.2023, 10.9653, 5.2868, -9.20232, 13.9653, 11.2868]], "line_of_sight": [[0, 0, 0, 0, 0, 497]]}