{
"time_step": 1e-05,
"number_of_molecules": 500000,
"diff_coef": 250,
"sim_time": 0.54,
"absorbers": [
[-0.347792,-0.148306,-11.994,3]
],
"reflectors": [
[-9.0674,-1.0732,-18.9111,4],
[0.906594,-5.87131,-21.1827,3]
],
"reflector_prisms": [
],
"absorber_prisms": [
[16.6615,-6.31766,-5.46822,18.6615,-1.31766,-2.46822],
[8.87744,11.2496,-7.10351,13.8774,15.2496,-5.10351]
]
}