{"time_step": 1e-05, "number_of_molecules": 500000, "diff_coef": 400, "sim_time": 1.06667, "absorbers": [[-7.88427, -13.8024, -8.44586, 2]], "reflectors": [[-6.20601, -4.50755, -10.4961, 3], [-5.34851, 15.6143, -4.07268, 2], [0.00290164, 0.0151909, 11, 3]], "reflector_prisms": [], "absorber_prisms": [[-1.75351, 5.63432, -8.9783, 2.24649, 7.63432, -5.9783], [6.41595, 13.4485, -11.6604, 9.41595, 18.4485, -8.66036]], "line_of_sight": [[0, 0, 0, 0, 0, 498]]}