{"time_step": 1e-05, "number_of_molecules": 500000, "diff_coef": 100, "sim_time": 5.4, "absorbers": [[-8.16961, 5.633, -8.39802, 5], [-8.26343, -2.18388, 12.3267, 5], [1.52483, -1.67321, 20.8776, 7], [10.9906, 7.15889, -18.8933, 5], [12.3136, 18.1545, -1.67001, 7], [-10.4512, -2.98635, 1.68958, 5]], "reflectors": [[3.27531, -1.85063, -10.3367, 5], [-2.56111, -11.5705, -14.8514, 5]], "reflector_prisms": [], "absorber_prisms": [], "line_of_sight": [[0, 0, 0, 0, 0, 500], [337, 146, 226, 0, 0, 495], [212, 18, 212, 0, 0, 501], [375, 375, 164, 0, 0, 499], [79, 79, 0, 0, 0, 500], [56, 56, 0, 0, 0, 499]]}