{
"time_step": 1e-05,
"number_of_molecules": 500000,
"diff_coef": 200,
"sim_time": 1.63333,
"absorbers": [
[11.569,12.3966,-1.2171,3]
],
"reflectors": [
[6.39876,-12.0315,8.38444,2],
[-21.0956,-3.36428,5.25913,5]
],
"reflector_prisms": [
],
"absorber_prisms": [
[-10.3958,7.3638,16.2807,-4.39582,11.3638,18.2807],
[3.1328,5.19421,18.5342,6.1328,10.1942,20.5342]
]
}