{
"time_step": 1e-05,
"number_of_molecules": 500000,
"diff_coef": 50,
"sim_time": 12.0333,
"absorbers": [
[-13.0709,5.77305,-21.7215,7],
[6.59306,12.2576,9.76127,4]
],
"reflectors": [
],
"reflector_prisms": [
],
"absorber_prisms": [
]
}