{"time_step": 1e-05, "number_of_molecules": 500000, "diff_coef": 350, "sim_time": 0.57619, "absorbers": [[1.40588, 10.3131, -5.97181, 6], [-4.67684, 10.968, 9.10113, 7], [4.95511, -16.7272, -4.43238, 7], [-10.5029, -2.97955, 8.7642, 6]], "reflectors": [[-10.4181, -20.4068, -2.0065, 7], [-5.96522, -6.192, -6.86114, 5], [17.207, 8.07592, -6.22091, 7]], "reflector_prisms": [], "absorber_prisms": [], "line_of_sight": [[100, 40, 60, 0, 0, 501], [193, 157, 36, 0, 0, 496], [264, 264, 0, 0, 0, 500], [166, 13, 153, 0, 0, 499]]}