{"time_step": 1e-05, "number_of_molecules": 500000, "diff_coef": 100, "sim_time": 4.81667, "absorbers": [[-9.43, -10.2591, 1.35168, 3], [-10.6418, -4.30257, -17.5852, 5], [-0.320067, -0.230005, -22.9966, 6], [5.12048, -3.94983, 15.7219, 4]], "reflectors": [[0.282447, -4.21664, -11.2312, 2], [-15.7301, -12.8189, 5.40729, 2], [-14.7216, -2.87256, -0.147119, 3], [11.5013, 1.50039, 7.84016, 6], [15.5372, -15.1112, 3.7744, 6], [-8.52058, -16.8309, -2.26285, 3]], "reflector_prisms": [], "absorber_prisms": [], "line_of_sight": [[90, 0, 90, 0, 0, 503], [222, 0, 222, 0, 0, 499], [148, 89, 59, 0, 0, 499], [102, 102, 0, 0, 0, 499]]}