{"time_step": 1e-05, "number_of_molecules": 500000, "diff_coef": 50, "sim_time": 12.0333, "absorbers": [[5.79355, -21.3568, -6.27085, 6], [-8.69062, -7.51537, 3.463, 4], [-13.0356, 8.34886, 4.0459, 4], [-2.54635, 0.568312, -8.61354, 4], [4.52923, 1.45022, 14.2261, 6], [-6.34728, -4.26204, 10.5141, 4], [-18.8438, 9.53474, -9.1104, 4]], "reflectors": [[1.80221, 0.939312, -22.91, 7]], "reflector_prisms": [], "absorber_prisms": [], "line_of_sight": [[0, 0, 0, 0, 0, 499], [0, 0, 0, 0, 0, 500], [0, 0, 0, 0, 0, 499], [314, 226, 130, 0, 0, 499], [334, 326, 126, 0, 0, 500], [62, 0, 62, 0, 0, 502], [0, 0, 0, 0, 0, 501]]}