{"time_step": 1e-05, "number_of_molecules": 500000, "diff_coef": 200, "sim_time": 3.00833, "absorbers": [[8.17054, -22.7742, 6.29118, 6]], "reflectors": [], "reflector_prisms": [], "absorber_prisms": [[-0.210336, -4.89528, -11.1142, 3.78966, 1.10472, -6.11423], [-15.0027, -7.88873, 15.0238, -9.00275, -1.88873, 18.0238], [0.397097, -9.24797, -19.0593, 2.3971, -7.24797, -15.0593]], "line_of_sight": [[0, 0, 0, 0, 0, 499]]}