{"time_step": 1e-05, "number_of_molecules": 500000, "diff_coef": 50, "sim_time": 8.53333, "absorbers": [[12.0595, -3.63778, 15.535, 4]], "reflectors": [[-12.4129, 6.49163, 20.7069, 6], [-1.02119, -16.7496, -2.72205, 3], [6.44357, -4.01337, -4.83459, 4]], "reflector_prisms": [], "absorber_prisms": [[10.9641, -15.3213, -4.31775, 15.9641, -12.3213, -1.31775]], "line_of_sight": [[0, 0, 0, 0, 0, 502]]}