{
"time_step": 1e-05,
"number_of_molecules": 500000,
"diff_coef": 350,
"sim_time": 1.07143,
"absorbers": [
[-2.71134,5.58468,11.4219,2],
[-0.352142,2.24052,-18.8641,4]
],
"reflectors": [
[7.76641,1.28909,20.5432,6],
[1.66963,-0.855002,6.74398,2],
[-3.90884,-10.279,0.251259,6]
],
"reflector_prisms": [
],
"absorber_prisms": [
]
}