{"time_step": 1e-05, "number_of_molecules": 500000, "diff_coef": 400, "sim_time": 1.06667, "absorbers": [[-2.11016, 0.858875, 14.826, 2], [10.9345, -13.9314, -11.285, 5]], "reflectors": [], "reflector_prisms": [[-8.01899, -7.56123, -7.35575, -6.01899, -5.56123, -3.35575], [-10.5666, -2.98022, 3.22871, -7.56657, 3.01978, 9.22871], [-14.2035, -6.79124, -17.2746, -9.20349, -1.79124, -15.2746], [-0.0522072, -8.39005, -7.5651, 4.94779, -5.39005, -4.5651]], "absorber_prisms": [], "line_of_sight": [[0, 0, 0, 0, 0, 500], [198, 0, 0, 0, 198, 503]]}