{
"time_step": 1e-05,
"number_of_molecules": 500000,
"diff_coef": 150,
"sim_time": 3.6,
"absorbers": [
[1.55271,-12.7069,-15.3663,2]
],
"reflectors": [
],
"reflector_prisms": [
[-4.57795,-10.3924,15.0322,-0.577949,-5.39243,18.0322]
],
"absorber_prisms": [
[-14.9438,-2.13101,13.307,-11.9438,1.86899,16.307]
]
}