{"time_step": 1e-05, "number_of_molecules": 500000, "diff_coef": 150, "sim_time": 4.01111, "absorbers": [[-0.618337, -0.24863, 10.9798, 5], [6.3161, 5.34105, 22.5295, 7], [14.6552, 10.0742, -17.5708, 6], [-5.42844, -7.17077, 0.334808, 4]], "reflectors": [[4.55064, 12.6087, 6.73153, 7], [0.416655, -11.8573, -5.31338, 4], [-9.55535, -2.77171, 16.1868, 4], [-19.9622, 11.302, 1.66564, 4]], "reflector_prisms": [], "absorber_prisms": [], "line_of_sight": [[181, 113, 68, 0, 0, 497], [251, 251, 0, 0, 0, 501], [111, 0, 111, 0, 0, 499], [156, 0, 156, 0, 0, 498]]}