{
"time_step": 1e-05,
"number_of_molecules": 500000,
"diff_coef": 50,
"sim_time": 12.0333,
"absorbers": [
[0.199934,-11.4861,9.64516,6],
[-0.510116,2.35165,-10.7336,6],
[-5.17777,4.71692,5.65167,3],
[-3.3184,-20.7303,0.492719,2]
],
"reflectors": [
],
"reflector_prisms": [
[-9.1327,-0.149403,16.4464,-3.1327,3.8506,21.4464]
],
"absorber_prisms": [
]
}