{
"time_step": 1e-05,
"number_of_molecules": 500000,
"diff_coef": 300,
"sim_time": 0.672222,
"absorbers": [
[2.01291,10.9615,6.69279,2]
],
"reflectors": [
],
"reflector_prisms": [
[4.09371,0.735144,2.72431,6.09371,2.73514,7.72431],
[-10.7087,5.02392,7.78151,-4.70867,9.02392,13.7815],
[-15.7644,-2.42741,-14.6574,-9.76443,0.572593,-10.6574]
],
"absorber_prisms": [
]
}