{"time_step": 1e-05, "number_of_molecules": 500000, "diff_coef": 300, "sim_time": 1.25, "absorbers": [[2.62967, 3.30727, 9.06349, 5], [0.350079, -0.185423, -10.9929, 5], [5.58302, -0.616097, 20.2349, 6]], "reflectors": [[-7.12931, 7.91481, -2.74385, 5]], "reflector_prisms": [], "absorber_prisms": [[14.724, -10.5274, 3.89868, 18.724, -6.52742, 9.89868]], "line_of_sight": [[204, 287, 0, 0, 0, 501], [246, 335, 0, 0, 0, 500], [437, 667, 0, 0, 0, 500]]}