{
"time_step": 1e-05,
"number_of_molecules": 500000,
"diff_coef": 400,
"sim_time": 1.35,
"absorbers": [
[-0.668789,-6.2315,-9.03997,4],
[-9.41719,8.93611,-0.680147,4],
[-1.07976,0.559904,-16.9564,5],
[-14.6499,-8.8458,12.1709,4],
[-10.2037,16.4,12.4869,5]
],
"reflectors": [
],
"reflector_prisms": [
],
"absorber_prisms": [
]
}