{"time_step": 1e-05, "number_of_molecules": 500000, "diff_coef": 50, "sim_time": 8.53333, "absorbers": [[-0.274017, 0.977843, 13.9631, 5], [4.80279, -3.22656, -8.15614, 3], [9.29031, -1.46789, 16.5086, 5], [4.32396, -20.293, -3.24, 5], [1.38045, 2.46064, -14.7323, 6], [-9.18122, 11.1827, 3.95636, 4], [-20.3836, -5.06776, -6.54435, 6], [-4.6418, -14.2469, 0.692383, 6]], "reflectors": [[-21.0554, 7.7075, 8.55939, 6], [-8.58128, 9.48365, -5.69403, 3], [5.59652, 8.04024, 10.0017, 5], [-10.3487, -1.56924, 18.2055, 5], [-2.18963, -14.0742, -16.7667, 3], [8.90077, 6.63249, -4.55922, 5]], "reflector_prisms": [], "absorber_prisms": [], "line_of_sight": [[350, 383, 53, 0, 0, 501], [160, 136, 88, 0, 0, 499], [100, 142, 0, 0, 0, 498], [127, 127, 0, 0, 0, 501], [311, 284, 94, 0, 0, 500], [41, 31, 10, 0, 0, 507], [0, 0, 0, 0, 0, 498], [137, 49, 88, 0, 0, 500]]}