{"time_step": 1e-05, "number_of_molecules": 500000, "diff_coef": 400, "sim_time": 0.3375, "absorbers": [[2.65308, -6.05344, -8.79301, 2]], "reflectors": [[-6.04454, -12.5254, 12.9452, 5]], "reflector_prisms": [[11.7139, 1.71501, 0.948976, 16.7139, 3.71501, 6.94898]], "absorber_prisms": [[-13.7126, 5.35919, 1.84816, -9.71263, 9.35919, 6.84816], [-9.36327, 2.31456, -6.67903, -3.36327, 6.31456, -2.67903]], "line_of_sight": [[0, 0, 0, 0, 0, 499]]}