{
"time_step": 1e-05,
"number_of_molecules": 500000,
"diff_coef": 400,
"sim_time": 1.50417,
"absorbers": [
[2.68093,6.00686,6.14249,4],
[-5.98328,-2.30945,16.8186,7],
[6.29391,-14.7074,0.281441,6],
[0.16537,-0.150922,-16.9985,7],
[-16.0616,13.3347,-2.28237,5],
[7.55677,-3.53217,22.5038,5]
],
"reflectors": [
],
"reflector_prisms": [
],
"absorber_prisms": [
]
}