{"time_step": 1e-05, "number_of_molecules": 500000, "diff_coef": 150, "sim_time": 3.6, "absorbers": [[-12.0013, -2.69665, 11.7344, 4], [0.771778, -1.67134, 11.858, 7], [13.5616, 17.8463, 8.5786, 7], [-9.82882, -4.8151, 1.0996, 5], [13.0011, 4.13654, 19.7449, 6], [12.7436, 7.89693, -0.488361, 4]], "reflectors": [[4.16933, -0.475045, -23.6303, 7], [-17.6334, -0.243509, -3.60586, 5], [21.6539, 1.38594, -7.62802, 7]], "reflector_prisms": [], "absorber_prisms": [], "line_of_sight": [[121, 39, 95, 0, 0, 497], [104, 71, 33, 0, 0, 496], [96, 126, 0, 0, 0, 495], [287, 101, 201, 0, 0, 500], [243, 243, 0, 0, 0, 501], [498, 531, 13, 0, 0, 498]]}