{
"time_step": 1e-05,
"number_of_molecules": 500000,
"diff_coef": 150,
"sim_time": 0.277778,
"absorbers": [
[4.0333,7.34751,-3.2782,4]
],
"reflectors": [
],
"reflector_prisms": [
[-14.6386,-8.6095,-9.35048,-9.63859,-3.6095,-3.35048]
],
"absorber_prisms": [
[-11.74,-5.23044,13.0959,-5.74003,-2.23044,15.0959],
[-1.45948,4.47525,14.9731,0.540521,7.47525,18.9731],
[0.667268,-0.409251,-10.8898,5.66727,2.59075,-6.88981]
]
}