{
"time_step": 1e-05,
"number_of_molecules": 500000,
"diff_coef": 200,
"sim_time": 1.875,
"absorbers": [
[0.731415,-10.908,-17.9299,6],
[17.7962,-6.60557,-0.814044,6]
],
"reflectors": [
],
"reflector_prisms": [
],
"absorber_prisms": [
[-2.56264,-0.730889,-11.496,2.43736,1.26911,-7.49598],
[-7.79209,-2.5242,-6.42243,-3.79209,0.475803,-4.42243],
[-12.7689,11.6005,3.30188,-8.76888,15.6005,6.30188]
]
}