{"time_step": 1e-05, "number_of_molecules": 500000, "diff_coef": 50, "sim_time": 2.7, "absorbers": [[-4.59821, 11.8475, 2.73736, 4]], "reflectors": [[10.5931, -3.56959, -12.808, 2], [-8.59264, 2.56409, -4.42628, 5], [16.6231, 0.631389, -11.1029, 3]], "reflector_prisms": [], "absorber_prisms": [], "line_of_sight": [[0, 0, 0, 0, 0, 501]]}