{
"time_step": 1e-05,
"number_of_molecules": 500000,
"diff_coef": 250,
"sim_time": 0.326667,
"absorbers": [
[2.52871,-8.05817,5.35458,3]
],
"reflectors": [
[-5.36216,-7.65955,-5.7947,2]
],
"reflector_prisms": [
[-12.3449,2.01652,-9.59565,-6.34495,6.01652,-6.59565],
[-2.97908,9.81955,0.389322,0.0209182,12.8195,2.38932]
],
"absorber_prisms": [
]
}