{"time_step": 1e-05, "number_of_molecules": 500000, "diff_coef": 150, "sim_time": 0.544444, "absorbers": [[-8.11148, -6.87768, -2.81093, 4]], "reflectors": [[-5.78165, 7.85, 8.59942, 6], [12.0783, -3.9083, 5.9025, 5]], "reflector_prisms": [[1.97295, -7.03872, -9.59747, 6.97295, -5.03872, -3.59747]], "absorber_prisms": [[8.50103, 2.95945, 2.12409, 12.501, 6.95945, 7.12409], [3.04288, -5.23478, 14.4789, 8.04288, 0.76522, 19.4789]], "line_of_sight": [[0, 0, 0, 0, 0, 501]]}