{
"time_step": 1e-05,
"number_of_molecules": 500000,
"diff_coef": 400,
"sim_time": 1.06667,
"absorbers": [
[15.4928,-8.72876,-6.69189,3],
[-2.08901,11.578,-7.58848,6]
],
"reflectors": [
[3.1302,5.10025,-3.6317,2]
],
"reflector_prisms": [
],
"absorber_prisms": [
[12.2173,2.58045,14.8344,16.2173,8.58045,16.8344],
[-5.18353,1.63208,-18.5196,-1.18353,3.63208,-16.5196],
[5.93546,0.900428,-11.1127,9.93546,6.90043,-5.11266]
]
}