{"time_step": 1e-05, "number_of_molecules": 500000, "diff_coef": 150, "sim_time": 1.11111, "absorbers": [[-2.47017, 7.27457, -12.8833, 5]], "reflectors": [], "reflector_prisms": [[-3.00141, -2.55356, -8.97178, 1.99859, 3.44644, -6.97178]], "absorber_prisms": [], "line_of_sight": [[174, 0, 0, 0, 174, 498]]}