{
"time_step": 1e-05,
"number_of_molecules": 500000,
"diff_coef": 400,
"sim_time": 1.06667,
"absorbers": [
[-3.7387,-7.48232,19.2623,5]
],
"reflectors": [
[-8.10454,-12.2834,-2.90424,3],
[-17.7596,1.73961,-2.35985,2]
],
"reflector_prisms": [
[2.4406,0.490266,11.5068,4.4406,2.49027,16.5068]
],
"absorber_prisms": [
[-14.8911,14.0939,0.959881,-12.8911,19.0939,6.95988]
]
}