{"time_step": 1e-05, "number_of_molecules": 500000, "diff_coef": 50, "sim_time": 10.8, "absorbers": [[4.99617, -9.27803, -3.15538, 4], [1.99077, 3.57049, -16.5012, 6], [6.96863, 4.434, 5.63719, 5], [-4.02343, -3.30092, 9.69102, 6], [-0.200891, -6.02959, -22.1947, 5], [-11.0333, -6.59961, -7.72736, 4], [15.2724, -3.10626, 3.6199, 3]], "reflectors": [[11.2407, 17.3128, -3.86177, 6], [-13.8614, -5.1359, 2.54662, 6], [-1.03955, -0.398953, -8.93085, 3], [11.938, -4.25007, -2.90205, 3], [-2.65973, 12.4757, 12.6997, 5]], "reflector_prisms": [], "absorber_prisms": [], "line_of_sight": [[64, 0, 64, 0, 0, 497], [488, 458, 173, 0, 0, 501], [97, 20, 77, 0, 0, 501], [159, 150, 117, 0, 0, 497], [313, 207, 298, 0, 0, 501], [498, 498, 0, 0, 0, 498], [0, 0, 0, 0, 0, 501]]}