{
"time_step": 1e-05,
"number_of_molecules": 500000,
"diff_coef": 300,
"sim_time": 1.60556,
"absorbers": [
[3.61143,-10.1659,11.8158,3],
[-2.2468,-2.43959,10.4881,2],
[-9.84358,2.95958,10.9245,6],
[-2.98077,4.33238,-16.1662,3],
[11.9147,9.67362,12.8242,3],
[-1.80525,3.05254,19.6831,4],
[-0.214765,0.89061,-7.94737,3]
],
"reflectors": [
[-10.6676,8.20967,-19.8697,5],
[-4.52865,-20.2136,-3.44979,2],
[-2.44883,-8.38875,-10.9376,6],
[10.3329,10.4051,3.1568,6],
[2.49138,6.19408,-20.9625,3],
[-9.11525,7.63958,-10.7028,4],
[-12.3333,-10.5791,-7.74421,2]
],
"reflector_prisms": [
],
"absorber_prisms": [
]
}