{
"time_step": 1e-05,
"number_of_molecules": 500000,
"diff_coef": 400,
"sim_time": 1.50417,
"absorbers": [
[-0.358728,11.3391,-8.20339,7],
[-15.3495,17.6265,5.44965,5],
[4.5243,0.790448,-8.8829,4],
[4.56563,-7.66698,13.2805,6],
[-13.3211,-15.4306,-8.27327,4],
[-20.5482,-6.09311,8.3454,6]
],
"reflectors": [
],
"reflector_prisms": [
],
"absorber_prisms": [
]
}