{
"time_step": 1e-05,
"number_of_molecules": 500000,
"diff_coef": 100,
"sim_time": 4.81667,
"absorbers": [
[-13.6274,-11.7398,-10.8385,4]
],
"reflectors": [
[-10.2022,3.64956,-1.89647,6]
],
"reflector_prisms": [
[8.69889,-5.87468,3.3244,14.6989,-2.87468,9.3244]
],
"absorber_prisms": [
[0.934307,-18.6541,-0.471101,4.93431,-12.6541,3.5289]
]
}