{
"time_step": 1e-05,
"number_of_molecules": 500000,
"diff_coef": 400,
"sim_time": 0.416667,
"absorbers": [
[-6.58414,5.55747,-11.0347,4]
],
"reflectors": [
[20.8721,8.44585,-8.3079,6],
[0.689391,-6.71888,14.5045,2]
],
"reflector_prisms": [
[-1.07757,-4.69365,-13.3796,0.922434,1.30635,-10.3796],
[3.28367,-0.520996,5.97536,9.28367,2.479,11.9754],
[-12.3117,-10.9474,-5.37393,-6.31165,-4.94744,-3.37393]
],
"absorber_prisms": [
]
}