{"time_step": 1e-05, "number_of_molecules": 500000, "diff_coef": 150, "sim_time": 2.84444, "absorbers": [[4.79774, -18.9527, -4.21607, 4]], "reflectors": [], "reflector_prisms": [[9.32416, -15.0578, -0.231326, 15.3242, -11.0578, 2.76867]], "absorber_prisms": [[13.9604, -9.88273, -9.08582, 19.9604, -5.88273, -5.08582], [-0.916609, -6.66631, -9.93188, 4.08339, -0.666312, -3.93188], [-4.26484, 5.28414, -19.2871, -0.26484, 7.28414, -16.2871]], "line_of_sight": [[0, 0, 0, 0, 0, 497]]}