{"time_step": 1e-05, "number_of_molecules": 500000, "diff_coef": 150, "sim_time": 4.01111, "absorbers": [[2.58374, 3.18645, -17.5263, 7], [1.41032, 22.937, 0.951866, 5], [9.64169, -9.09807, -10.6425, 6], [-13.686, -5.43396, 20.2031, 7], [9.12314, -2.1814, 3.46552, 4], [-2.1232, 4.62518, 25.4971, 7]], "reflectors": [[-9.46088, -2.62355, 1.89967, 5], [7.28854, -10.5297, 17.8886, 7], [-17.8065, 0.151884, -17.5473, 7], [-17.5128, -13.3684, 9.51779, 5], [-10.9967, 17.3189, 4.48651, 4]], "reflector_prisms": [], "absorber_prisms": [], "line_of_sight": [[301, 226, 75, 0, 0, 500], [0, 0, 0, 0, 0, 501], [28, 0, 28, 0, 0, 497], [232, 176, 56, 0, 0, 502], [217, 0, 217, 0, 0, 502], [231, 231, 0, 0, 0, 498]]}