{"time_step": 1e-05, "number_of_molecules": 500000, "diff_coef": 50, "sim_time": 7.5, "absorbers": [[8.91902, -6.14771, -7.18726, 6], [-3.90549, 5.83029, 17.6566, 5], [-5.29381, 16.6574, -4.30208, 3]], "reflectors": [], "reflector_prisms": [], "absorber_prisms": [[1.13716, -5.75181, 13.8613, 7.13716, -3.75181, 19.8613]], "line_of_sight": [[50, 50, 0, 0, 0, 503], [98, 98, 0, 0, 0, 500], [0, 0, 0, 0, 0, 502]]}