{"time_step": 1e-05, "number_of_molecules": 500000, "diff_coef": 400, "sim_time": 0.504167, "absorbers": [[-7.05676, -0.0499506, 12.0913, 3]], "reflectors": [[7.71397, -6.29697, 8.3572, 4]], "reflector_prisms": [], "absorber_prisms": [[-1.22303, -4.10212, 9.38449, 1.77697, 0.897882, 13.3845], [1.51814, -10.1368, -1.8465, 3.51814, -8.13684, 3.1535], [-1.50813, 8.57198, 5.78267, 2.49187, 10.572, 11.7827]], "line_of_sight": [[0, 0, 0, 0, 0, 500]]}