{"time_step": 1e-05, "number_of_molecules": 500000, "diff_coef": 250, "sim_time": 1.70667, "absorbers": [[-2.03077, 2.39452, -19.752, 4], [8.28451, -1.88519, 16.9945, 7], [-11.7745, 5.70181, -15.1278, 4]], "reflectors": [[1.81367, -8.93949, -10.6206, 7], [8.45471, -12.0853, 2.73194, 7], [-1.75679, -18.8956, 12.995, 4]], "reflector_prisms": [], "absorber_prisms": [], "line_of_sight": [[245, 245, 0, 0, 0, 499], [189, 189, 0, 0, 0, 498], [324, 324, 0, 0, 0, 500]]}