{
"time_step": 1e-05,
"number_of_molecules": 500000,
"diff_coef": 200,
"sim_time": 1.40833,
"absorbers": [
[0.221305,-15.7395,8.73039,5],
[2.76262,-10.6397,-0.405745,3]
],
"reflectors": [
],
"reflector_prisms": [
[-2.00853,14.2512,-10.9702,2.99147,19.2512,-8.97022],
[-5.41693,-9.49501,1.5378,0.583075,-4.49501,4.5378]
],
"absorber_prisms": [
[-5.67918,4.98884,-17.7546,-2.67918,9.98884,-12.7546]
]
}