{"time_step": 1e-05, "number_of_molecules": 500000, "diff_coef": 350, "sim_time": 1.54286, "absorbers": [[4.36746, -6.57494, 9.03855, 2], [-4.13161, 1.57518, 23.5892, 6]], "reflectors": [], "reflector_prisms": [[3.6869, 1.96856, 3.72931, 6.6869, 3.96856, 9.72931]], "absorber_prisms": [[-11.665, -1.19238, -17.5949, -9.66495, 2.80762, -12.5949]], "line_of_sight": [[0, 0, 0, 0, 0, 497], [0, 0, 0, 0, 0, 501]]}