{"time_step": 1e-05, "number_of_molecules": 500000, "diff_coef": 50, "sim_time": 10.8, "absorbers": [[-6.79149, -10.4801, 19.3143, 5], [-2.08164, 0.781809, -6.63744, 2], [-1.78605, -3.92936, 6.73574, 2], [3.75115, -1.37614, 13.4177, 4], [-6.64265, -16.6326, 6.34286, 5], [1.21656, -7.85032, 7.60871, 2], [0.584946, -7.17948, -10.8219, 3]], "reflectors": [[-3.50862, 0.0467056, 22.7308, 5], [18.024, 4.23732, -7.56169, 5], [-8.16977, -0.942314, -18.2309, 2], [-12.1546, -1.58582, 4.3303, 4], [-4.40477, 14.0896, -2.66122, 5]], "reflector_prisms": [], "absorber_prisms": [], "line_of_sight": [[368, 368, 0, 0, 0, 500], [367, 353, 81, 0, 0, 498], [239, 239, 0, 0, 0, 499], [402, 353, 107, 0, 0, 498], [0, 0, 0, 0, 0, 502], [9, 9, 0, 0, 0, 497], [0, 0, 0, 0, 0, 498]]}