{"time_step": 1e-05, "number_of_molecules": 500000, "diff_coef": 150, "sim_time": 4.01111, "absorbers": [[-2.38527, -1.14011, -20.8329, 2], [-5.6525, -0.703928, -6.96805, 2], [0.518338, -4.7217, 15.2786, 5], [-6.20327, 1.82501, 6.26009, 4], [-10.4381, -18.2069, 0.744665, 5], [5.37881, -17.0482, 8.96811, 2], [-1.21851, -20.8633, 11.8, 5], [4.44999, 1.92329, -6.36385, 3]], "reflectors": [[12.0892, 1.52342, 4.53099, 4], [8.01789, -3.48882, -15.7335, 6], [-5.81704, 1.52179, 20.1208, 2], [-7.31323, -2.77701, 1.67477, 2]], "reflector_prisms": [], "absorber_prisms": [], "line_of_sight": [[125, 125, 0, 0, 0, 502], [13, 0, 13, 0, 0, 499], [92, 92, 0, 0, 0, 500], [239, 137, 167, 0, 0, 494], [0, 0, 0, 0, 0, 500], [0, 0, 0, 0, 0, 503], [0, 0, 0, 0, 0, 500], [266, 239, 143, 0, 0, 500]]}