{
"time_step": 1e-05,
"number_of_molecules": 500000,
"diff_coef": 400,
"sim_time": 0.9375,
"absorbers": [
[-6.4846,-1.73788,17.7744,4],
[6.97589,-5.53122,-13.2945,2]
],
"reflectors": [
],
"reflector_prisms": [
[1.58224,5.21484,-17.0085,6.58224,8.21484,-12.0085]
],
"absorber_prisms": [
[-11.5472,1.53765,-16.4746,-8.54719,7.53765,-14.4746],
[11.315,4.40193,-13.9074,15.315,7.40193,-8.9074],
[-19.9559,-6.33474,-6.15918,-17.9559,-3.33474,-2.15918]
]
}