{"time_step": 1e-05, "number_of_molecules": 500000, "diff_coef": 100, "sim_time": 1.66667, "absorbers": [[3.66326, -9.52974, -6.30591, 2]], "reflectors": [[0.0979383, 0.298656, 12.9962, 6], [-17.505, -12.8231, -3.62523, 6], [-5.29308, 5.63901, 6.33915, 2], [-1.07975, -0.416387, -16.9606, 5], [-18.3052, 5.05142, 0.634607, 4]], "reflector_prisms": [], "absorber_prisms": [], "line_of_sight": [[41, 0, 41, 0, 0, 503]]}