{"time_step": 1e-05, "number_of_molecules": 500000, "diff_coef": 250, "sim_time": 0.96, "absorbers": [[-2.9506, -0.518501, -17.7489, 6]], "reflectors": [], "reflector_prisms": [[-11.2603, 3.15011, -13.1911, -7.26026, 6.15011, -11.1911], [5.10522, 4.17306, 2.83354, 7.10522, 9.17306, 7.83354], [16.376, 4.95657, -6.00803, 19.376, 8.95657, -1.00803]], "absorber_prisms": [[13.7404, -4.8498, -2.79752, 19.7404, -0.849804, 1.20248], [5.54833, -4.65827, 14.2399, 8.54833, -0.658266, 16.2399]], "line_of_sight": [[0, 0, 0, 0, 0, 500]]}