{
"time_step": 1e-05,
"number_of_molecules": 500000,
"diff_coef": 250,
"sim_time": 2.40667,
"absorbers": [
[-8.82148,13.579,-13.3713,6],
[3.21375,-6.30554,7.06484,5],
[-1.5529,19.9189,6.46733,5],
[4.90967,9.44286,23.7219,7],
[-1.25627,-2.19221,-22.8608,5],
[-8.69725,-0.326139,-2.29163,4],
[-5.46794,-21.1935,-7.06676,5]
],
"reflectors": [
],
"reflector_prisms": [
],
"absorber_prisms": [
]
}