{"time_step": 1e-05, "number_of_molecules": 500000, "diff_coef": 350, "sim_time": 1.21905, "absorbers": [[-11.5253, -13.7164, 1.73999, 2], [1.96077, 2.1868, 8.50725, 4]], "reflectors": [], "reflector_prisms": [[6.23826, -18.6284, -0.0781518, 9.23826, -14.6284, 4.92185], [-3.28446, 9.92319, -13.6657, 2.71554, 13.9232, -7.66568]], "absorber_prisms": [[12.1446, 3.68218, 10.4225, 18.1446, 9.68218, 15.4225], [-0.105548, -12.3019, -9.5222, 3.89445, -7.30191, -5.5222]], "line_of_sight": [[0, 0, 0, 0, 0, 504], [0, 0, 0, 0, 0, 504]]}