{
"time_step": 1e-05,
"number_of_molecules": 500000,
"diff_coef": 150,
"sim_time": 4.01111,
"absorbers": [
[-1.32836,-5.0888,10.7861,4],
[4.54865,2.274,-19.3427,4],
[-0.388979,9.96473,-13.7678,6],
[-19.6021,-14.793,4.6826,6],
[4.82918,-13.0459,-17.0436,7],
[13.0498,3.10566,-8.72103,4]
],
"reflectors": [
],
"reflector_prisms": [
],
"absorber_prisms": [
]
}