{
"time_step": 1e-05,
"number_of_molecules": 500000,
"diff_coef": 300,
"sim_time": 1.8,
"absorbers": [
[2.20993,4.30109,19.4066,2]
],
"reflectors": [
],
"reflector_prisms": [
],
"absorber_prisms": [
[-15.6054,1.94741,-16.9859,-10.6054,3.94741,-13.9859],
[-11.0066,-11.4378,-0.418417,-9.0066,-9.43782,2.58158],
[-4.98292,3.419,-15.308,0.0170821,7.419,-13.308],
[8.0489,-6.47785,14.1895,14.0489,-1.47785,18.1895],
[-15.3199,-1.23389,12.4441,-9.31992,2.76611,16.4441]
]
}