{"time_step": 1e-05, "number_of_molecules": 500000, "diff_coef": 50, "sim_time": 10.8, "absorbers": [[1.54256, -10.1013, -20.6055, 5], [2.55368, 16.3622, 9.31438, 6], [0.517957, 12.8852, -5.45015, 4], [5.09175, -1.2247, 10.797, 5], [-6.70121, -13.6366, 5.01363, 7], [0.0697181, -0.241375, 22.9986, 5]], "reflectors": [[0.191611, 0.177687, -8.99621, 4], [-2.09923, 5.9246, -22.1245, 5], [15.7274, 16.6267, 2.28034, 4], [-9.52333, -2.83812, -1.1186, 5], [-16.5377, 7.87476, -8.03081, 6]], "reflector_prisms": [], "absorber_prisms": [], "line_of_sight": [[207, 0, 207, 0, 0, 502], [0, 0, 0, 0, 0, 502], [244, 244, 0, 0, 0, 500], [197, 77, 281, 0, 0, 498], [195, 117, 89, 0, 0, 503], [500, 201, 647, 0, 0, 500]]}