{
"time_step": 1e-05,
"number_of_molecules": 500000,
"diff_coef": 200,
"sim_time": 1.2,
"absorbers": [
[0.879436,-0.647938,17.9668,6],
[-4.96083,-2.00175,-8.44886,5]
],
"reflectors": [
],
"reflector_prisms": [
],
"absorber_prisms": [
]
}