{
"time_step": 1e-05,
"number_of_molecules": 500000,
"diff_coef": 200,
"sim_time": 2.7,
"absorbers": [
[0.108491,7.06347,-13.2324,2],
[17.0389,5.79383,0.327991,5],
[12.0253,1.5644,14.6269,3],
[-7.24872,6.61805,-4.96562,6],
[3.67233,-8.10634,-4.56085,2],
[-6.35122,-0.879081,18.9444,2],
[1.19695,-5.44359,7.06644,3],
[2.08026,15.9911,14.9652,4]
],
"reflectors": [
[-1.25501,-13.1119,-4.74387,4]
],
"reflector_prisms": [
],
"absorber_prisms": [
]
}