{"time_step": 1e-05, "number_of_molecules": 500000, "diff_coef": 200, "sim_time": 3.00833, "absorbers": [[6.62399, 3.43192, -6.65918, 4], [1.73748, -0.262523, 19.9227, 6], [-2.78149, 9.09216, -11.6015, 5], [-12.4397, 1.51169, 3.4595, 3], [3.59962, -7.11085, -0.691789, 2], [-15.2906, -11.4369, -12.8217, 5], [11.2501, -17.5795, -6.95683, 3]], "reflectors": [[5.21738, 12.7531, -20.8599, 6], [-3.69702, -11.3691, -7.28535, 6], [7.84027, 13.9358, 10.2627, 2], [11.6701, 9.00471, 18.94, 6], [1.79262, 17.4772, 16.3503, 6], [8.7052, -15.9512, -15.6774, 6]], "reflector_prisms": [], "absorber_prisms": [], "line_of_sight": [[64, 0, 64, 0, 0, 500], [0, 0, 0, 0, 0, 499], [90, 0, 90, 0, 0, 500], [0, 0, 0, 0, 0, 499], [80, 80, 0, 0, 0, 501], [256, 0, 289, 0, 0, 502], [210, 210, 0, 0, 0, 502]]}