{
"time_step": 1e-05,
"number_of_molecules": 500000,
"diff_coef": 350,
"sim_time": 0.804762,
"absorbers": [
[-13.4733,-7.23695,-7.42266,4],
[-0.428509,-14.2746,7.21473,4]
],
"reflectors": [
[-9.8126,1.28653,1.43445,3]
],
"reflector_prisms": [
],
"absorber_prisms": [
[-1.8578,5.38829,0.646553,0.142196,11.3883,5.64655]
]
}