{
"time_step": 1e-05,
"number_of_molecules": 500000,
"diff_coef": 100,
"sim_time": 3.26667,
"absorbers": [
[2.41803,-1.97149,-9.50086,4],
[9.01978,-3.97519,-16.2432,5],
[0.497963,-9.98705,0.103813,5],
[-2.17205,5.49372,13.7877,6],
[12.6759,12.6639,1.71693,6],
[2.64401,-9.5475,16.2128,5]
],
"reflectors": [
[-8.63429,16.7128,-2.67067,4],
[19.5245,2.97901,13.6353,6],
[-21.9464,-7.59964,9.25202,6],
[-4.19125,9.34804,-12.2901,6],
[-0.0908535,-0.0714078,24.9997,6]
],
"reflector_prisms": [
],
"absorber_prisms": [
]
}