{"time_step": 1e-05, "number_of_molecules": 500000, "diff_coef": 250, "sim_time": 1.92667, "absorbers": [[-0.832019, -1.89311, -7.72812, 2], [7.36892, 10.7095, 0.0746141, 6], [3.86881, 1.245, -13.3971, 6], [-13.3485, -10.2878, -2.23083, 5], [5.02828, 11.8468, 12.5845, 5], [0.723611, -1.8546, 9.79984, 5], [-0.649906, 5.35139, 18.2192, 2], [-4.17204, 2.7628, -7.48071, 2]], "reflectors": [[-1.30886, -11.3348, 3.71594, 3], [1.54251, -6.56373, -8.69127, 2], [-4.22253, 14.4994, -19.9233, 6], [-9.0211, -14.5623, -13.8043, 3], [-0.563282, -0.338142, 20.9897, 4], [-15.7215, -6.07503, 8.77089, 4]], "reflector_prisms": [], "absorber_prisms": [], "line_of_sight": [[326, 522, 107, 0, 0, 500], [184, 120, 64, 0, 0, 500], [255, 357, 60, 0, 0, 497], [310, 310, 0, 0, 0, 498], [94, 0, 94, 0, 0, 502], [404, 376, 95, 0, 0, 504], [501, 1054, 0, 0, 0, 501], [302, 302, 60, 0, 0, 498]]}