{"time_step": 1e-05, "number_of_molecules": 500000, "diff_coef": 400, "sim_time": 1.35, "absorbers": [[-2.87677, -0.968656, 7.40175, 3], [-3.42892, 17.8119, 5.65509, 5], [-6.50477, -15.1185, -13.043, 4], [5.93773, 2.61621, -18.9182, 2], [15.5537, 13.8927, 2.46481, 3], [-18.9953, -1.23391, 11.0298, 4], [-8.21125, -1.98291, -8.52312, 5]], "reflectors": [[-9.64402, 11.4315, -14.7415, 3], [12.2781, 1.33159, 6.59363, 4], [15.7106, -2.70625, -12.077, 4], [3.12024, -1.31737, 6.12606, 2], [22.2822, 5.35912, 1.9448, 5], [-2.11963, -2.53564, 16.6757, 3], [-5.96119, 9.04887, -1.89267, 5]], "reflector_prisms": [], "absorber_prisms": [], "line_of_sight": [[81, 8, 77, 0, 0, 500], [112, 0, 112, 0, 0, 505], [0, 0, 0, 0, 0, 499], [503, 503, 215, 0, 0, 503], [0, 0, 0, 0, 0, 501], [158, 0, 158, 0, 0, 500], [236, 0, 236, 0, 0, 501]]}