{
"time_step": 1e-05,
"number_of_molecules": 500000,
"diff_coef": 200,
"sim_time": 1.63333,
"absorbers": [
[2.99022,12.8974,-7.051,5],
[-4.93647,-10.4551,-3.21291,5],
[-11.6814,-5.08918,-12.714,7],
[-1.70021,-4.88486,9.70811,4],
[-2.4123,9.08371,-18.7794,7],
[6.29709,-4.71208,16.1908,5]
],
"reflectors": [
[-3.10933,2.34815,20.6354,5],
[11.9303,8.15969,-4.01088,4]
],
"reflector_prisms": [
],
"absorber_prisms": [
]
}