{
"time_step": 1e-05,
"number_of_molecules": 500000,
"diff_coef": 350,
"sim_time": 1.21905,
"absorbers": [
[-11.7438,11.1999,-11.6895,4],
[-3.78372,-6.8332,-15.0994,5],
[3.41447,-2.59173,13.3276,7]
],
"reflectors": [
[-0.600648,12.0308,7.13438,7]
],
"reflector_prisms": [
],
"absorber_prisms": [
]
}