{
"time_step": 1e-05,
"number_of_molecules": 500000,
"diff_coef": 400,
"sim_time": 1.06667,
"absorbers": [
[-4.80001,7.59973,13.2365,2],
[2.68679,-3.37728,20.5518,5],
[-0.185671,-0.0285459,8.99804,2],
[-4.05511,7.47406,-2.94865,4],
[7.04883,8.32087,8.77936,5],
[-15.8632,0.0133594,-2.08787,4],
[-0.0140329,-6.46976,6.25636,2]
],
"reflectors": [
[11.3373,13.9768,-0.339172,5],
[7.71898,-4.3175,8.11027,2]
],
"reflector_prisms": [
],
"absorber_prisms": [
]
}