{"time_step": 1e-05, "number_of_molecules": 500000, "diff_coef": 250, "sim_time": 1.92667, "absorbers": [[6.77846, 15.3446, 8.92159, 2], [-12.2941, 2.87851, 18.0158, 6]], "reflectors": [[-0.35878, -7.00845, -12.1142, 2]], "reflector_prisms": [[-5.00528, -9.32651, -9.03601, -0.00528412, -6.32651, -4.03601]], "absorber_prisms": [], "line_of_sight": [[0, 0, 0, 0, 0, 498], [0, 0, 0, 0, 0, 497]]}