{
"time_step": 1e-05,
"number_of_molecules": 500000,
"diff_coef": 100,
"sim_time": 3.75,
"absorbers": [
[-10.0712,-14.1594,-7.68653,4],
[14.3218,-0.31643,12.4814,7]
],
"reflectors": [
[8.82459,-11.7936,6.24808,4]
],
"reflector_prisms": [
],
"absorber_prisms": [
]
}