{
"time_step": 1e-05,
"number_of_molecules": 500000,
"diff_coef": 300,
"sim_time": 2.00556,
"absorbers": [
[-0.390405,0.280219,-22.995,4],
[-0.382104,-1.54145,-7.84079,2],
[-11.3203,21.6434,5.3305,6]
],
"reflectors": [
[12.6345,-5.42242,-2.63934,2]
],
"reflector_prisms": [
],
"absorber_prisms": [
[8.26503,4.77224,0.158592,10.265,7.77224,5.15859]
]
}