{
"time_step": 1e-05,
"number_of_molecules": 500000,
"diff_coef": 400,
"sim_time": 0.6,
"absorbers": [
[6.29344,1.87848,12.3638,5],
[0.549143,7.32236,-9.49112,5],
[-1.82541,-15.6701,-8.66698,6]
],
"reflectors": [
],
"reflector_prisms": [
[-9.08822,13.1342,8.73628,-7.08822,19.1342,12.7363],
[-4.989,-3.47947,10.7324,0.0109962,1.52053,15.7324]
],
"absorber_prisms": [
]
}