{
"time_step": 1e-05,
"number_of_molecules": 500000,
"diff_coef": 50,
"sim_time": 8.53333,
"absorbers": [
[3.8704,4.2381,-14.9351,4],
[1.7574,-3.31938,11.3971,5],
[15.0185,0.211182,11.6361,4],
[-9.55124,-1.36259,16.3682,4],
[-4.37956,18.9355,-12.299,7]
],
"reflectors": [
[-6.24509,6.75181,18.8789,5],
[-6.81705,19.2037,5.07396,5],
[-17.7693,6.37398,2.15022,5]
],
"reflector_prisms": [
],
"absorber_prisms": [
]
}