{"time_step": 1e-05, "number_of_molecules": 500000, "diff_coef": 100, "sim_time": 4.81667, "absorbers": [[11.5596, -10.0752, -14.348, 4]], "reflectors": [[-5.74257, 12.9031, -11.1594, 5], [-7.01176, 1.79271, -5.3499, 3]], "reflector_prisms": [[-19.1336, 1.98032, -13.1632, -17.1336, 3.98032, -7.16319]], "absorber_prisms": [[7.08049, -4.63383, 16.1539, 13.0805, -1.63383, 20.1539]], "line_of_sight": [[0, 0, 0, 0, 0, 496]]}