{"time_step": 1e-05, "number_of_molecules": 500000, "diff_coef": 300, "sim_time": 2.00556, "absorbers": [[-1.00895, -1.55447, -19.914, 5], [-3.7587, 15.2835, 16.7716, 4], [-8.33193, -7.36571, -15.4054, 2]], "reflectors": [[-18.2026, 5.05942, 2.01719, 2]], "reflector_prisms": [], "absorber_prisms": [[4.57512, -0.652972, -9.01432, 6.57512, 2.34703, -5.01432]], "line_of_sight": [[0, 0, 0, 0, 0, 498], [0, 0, 0, 0, 0, 500], [0, 0, 0, 0, 0, 498]]}