{"time_step": 1e-05, "number_of_molecules": 500000, "diff_coef": 300, "sim_time": 1.60556, "absorbers": [[-1.0783, -12.7595, 16.6443, 4]], "reflectors": [[-6.55222, -8.24629, -9.22318, 5], [-5.42391, 5.3373, 11.7514, 5], [1.41381, -10.8528, 10.2576, 2]], "reflector_prisms": [], "absorber_prisms": [[-11.6444, 3.47055, 8.78048, -7.64443, 5.47055, 13.7805], [10.2753, -15.3359, -5.36137, 12.2753, -11.3359, -3.36137]], "line_of_sight": [[96, 0, 96, 0, 0, 501]]}