{"time_step": 1e-05, "number_of_molecules": 500000, "diff_coef": 50, "sim_time": 10.8, "absorbers": [[-2.93533, -3.80813, -6.3939, 3], [-8.4874, 10.3581, 16.1763, 6], [-0.421173, -0.908733, 17.9721, 3], [-1.55213, 5.21647, -7.16794, 4], [2.06308, 1.24058, -22.8737, 5], [-10.5442, 3.20419, -4.74898, 3], [12.4118, 3.10067, 2.30959, 2], [-0.61656, 1.67205, 9.83992, 4]], "reflectors": [[-19.2841, 9.68922, 7.9525, 4], [14.9809, 8.70249, -9.99203, 6]], "reflector_prisms": [], "absorber_prisms": [], "line_of_sight": [[123, 123, 0, 0, 0, 497], [131, 131, 0, 0, 0, 502], [499, 975, 0, 0, 0, 499], [40, 68, 0, 0, 0, 501], [463, 669, 0, 0, 0, 499], [0, 0, 0, 0, 0, 495], [0, 0, 0, 0, 0, 501], [310, 358, 0, 0, 0, 505]]}