{
"time_step": 1e-05,
"number_of_molecules": 500000,
"diff_coef": 100,
"sim_time": 4.26667,
"absorbers": [
[2.86361,-11.9751,-10.2174,5],
[-1.19912,19.1313,-8.57651,5]
],
"reflectors": [
],
"reflector_prisms": [
],
"absorber_prisms": [
]
}