{"time_step": 1e-05, "number_of_molecules": 500000, "diff_coef": 400, "sim_time": 0.6, "absorbers": [[2.71951, -4.17969, 14.1469, 3]], "reflectors": [[-4.62645, 6.97583, 13.6358, 2], [20.3488, -2.38843, 4.60684, 4], [-6.70943, 17.7248, -1.34743, 4], [-5.71077, -6.63743, 4.83028, 4]], "reflector_prisms": [[-9.88877, -0.488959, 6.25408, -4.88877, 2.51104, 11.2541]], "absorber_prisms": [], "line_of_sight": [[0, 0, 0, 0, 0, 498]]}