{"time_step": 1e-05, "number_of_molecules": 500000, "diff_coef": 50, "sim_time": 3.33333, "absorbers": [[12.9951, -4.4619, 8.19868, 6]], "reflectors": [], "reflector_prisms": [[0.376839, 3.16684, 14.1627, 4.37684, 9.16684, 17.1627], [-7.33549, -4.4748, 17.6189, -4.33549, 1.5252, 22.6189], [-3.32664, -4.84067, 7.96785, -1.32664, 0.159329, 11.9678]], "absorber_prisms": [[9.09027, 4.2045, -3.74045, 13.0903, 8.2045, -1.74045]], "line_of_sight": [[0, 0, 0, 0, 0, 502]]}