{
"time_step": 1e-05,
"number_of_molecules": 500000,
"diff_coef": 200,
"sim_time": 3.00833,
"absorbers": [
[2.82443,4.24709,-9.74601,4],
[-0.0454864,8.93539,13.2724,3],
[-17.8129,-6.32634,-14.7878,5],
[-4.90977,13.4105,4.5882,4]
],
"reflectors": [
],
"reflector_prisms": [
],
"absorber_prisms": [
[10.9271,7.78082,-8.88073,13.9271,9.78082,-3.88073]
]
}