{"time_step": 1e-05, "number_of_molecules": 500000, "diff_coef": 250, "sim_time": 1.92667, "absorbers": [[1.22464, -5.81221, 10.4268, 5], [-2.09531, -8.07666, -21.4331, 6], [-8.20511, 7.27139, -0.896141, 6], [-1.8336, 6.4159, 14.5422, 4]], "reflectors": [], "reflector_prisms": [], "absorber_prisms": [], "line_of_sight": [[0, 0, 0, 0, 0, 501], [197, 197, 0, 0, 0, 500], [0, 0, 0, 0, 0, 498], [222, 222, 0, 0, 0, 501]]}