{
"time_step": 1e-05,
"number_of_molecules": 500000,
"diff_coef": 400,
"sim_time": 1.06667,
"absorbers": [
[1.12882,-9.18985,19.9568,6]
],
"reflectors": [
[4.80809,-8.64632,-9.90573,6],
[-10.4213,4.30894,-8.29639,2]
],
"reflector_prisms": [
],
"absorber_prisms": [
[-1.82695,-2.00144,7.94141,1.17305,-0.00144345,10.9414],
[-6.62337,-10.7358,-3.20593,-0.623372,-5.73582,2.79407]
]
}