{"time_step": 1e-05, "number_of_molecules": 500000, "diff_coef": 150, "sim_time": 2.17778, "absorbers": [[-13.6754, -14.586, -0.482588, 6], [5.21346, 0.676197, -17.2152, 4], [2.54932, -8.20904, -5.11005, 5], [12.3912, 13.954, -7.19332, 6]], "reflectors": [], "reflector_prisms": [], "absorber_prisms": [], "line_of_sight": [[136, 136, 0, 0, 0, 502], [0, 0, 0, 0, 0, 502], [0, 0, 0, 0, 0, 504], [136, 136, 0, 0, 0, 497]]}