{
"time_step": 1e-05,
"number_of_molecules": 500000,
"diff_coef": 250,
"sim_time": 0.326667,
"absorbers": [
[10.3571,-7.82672,0.687291,6]
],
"reflectors": [
[-3.80412,9.04597,-1.92332,3]
],
"reflector_prisms": [
],
"absorber_prisms": [
[0.320624,-3.60708,-17.8479,3.32062,1.39292,-11.8479],
[-9.32699,-10.2986,2.74768,-5.32699,-4.29863,4.74768],
[-12.729,-2.5941,3.34187,-8.729,1.4059,7.34187],
[-8.00692,-17.8231,0.847829,-2.00692,-11.8231,5.84783]
]
}