{
"time_step": 1e-05,
"number_of_molecules": 500000,
"diff_coef": 350,
"sim_time": 0.304762,
"absorbers": [
[-7.39945,6.48533,-4.9182,3]
],
"reflectors": [
[-2.37698,-14.268,-16.5763,3],
[12.6156,-0.884628,15.494,4]
],
"reflector_prisms": [
],
"absorber_prisms": [
[7.25335,-2.08636,14.4124,11.2534,3.91364,16.4124]
]
}