{
"time_step": 1e-05,
"number_of_molecules": 500000,
"diff_coef": 50,
"sim_time": 10.8,
"absorbers": [
[-1.91435,6.29647,-7.52926,5],
[16.4665,-15.6489,3.6013,5]
],
"reflectors": [
],
"reflector_prisms": [
[-7.80761,-2.16112,-10.267,-1.80761,1.83888,-7.26703],
[8.63115,13.0799,3.56387,11.6311,17.0799,7.56387],
[-17.6272,-8.83645,-7.10478,-12.6272,-3.83645,-5.10478]
],
"absorber_prisms": [
]
}