{"time_step": 1e-05, "number_of_molecules": 500000, "diff_coef": 300, "sim_time": 1.8, "absorbers": [[-0.0610519, -0.114775, 9.99915, 4], [3.12491, -8.20992, -13.3728, 6], [-3.61262, -1.70016, 19.5974, 2], [-10.4744, -3.4571, -6.88008, 4], [-5.97449, -14.1889, 11.1346, 5], [10.2716, 9.51025, 0.221056, 3], [4.41239, -16.3994, -0.768655, 3], [-9.00965, 3.83911, -5.00874, 2]], "reflectors": [[17.9456, 0.549713, -1.28608, 5], [-8.00067, 9.51172, -14.3707, 2], [2.45696, 12.2357, 11.5435, 6]], "reflector_prisms": [], "absorber_prisms": [], "line_of_sight": [[112, 112, 0, 0, 0, 499], [266, 115, 151, 0, 0, 500], [500, 500, 0, 0, 0, 500], [0, 0, 0, 0, 0, 502], [0, 0, 0, 0, 0, 500], [0, 0, 0, 0, 0, 499], [0, 0, 0, 0, 0, 499], [0, 0, 0, 0, 0, 500]]}