{"time_step": 1e-05, "number_of_molecules": 500000, "diff_coef": 300, "sim_time": 1.60556, "absorbers": [[16.4846, 9.20472, -2.12872, 7], [-6.94248, -6.1157, -17.7313, 7], [-6.13938, 13.6681, 0.700454, 7], [-4.24982, -19.6534, 6.05672, 4], [2.33226, 1.00618, 10.7027, 6]], "reflectors": [], "reflector_prisms": [], "absorber_prisms": [], "line_of_sight": [[0, 0, 0, 0, 0, 505], [416, 416, 0, 0, 0, 497], [0, 0, 0, 0, 0, 499], [0, 0, 0, 0, 0, 500], [105, 105, 0, 0, 0, 498]]}