{"time_step": 1e-05, "number_of_molecules": 500000, "diff_coef": 50, "sim_time": 12.0333, "absorbers": [[-1.99319, -5.78593, 14.7834, 5], [8.43511, 20.1946, 12.0842, 6], [-8.55122, -13.9312, 14.7241, 4], [3.08843, 20.5049, -7.34915, 5]], "reflectors": [[-1.715, -8.56938, -12.1912, 7], [2.68206, 2.58086, 9.28147, 4], [-5.62386, 12.0084, -8.95376, 7], [-7.82543, -2.29706, -20.4325, 5]], "reflector_prisms": [], "absorber_prisms": [], "line_of_sight": [[70, 31, 39, 0, 0, 498], [234, 0, 234, 0, 0, 500], [54, 54, 0, 0, 0, 499], [108, 0, 108, 0, 0, 499]]}