{
"time_step": 1e-05,
"number_of_molecules": 500000,
"diff_coef": 300,
"sim_time": 1.60556,
"absorbers": [
[-9.64781,-16.6466,14.3461,7],
[-20.4931,-8.49834,-9.1548,7],
[-19.105,3.88548,12.2026,6],
[6.83101,6.78029,21.9856,7]
],
"reflectors": [
[17.9107,8.88334,0.541594,7],
[9.52491,-15.9607,-7.3845,6]
],
"reflector_prisms": [
],
"absorber_prisms": [
]
}