{
"time_step": 1e-05,
"number_of_molecules": 500000,
"diff_coef": 250,
"sim_time": 1.70667,
"absorbers": [
[-7.08782,-2.92684,7.88646,5],
[5.22636,5.22624,8.14688,5],
[-1.88622,16.5776,-6.7547,7],
[-3.37005,-1.09067,-22.7256,7],
[-12.3809,3.93609,-0.469162,4]
],
"reflectors": [
[-5.1648,18.7856,4.51962,4],
[8.99531,6.09751,16.79,4],
[-4.56466,-20.2776,-2.99696,6]
],
"reflector_prisms": [
],
"absorber_prisms": [
]
}