{
"time_step": 1e-05,
"number_of_molecules": 500000,
"diff_coef": 300,
"sim_time": 1.60556,
"absorbers": [
[-16.9562,0.784806,-13.9954,5]
],
"reflectors": [
],
"reflector_prisms": [
],
"absorber_prisms": [
[1.60653,-6.08865,4.21847,6.60653,-2.08865,8.21847],
[-11.6396,-12.1699,-6.35786,-7.63962,-6.16989,-2.35786],
[8.1411,-9.74318,11.2602,11.1411,-5.74318,16.2602],
[-7.52192,7.67974,15.724,-2.52192,9.67974,17.724]
]
}