{"time_step": 1e-05, "number_of_molecules": 500000, "diff_coef": 100, "sim_time": 5.4, "absorbers": [[-5.48481, -5.85344, -5.9711, 4], [18.1536, -12.3736, -1.15795, 6], [-2.55638, 7.86914, -5.61619, 5], [1.19671, -22.9782, -6.8243, 6], [-20.2343, 4.26825, 7.50709, 4], [-6.41148, 4.90704, -17.1992, 4], [2.09975, 8.34874, 13.4866, 6], [7.2318, -10.1412, -11.5697, 2]], "reflectors": [[1.26601, -6.16909, 10.2147, 4]], "reflector_prisms": [], "absorber_prisms": [], "line_of_sight": [[138, 138, 0, 0, 0, 501], [0, 0, 0, 0, 0, 497], [129, 38, 124, 0, 0, 498], [0, 0, 0, 0, 0, 501], [0, 0, 0, 0, 0, 499], [212, 104, 199, 0, 0, 499], [155, 155, 0, 0, 0, 499], [0, 0, 0, 0, 0, 501]]}