{
"time_step": 1e-05,
"number_of_molecules": 500000,
"diff_coef": 100,
"sim_time": 6.01667,
"absorbers": [
[-17.7699,-4.20596,15.5737,5],
[22.9024,-4.10297,-9.14568,6],
[11.5386,8.10966,-9.49185,4],
[7.0795,-13.5482,11.284,6],
[-1.78748,-0.108027,20.9235,6]
],
"reflectors": [
],
"reflector_prisms": [
],
"absorber_prisms": [
]
}