{"time_step": 1e-05, "number_of_molecules": 500000, "diff_coef": 350, "sim_time": 1.54286, "absorbers": [[12.7335, -16.6163, 1.65982, 3]], "reflectors": [[0.0353826, 0.173481, 21.9993, 4], [1.94908, -17.4375, 4.0168, 4], [6.68639, -2.01945, 5.67574, 3], [-13.0103, 5.45568, -9.48509, 4]], "reflector_prisms": [], "absorber_prisms": [[-16.4774, -9.0646, -14.972, -12.4774, -5.0646, -11.972]], "line_of_sight": [[0, 0, 0, 0, 0, 498]]}