{
"time_step": 1e-05,
"number_of_molecules": 500000,
"diff_coef": 150,
"sim_time": 0.4,
"absorbers": [
[2.6079,3.02976,10.2479,5]
],
"reflectors": [
[-3.61703,-6.06338,-9.70322,3],
[9.5727,12.5619,-15.3154,5],
[3.79085,19.2543,13.8168,5]
],
"reflector_prisms": [
],
"absorber_prisms": [
]
}