{
"time_step": 1e-05,
"number_of_molecules": 500000,
"diff_coef": 100,
"sim_time": 6.01667,
"absorbers": [
[-5.57096,-9.45238,0.785408,4],
[7.23365,-2.33524,7.95116,5],
[13.1181,-6.0398,19.1687,5]
],
"reflectors": [
],
"reflector_prisms": [
[0.953677,-1.81881,4.70896,2.95368,3.18119,9.70896]
],
"absorber_prisms": [
]
}