{"time_step": 1e-05, "number_of_molecules": 500000, "diff_coef": 400, "sim_time": 1.50417, "absorbers": [[-2.4996, 19.2265, 17.3232, 7], [1.39997, -0.797349, -15.9187, 4], [19.8667, -4.59389, -5.02107, 6], [-4.38509, 10.1936, -4.56735, 4]], "reflectors": [], "reflector_prisms": [], "absorber_prisms": [], "line_of_sight": [[0, 0, 0, 0, 0, 497], [0, 0, 0, 0, 0, 500], [0, 0, 0, 0, 0, 501], [0, 0, 0, 0, 0, 497]]}