{"time_step": 1e-05, "number_of_molecules": 500000, "diff_coef": 300, "sim_time": 0.2, "absorbers": [[1.87426, 2.23168, -7.45028, 2]], "reflectors": [], "reflector_prisms": [[-18.5411, -2.92099, -12.5636, -16.5411, 1.07901, -6.56362], [-2.55193, -1.78988, 10.9711, 1.44807, 3.21012, 16.9711]], "absorber_prisms": [[-14.9091, -14.1422, -0.472418, -12.9091, -8.14218, 5.52758]], "line_of_sight": [[0, 0, 0, 0, 0, 505]]}