{"time_step": 1e-05, "number_of_molecules": 500000, "diff_coef": 350, "sim_time": 0.171429, "absorbers": [[-5.59219, -0.395676, 5.70709, 2]], "reflectors": [], "reflector_prisms": [[2.76235, 1.15241, 7.99047, 4.76235, 4.15241, 11.9905], [3.72185, -6.20361, 6.90431, 5.72185, -0.203614, 11.9043], [3.76409, -1.49723, 14.339, 5.76409, 1.50277, 19.339], [-15.6582, -1.26495, -7.65747, -11.6582, 2.73505, -4.65747]], "absorber_prisms": [], "line_of_sight": [[0, 0, 0, 0, 0, 499]]}