{
"time_step": 1e-05,
"number_of_molecules": 500000,
"diff_coef": 150,
"sim_time": 3.21111,
"absorbers": [
[-20.0965,4.86803,-7.51216,5],
[9.29106,-0.176498,-9.09093,4],
[-18.8872,-6.42523,1.41073,6],
[-8.75205,1.73216,-14.4707,5]
],
"reflectors": [
[9.45317,-7.06496,19.7414,5],
[4.30388,-12.1354,11.1,4]
],
"reflector_prisms": [
],
"absorber_prisms": [
]
}