{"time_step": 1e-05, "number_of_molecules": 500000, "diff_coef": 50, "sim_time": 10.8, "absorbers": [[13.1694, -13.2183, 13.4478, 7], [6.61137, 6.01397, -23.3478, 7], [-2.14946, -2.70979, -12.5314, 4], [1.74254, -3.846, 17.4978, 5], [0.401177, 8.8655, 9.49958, 4], [-12.6671, 9.42681, -6.2991, 5]], "reflectors": [[-12.2344, -8.90978, 14.558, 4], [12.2535, 0.0604558, 8.65146, 7], [-9.43623, 0.921555, -22.0479, 6]], "reflector_prisms": [], "absorber_prisms": [], "line_of_sight": [[255, 188, 115, 0, 0, 499], [164, 134, 30, 0, 0, 503], [246, 163, 127, 0, 0, 502], [326, 257, 121, 0, 0, 500], [57, 57, 0, 0, 0, 499], [285, 196, 136, 0, 0, 501]]}