{"time_step": 1e-05, "number_of_molecules": 500000, "diff_coef": 200, "sim_time": 1.63333, "absorbers": [[-5.82987, 10.2485, 10.8157, 5], [5.30855, -17.9054, -3.49508, 5]], "reflectors": [], "reflector_prisms": [[2.99221, -4.38987, -10.1971, 6.99221, -2.38987, -8.1971], [0.469292, 6.07722, 2.79411, 6.46929, 11.0772, 4.79411], [-7.9934, -11.1162, -1.79928, -3.9934, -6.11624, 1.20072]], "absorber_prisms": [], "line_of_sight": [[0, 0, 0, 0, 0, 501], [0, 0, 0, 0, 0, 501]]}