{
"time_step": 1e-05,
"number_of_molecules": 500000,
"diff_coef": 200,
"sim_time": 1.40833,
"absorbers": [
[-13.4429,3.64816,-7.8727,3]
],
"reflectors": [
[8.66745,13.8245,-9.73435,2]
],
"reflector_prisms": [
[0.847921,8.09675,1.9581,5.84792,13.0967,3.9581],
[-2.1235,-1.27241,13.8997,1.8765,4.72759,15.8997],
[-5.30934,-0.675478,-6.86095,-3.30934,4.32452,-4.86095]
],
"absorber_prisms": [
]
}