{"time_step": 1e-05, "number_of_molecules": 500000, "diff_coef": 50, "sim_time": 6.53333, "absorbers": [[2.05994, 10.356, -16.9856, 6]], "reflectors": [[12.112, -6.2522, -11.7563, 4]], "reflector_prisms": [[-7.90082, 10.3878, 3.98292, -4.90082, 16.3878, 7.98292], [0.682282, -4.67025, 6.04358, 5.68228, -0.670251, 11.0436], [-2.37524, -6.48827, -13.4886, 3.62476, -3.48827, -10.4886]], "absorber_prisms": [], "line_of_sight": [[0, 0, 0, 0, 0, 500]]}