{"time_step": 1e-05, "number_of_molecules": 500000, "diff_coef": 400, "sim_time": 1.20417, "absorbers": [[0.540339, -3.26392, 9.43689, 2], [13.3746, -10.5258, 10.5037, 3]], "reflectors": [], "reflector_prisms": [], "absorber_prisms": [[-5.73761, 1.15481, 5.64925, -0.737608, 6.15481, 10.6493], [5.18573, 2.15481, -1.88541, 7.18573, 4.15481, 0.114587], [-9.95803, -5.95598, -2.14912, -6.95803, 0.0440246, 3.85088], [-5.24238, -5.6187, 4.23421, -0.242383, -3.6187, 6.23421]], "line_of_sight": [[0, 0, 0, 0, 0, 500], [0, 0, 0, 0, 0, 498]]}