{"time_step": 1e-05, "number_of_molecules": 500000, "diff_coef": 250, "sim_time": 2.16, "absorbers": [[-9.58675, -7.87972, 8.4264, 6], [-11.2335, -0.627294, -20.0603, 5], [8.39031, 9.33346, -6.20397, 4], [0.517491, -0.448915, -12.9819, 4], [-3.09953, 12.3891, -2.42988, 7]], "reflectors": [[-8.06202, -16.6703, -4.25483, 5], [8.40132, 3.01942, 10.7843, 6], [9.07648, 1.47226, -16.6268, 4], [-1.04942, -11.8046, -19.7116, 6]], "reflector_prisms": [], "absorber_prisms": [], "line_of_sight": [[174, 146, 28, 0, 0, 500], [459, 0, 459, 0, 0, 501], [381, 381, 0, 0, 0, 498], [126, 0, 126, 0, 0, 500], [12, 0, 12, 0, 0, 497]]}