{
"time_step": 1e-05,
"number_of_molecules": 500000,
"diff_coef": 300,
"sim_time": 1.8,
"absorbers": [
[-19.3296,3.11822,-7.59222,3],
[-15.1091,0.731617,11.4969,2],
[-3.75002,-5.81827,-11.0039,2]
],
"reflectors": [
[-9.05046,11.6212,-2.835,3]
],
"reflector_prisms": [
[13.8114,-1.06247,9.7418,15.8114,4.93753,13.7418]
],
"absorber_prisms": [
]
}