{
"time_step": 1e-05,
"number_of_molecules": 500000,
"diff_coef": 350,
"sim_time": 0.933333,
"absorbers": [
[1.81217,-1.63025,-10.7265,5],
[-18.093,-5.49132,-1.86783,5]
],
"reflectors": [
[-2.19986,9.35058,-8.75941,6],
[-1.63491,0.19479,10.8761,2]
],
"reflector_prisms": [
],
"absorber_prisms": [
[9.64858,11.7401,5.42237,12.6486,15.7401,8.42237]
]
}