{"time_step": 1e-05, "number_of_molecules": 500000, "diff_coef": 100, "sim_time": 4.81667, "absorbers": [[-0.835225, 19.7675, 2.92358, 3]], "reflectors": [], "reflector_prisms": [[8.966, -22.3408, -0.869731, 11.966, -16.3408, 2.13027]], "absorber_prisms": [[10.4746, 3.2518, 7.87426, 12.4746, 9.2518, 13.8743]], "line_of_sight": [[0, 0, 0, 0, 0, 498]]}