{"time_step": 1e-05, "number_of_molecules": 500000, "diff_coef": 250, "sim_time": 1.70667, "absorbers": [[4.99814, -5.60248, -21.7401, 7], [-6.03679, -15.3411, -4.1484, 6], [7.59865, 14.3774, -4.95486, 5], [7.19855, 7.53321, 14.6776, 7], [13.4887, -2.66091, 13.1139, 4]], "reflectors": [[17.9219, 10.1489, -4.09941, 6], [1.08815, -4.99062, 15.1628, 4]], "reflector_prisms": [], "absorber_prisms": [], "line_of_sight": [[40, 40, 0, 0, 0, 500], [67, 67, 0, 0, 0, 503], [109, 82, 27, 0, 0, 497], [30, 30, 0, 0, 0, 500], [0, 0, 0, 0, 0, 503]]}