{
"time_step": 1e-05,
"number_of_molecules": 500000,
"diff_coef": 200,
"sim_time": 1.875,
"absorbers": [
[6.74674,-12.7624,6.89946,4],
[-2.9672,-11.3844,12.2715,4],
[2.4422,4.5853,15.1331,5],
[-16.0273,-9.24596,-4.31714,4],
[0.304884,-5.75146,6.91576,4]
],
"reflectors": [
[-1.13404,0.795866,-12.926,6]
],
"reflector_prisms": [
],
"absorber_prisms": [
]
}