{
"time_step": 1e-05,
"number_of_molecules": 500000,
"diff_coef": 200,
"sim_time": 0.533333,
"absorbers": [
[6.52036,-0.408957,-6.19013,4],
[-4.30367,11.0939,-1.55016,4]
],
"reflectors": [
],
"reflector_prisms": [
[1.35995,-4.55791,-11.4691,3.35995,0.44209,-6.46915],
[-4.76413,-11.7355,-5.80861,0.235866,-5.73553,-2.80861]
],
"absorber_prisms": [
[15.4559,2.39741,5.94998,19.4559,5.39741,11.95],
[-15.3797,-14.1076,1.82444,-12.3797,-8.10755,3.82444]
]
}