{"time_step": 1e-05, "number_of_molecules": 500000, "diff_coef": 200, "sim_time": 1.63333, "absorbers": [[-12.8592, 3.81382, 13.4572, 5]], "reflectors": [[20.5469, 3.81638, 2.06444, 6], [2.86489, 4.02262, -21.4385, 6], [12.8132, -9.15834, -2.81885, 5], [4.98928, 8.41871, -2.0573, 2]], "reflector_prisms": [[9.16263, 14.036, 2.77103, 13.1626, 18.036, 5.77103]], "absorber_prisms": [], "line_of_sight": [[0, 0, 0, 0, 0, 497]]}