{"time_step": 1e-05, "number_of_molecules": 500000, "diff_coef": 100, "sim_time": 4.81667, "absorbers": [[20.8577, 6.92946, -0.968151, 5]], "reflectors": [], "reflector_prisms": [[6.57357, 17.1529, -5.31909, 8.57357, 22.1529, -3.31909], [0.345214, -8.564, 12.2265, 5.34521, -6.564, 14.2265]], "absorber_prisms": [[-5.38006, 0.674351, -12.017, 0.619941, 3.67435, -9.01701]], "line_of_sight": [[0, 0, 0, 0, 0, 498]]}