{
"time_step": 1e-05,
"number_of_molecules": 500000,
"diff_coef": 250,
"sim_time": 2.40667,
"absorbers": [
[-12.6022,9.68843,-17.9811,5]
],
"reflectors": [
],
"reflector_prisms": [
],
"absorber_prisms": [
[9.95384,-15.2401,6.26359,13.9538,-9.24005,10.2636],
[-1.35252,-2.14926,6.99276,1.64748,2.85074,12.9928],
[2.97608,-0.792784,-13.9891,6.97608,2.20722,-9.9891]
]
}