{"time_step": 1e-05, "number_of_molecules": 500000, "diff_coef": 50, "sim_time": 4.03333, "absorbers": [[10.286, 6.9656, 10.0836, 5], [4.90169, 0.278338, 15.2281, 5]], "reflectors": [], "reflector_prisms": [[-4.8272, 9.64374, 8.56791, 0.172802, 11.6437, 10.5679], [-5.90839, 10.2671, -8.43589, -2.90839, 16.2671, -2.43589]], "absorber_prisms": [[-3.0101, -2.20923, -23.4929, 1.9899, 1.79077, -19.4929], [-2.9426, -0.125581, 12.9323, 3.0574, 2.87442, 14.9323]], "line_of_sight": [[0, 0, 0, 0, 0, 498], [45, 0, 0, 45, 0, 502]]}