{"time_step": 1e-05, "number_of_molecules": 500000, "diff_coef": 200, "sim_time": 2.13333, "absorbers": [[12.8882, -13.95, -0.53894, 6], [5.85677, -1.37602, 12.6414, 2], [-1.21032, 6.00495, 11.4663, 2], [-9.75313, 3.17856, -14.791, 2], [1.93848, -4.14849, 17.4078, 4], [16.3928, 6.79329, -13.0049, 6], [-10.9507, -8.68129, 9.68076, 2], [2.0511, -7.11513, -11.8814, 4]], "reflectors": [[-21.4862, 6.80916, -8.245, 6], [-0.294596, 9.3741, 16.5239, 2], [10.9881, 1.09915, -16.6749, 2], [1.97129, -1.64926, -21.8493, 6]], "reflector_prisms": [], "absorber_prisms": [], "line_of_sight": [[0, 0, 0, 0, 0, 496], [143, 143, 0, 0, 0, 498], [499, 499, 193, 0, 0, 499], [154, 154, 0, 0, 0, 501], [149, 25, 124, 0, 0, 500], [72, 72, 0, 0, 0, 497], [319, 319, 0, 0, 0, 497], [126, 46, 99, 0, 0, 500]]}