{
"time_step": 1e-05,
"number_of_molecules": 500000,
"diff_coef": 100,
"sim_time": 6.01667,
"absorbers": [
[-2.97093,10.595,19.0504,3]
],
"reflectors": [
[9.15831,-15.4534,1.14852,2]
],
"reflector_prisms": [
[8.03339,-2.03189,0.253738,10.0334,-0.0318867,5.25374],
[-11.3795,-2.14022,11.7663,-5.37952,3.85978,17.7663],
[3.6878,-6.70278,18.2415,7.6878,-1.70278,20.2415],
[3.26948,6.24396,-1.87043,7.26948,8.24396,0.129571]
],
"absorber_prisms": [
]
}