{"time_step": 1e-05, "number_of_molecules": 500000, "diff_coef": 50, "sim_time": 10.8, "absorbers": [[-3.83222, -2.70302, -14.2481, 5], [8.434, 2.24953, -14.5879, 6], [2.04039, 17.3314, 7.51392, 7], [1.27526, 1.50922, 8.78043, 4], [-5.47898, 0.95806, 23.3466, 6], [20.5148, -1.23918, -4.31364, 6]], "reflectors": [[-15.3592, -0.512239, -7.26854, 7], [8.73701, -0.516681, 17.9833, 6], [-5.32889, 14.5181, -4.10221, 5], [-16.2386, -4.70173, 6.18081, 7], [13.0463, -13.1544, 7.53362, 4], [2.57498, -0.586928, -25.8655, 7]], "reflector_prisms": [], "absorber_prisms": [], "line_of_sight": [[503, 559, 301, 0, 0, 503], [188, 190, 157, 0, 0, 503], [0, 0, 0, 0, 0, 499], [295, 261, 241, 0, 0, 502], [472, 561, 290, 0, 0, 497], [286, 0, 286, 0, 0, 502]]}