{
"time_step": 1e-05,
"number_of_molecules": 500000,
"diff_coef": 250,
"sim_time": 2.40667,
"absorbers": [
[13.5509,-13.1021,-14.8562,5],
[-3.79936,-15.1215,3.5924,7],
[-1.64954,1.15928,15.8725,7]
],
"reflectors": [
[-10.5627,19.1155,-2.65082,6],
[-3.26141,-6.33237,-20.815,7],
[10.9809,-11.2186,-3.09238,4]
],
"reflector_prisms": [
],
"absorber_prisms": [
]
}