{
"time_step": 1e-05,
"number_of_molecules": 500000,
"diff_coef": 100,
"sim_time": 6.01667,
"absorbers": [
[-8.54514,-6.95546,22.4411,6],
[-14.7286,-1.74034,-2.24519,5]
],
"reflectors": [
],
"reflector_prisms": [
[3.04417,12.3668,-1.98607,5.04417,14.3668,0.0139304],
[1.75365,-7.33095,2.17969,5.75365,-5.33095,8.17969]
],
"absorber_prisms": [
[-20.2284,-0.548646,-6.41218,-17.2284,1.45135,-4.41218]
]
}