{"time_step": 1e-05, "number_of_molecules": 500000, "diff_coef": 150, "sim_time": 4.01111, "absorbers": [[4.86601, 7.11672, 2.58346, 2], [1.74687, -0.404969, -19.9194, 3], [-0.379697, -4.66571, 14.2509, 5], [-18.926, -4.79811, -4.3342, 3], [-5.49755, -12.5642, 2.81379, 6], [3.63489, -16.3385, -8.99117, 6], [-7.73908, 7.67607, -20.253, 4], [0.38421, -6.86568, -7.26049, 2]], "reflectors": [[5.93404, -5.64868, -3.72554, 2], [11.8526, 8.34857, -10.6685, 4], [-6.64351, -12.0797, -8.12069, 4], [0.296997, 7.69252, -15.1571, 5], [2.02625, 20.8959, 0.504519, 4]], "reflector_prisms": [], "absorber_prisms": [], "line_of_sight": [[330, 143, 187, 0, 0, 502], [216, 216, 0, 0, 0, 501], [334, 137, 220, 0, 0, 502], [0, 0, 0, 0, 0, 501], [139, 59, 80, 0, 0, 500], [103, 91, 12, 0, 0, 498], [188, 180, 122, 0, 0, 501], [189, 189, 0, 0, 0, 501]]}