{"time_step": 1e-05, "number_of_molecules": 500000, "diff_coef": 150, "sim_time": 2.84444, "absorbers": [[-1.79464, -6.51439, 13.3919, 5], [-5.73221, 1.6594, -13.7618, 6], [-0.155556, 10.678, 7.41327, 6], [4.18159, 10.5659, -9.79165, 4], [-17.8734, -11.7874, -8.40221, 7], [9.17688, -4.27046, -8.15769, 4], [17.8191, 10.5496, 7.42878, 7]], "reflectors": [], "reflector_prisms": [], "absorber_prisms": [], "line_of_sight": [[209, 209, 0, 0, 0, 498], [77, 77, 0, 0, 0, 501], [0, 0, 0, 0, 0, 501], [157, 157, 0, 0, 0, 501], [369, 369, 0, 0, 0, 501], [0, 0, 0, 0, 0, 496], [294, 294, 0, 0, 0, 502]]}