{
"time_step": 1e-05,
"number_of_molecules": 500000,
"diff_coef": 350,
"sim_time": 1.21905,
"absorbers": [
[-1.83401,3.81648,9.0593,5],
[9.35498,-2.99376,-18.5613,6],
[-14.9474,5.53908,5.90722,6],
[-7.31804,1.33945,-10.6608,4],
[-12.4189,-7.96375,2.71115,5],
[20.5556,-8.83241,5.33446,7]
],
"reflectors": [
[-2.15113,-4.94286,18.2192,6]
],
"reflector_prisms": [
],
"absorber_prisms": [
]
}