{"time_step": 1e-05, "number_of_molecules": 500000, "diff_coef": 300, "sim_time": 1.42222, "absorbers": [[-19.8427, -1.07331, 2.26157, 4], [3.14431, -11.3383, -2.35695, 7], [0.231045, 0.977969, -11.9579, 6], [-14.4274, -2.48589, 12.1108, 6]], "reflectors": [[-5.44181, 17.7321, -7.48059, 7], [-4.28235, -8.76417, 13.923, 5]], "reflector_prisms": [], "absorber_prisms": [], "line_of_sight": [[0, 0, 0, 0, 0, 503], [101, 0, 101, 0, 0, 500], [92, 0, 92, 0, 0, 496], [0, 0, 0, 0, 0, 499]]}