{
"time_step": 1e-05,
"number_of_molecules": 500000,
"diff_coef": 200,
"sim_time": 2.7,
"absorbers": [
[7.78956,6.8587,-17.0962,2]
],
"reflectors": [
[0.937929,0.533419,-18.9693,6],
[-0.199537,5.96262,9.24161,3]
],
"reflector_prisms": [
[-15.1698,-0.585004,-11.9186,-12.1698,1.415,-9.91856],
[12.0402,-5.08336,-4.38487,15.0402,0.916635,-1.38487],
[-11.5718,-4.01855,-7.56421,-6.57181,0.981447,-2.56421]
],
"absorber_prisms": [
]
}