{
"time_step": 1e-05,
"number_of_molecules": 500000,
"diff_coef": 300,
"sim_time": 2.00556,
"absorbers": [
[-1.08545,4.83951,12.0167,4],
[-6.87827,19.7086,-2.29329,3],
[9.29622,12.2412,17.1095,4],
[19.1829,0.0492907,-10.7711,6]
],
"reflectors": [
],
"reflector_prisms": [
[5.06801,18.3889,0.0877744,8.06801,20.3889,2.08777]
],
"absorber_prisms": [
]
}