{"time_step": 1e-05, "number_of_molecules": 500000, "diff_coef": 400, "sim_time": 0.204167, "absorbers": [[-10.1004, 3.02654, 3.13388, 4]], "reflectors": [[-0.685288, 0.433268, 7.95881, 2], [5.60051, -4.25744, 18.7219, 6]], "reflector_prisms": [[-1.13616, -6.35742, 8.98104, 3.86384, -3.35742, 14.981], [-14.3796, -8.63932, 9.23794, -10.3796, -3.63932, 12.2379]], "absorber_prisms": [[-4.98385, -9.44999, -20.9563, 0.016148, -7.44999, -14.9563]], "line_of_sight": [[0, 0, 0, 0, 0, 498]]}