{
"time_step": 1e-05,
"number_of_molecules": 500000,
"diff_coef": 400,
"sim_time": 0.204167,
"absorbers": [
[-4.12973,-10.1491,-0.969869,4]
],
"reflectors": [
[10.9372,0.747756,-15.5183,4],
[-4.8243,1.9775,-10.8081,4]
],
"reflector_prisms": [
[9.89306,9.65959,10.5386,13.8931,11.6596,13.5386]
],
"absorber_prisms": [
[-10.1737,-4.10062,4.69692,-7.1737,0.899382,6.69692]
]
}