{"time_step": 1e-05, "number_of_molecules": 500000, "diff_coef": 200, "sim_time": 2.7, "absorbers": [[-0.97642, -0.310572, -21.9761, 4]], "reflectors": [[0.168347, 0.0276517, 16.9991, 4], [-10.3041, -6.5525, -4.45988, 3]], "reflector_prisms": [[-16.0175, 10.5971, 6.7221, -12.0175, 16.5971, 8.7221]], "absorber_prisms": [[-16.468, -1.15297, -1.50776, -13.468, 2.84703, 2.49224], [-6.90722, -2.84833, 10.3254, -0.907223, 0.151668, 14.3254]], "line_of_sight": [[499, 0, 499, 0, 0, 499]]}