{
"time_step": 1e-05,
"number_of_molecules": 500000,
"diff_coef": 50,
"sim_time": 4.8,
"absorbers": [
[-6.65422,8.07381,5.87665,2],
[-4.50646,8.41528,15.2602,6]
],
"reflectors": [
],
"reflector_prisms": [
[2.62039,2.00625,-12.7735,6.62039,4.00625,-10.7735]
],
"absorber_prisms": [
[2.35467,-1.45404,-20.2415,8.35467,3.54596,-18.2415],
[-7.64484,-18.8727,9.24648,-1.64484,-12.8727,13.2465]
]
}