{
"time_step": 1e-05,
"number_of_molecules": 500000,
"diff_coef": 200,
"sim_time": 2.7,
"absorbers": [
[-0.228417,1.71444,19.9251,2],
[1.51856,8.07537,-11.335,3]
],
"reflectors": [
],
"reflector_prisms": [
[-7.10614,-1.55494,11.8769,-1.10614,2.44506,14.8769],
[7.7447,16.8216,-0.639651,10.7447,21.8216,4.36035],
[-16.5606,-13.2679,-9.74153,-14.5606,-7.26788,-4.74153],
[-10.8287,7.11737,15.5829,-5.82868,9.11737,20.5829]
],
"absorber_prisms": [
]
}