{"time_step": 1e-05, "number_of_molecules": 500000, "diff_coef": 400, "sim_time": 0.204167, "absorbers": [[-10.8149, 2.592, -4.50768, 5]], "reflectors": [], "reflector_prisms": [[-11.0947, -4.79803, 1.33172, -6.09469, 0.201971, 5.33172], [-3.48091, -8.70271, 13.0248, -0.480905, -6.70271, 17.0248], [11.8819, -4.42568, -0.776721, 17.8819, 1.57432, 3.22328], [-1.53451, 5.64874, -10.1013, 2.46549, 10.6487, -6.10132], [7.67877, -3.65372, -7.78766, 13.6788, -1.65372, -1.78766]], "absorber_prisms": [], "line_of_sight": [[0, 0, 0, 0, 0, 502]]}