{
"time_step": 1e-05,
"number_of_molecules": 500000,
"diff_coef": 350,
"sim_time": 1.54286,
"absorbers": [
[1.53554,-1.08988,-21.9193,4],
[11.5507,-4.13053,4.30345,2],
[-0.401612,-9.55304,10.2263,2],
[-15.7045,-4.37824,7.62884,3],
[-7.31938,-9.77867,-6.84136,5],
[-5.00175,-0.451715,16.2413,4],
[-5.06874,7.42926,9.38691,3],
[7.88447,-17.2197,-1.52271,6]
],
"reflectors": [
[10.7226,1.88429,10.3187,2],
[-0.105883,-15.5697,9.03183,3],
[2.83788,-7.45991,0.544279,3],
[-6.27403,-5.19369,8.81261,2]
],
"reflector_prisms": [
],
"absorber_prisms": [
]
}