{
"time_step": 1e-05,
"number_of_molecules": 500000,
"diff_coef": 250,
"sim_time": 1.92667,
"absorbers": [
[0.251391,0.635121,16.9863,3],
[-16.4046,3.46696,-14.2432,5]
],
"reflectors": [
],
"reflector_prisms": [
[-7.77597,-0.0915538,4.37169,-4.77597,3.90845,9.37169],
[6.12054,-11.9044,-19.474,8.12054,-9.90438,-13.474]
],
"absorber_prisms": [
[-9.68508,-8.65211,13.0727,-3.68508,-2.65211,16.0727]
]
}