{"time_step": 1e-05, "number_of_molecules": 500000, "diff_coef": 300, "sim_time": 2.00556, "absorbers": [[2.89086, -4.98269, 10.5269, 4], [-7.90582, 6.53037, -14.7937, 6], [-19.2618, -1.22248, -17.421, 7], [1.60405, 0.382466, -9.8631, 5], [-8.71409, 10.6298, -2.65938, 6], [-0.288939, 7.01604, 5.62954, 4], [-6.85952, -4.44982, 17.1507, 7]], "reflectors": [[-4.85081, -6.68783, -20.3898, 6]], "reflector_prisms": [], "absorber_prisms": [], "line_of_sight": [[388, 480, 0, 0, 0, 499], [300, 394, 0, 0, 0, 501], [66, 66, 0, 0, 0, 499], [361, 345, 85, 0, 0, 501], [0, 0, 0, 0, 0, 500], [84, 35, 55, 0, 0, 502], [327, 379, 0, 0, 0, 502]]}