{
"time_step": 1e-05,
"number_of_molecules": 500000,
"diff_coef": 400,
"sim_time": 0.416667,
"absorbers": [
[5.30718,-7.35933,13.1785,6]
],
"reflectors": [
],
"reflector_prisms": [
],
"absorber_prisms": [
[-3.71998,0.461116,11.4713,1.28002,6.46112,13.4713],
[-1.949,-1.98146,5.98811,1.051,2.01854,10.9881],
[-1.33374,-2.72158,-12.4947,1.66626,3.27842,-7.49474],
[-3.85439,8.51598,-3.00555,-1.85439,12.516,-0.00555095]
]
}