{
"time_step": 1e-05,
"number_of_molecules": 500000,
"diff_coef": 200,
"sim_time": 2.40833,
"absorbers": [
[-5.73939,2.96826,12.4197,4],
[-8.75763,-1.73607,-1.13577,4],
[-2.50872,-3.95909,-15.2981,6],
[-8.25204,6.31674,3.60591,4],
[2.21829,2.10335,8.46493,4],
[22.7825,1.43366,-7.40947,7]
],
"reflectors": [
],
"reflector_prisms": [
],
"absorber_prisms": [
]
}