{
"time_step": 1e-05,
"number_of_molecules": 500000,
"diff_coef": 350,
"sim_time": 1.37619,
"absorbers": [
[-9.20062,6.43154,14.0707,5],
[-9.06196,-1.83458,-5.95947,4],
[3.38967,-2.42507,-9.09006,4],
[2.87348,-4.88672,-20.2204,4],
[4.21361,5.19988,12.2966,5]
],
"reflectors": [
],
"reflector_prisms": [
],
"absorber_prisms": [
]
}