{"time_step": 1e-05, "number_of_molecules": 500000, "diff_coef": 300, "sim_time": 1.8, "absorbers": [[12.7813, 16.7998, 6.19719, 4], [-15.6207, 7.90296, -4.18759, 4], [8.48694, 4.42587, 2.89542, 2]], "reflectors": [], "reflector_prisms": [], "absorber_prisms": [[1.39594, -1.28593, 10.7399, 3.39594, 3.71407, 16.7399]], "line_of_sight": [[0, 0, 0, 0, 0, 498], [0, 0, 0, 0, 0, 499], [0, 0, 0, 0, 0, 504]]}