{"time_step": 1e-05, "number_of_molecules": 500000, "diff_coef": 200, "sim_time": 3.00833, "absorbers": [[-18.1568, 10.3757, -11.776, 5], [-17.8762, -8.62632, 2.45497, 5], [10.3698, -5.87815, -17.2891, 7], [-11.6744, 5.25995, 11.1822, 4], [-7.39365, -8.8746, -3.25198, 6]], "reflectors": [[-5.13404, 5.62972, 18.4918, 5], [3.88305, 9.86602, 5.61992, 7], [1.84728, -15.824, -1.47908, 5], [7.66602, -4.67085, 9.40294, 6]], "reflector_prisms": [], "absorber_prisms": [], "line_of_sight": [[443, 0, 443, 0, 0, 498], [177, 177, 0, 0, 0, 503], [286, 138, 148, 0, 0, 498], [272, 272, 0, 0, 0, 498], [344, 68, 291, 0, 0, 500]]}