{
"time_step": 1e-05,
"number_of_molecules": 500000,
"diff_coef": 200,
"sim_time": 3.00833,
"absorbers": [
[11.7715,4.04749,16.913,2],
[-3.72325,-5.5658,-12.2947,5]
],
"reflectors": [
],
"reflector_prisms": [
],
"absorber_prisms": [
[3.31356,-11.7831,-18.0372,5.31356,-9.78314,-12.0372],
[-6.02044,9.80457,-3.2071,-2.02044,12.8046,2.7929],
[4.96179,4.96627,-18.9652,7.96179,9.96627,-16.9652],
[-16.9429,3.91681,12.546,-10.9429,7.91681,16.546]
]
}