{
"time_step": 1e-05,
"number_of_molecules": 500000,
"diff_coef": 100,
"sim_time": 5.4,
"absorbers": [
[20.4842,0.733223,-12.4844,6],
[-9.20968,5.19057,-3.0397,2]
],
"reflectors": [
],
"reflector_prisms": [
[1.13329,-2.30387,-13.2987,3.13329,2.69613,-9.2987]
],
"absorber_prisms": [
[-22.4242,4.69594,3.03095,-16.4242,7.69594,7.03095]
]
}