{
"time_step": 1e-05,
"number_of_molecules": 500000,
"diff_coef": 150,
"sim_time": 1.6,
"absorbers": [
[-13.6915,6.01223,-11.7216,7],
[-5.24587,5.35162,14.1365,5],
[-10.109,-2.83626,-3.28072,4]
],
"reflectors": [
[-1.29689,-2.73257,-22.8002,7]
],
"reflector_prisms": [
],
"absorber_prisms": [
]
}