{
"time_step": 1e-05,
"number_of_molecules": 500000,
"diff_coef": 50,
"sim_time": 4.8,
"absorbers": [
[-3.98546,-9.29006,12.4021,4]
],
"reflectors": [
],
"reflector_prisms": [
[8.8917,-3.41244,3.46874,12.8917,0.587563,8.46874],
[1.27342,1.35723,-19.554,4.27342,4.35723,-15.554]
],
"absorber_prisms": [
[4.88033,5.52527,-20.9479,9.88033,10.5253,-14.9479]
]
}