{"time_step": 1e-05, "number_of_molecules": 500000, "diff_coef": 150, "sim_time": 2.17778, "absorbers": [[2.25873, -9.26763, 17.5787, 6]], "reflectors": [], "reflector_prisms": [[18.4046, -4.01676, -2.18856, 20.4046, 0.98324, -0.188559], [11.7149, -13.9646, 8.65949, 13.7149, -10.9646, 11.6595], [-13.2334, -3.68319, -6.47638, -7.23336, 2.31681, -1.47638], [-4.10186, 0.653213, 9.31909, 1.89814, 2.65321, 12.3191]], "absorber_prisms": [[-16.4988, 5.79534, -3.73354, -11.4988, 10.7953, -1.73354]], "line_of_sight": [[0, 0, 0, 0, 0, 501]]}