{"time_step": 1e-05, "number_of_molecules": 500000, "diff_coef": 350, "sim_time": 1.54286, "absorbers": [[3.16833, -21.4865, 3.50621, 6], [-9.93598, 1.61899, -19.5616, 7], [-17.5392, -15.9351, 3.80127, 6], [0.400284, 15.3716, -4.422, 4], [13.3227, 8.47496, -2.58446, 4], [-17.037, 5.73003, -0.952809, 7]], "reflectors": [[0.35849, 2.19381, 9.74981, 4]], "reflector_prisms": [], "absorber_prisms": [], "line_of_sight": [[198, 198, 0, 0, 0, 498], [139, 0, 139, 0, 0, 498], [236, 236, 0, 0, 0, 500], [237, 237, 0, 0, 0, 501], [234, 234, 0, 0, 0, 502], [0, 0, 0, 0, 0, 498]]}