{
"time_step": 1e-05,
"number_of_molecules": 500000,
"diff_coef": 350,
"sim_time": 1.71905,
"absorbers": [
[-4.12693,13.2731,-11.4365,6],
[-19.4055,-15.3258,-3.68074,6],
[-21.3807,-11.7784,8.95176,7],
[5.61087,-18.6683,-4.47372,4],
[3.76791,8.09956,9.44458,7]
],
"reflectors": [
],
"reflector_prisms": [
],
"absorber_prisms": [
]
}