{"time_step": 1e-05, "number_of_molecules": 500000, "diff_coef": 150, "sim_time": 1.87778, "absorbers": [[-1.78563, 6.6881, -1.03963, 2], [2.34116, -5.21361, -16.0105, 4]], "reflectors": [[6.12239, 8.81804, 10.4766, 2], [-0.0171775, -0.0357537, 7.9999, 3], [9.99058, 4.39006, -8.77016, 6], [10.8428, 10.3614, -0.272047, 2]], "reflector_prisms": [], "absorber_prisms": [], "line_of_sight": [[0, 0, 0, 0, 0, 501], [240, 0, 240, 0, 0, 503]]}