{"time_step": 1e-05, "number_of_molecules": 500000, "diff_coef": 50, "sim_time": 12.0333, "absorbers": [[9.81004, 8.17503, 12.6859, 3], [-2.14066, -4.67801, 22.4173, 4]], "reflectors": [], "reflector_prisms": [[15.1797, -8.92266, -2.28904, 20.1797, -4.92266, 3.71096]], "absorber_prisms": [[-11.2169, 7.09736, 6.63235, -7.21685, 10.0974, 9.63235], [14.8652, 0.0715064, -10.4348, 19.8652, 6.07151, -8.43478]], "line_of_sight": [[0, 0, 0, 0, 0, 503], [0, 0, 0, 0, 0, 497]]}