{
"time_step": 1e-05,
"number_of_molecules": 500000,
"diff_coef": 350,
"sim_time": 0.933333,
"absorbers": [
[15.1058,-12.7399,3.08379,7],
[-0.185459,0.0520699,-9.99814,5],
[-13.3174,13.341,-2.38014,5],
[8.84033,-4.95501,14.876,4]
],
"reflectors": [
[-1.12172,0.293667,12.9482,6]
],
"reflector_prisms": [
],
"absorber_prisms": [
]
}