{
"time_step": 1e-05,
"number_of_molecules": 500000,
"diff_coef": 50,
"sim_time": 7.5,
"absorbers": [
[8.47314,7.01436,-0.0680056,4],
[4.23862,1.422,-6.63415,3],
[5.81911,-13.3493,10.5799,3],
[-7.65922,-3.00531,10.065,3],
[4.46426,-6.31904,4.59784,3],
[18.3008,-5.10673,-0.0504464,5],
[2.69702,-12.678,-0.997626,5]
],
"reflectors": [
[-6.84339,-5.31994,-14.6242,4],
[-8.22246,-17.2248,-8.75763,5],
[3.50743,20.2232,4.44075,6]
],
"reflector_prisms": [
],
"absorber_prisms": [
]
}