{
"time_step": 1e-05,
"number_of_molecules": 500000,
"diff_coef": 200,
"sim_time": 2.7,
"absorbers": [
[-0.305901,0.217432,14.9953,3],
[8.70356,6.33334,5.30442,3],
[-16.4753,6.74156,9.1167,2]
],
"reflectors": [
[-3.35795,-0.642544,-12.5424,6],
[3.28196,-9.21507,-6.95063,4],
[-5.53962,-18.3579,12.7004,6],
[-11.6103,16.8515,4.71464,2]
],
"reflector_prisms": [
],
"absorber_prisms": [
]
}