{"time_step": 1e-05, "number_of_molecules": 500000, "diff_coef": 50, "sim_time": 5.63333, "absorbers": [[3.07437, -5.06751, -13.7793, 2]], "reflectors": [[8.9546, 10.5568, -2.09014, 5]], "reflector_prisms": [[1.66373, -10.4397, 3.65572, 3.66373, -6.43972, 5.65572], [-4.16961, 8.70456, 4.46086, 1.83039, 10.7046, 9.46086]], "absorber_prisms": [], "line_of_sight": [[0, 0, 0, 0, 0, 499]]}