{"time_step": 1e-05, "number_of_molecules": 500000, "diff_coef": 250, "sim_time": 0.24, "absorbers": [[3.19008, 6.53581, 9.54498, 6]], "reflectors": [], "reflector_prisms": [[-8.14198, 1.36012, -9.40184, -5.14198, 6.36012, -3.40184], [-12.52, 11.1072, 9.72902, -6.52004, 15.1072, 13.729]], "absorber_prisms": [[-8.99924, 1.36232, -19.1589, -3.99924, 3.36232, -15.1589]], "line_of_sight": [[0, 0, 0, 0, 0, 504]]}