{"time_step": 1e-05, "number_of_molecules": 500000, "diff_coef": 150, "sim_time": 3.6, "absorbers": [[13.5199, -7.96028, -15.4223, 4]], "reflectors": [], "reflector_prisms": [], "absorber_prisms": [[1.03948, -8.3153, 16.3639, 7.03948, -5.3153, 20.3639], [3.55636, 5.7112, 10.2581, 5.55636, 9.7112, 16.2581], [12.1441, -17.2312, -10.2079, 16.1441, -13.2312, -4.20786]], "line_of_sight": [[0, 0, 0, 0, 0, 493]]}