{"time_step": 1e-05, "number_of_molecules": 500000, "diff_coef": 100, "sim_time": 6.01667, "absorbers": [[-13.1873, 16.263, -13.6605, 6], [-0.118606, -13.9979, 0.212334, 5], [13.9194, 5.1246, 8.30597, 6], [-18.8386, -11.6597, -6.17724, 5]], "reflectors": [[-16.3449, -4.14059, 6.30083, 4]], "reflector_prisms": [], "absorber_prisms": [], "line_of_sight": [[0, 0, 0, 0, 0, 504], [0, 0, 0, 0, 0, 500], [113, 113, 0, 0, 0, 503], [267, 267, 0, 0, 0, 505]]}