{"time_step": 1e-05, "number_of_molecules": 500000, "diff_coef": 150, "sim_time": 0.544444, "absorbers": [[-0.189934, -0.29105, 9.99396, 3]], "reflectors": [[-2.47626, 1.69042, 20.7849, 2]], "reflector_prisms": [], "absorber_prisms": [[-15.6902, 2.13332, -9.17593, -11.6902, 6.13332, -5.17593], [-5.51239, -8.87712, 1.01626, -3.51239, -2.87712, 5.01626]], "line_of_sight": [[17, 0, 17, 0, 0, 499]]}