{
"time_step": 1e-05,
"number_of_molecules": 500000,
"diff_coef": 300,
"sim_time": 1.42222,
"absorbers": [
[-2.28353,-15.0252,14.4923,5]
],
"reflectors": [
[-1.50172,20.5862,3.86698,3],
[-10.0885,15.1461,-5.46073,6]
],
"reflector_prisms": [
],
"absorber_prisms": [
[-11.039,-7.72605,-14.7344,-8.03898,-2.72605,-8.73441],
[6.14634,13.6963,-9.34146,9.14634,18.6963,-3.34146]
]
}