{
"time_step": 1e-05,
"number_of_molecules": 500000,
"diff_coef": 100,
"sim_time": 5.4,
"absorbers": [
[5.99339,-9.65247,-9.79332,7],
[-18.726,-10.2154,10.9991,6],
[-9.39041,19.8331,-11.9778,7],
[24.4536,2.93856,4.28816,7],
[-1.02794,-10.9479,-0.293398,4]
],
"reflectors": [
[0.202468,-1.09338,-22.9731,5],
[-13.911,-3.27331,4.55726,4],
[-8.20744,2.07834,-13.5764,5],
[-1.67749,-0.946142,21.9155,6]
],
"reflector_prisms": [
],
"absorber_prisms": [
]
}