{"time_step": 1e-05, "number_of_molecules": 500000, "diff_coef": 300, "sim_time": 2.00556, "absorbers": [[11.6377, -4.85535, -6.08198, 6], [-5.70838, 13.2947, 10.7082, 4], [-8.38479, -0.245281, 12.4352, 5], [7.03525, 16.5831, -12.6296, 6], [8.49832, -3.22298, 4.17024, 3], [-3.01657, -5.54773, 23.1543, 5], [12.9973, -3.13056, 8.79029, 3], [0.217221, -18.3876, 15.4224, 6]], "reflectors": [[2.95193, -9.558, -6.62803, 2], [0.504592, 4.26192, 18.509, 4], [-1.05671, -0.532357, -12.946, 5], [1.14465, 0.670519, 8.9017, 3]], "reflector_prisms": [], "absorber_prisms": [], "line_of_sight": [[84, 84, 0, 0, 0, 501], [176, 0, 176, 0, 0, 497], [188, 148, 49, 0, 0, 500], [130, 130, 0, 0, 0, 498], [125, 125, 0, 0, 0, 499], [303, 51, 417, 0, 0, 499], [353, 353, 0, 0, 0, 502], [146, 146, 0, 0, 0, 498]]}