{
"time_step": 1e-05,
"number_of_molecules": 500000,
"diff_coef": 250,
"sim_time": 2.16,
"absorbers": [
[4.14354,-20.5445,-6.68974,4],
[-12.8345,-4.40954,-3.43957,2],
[6.73524,-9.47936,15.0259,3]
],
"reflectors": [
[1.66092,12.1998,4.17215,3]
],
"reflector_prisms": [
],
"absorber_prisms": [
[-16.2106,4.5231,-14.7193,-12.2106,7.5231,-10.7193]
]
}