{
"time_step": 1e-05,
"number_of_molecules": 500000,
"diff_coef": 100,
"sim_time": 3.26667,
"absorbers": [
[2.44162,1.10429,16.7875,3]
],
"reflectors": [
],
"reflector_prisms": [
[-0.441811,12.3013,-8.70278,5.55819,16.3013,-4.70278],
[7.79956,2.33712,-13.6886,11.7996,5.33712,-7.68856],
[-22.405,-2.79114,-6.8375,-16.405,3.20886,-2.8375]
],
"absorber_prisms": [
[-9.40586,-8.12903,-7.48135,-7.40586,-4.12903,-4.48135]
]
}