{
"time_step": 1e-05,
"number_of_molecules": 500000,
"diff_coef": 50,
"sim_time": 0.833333,
"absorbers": [
[7.69082,-1.87363,-1.15792,3]
],
"reflectors": [
],
"reflector_prisms": [
[2.49635,-3.89122,7.68203,6.49635,-1.89122,12.682],
[3.24571,8.8782,6.66365,5.24571,10.8782,9.66365]
],
"absorber_prisms": [
[-0.629052,-3.35611,15.9922,1.37095,2.64389,17.9922],
[-2.67158,4.51264,15.5346,2.32842,10.5126,21.5346],
[-4.40309,9.00271,7.3642,0.596907,11.0027,10.3642]
]
}