{
"time_step": 1e-05,
"number_of_molecules": 500000,
"diff_coef": 350,
"sim_time": 0.233333,
"absorbers": [
[6.26589,8.90627,1.55467,4]
],
"reflectors": [
[3.47616,-2.74722,-7.83385,3],
[5.22319,-7.98441,2.99457,5]
],
"reflector_prisms": [
[11.341,8.54032,6.67245,16.341,13.5403,9.67245],
[-16.6149,-1.68416,-11.2933,-13.6149,0.31584,-6.29331],
[-8.85876,-4.09079,-5.48575,-2.85876,-2.09079,-3.48575]
],
"absorber_prisms": [
]
}