{"time_step": 1e-05, "number_of_molecules": 500000, "diff_coef": 250, "sim_time": 1.92667, "absorbers": [[14.0515, 8.42911, 11.4676, 3]], "reflectors": [[5.46834, 3.05511, -11.3914, 2]], "reflector_prisms": [], "absorber_prisms": [[-3.57515, -3.36527, -11.9742, 2.42485, 2.63473, -5.97417], [-7.04547, 4.94467, -11.607, -1.04547, 6.94467, -7.60703], [-18.7158, -1.06704, -14.6743, -16.7158, 1.93296, -9.6743], [3.15126, 12.2093, 3.07347, 8.15126, 18.2093, 7.07347]], "line_of_sight": [[0, 0, 0, 0, 0, 506]]}