{
"time_step": 1e-05,
"number_of_molecules": 500000,
"diff_coef": 300,
"sim_time": 2.00556,
"absorbers": [
[9.98445,-3.71761,2.73683,2],
[-5.38429,-4.75151,-19.734,2],
[1.97619,4.79985,-7.35229,3],
[5.4644,-4.1171,21.9588,5],
[14.434,-17.0926,5.33885,4],
[-5.43537,10.6938,-0.315806,5],
[15.6281,15.1071,3.39686,4],
[-2.64403,19.8816,-9.04047,6]
],
"reflectors": [
[18.7117,3.25112,0.549386,4],
[10.5524,-1.13281,-2.89188,3],
[-6.32111,-17.3859,11.9069,6],
[5.749,-0.310392,6.91757,4],
[7.80496,-15.759,-13.2188,4],
[3.05394,-2.17218,-22.6926,5],
[12.6568,2.62485,-17.8021,3]
],
"reflector_prisms": [
],
"absorber_prisms": [
]
}