{
"time_step": 1e-05,
"number_of_molecules": 500000,
"diff_coef": 50,
"sim_time": 8.53333,
"absorbers": [
[0.217197,2.12405,12.8235,4],
[6.40238,9.6373,13.7888,5],
[17.2582,-4.35975,-6.6444,5],
[-0.734545,4.07838,-10.1896,5],
[-13.4195,15.4705,10.4681,7]
],
"reflectors": [
[2.93531,20.2486,-8.08567,6],
[-14.8455,5.05517,-10.7265,6],
[1.14313,11.9387,-0.401903,4],
[2.91464,1.20065,-24.8005,6],
[11.9657,-2.96362,4.12771,6]
],
"reflector_prisms": [
],
"absorber_prisms": [
]
}