{"time_step": 1e-05, "number_of_molecules": 500000, "diff_coef": 250, "sim_time": 2.16, "absorbers": [[5.77523, -3.6422, 13.3559, 6], [2.35947, -16.0124, 13.3804, 3], [-2.27431, 0.121717, 9.73718, 3], [-3.13964, 10.2685, -5.35736, 6], [16.1357, 8.8371, -12.0642, 4], [-9.35572, 8.99347, 16.5102, 3], [-21.0261, 4.12175, 8.36149, 5]], "reflectors": [[1.89426, 16.249, 11.5057, 6], [8.89584, -0.944997, -4.46889, 3], [16.4601, 14.6069, 6.68618, 6], [6.98402, 5.49944, 13.3034, 2], [0.414267, -12.3934, -11.6289, 3]], "reflector_prisms": [], "absorber_prisms": [], "line_of_sight": [[117, 117, 0, 0, 0, 498], [498, 498, 0, 0, 0, 498], [36, 36, 0, 0, 0, 500], [79, 79, 0, 0, 0, 498], [0, 0, 0, 0, 0, 497], [0, 0, 0, 0, 0, 501], [415, 0, 415, 0, 0, 503]]}