{
"time_step": 1e-05,
"number_of_molecules": 500000,
"diff_coef": 250,
"sim_time": 2.16,
"absorbers": [
[23.7727,-2.44221,2.2127,6],
[-10.2144,7.90229,-1.4896,4],
[-0.163069,-1.57594,7.84155,2],
[9.95778,-11.4341,-13.0424,5],
[6.42414,4.46108,6.23131,2],
[-1.62978,-1.81604,-7.61878,3],
[-13.7372,-6.31287,13.0934,5],
[-6.9224,-9.79045,-18.4453,6]
],
"reflectors": [
[10.5791,-10.9988,17.2078,5],
[-2.21956,-10.1649,13.4442,5],
[-1.79416,10.0263,19.5001,5]
],
"reflector_prisms": [
],
"absorber_prisms": [
]
}