{"time_step": 1e-05, "number_of_molecules": 500000, "diff_coef": 250, "sim_time": 2.40667, "absorbers": [[1.06105, -3.72257, 21.6568, 6], [-7.14845, 0.16866, -14.3133, 3], [4.28155, 3.57855, -20.2451, 2], [1.89668, 10.8352, 0.0440956, 5], [-11.519, -7.45931, -13.1404, 4], [8.62122, 5.48499, -9.57023, 2], [-7.95916, 6.09351, 13.7303, 6], [5.79852, -5.45288, -0.802015, 3]], "reflectors": [[4.7861, 23.1453, -4.16996, 6], [-3.44817, -10.0754, 7.45635, 4], [9.37607, 7.44861, 9.03369, 4], [12.9895, -12.0219, 3.27808, 3], [7.69041, 16.2148, -8.82823, 2], [-0.601725, -8.65641, -6.76051, 3]], "reflector_prisms": [], "absorber_prisms": [], "line_of_sight": [[76, 76, 0, 0, 0, 499], [33, 33, 0, 0, 0, 500], [284, 284, 0, 0, 0, 500], [143, 0, 169, 0, 0, 501], [330, 0, 330, 0, 0, 502], [0, 0, 0, 0, 0, 496], [0, 0, 0, 0, 0, 499], [74, 0, 74, 0, 0, 504]]}