{"time_step": 1e-05, "number_of_molecules": 500000, "diff_coef": 50, "sim_time": 4.03333, "absorbers": [[5.02214, -0.847427, -16.2191, 6]], "reflectors": [[-20.9273, 0.367317, 9.5349, 4]], "reflector_prisms": [[-6.201, -7.27144, 4.79867, -2.201, -5.27144, 9.79867], [-21.8477, -6.71866, 8.3199, -15.8477, -2.71866, 12.3199]], "absorber_prisms": [], "line_of_sight": [[0, 0, 0, 0, 0, 502]]}