{"time_step": 1e-05, "number_of_molecules": 500000, "diff_coef": 300, "sim_time": 1.08889, "absorbers": [[-5.1287, -9.29096, 2.89388, 6], [5.7776, 4.38279, -9.56088, 6], [14.4124, -12.1388, -2.43576, 5]], "reflectors": [[3.23753, -13.9952, -16.6629, 7], [4.53636, -8.70792, -1.89567, 4]], "reflector_prisms": [], "absorber_prisms": [], "line_of_sight": [[128, 128, 0, 0, 0, 502], [146, 146, 0, 0, 0, 504], [223, 0, 223, 0, 0, 498]]}