{
"time_step": 1e-05,
"number_of_molecules": 500000,
"diff_coef": 50,
"sim_time": 12.0333,
"absorbers": [
[1.34449,0.725896,21.9469,4],
[2.38654,4.99481,-24.3794,6],
[16.8457,-3.87936,11.9237,4],
[4.4681,13.1185,11.4865,6],
[3.74714,-2.37242,-12.2201,5]
],
"reflectors": [
[12.3893,-12.4935,-13.2068,6],
[-9.90011,21.0226,-6.00316,5],
[-7.56661,-17.0288,3.71041,4],
[12.6223,9.26045,3.30491,5],
[11.1366,-11.7426,14.9026,4]
],
"reflector_prisms": [
],
"absorber_prisms": [
]
}