{
"time_step": 1e-05,
"number_of_molecules": 500000,
"diff_coef": 400,
"sim_time": 0.704167,
"absorbers": [
[-1.76142,1.56264,17.8453,5]
],
"reflectors": [
[1.51218,-13.187,16.2732,3]
],
"reflector_prisms": [
],
"absorber_prisms": [
[-11.0158,-5.74788,-13.7038,-9.01576,-0.747876,-11.7038],
[7.88642,11.9598,3.60815,9.88642,17.9598,5.60815],
[-3.37933,-9.75549,-12.6004,2.62067,-3.75549,-9.60043]
]
}