{"time_step": 1e-05, "number_of_molecules": 500000, "diff_coef": 150, "sim_time": 0.9, "absorbers": [[-0.524516, 1.46424, -11.8988, 3]], "reflectors": [], "reflector_prisms": [[-10.0563, 8.31302, -4.26409, -6.05627, 14.313, 0.735908]], "absorber_prisms": [[6.66222, 14.0416, -6.15754, 9.66222, 16.0416, -1.15754], [-7.43928, -9.21631, -12.251, -4.43928, -3.21631, -7.25103]], "line_of_sight": [[0, 0, 0, 0, 0, 499]]}