{
"time_step": 1e-05,
"number_of_molecules": 500000,
"diff_coef": 250,
"sim_time": 0.166667,
"absorbers": [
[-3.20155,-3.03934,5.43254,2]
],
"reflectors": [
[-2.83698,-4.96369,-14.9437,2]
],
"reflector_prisms": [
[-16.7758,7.87175,-12.2136,-12.7758,12.8718,-7.21356],
[0.172653,-6.32345,-23.5827,5.17265,-0.32345,-19.5827]
],
"absorber_prisms": [
]
}