{
"time_step": 1e-05,
"number_of_molecules": 500000,
"diff_coef": 50,
"sim_time": 8.53333,
"absorbers": [
[2.94559,-6.83213,8.10219,5],
[3.33707,5.29742,-11.393,5],
[-0.0806612,0.548853,-17.9914,3],
[5.15526,-5.84124,-7.76551,3],
[8.59305,-5.36222,-18.3958,5],
[-2.61071,-11.7011,0.51923,3],
[-1.84754,3.5084,16.5311,2]
],
"reflectors": [
[1.3037,8.47953,6.88461,3],
[10.2386,9.45568,-1.32689,5],
[-13.4692,11.0906,4.42487,6],
[-6.95736,7.44309,13.6087,5],
[0.82903,9.5006,14.0731,3],
[-7.43618,-5.87246,8.90042,3]
],
"reflector_prisms": [
],
"absorber_prisms": [
]
}