{"time_step": 1e-05, "number_of_molecules": 500000, "diff_coef": 350, "sim_time": 1.37619, "absorbers": [[-2.13287, 2.21422, -16.7197, 2], [11.3855, -8.00449, -1.51598, 5], [-4.90262, -3.4609, -12.6486, 4], [0.0945382, -7.214, 14.2811, 6], [-1.0665, 1.1055, -6.82938, 2], [5.03056, -13.1398, -18.1945, 6], [16.7609, 8.05621, 3.89467, 4], [-16.1767, 2.86281, 4.37242, 5]], "reflectors": [[11.7717, -8.27799, 20.4427, 6]], "reflector_prisms": [], "absorber_prisms": [], "line_of_sight": [[500, 790, 0, 0, 0, 500], [109, 109, 0, 0, 0, 497], [88, 88, 0, 0, 0, 498], [181, 185, 71, 0, 0, 500], [375, 340, 91, 0, 0, 499], [0, 0, 0, 0, 0, 501], [0, 0, 0, 0, 0, 501], [145, 145, 0, 0, 0, 500]]}