{
"time_step": 1e-05,
"number_of_molecules": 500000,
"diff_coef": 100,
"sim_time": 4.26667,
"absorbers": [
[-10.7946,-2.48056,11.5466,5],
[3.2288,3.03145,20.5277,5]
],
"reflectors": [
],
"reflector_prisms": [
],
"absorber_prisms": [
[14.9857,-2.06612,-0.796846,19.9857,1.93388,2.20315],
[-2.2404,13.4593,10.0301,3.7596,18.4593,14.0301]
]
}