{
"time_step": 1e-05,
"number_of_molecules": 500000,
"diff_coef": 300,
"sim_time": 1.8,
"absorbers": [
[-9.99085,-21.2737,-4.85946,6],
[-11.2695,4.68026,-14.5634,3],
[5.72224,1.18851,10.4806,2]
],
"reflectors": [
[-2.52799,-0.693211,16.7967,2],
[3.07949,-4.0635,11.9585,4],
[10.9715,0.556614,0.563033,2],
[-12.624,-16.9203,9.12909,6]
],
"reflector_prisms": [
],
"absorber_prisms": [
]
}