{
"time_step": 1e-05,
"number_of_molecules": 500000,
"diff_coef": 400,
"sim_time": 0.3375,
"absorbers": [
[-2.01848,-1.98548,11.6612,3]
],
"reflectors": [
[-10.8185,-2.36046,17.8435,4]
],
"reflector_prisms": [
[12.0408,-6.35943,12.4295,16.0408,-1.35943,16.4295]
],
"absorber_prisms": [
[9.85459,5.95002,10.4155,11.8546,9.95002,16.4155],
[-12.6395,-19.8463,4.13346,-8.63951,-13.8463,9.13346],
[3.63105,-7.9154,-17.2172,6.63105,-2.9154,-12.2172]
]
}