{
"time_step": 1e-05,
"number_of_molecules": 500000,
"diff_coef": 100,
"sim_time": 6.01667,
"absorbers": [
[-0.400975,-22.5468,-4.52581,4],
[9.79755,3.31259,13.492,5],
[-7.70331,-8.2373,-14.0288,2],
[5.65625,-15.8059,-2.67963,3],
[5.62892,-16.0445,15.4883,6],
[-10.4726,8.44854,-8.65722,5],
[2.67532,1.69098,-17.7196,6]
],
"reflectors": [
[3.91802,-6.02001,6.95763,2],
[2.14524,-4.23106,22.5055,6],
[-3.93367,-6.0277,8.31824,5],
[5.62747,16.7889,-6.88953,2],
[-4.70467,17.3709,0.344986,3],
[-12.9375,-16.3748,-2.34231,6],
[10.6733,5.14576,1.89779,2]
],
"reflector_prisms": [
],
"absorber_prisms": [
]
}