{"time_step": 1e-05, "number_of_molecules": 500000, "diff_coef": 300, "sim_time": 1.8, "absorbers": [[-3.84114, 14.7142, -4.97377, 3], [-8.48356, -3.00141, -20.0754, 5], [-2.25092, 9.91861, -17.2208, 2]], "reflectors": [[10.0061, -11.0309, -1.78833, 2]], "reflector_prisms": [], "absorber_prisms": [[4.82726, -4.20129, 7.16682, 6.82726, -0.201292, 12.1668]], "line_of_sight": [[0, 0, 0, 0, 0, 503], [0, 0, 0, 0, 0, 503], [0, 0, 0, 0, 0, 498]]}