{"time_step": 1e-05, "number_of_molecules": 500000, "diff_coef": 300, "sim_time": 2.00556, "absorbers": [[-22.2422, -2.5462, 5.27269, 4]], "reflectors": [], "reflector_prisms": [[-2.33988, -0.179005, 9.96405, 1.66012, 1.82099, 11.9641]], "absorber_prisms": [[9.96534, 11.9214, -10.9442, 14.9653, 16.9214, -8.94423]], "line_of_sight": [[0, 0, 0, 0, 0, 500]]}