{"time_step": 1e-05, "number_of_molecules": 500000, "diff_coef": 300, "sim_time": 2.00556, "absorbers": [[-9.81339, 1.91638, 0.157379, 4], [4.36509, 13.632, 9.17145, 6], [7.13893, 24.9093, -2.13651, 7], [-4.49628, 4.55996, -15.7477, 7], [-0.880243, -11.0357, -4.63022, 5], [-1.15671, 0.127274, 11.9434, 6]], "reflectors": [[-12.9474, -7.99004, -9.6189, 5], [-8.14056, -10.1947, 15.1591, 4], [7.17515, -8.11056, -16.8148, 6]], "reflector_prisms": [], "absorber_prisms": [], "line_of_sight": [[0, 0, 0, 0, 0, 501], [310, 271, 39, 0, 0, 500], [148, 148, 0, 0, 0, 501], [220, 220, 0, 0, 0, 501], [267, 267, 0, 0, 0, 497], [275, 152, 123, 0, 0, 499]]}