{"time_step": 1e-05, "number_of_molecules": 500000, "diff_coef": 100, "sim_time": 6.01667, "absorbers": [[-18.8722, -7.94452, -4.66113, 3], [11.9136, 15.2836, -12.3885, 5], [-18.94, -2.07259, -10.9991, 3], [1.85106, 0.724064, -7.74915, 3], [-3.40704, 10.4457, 14.2576, 3], [5.85235, -16.627, 17.7283, 6], [5.82122, -0.544748, 3.84924, 2]], "reflectors": [[9.50283, -5.84722, 8.45614, 5], [0.144167, -0.0115161, -14.9993, 4], [0.375124, -0.116357, 21.9965, 4], [8.14921, 5.35674, 2.21262, 4], [9.64741, -6.11798, -15.1822, 2]], "reflector_prisms": [], "absorber_prisms": [], "line_of_sight": [[498, 0, 498, 0, 0, 498], [0, 0, 0, 0, 0, 499], [458, 421, 37, 0, 0, 501], [145, 0, 229, 0, 0, 498], [0, 0, 0, 0, 0, 501], [82, 0, 82, 0, 0, 501], [273, 85, 188, 0, 0, 502]]}