{"time_step": 1e-05, "number_of_molecules": 500000, "diff_coef": 50, "sim_time": 4.8, "absorbers": [[10.9783, 5.45297, 11.7789, 5], [9.6182, -11.5089, 0.187618, 5]], "reflectors": [[7.09677, 9.53165, -9.15333, 3], [7.83071, -0.844926, 1.40217, 3]], "reflector_prisms": [], "absorber_prisms": [[-3.64893, -1.57791, 7.42082, 1.35107, 2.42209, 11.4208]], "line_of_sight": [[0, 0, 0, 0, 0, 498], [0, 0, 0, 0, 0, 505]]}