{
"time_step": 1e-05,
"number_of_molecules": 500000,
"diff_coef": 250,
"sim_time": 2.16,
"absorbers": [
[2.67215,-6.976,-19.6264,5],
[4.50906,-11.117,-0.285924,7],
[-7.00286,5.55238,-19.0034,6],
[-8.95779,13.5008,16.3244,5],
[-6.29935,-19.9493,-1.82811,7],
[6.53243,10.7111,-12.9073,7]
],
"reflectors": [
[-16.0397,-4.205,9.27617,6],
[-4.97887,-0.346877,16.2509,5],
[-7.71187,11.5582,-1.71332,6],
[-19.3879,8.60756,-8.88936,7],
[-8.16602,-13.7953,10.1983,6],
[-10.6326,-4.4449,-3.34519,6]
],
"reflector_prisms": [
],
"absorber_prisms": [
]
}