{"time_step": 1e-05, "number_of_molecules": 500000, "diff_coef": 350, "sim_time": 1.71905, "absorbers": [[-2.29784, -8.9477, -23.2306, 6]], "reflectors": [[8.83275, -5.17811, -6.25857, 3]], "reflector_prisms": [[-2.59279, -2.24343, 10.9973, 2.40721, 2.75657, 16.9973], [-10.2208, 6.47831, -3.02167, -7.22082, 8.47831, 1.97833], [-7.43052, -0.916056, -12.1369, -1.43052, 2.08394, -10.1369]], "absorber_prisms": [], "line_of_sight": [[0, 0, 0, 0, 0, 499]]}