{"time_step": 1e-05, "number_of_molecules": 500000, "diff_coef": 100, "sim_time": 2.81667, "absorbers": [[10.2762, -7.12368, 8.28572, 2], [-6.00083, -8.67439, 5.72233, 6]], "reflectors": [], "reflector_prisms": [], "absorber_prisms": [[0.71617, -0.611208, 19.8025, 2.71617, 5.38879, 23.8025], [7.54112, 6.6922, 2.57097, 13.5411, 8.6922, 7.57097]], "line_of_sight": [[0, 0, 0, 0, 0, 502], [0, 0, 0, 0, 0, 500]]}