{
"time_step": 1e-05,
"number_of_molecules": 500000,
"diff_coef": 200,
"sim_time": 2.40833,
"absorbers": [
[8.34275,2.61757,-19.0931,4]
],
"reflectors": [
[14.3959,6.89562,1.09985,2],
[0.0403579,-0.628821,-20.9905,3],
[2.85465,17.6958,-8.87185,3]
],
"reflector_prisms": [
[-3.55104,-0.8847,-19.8436,-0.551044,3.1153,-14.8436],
[7.88097,-6.77133,-11.9511,11.881,-1.77133,-5.9511]
],
"absorber_prisms": [
]
}