{"time_step": 1e-05, "number_of_molecules": 500000, "diff_coef": 100, "sim_time": 6.01667, "absorbers": [[6.16679, 0.944292, 20.0519, 2], [-2.92466, -0.0305365, 18.7735, 6], [-4.49605, 15.2825, -1.49317, 3], [8.52778, -17.6545, 3.94903, 3], [4.85238, -2.33392, -10.7241, 2], [-2.79164, -20.9522, 6.10021, 5], [-2.12165, -11.9797, -6.92715, 2], [-1.86332, -8.65726, -1.60618, 4]], "reflectors": [], "reflector_prisms": [], "absorber_prisms": [], "line_of_sight": [[0, 0, 0, 0, 0, 500], [77, 77, 0, 0, 0, 500], [238, 238, 0, 0, 0, 499], [189, 189, 0, 0, 0, 497], [201, 201, 0, 0, 0, 503], [212, 212, 0, 0, 0, 497], [443, 443, 0, 0, 0, 503], [156, 156, 0, 0, 0, 500]]}