{
"time_step": 1e-05,
"number_of_molecules": 500000,
"diff_coef": 100,
"sim_time": 4.26667,
"absorbers": [
[7.98458,-5.07961,7.37862,3],
[-0.00532498,-0.00111958,-13,5],
[12.4306,4.40953,-9.05733,3],
[-10.349,18.0099,-7.24864,6]
],
"reflectors": [
[-6.89211,3.92824,17.2646,3],
[7.80854,-20.2503,7.6127,5],
[0.0235958,0.139089,16.9994,2],
[-4.54795,-5.73416,10.7441,6],
[8.30918,11.2492,-19.5042,5]
],
"reflector_prisms": [
],
"absorber_prisms": [
]
}