{
"time_step": 1e-05,
"number_of_molecules": 500000,
"diff_coef": 300,
"sim_time": 1.42222,
"absorbers": [
[0.0817509,0.587891,-9.98237,3],
[9.88134,3.85478,-16.9558,4]
],
"reflectors": [
[9.47897,5.6282,6.89002,2]
],
"reflector_prisms": [
],
"absorber_prisms": [
[3.65501,11.7627,-11.977,6.65501,13.7627,-7.97701]
]
}