{"time_step": 1e-05, "number_of_molecules": 500000, "diff_coef": 350, "sim_time": 0.171429, "absorbers": [[2.73942, -6.98404, -2.77828, 2]], "reflectors": [[10.5342, -12.0036, -5.82609, 3], [5.96873, -7.67548, 15.148, 2], [-0.207086, 0.0150913, 11.9982, 2], [-6.85443, -3.92365, 20.5334, 6]], "reflector_prisms": [], "absorber_prisms": [], "line_of_sight": [[77, 0, 77, 0, 0, 500]]}