{
"time_step": 1e-05,
"number_of_molecules": 500000,
"diff_coef": 300,
"sim_time": 2.00556,
"absorbers": [
[21.6143,0.149851,12.5619,6]
],
"reflectors": [
[5.35199,-1.80663,19.1857,3]
],
"reflector_prisms": [
[10.4077,-0.0983604,13.8128,16.4077,1.90164,15.8128]
],
"absorber_prisms": [
[-18.4579,9.86542,0.372814,-15.4579,12.8654,3.37281],
[-13.0054,10.975,-9.50517,-7.00538,15.975,-3.50517]
]
}