{"time_step": 1e-05, "number_of_molecules": 500000, "diff_coef": 200, "sim_time": 1.63333, "absorbers": [[9.2583, -1.7438, 17.6421, 6]], "reflectors": [], "reflector_prisms": [[-19.786, -0.801352, 4.98136, -14.786, 3.19865, 7.98136], [-3.33566, -7.63242, 14.6801, 0.664344, -5.63242, 18.6801], [-10.7496, -1.7849, 9.13303, -4.74962, 0.2151, 14.133]], "absorber_prisms": [[-17.86, 6.83268, -10.596, -11.86, 11.8327, -8.59596]], "line_of_sight": [[0, 0, 0, 0, 0, 500]]}