{
"time_step": 1e-05,
"number_of_molecules": 500000,
"diff_coef": 250,
"sim_time": 0.96,
"absorbers": [
[-2.24623,-7.42815,-13.992,4]
],
"reflectors": [
],
"reflector_prisms": [
[-15.0398,-1.44164,8.42181,-9.03983,4.55836,12.4218]
],
"absorber_prisms": [
[-14.4499,-10.3007,-5.7481,-11.4499,-8.3007,-2.7481],
[-2.5897,-2.82767,-10.9876,3.4103,3.17233,-4.98761]
]
}