{
"time_step": 1e-05,
"number_of_molecules": 500000,
"diff_coef": 250,
"sim_time": 1.5,
"absorbers": [
[-0.527516,1.27345,17.9471,6],
[-4.47192,-7.22365,5.27455,4],
[5.07024,2.03742,-20.2766,6],
[2.43038,11.1384,-9.74828,6],
[-7.72931,-2.66254,-17.1513,7]
],
"reflectors": [
[1.12426,-2.15255,8.66617,4],
[10.1054,-0.10088,4.34398,6],
[0.105814,23.9081,2.09548,6],
[15.1935,2.38983,-11.1556,7]
],
"reflector_prisms": [
],
"absorber_prisms": [
]
}