{
"time_step": 1e-05,
"number_of_molecules": 500000,
"diff_coef": 300,
"sim_time": 1.60556,
"absorbers": [
[16.9603,10.4983,1.46148,4],
[7.05692,-9.28682,-19.8231,7],
[-13.3363,12.0988,-8.70423,7],
[-3.60898,-8.6168,12.9895,4],
[-9.03785,6.81101,17.6898,4],
[6.02322,15.0534,-5.11048,6],
[-10.5537,-3.10091,0.0668991,4]
],
"reflectors": [
[-0.0524166,4.65968,-12.1361,7]
],
"reflector_prisms": [
],
"absorber_prisms": [
]
}