{"time_step": 1e-05, "number_of_molecules": 500000, "diff_coef": 300, "sim_time": 1.25, "absorbers": [[9.53974, 1.99778, -10.05, 3], [8.92908, -4.82625, 17.2331, 5]], "reflectors": [[-4.89549, -12.4474, -8.78047, 6]], "reflector_prisms": [], "absorber_prisms": [[-8.78311, -5.51523, 17.8391, -3.78311, -0.515233, 22.8391]], "line_of_sight": [[0, 0, 0, 0, 0, 494], [0, 0, 0, 0, 0, 500]]}