{
"time_step": 1e-05,
"number_of_molecules": 500000,
"diff_coef": 200,
"sim_time": 2.40833,
"absorbers": [
[-4.71486,-0.78687,21.4744,6],
[-3.78509,-18.5775,-9.0305,5],
[-20.6001,-2.4927,-7.30901,6],
[16.8099,2.3582,-16.9666,7],
[-0.457727,-0.889971,-10.9544,5]
],
"reflectors": [
[-1.52866,-10.6741,13.1426,4],
[-3.93628,5.386,-18.8546,4],
[13.8759,4.56115,15.0883,6],
[-12.24,-16.3596,12.5915,6],
[-9.23682,14.5318,10.1739,7]
],
"reflector_prisms": [
],
"absorber_prisms": [
]
}