{
"time_step": 1e-05,
"number_of_molecules": 500000,
"diff_coef": 200,
"sim_time": 2.13333,
"absorbers": [
[-11.8915,4.14819,8.14762,5],
[-10.6666,11.0886,-9.34165,2],
[-0.825373,2.38241,12.7532,2]
],
"reflectors": [
],
"reflector_prisms": [
[14.3729,-1.28788,-3.56712,16.3729,3.71212,0.43288]
],
"absorber_prisms": [
]
}