{"time_step": 1e-05, "number_of_molecules": 500000, "diff_coef": 300, "sim_time": 2.00556, "absorbers": [[8.3669, -9.77513, -5.51742, 6], [-4.02102, 5.21974, -13.4754, 7], [21.7407, 11.7368, -8.0988, 7], [-8.24609, 0.428554, 11.3057, 6], [1.8008, -15.1399, -14.4409, 6], [-10.835, -6.89023, -17.8641, 7]], "reflectors": [[5.77288, -2.1175, -22.1628, 5], [8.451, -6.80193, 11.7607, 6]], "reflector_prisms": [], "absorber_prisms": [], "line_of_sight": [[118, 118, 0, 0, 0, 498], [222, 52, 170, 0, 0, 500], [0, 0, 0, 0, 0, 500], [138, 51, 87, 0, 0, 501], [106, 106, 0, 0, 0, 501], [77, 77, 0, 0, 0, 501]]}