{
"time_step": 1e-05,
"number_of_molecules": 500000,
"diff_coef": 250,
"sim_time": 2.16,
"absorbers": [
[3.33571,-21.8628,6.31607,6],
[1.67157,0.604276,23.9341,6]
],
"reflectors": [
],
"reflector_prisms": [
[-4.95362,2.72452,7.76198,-2.95362,5.72452,9.76198],
[12.599,9.87404,-5.64072,15.599,11.874,0.359283],
[-7.10645,-15.6351,-5.39023,-2.10645,-9.63514,-2.39023]
],
"absorber_prisms": [
[-4.74388,-6.25456,-5.29648,-1.74388,-4.25456,-1.29648]
]
}