{"time_step": 1e-05, "number_of_molecules": 500000, "diff_coef": 200, "sim_time": 2.7, "absorbers": [[-15.8377, 0.388603, 15.2648, 4]], "reflectors": [[-3.78613, 8.0581, -9.47271, 6], [-0.600983, 0.21492, 20.9903, 3], [-14.4758, 3.09232, 2.42693, 6]], "reflector_prisms": [], "absorber_prisms": [[-4.30973, -2.09934, 9.86718, 0.690268, 2.90066, 15.8672]], "line_of_sight": [[0, 0, 0, 0, 0, 500]]}