{"time_step": 1e-05, "number_of_molecules": 500000, "diff_coef": 300, "sim_time": 1.8, "absorbers": [[-3.91761, -4.0487, 19.1901, 5], [-2.0201, -10.0034, -8.053, 5], [4.26238, -23.5055, -2.30699, 6], [14.3958, 16.1935, 7.71573, 7]], "reflectors": [[-5.68079, 8.48186, -8.04901, 5], [-15.7949, -13.7876, 1.19326, 5], [-1.02286, -1.36423, -21.9338, 5]], "reflector_prisms": [], "absorber_prisms": [], "line_of_sight": [[92, 0, 92, 0, 0, 499], [82, 82, 0, 0, 0, 502], [0, 0, 0, 0, 0, 501], [188, 106, 82, 0, 0, 503]]}