{"time_step": 1e-05, "number_of_molecules": 500000, "diff_coef": 250, "sim_time": 1.30667, "absorbers": [[5.67503, -8.28903, 12.4534, 2]], "reflectors": [[-12.4604, 6.30788, 18.2742, 5]], "reflector_prisms": [[1.58894, -4.94735, -21.3617, 4.58894, -2.94735, -17.3617], [-18.2662, -7.37206, 8.38949, -13.2662, -2.37206, 12.3895]], "absorber_prisms": [[-4.92872, -7.69946, -21.8441, 1.07128, -1.69946, -16.8441]], "line_of_sight": [[0, 0, 0, 0, 0, 497]]}