{
"time_step": 1e-05,
"number_of_molecules": 500000,
"diff_coef": 50,
"sim_time": 12.0333,
"absorbers": [
[13.9455,-16.0096,-8.84394,4],
[-2.31069,1.51784,15.7593,6]
],
"reflectors": [
],
"reflector_prisms": [
[-11.3956,3.92636,3.62619,-7.39557,6.92636,6.62619]
],
"absorber_prisms": [
[-13.2026,-5.94612,-17.9749,-10.2026,-0.946115,-14.9749],
[6.96263,0.863011,-6.18092,12.9626,4.86301,-1.18092]
]
}