{
"time_step": 1e-05,
"number_of_molecules": 500000,
"diff_coef": 150,
"sim_time": 4.01111,
"absorbers": [
[19.5875,3.36808,-15.1653,7],
[-0.792708,-6.73032,-20.9302,4],
[21.0653,-6.1989,-6.84312,4],
[10.265,-7.50696,7.95451,5],
[0.164919,8.05623,10.2015,7],
[-6.71759,-3.53099,10.5549,5],
[2.139,6.40818,-8.68101,6]
],
"reflectors": [
[1.00048,-16.1905,13.3367,5]
],
"reflector_prisms": [
],
"absorber_prisms": [
]
}