{"time_step": 1e-05, "number_of_molecules": 500000, "diff_coef": 250, "sim_time": 1.70667, "absorbers": [[7.22309, -10.9974, -9.10408, 6], [2.58743, 14.7648, 5.59524, 4], [5.55575, 2.0063, 12.6928, 7], [-7.63159, -5.22881, 11.8076, 4], [10.6469, -10.3566, 8.26944, 4], [-15.2351, 6.68711, -11.0984, 4], [-0.0163521, -14.2618, 15.4143, 6]], "reflectors": [[1.45949, 14.5035, -20.3105, 6]], "reflector_prisms": [], "absorber_prisms": [], "line_of_sight": [[0, 0, 0, 0, 0, 499], [0, 0, 0, 0, 0, 499], [6, 6, 0, 0, 0, 495], [0, 0, 0, 0, 0, 501], [96, 96, 0, 0, 0, 499], [148, 148, 0, 0, 0, 497], [206, 0, 206, 0, 0, 497]]}