{
"time_step": 1e-05,
"number_of_molecules": 500000,
"diff_coef": 150,
"sim_time": 0.544444,
"absorbers": [
[0.969522,-6.67073,11.1158,6]
],
"reflectors": [
[-18.2519,2.35611,-4.72422,3]
],
"reflector_prisms": [
[11.4583,-6.53342,9.39685,16.4583,-0.533423,15.3969]
],
"absorber_prisms": [
[15.4806,-10.347,0.631362,18.4806,-8.34697,3.63136]
]
}