{"time_step": 1e-05, "number_of_molecules": 500000, "diff_coef": 250, "sim_time": 2.16, "absorbers": [[1.53996, -1.62335, 21.8859, 4], [11.9736, -2.52025, -10.3092, 5], [-7.02064, 5.86487, -22.1881, 6], [2.73619, -12.9727, 10.6406, 3], [-10.5119, 4.26515, -6.34886, 6], [-0.412946, 0.305767, 9.98679, 5], [-18.5925, -13.1876, 3.06698, 5], [4.10452, 19.4079, -2.54715, 4]], "reflectors": [[-0.201922, 0.740731, -7.96307, 3], [-9.18018, 5.7464, 14.3772, 4], [9.54597, -4.20539, 7.75817, 5], [-5.16162, 6.24263, 5.86406, 2], [-5.60919, -10.7211, -4.75347, 3], [2.9167, 9.76385, 6.3372, 4]], "reflector_prisms": [], "absorber_prisms": [], "line_of_sight": [[504, 668, 504, 0, 0, 504], [120, 20, 113, 0, 0, 503], [371, 436, 342, 0, 0, 502], [0, 0, 0, 0, 0, 501], [184, 22, 184, 0, 0, 503], [198, 105, 165, 0, 0, 498], [0, 0, 0, 0, 0, 500], [0, 0, 0, 0, 0, 501]]}