{
"time_step": 1e-05,
"number_of_molecules": 500000,
"diff_coef": 100,
"sim_time": 4.26667,
"absorbers": [
[-5.7679,9.45553,-16.6531,4]
],
"reflectors": [
[-6.99403,-17.4031,-3.03592,6]
],
"reflector_prisms": [
[16.6291,-5.20025,-15.8812,18.6291,-0.20025,-9.88118],
[0.208074,5.06087,6.11325,3.20807,7.06087,8.11325],
[2.4322,10.999,-16.1806,8.4322,16.999,-13.1806]
],
"absorber_prisms": [
[-0.128448,-2.34837,13.9564,1.87155,0.65163,19.9564]
]
}