{"time_step": 1e-05, "number_of_molecules": 500000, "diff_coef": 150, "sim_time": 4.01111, "absorbers": [[16.1755, 9.33872, 3.48452, 7], [4.29947, 6.14269, 14.1344, 4], [6.10347, 1.61696, -23.1545, 5], [-2.94398, -2.73384, 9.15746, 4], [4.80747, -9.87742, -12.974, 7]], "reflectors": [[8.32348, 3.01007, -10.8471, 6], [-9.66786, -3.34861, -4.03972, 5]], "reflector_prisms": [], "absorber_prisms": [], "line_of_sight": [[302, 0, 302, 0, 0, 503], [72, 72, 0, 0, 0, 500], [464, 464, 243, 0, 0, 502], [284, 79, 225, 0, 0, 501], [41, 41, 0, 0, 0, 501]]}