{"time_step": 1e-05, "number_of_molecules": 500000, "diff_coef": 150, "sim_time": 0.711111, "absorbers": [[-6.22737, 10.6699, -6.58578, 6]], "reflectors": [], "reflector_prisms": [[13.2446, 11.354, 3.72805, 16.2446, 15.354, 9.72805], [-15.7618, -9.8148, -5.32149, -10.7618, -7.8148, -3.32149], [7.43908, -9.81619, -14.3296, 9.43908, -5.81619, -9.32958], [2.25405, 5.7105, 1.22756, 6.25405, 7.7105, 7.22756]], "absorber_prisms": [[4.82607, 1.06185, -4.2872, 6.82607, 3.06185, -2.2872]], "line_of_sight": [[0, 0, 0, 0, 0, 502]]}