{"time_step": 1e-05, "number_of_molecules": 500000, "diff_coef": 400, "sim_time": 0.504167, "absorbers": [[-12.5586, 9.68016, -2.13917, 5]], "reflectors": [[2.15792, -6.9283, 9.5573, 5]], "reflector_prisms": [[-6.61413, 0.348823, -10.2819, -3.61413, 2.34882, -4.28192]], "absorber_prisms": [[1.16899, 6.99546, -6.14953, 3.16899, 8.99546, -3.14953]], "line_of_sight": [[0, 0, 0, 0, 0, 499]]}