{
"time_step": 1e-05,
"number_of_molecules": 500000,
"diff_coef": 150,
"sim_time": 1.87778,
"absorbers": [
[-2.57933,7.72996,17.1638,6],
[1.88062,0.0128559,11.8517,2]
],
"reflectors": [
],
"reflector_prisms": [
],
"absorber_prisms": [
[6.98441,-8.18425,-17.4187,10.9844,-2.18425,-14.4187],
[13.5787,7.00394,-0.96422,15.5787,10.0039,5.03578],
[-7.80658,-8.7867,-3.72231,-1.80658,-2.7867,-1.72231],
[-9.07362,-7.7569,-14.3153,-7.07362,-4.7569,-10.3153]
]
}