{
"time_step": 1e-05,
"number_of_molecules": 500000,
"diff_coef": 150,
"sim_time": 3.6,
"absorbers": [
[15.1017,8.93606,-13.2697,4]
],
"reflectors": [
[0.560739,9.84121,-9.94164,6],
[14.6409,-1.07516,18.9865,6],
[-15.4228,-4.70541,-10.0497,4]
],
"reflector_prisms": [
],
"absorber_prisms": [
[-9.75601,1.6015,8.89809,-7.75601,3.6015,14.8981],
[-1.2611,1.22168,-10.3615,0.738904,5.22168,-5.36146]
]
}