{
"time_step": 1e-05,
"number_of_molecules": 500000,
"diff_coef": 200,
"sim_time": 2.7,
"absorbers": [
[3.55172,-1.89069,17.5445,2],
[-7.1549,1.17059,14.2631,2],
[-12.7314,13.8614,14.892,6]
],
"reflectors": [
],
"reflector_prisms": [
[-0.844334,-3.05874,-12.4987,1.15567,2.94126,-9.49874],
[5.77837,-9.15491,-1.62186,9.77837,-6.15491,4.37814]
],
"absorber_prisms": [
]
}