{"time_step": 1e-05, "number_of_molecules": 500000, "diff_coef": 400, "sim_time": 0.9375, "absorbers": [[-0.0208102, 9.98232, 13.7606, 2]], "reflectors": [], "reflector_prisms": [], "absorber_prisms": [[6.46824, -1.53232, 1.01166, 10.4682, 2.46768, 5.01166], [5.26155, -6.32873, -12.9407, 11.2615, -2.32873, -7.94073], [-2.88746, -0.922637, -11.999, 3.11254, 1.07736, -5.99896], [-8.87606, 9.72906, -7.35424, -6.87606, 14.7291, -3.35424], [-11.4083, -14.484, 5.3689, -9.40834, -9.48398, 9.3689]], "line_of_sight": [[0, 0, 0, 0, 0, 503]]}