{
"time_step": 1e-05,
"number_of_molecules": 500000,
"diff_coef": 250,
"sim_time": 1.92667,
"absorbers": [
[-0.807003,-7.93923,0.563364,3],
[10.8732,2.69323,6.5969,4],
[8.86486,-16.7799,-6.31268,3],
[-7.55536,-4.23648,-9.69375,4]
],
"reflectors": [
[13.3098,10.5034,-1.23516,2],
[-19.1213,5.67469,-1.47423,5],
[3.43726,-8.55358,9.16632,6],
[2.35419,4.75796,-16.1499,3],
[1.05478,4.18145,6.73817,3],
[0.70749,-19.0682,-8.7695,3]
],
"reflector_prisms": [
],
"absorber_prisms": [
]
}