{
"time_step": 1e-05,
"number_of_molecules": 500000,
"diff_coef": 250,
"sim_time": 1.70667,
"absorbers": [
[-4.23664,-0.938378,15.4003,3],
[4.18622,-4.74601,17.9151,3],
[-2.98034,-6.89818,15.249,2]
],
"reflectors": [
],
"reflector_prisms": [
[1.10674,-0.281177,15.5752,6.10674,3.71882,21.5752],
[-4.43757,4.39073,-1.87218,-1.43757,9.39073,1.12782]
],
"absorber_prisms": [
]
}