{"time_step": 1e-05, "number_of_molecules": 500000, "diff_coef": 200, "sim_time": 0.533333, "absorbers": [[8.0036, 7.36112, 1.66018, 3]], "reflectors": [[5.8649, -11.42, -7.75796, 4], [-13.8433, -0.0697993, 13.0138, 6], [-8.14422, 2.50808, -2.89502, 3]], "reflector_prisms": [[14.7486, -6.22293, -11.3489, 17.7486, -4.22293, -5.34892]], "absorber_prisms": [], "line_of_sight": [[0, 0, 0, 0, 0, 500]]}