{"time_step": 1e-05, "number_of_molecules": 500000, "diff_coef": 350, "sim_time": 1.37619, "absorbers": [[-3.57244, 4.79533, 10.404, 5], [-3.13565, 1.98762, -13.4988, 5], [-5.72917, -14.3387, 17.0464, 7], [17.5491, -6.26388, -3.71376, 7], [-13.8772, 15.115, 4.46766, 4], [3.21744, -12.9471, -8.83299, 4]], "reflectors": [[6.14127, -5.49697, 19.315, 4], [11.8078, 1.9382, 0.904888, 4], [-21.7483, -0.439866, -7.47128, 4], [-14.5491, -10.4107, 1.98549, 5], [5.06655, -1.60765, -8.47027, 5]], "reflector_prisms": [], "absorber_prisms": [], "line_of_sight": [[354, 81, 280, 0, 0, 496], [106, 18, 99, 0, 0, 494], [0, 0, 0, 0, 0, 500], [197, 49, 148, 0, 0, 502], [113, 113, 0, 0, 0, 496], [134, 134, 0, 0, 0, 499]]}