{"time_step": 1e-05, "number_of_molecules": 500000, "diff_coef": 200, "sim_time": 2.7, "absorbers": [[1.72878, 1.94964, 19.8295, 2]], "reflectors": [[1.75542, -0.66468, -21.9198, 6], [-5.61158, 7.15243, 17.8144, 5], [-9.55506, -5.49009, 21.3204, 6], [-10.6669, -5.71357, -10.4676, 4]], "reflector_prisms": [[-16.1631, -0.599881, 12.7666, -14.1631, 2.40012, 14.7666]], "absorber_prisms": [], "line_of_sight": [[485, 0, 485, 0, 0, 501]]}