{"time_step": 1e-05, "number_of_molecules": 500000, "diff_coef": 250, "sim_time": 0.96, "absorbers": [[-0.645182, -1.02696, 15.954, 4]], "reflectors": [[-13.7091, 6.27089, 5.36065, 3], [16.7113, -6.01736, -9.19366, 2]], "reflector_prisms": [[14.827, -0.460382, -0.0880828, 19.827, 3.53962, 3.91192]], "absorber_prisms": [[-14.0757, -7.64178, 5.62999, -8.07565, -5.64178, 9.62999]], "line_of_sight": [[0, 0, 0, 0, 0, 499]]}