{"time_step": 1e-05, "number_of_molecules": 500000, "diff_coef": 200, "sim_time": 2.7, "absorbers": [[12.9528, -8.67111, 15.5254, 4], [-0.0362561, 1.70713, -13.8955, 2], [-11.4371, 7.11742, -8.6334, 6], [6.27842, -14.9459, -11.7133, 5]], "reflectors": [], "reflector_prisms": [[-1.2025, -1.48007, -8.97718, 1.7975, 0.51993, -4.97718]], "absorber_prisms": [], "line_of_sight": [[460, 460, 0, 0, 0, 497], [223, 0, 0, 0, 223, 501], [70, 70, 0, 0, 0, 500], [0, 0, 0, 0, 0, 502]]}