{
"time_step": 1e-05,
"number_of_molecules": 500000,
"diff_coef": 400,
"sim_time": 1.20417,
"absorbers": [
[-12.7401,-12.4892,14.5159,6],
[5.99498,-4.38596,13.0316,4],
[13.4675,6.69238,7.92709,7],
[-16.9428,0.229488,-12.4052,7],
[3.34477,17.8647,5.53746,7]
],
"reflectors": [
[9.71706,-4.36183,5.52749,4]
],
"reflector_prisms": [
],
"absorber_prisms": [
]
}