{"time_step": 1e-05, "number_of_molecules": 500000, "diff_coef": 50, "sim_time": 4.03333, "absorbers": [[1.08904, 6.27944, 4.83556, 3], [-3.3437, -1.38216, 15.5855, 5]], "reflectors": [], "reflector_prisms": [[-15.9229, -10.6338, -7.26501, -12.9229, -4.63383, -2.26501]], "absorber_prisms": [[10.8013, -2.11934, 1.26714, 16.8013, 0.880661, 3.26714], [-22.1045, -11.1058, -6.10982, -16.1045, -9.10582, -2.10982], [-5.59679, 9.99312, 4.11458, -2.59679, 14.9931, 8.11458]], "line_of_sight": [[0, 0, 0, 0, 0, 503], [0, 0, 0, 0, 0, 500]]}