{
"time_step": 1e-05,
"number_of_molecules": 500000,
"diff_coef": 350,
"sim_time": 1.71905,
"absorbers": [
[7.27106,11.6751,-15.8689,2]
],
"reflectors": [
],
"reflector_prisms": [
],
"absorber_prisms": [
[-21.4676,1.97889,-2.64842,-16.4676,6.97889,1.35158]
]
}