{"time_step": 1e-05, "number_of_molecules": 500000, "diff_coef": 250, "sim_time": 1.30667, "absorbers": [[-10.2161, -4.31661, -14.1774, 4]], "reflectors": [[-0.29083, 2.0112, -11.8267, 4]], "reflector_prisms": [], "absorber_prisms": [], "line_of_sight": [[0, 0, 0, 0, 0, 499]]}