{
"time_step": 1e-05,
"number_of_molecules": 500000,
"diff_coef": 300,
"sim_time": 1.42222,
"absorbers": [
[9.98069,2.8024,-10.8412,6],
[8.65018,-2.34403,14.4458,6],
[3.51395,1.57876,-20.6436,5],
[-4.53162,0.297095,-11.1075,4],
[6.64215,-8.83858,-4.6649,4]
],
"reflectors": [
[4.64621,-11.0146,-16.034,7]
],
"reflector_prisms": [
],
"absorber_prisms": [
]
}