{"time_step": 1e-05, "number_of_molecules": 500000, "diff_coef": 50, "sim_time": 2.13333, "absorbers": [[1.1186, -2.43171, 13.7417, 6], [-3.18838, -10.9231, -6.28653, 5]], "reflectors": [], "reflector_prisms": [], "absorber_prisms": [[-8.11918, 10.5886, -10.4082, -3.11918, 13.5886, -5.40825], [17.5338, -8.99726, -2.32258, 20.5338, -2.99726, -0.322576], [-14.4395, -5.89581, -10.106, -9.43945, 0.104189, -7.10603], [-15.9157, 8.9269, -13.5731, -12.9157, 14.9269, -9.57308]], "line_of_sight": [[0, 0, 0, 0, 0, 502], [0, 0, 0, 0, 0, 498]]}