{
"time_step": 1e-05,
"number_of_molecules": 500000,
"diff_coef": 150,
"sim_time": 1.87778,
"absorbers": [
[3.18315,-4.54444,-13.9361,5],
[-3.54593,-8.02253,6.63817,5],
[-15.6681,3.01185,1.19919,3]
],
"reflectors": [
[15.7482,7.70744,-7.32049,5],
[1.38328,11.5449,7.79754,5],
[0.89992,0.748585,8.92355,3],
[5.31306,-1.77566,-4.19743,2]
],
"reflector_prisms": [
],
"absorber_prisms": [
]
}