{
"time_step": 1e-05,
"number_of_molecules": 500000,
"diff_coef": 250,
"sim_time": 2.40667,
"absorbers": [
[-1.48072,1.27372,-15.8803,6],
[-9.80971,18.3577,-2.7867,4],
[10.3343,-0.151908,9.44346,3],
[-8.58239,7.06829,6.73661,3],
[2.35575,-3.50411,14.3935,5],
[-8.23556,4.78828,22.0283,5],
[9.82611,12.1783,-6.64356,2],
[18.0614,5.78804,13.011,6]
],
"reflectors": [
[5.87016,6.52808,-13.3763,2],
[11.2182,-1.16857,-11.3484,4],
[9.03592,-18.9445,-0.676523,5],
[-14.0481,8.98562,-9.10552,6],
[17.5398,-11.4621,6.7065,5]
],
"reflector_prisms": [
],
"absorber_prisms": [
]
}