{"time_step": 1e-05, "number_of_molecules": 500000, "diff_coef": 150, "sim_time": 1.6, "absorbers": [[-0.177072, -0.529638, 13.9889, 2]], "reflectors": [], "reflector_prisms": [], "absorber_prisms": [[-8.78915, -5.38251, 17.9794, -2.78915, -0.382511, 21.9794], [-10.7365, 2.36334, -9.88292, -7.73652, 4.36334, -3.88292], [-12.6066, 7.11855, 11.4296, -9.60659, 11.1185, 13.4296], [3.45753, -15.6017, -0.193971, 8.45753, -9.60167, 2.80603]], "line_of_sight": [[0, 0, 0, 0, 0, 500]]}