{
"time_step": 1e-05,
"number_of_molecules": 500000,
"diff_coef": 250,
"sim_time": 1.5,
"absorbers": [
[7.35139,0.591838,15.3169,2]
],
"reflectors": [
],
"reflector_prisms": [
[6.52868,-1.45122,11.9779,9.52868,0.548784,17.9779]
],
"absorber_prisms": [
[0.0414794,-1.44119,-18.3769,4.04148,1.55881,-15.3769],
[-12.1543,10.1766,-12.6389,-8.15428,13.1766,-7.63892],
[-8.71388,1.05704,-7.9027,-6.71388,7.05704,-1.9027]
]
}