{"time_step": 1e-05, "number_of_molecules": 500000, "diff_coef": 200, "sim_time": 2.13333, "absorbers": [[-4.29743, 1.89223, -7.67799, 4], [-2.1957e-05, -2.73121, -19.8126, 4], [-13.6849, -10.6879, 9.9243, 7], [7.18572, -6.58501, 15.1328, 7]], "reflectors": [[2.26359, -4.06243, -9.96859, 4], [-10.7986, 5.36458, 19.586, 5], [-4.46808, 8.73403, 8.52953, 4], [15.3494, 4.27089, 10.3516, 4]], "reflector_prisms": [], "absorber_prisms": [], "line_of_sight": [[254, 235, 19, 0, 0, 498], [329, 63, 266, 0, 0, 502], [0, 0, 0, 0, 0, 497], [327, 327, 0, 0, 0, 500]]}