{"time_step": 1e-05, "number_of_molecules": 500000, "diff_coef": 150, "sim_time": 4.01111, "absorbers": [[-3.25148, -3.30396, 20.482, 5], [-7.75416, -1.88217, -8.96272, 6], [6.37975, 4.88358, 10.2201, 5], [16.6395, -12.2695, 12.1896, 7], [13.303, 15.706, -14.1898, 6], [4.19409, 4.92124, -16.7985, 7]], "reflectors": [[5.80439, -7.56153, 20.9316, 5], [0.859467, -13.0442, 10.8678, 6]], "reflector_prisms": [], "absorber_prisms": [], "line_of_sight": [[500, 500, 12, 0, 0, 500], [241, 206, 35, 0, 0, 495], [327, 327, 0, 0, 0, 503], [84, 84, 0, 0, 0, 501], [50, 50, 0, 0, 0, 498], [225, 95, 130, 0, 0, 504]]}