{
"time_step": 1e-05,
"number_of_molecules": 500000,
"diff_coef": 50,
"sim_time": 12.0333,
"absorbers": [
[-19.8992,1.53116,-11.4314,4],
[-4.25894,4.29877,9.18597,4]
],
"reflectors": [
[-2.43329,-5.95269,-17.8786,6],
[-5.71522,-0.375152,16.0061,3]
],
"reflector_prisms": [
[11.7263,-14.5908,8.4757,17.7263,-8.59079,10.4757]
],
"absorber_prisms": [
]
}