{
"time_step": 1e-05,
"number_of_molecules": 500000,
"diff_coef": 50,
"sim_time": 5.63333,
"absorbers": [
[6.0608,-5.20544,16.1298,5]
],
"reflectors": [
[15.4641,3.85962,1.40145,5]
],
"reflector_prisms": [
[13.1721,-12.9451,0.180352,16.1721,-8.9451,5.18035],
[-14.5646,-4.04845,9.80458,-9.56458,-2.04845,14.8046],
[-0.882818,-9.97756,-2.49835,2.11718,-6.97756,2.50165]
],
"absorber_prisms": [
[0.515645,-8.45025,-9.52686,5.51565,-5.45025,-3.52686]
]
}