{"time_step": 1e-05, "number_of_molecules": 500000, "diff_coef": 300, "sim_time": 1.42222, "absorbers": [[-6.69306, 4.23493, 18.3649, 4], [-7.57985, 18.9649, 4.88647, 5], [14.1362, -3.93438, -3.11281, 7], [5.31638, 12.1627, -12.1575, 5], [0.770411, 0.495006, 13.97, 5], [-16.604, -6.71221, 1.80385, 6]], "reflectors": [[1.11449, -0.414185, -22.9692, 7], [14.257, 0.195889, 20.5353, 6]], "reflector_prisms": [], "absorber_prisms": [], "line_of_sight": [[165, 140, 160, 0, 0, 500], [0, 0, 0, 0, 0, 499], [75, 75, 0, 0, 0, 498], [0, 0, 0, 0, 0, 501], [257, 65, 250, 0, 0, 500], [115, 115, 0, 0, 0, 494]]}