{"time_step": 1e-05, "number_of_molecules": 500000, "diff_coef": 400, "sim_time": 0.3375, "absorbers": [[2.30954, 10.5304, 2.18542, 2]], "reflectors": [[6.19031, -1.21072, -16.8587, 6], [-6.16704, -5.42735, 3.6758, 4], [5.12511, 1.3967, 5.98185, 3], [-0.830914, 2.82852, -6.34894, 2]], "reflector_prisms": [], "absorber_prisms": [], "line_of_sight": [[0, 0, 0, 0, 0, 498]]}