{
"time_step": 1e-05,
"number_of_molecules": 500000,
"diff_coef": 50,
"sim_time": 6.53333,
"absorbers": [
[-3.38358,-1.23152,15.5896,2],
[-9.46061,-0.470057,8.90371,2]
],
"reflectors": [
[8.17401,-5.14689,13.9891,5]
],
"reflector_prisms": [
[-16.3743,8.64261,-10.2984,-10.3743,12.6426,-6.29841]
],
"absorber_prisms": [
]
}