{"time_step": 1e-05, "number_of_molecules": 500000, "diff_coef": 150, "sim_time": 3.6, "absorbers": [[15.0005, -4.685, -3.00601, 4], [12.6833, -6.40618, 11.0496, 6], [4.12397, -5.74043, -12.0847, 4], [4.11734, 5.80103, 8.3902, 3], [5.1076, 8.54677, -11.219, 4], [-4.87854, 7.18757, -10.979, 4], [-14.8805, 3.38502, 4.80747, 3], [13.5172, 7.28266, 14.3265, 3]], "reflectors": [[-9.54485, -3.7262, -4.00141, 3], [1.98378, 2.23422, 20.7864, 6], [-2.80971, -2.23515, 11.4503, 3], [10.7795, -8.05253, -8.65786, 3], [-0.467787, 0.126349, -18.9938, 3], [-7.26571, -7.39926, -21.6439, 6], [-5.95757, 4.10384, 8.28649, 4]], "reflector_prisms": [], "absorber_prisms": [], "line_of_sight": [[168, 168, 0, 0, 0, 499], [112, 112, 0, 0, 0, 502], [318, 0, 318, 0, 0, 501], [217, 55, 167, 0, 0, 498], [60, 0, 60, 0, 0, 503], [141, 141, 0, 0, 0, 500], [333, 333, 0, 0, 0, 500], [180, 131, 49, 0, 0, 503]]}