{
"time_step": 1e-05,
"number_of_molecules": 500000,
"diff_coef": 400,
"sim_time": 0.9375,
"absorbers": [
[0.38479,-0.578121,17.9866,3]
],
"reflectors": [
[-3.36842,5.34321,-3.01725,2]
],
"reflector_prisms": [
[-1.12648,-17.9989,12.3961,1.87352,-12.9989,17.3961]
],
"absorber_prisms": [
[4.72492,-6.5007,-14.2688,9.72492,-3.5007,-11.2688]
]
}