{
"time_step": 1e-05,
"number_of_molecules": 500000,
"diff_coef": 400,
"sim_time": 0.204167,
"absorbers": [
[2.0126,-8.77183,0.0671946,2]
],
"reflectors": [
],
"reflector_prisms": [
[-9.86122,-3.44432,-7.17684,-5.86122,-1.44432,-4.17684]
],
"absorber_prisms": [
[7.25793,-2.93517,11.1256,13.2579,-0.935165,13.1256],
[14.178,-12.8638,-6.55335,17.178,-8.8638,-1.55335]
]
}