{
"time_step": 1e-05,
"number_of_molecules": 500000,
"diff_coef": 50,
"sim_time": 12.0333,
"absorbers": [
[-21.1884,7.65848,4.62588,4]
],
"reflectors": [
],
"reflector_prisms": [
],
"absorber_prisms": [
[2.30018,11.335,1.06352,7.30018,15.335,5.06352],
[6.41062,10.0574,-8.22109,12.4106,12.0574,-5.22109],
[-9.12714,14.2329,9.69319,-7.12714,17.2329,14.6932]
]
}