{"time_step": 1e-05, "number_of_molecules": 500000, "diff_coef": 50, "sim_time": 6.53333, "absorbers": [[-6.13083, -4.87135, -17.3114, 5], [4.63107, -0.58504, 11.0549, 5], [7.96921, 9.31885, 10.2787, 3]], "reflectors": [], "reflector_prisms": [], "absorber_prisms": [[2.17165, -11.1656, -17.0503, 5.17165, -7.16559, -13.0503], [20.0198, -6.5709, -2.92534, 23.0198, -2.5709, 3.07466]], "line_of_sight": [[298, 298, 0, 0, 0, 500], [122, 122, 0, 0, 0, 499], [0, 0, 0, 0, 0, 499]]}