{
"time_step": 1e-05,
"number_of_molecules": 500000,
"diff_coef": 250,
"sim_time": 1.70667,
"absorbers": [
[-2.67568,7.37362,19.48,5],
[-15.3,1.5901,7.2375,5]
],
"reflectors": [
[0.717923,-0.544439,9.95933,4]
],
"reflector_prisms": [
],
"absorber_prisms": [
[-3.0926,-15.3399,0.108929,2.9074,-12.3399,4.10893],
[-9.74402,-3.45249,9.30626,-6.74402,2.54751,13.3063]
]
}