{
"time_step": 1e-05,
"number_of_molecules": 500000,
"diff_coef": 250,
"sim_time": 2.40667,
"absorbers": [
[-4.85064,19.6972,14.6114,6],
[-17.1424,-11.0546,4.99346,4]
],
"reflectors": [
[-6.71346,9.80975,10.7097,4],
[5.43672,-8.35017,9.83447,3],
[12.4463,11.1393,-14.318,6],
[-1.21651,-1.30832,11.8663,5]
],
"reflector_prisms": [
],
"absorber_prisms": [
]
}