{
"time_step": 1e-05,
"number_of_molecules": 500000,
"diff_coef": 400,
"sim_time": 0.9375,
"absorbers": [
[0.165415,0.409417,13.993,5],
[-5.4222,-9.32948,-2.13553,3],
[7.77034,-8.33407,-17.6399,6],
[-0.215368,-9.83599,-11.3228,4],
[9.35754,-10.6818,4.83065,2],
[-0.951572,13.4096,-3.90851,3],
[-0.267241,1.3369,-11.9223,3]
],
"reflectors": [
[8.45838,0.326238,22.4577,6],
[-1.27073,15.7932,10.4862,6],
[8.91473,7.30838,9.59766,4],
[-5.58415,2.87846,-9.02949,2],
[6.92165,-0.818458,-5.69394,3],
[10.8931,17.8886,6.73334,5]
],
"reflector_prisms": [
],
"absorber_prisms": [
]
}