{"time_step": 1e-05, "number_of_molecules": 500000, "diff_coef": 100, "sim_time": 2.4, "absorbers": [[-5.96061, -7.89725, 9.90477, 2], [-11.1764, 5.77407, 6.14391, 3], [-5.22816, 0.0195172, 16.1761, 6], [-11.2454, -7.7891, -2.97845, 4]], "reflectors": [], "reflector_prisms": [[1.6471, 1.9954, 12.9679, 3.6471, 7.9954, 16.9679]], "absorber_prisms": [], "line_of_sight": [[0, 0, 0, 0, 0, 500], [0, 0, 0, 0, 0, 502], [0, 0, 0, 0, 0, 498], [0, 0, 0, 0, 0, 502]]}