{"time_step": 1e-05, "number_of_molecules": 500000, "diff_coef": 250, "sim_time": 1.92667, "absorbers": [[6.23814, 11.5845, 17.6319, 5]], "reflectors": [[-1.03031, -3.44361, -22.7174, 7]], "reflector_prisms": [], "absorber_prisms": [], "line_of_sight": [[57, 0, 57, 0, 0, 500]]}