{"time_step": 1e-05, "number_of_molecules": 500000, "diff_coef": 350, "sim_time": 1.37619, "absorbers": [[8.8718, 1.22158, 7.98742, 7], [-4.14081, -9.99692, 15.6178, 4], [-1.88164, 15.7996, 12.1174, 5], [9.98267, 21.5309, 3.5732, 7], [-14.4322, 1.09771, -10.7008, 5]], "reflectors": [[0.0553955, -0.0908418, -24.9998, 6]], "reflector_prisms": [], "absorber_prisms": [], "line_of_sight": [[21, 14, 7, 0, 0, 500], [0, 0, 0, 0, 0, 500], [0, 0, 0, 0, 0, 501], [0, 0, 0, 0, 0, 501], [501, 501, 0, 0, 0, 501]]}