{"time_step": 1e-05, "number_of_molecules": 500000, "diff_coef": 200, "sim_time": 2.40833, "absorbers": [[-18.5872, -3.48875, -1.82932, 2], [-2.88394, -6.37898, 9.74636, 6]], "reflectors": [[5.23741, 11.9061, 5.17835, 2]], "reflector_prisms": [[4.12326, 0.0575328, -15.3418, 10.1233, 6.05753, -10.3418]], "absorber_prisms": [[-13.14, 5.7874, 2.41822, -11.14, 10.7874, 7.41822]], "line_of_sight": [[0, 0, 0, 0, 0, 499], [0, 0, 0, 0, 0, 501]]}