{"time_step": 1e-05, "number_of_molecules": 500000, "diff_coef": 250, "sim_time": 2.40667, "absorbers": [[-3.07841, -19.2009, -14.0659, 6], [0.515807, -4.54106, -14.2868, 4], [8.53491, -2.285, -6.55241, 6], [21.5198, 7.12553, 12.7328, 7]], "reflectors": [[10.4321, -4.42822, -20.014, 4], [-1.66079, -4.99424, 10.7842, 7], [-16.2368, -13.1221, 6.94088, 5]], "reflector_prisms": [], "absorber_prisms": [], "line_of_sight": [[0, 0, 0, 0, 0, 499], [132, 0, 132, 0, 0, 498], [125, 0, 139, 0, 0, 504], [0, 0, 0, 0, 0, 500]]}