{"time_step": 1e-05, "number_of_molecules": 500000, "diff_coef": 350, "sim_time": 1.54286, "absorbers": [[17.1259, -10.2632, -1.17064, 4], [-7.1484, 14.6781, 17.5913, 6]], "reflectors": [], "reflector_prisms": [[-9.32566, -2.53488, -9.59145, -3.32566, -0.534884, -5.59145], [-1.00407, 0.798654, -13.482, 1.99593, 5.79865, -7.48203], [2.58243, -7.38288, 5.13594, 7.58243, -3.38288, 11.1359], [10.196, -2.77199, 13.571, 12.196, 3.22801, 19.571]], "absorber_prisms": [], "line_of_sight": [[0, 0, 0, 0, 0, 501], [0, 0, 0, 0, 0, 500]]}