{
"time_step": 1e-05,
"number_of_molecules": 500000,
"diff_coef": 400,
"sim_time": 1.35,
"absorbers": [
[14.5339,-11.8157,-7.01097,7],
[-5.09652,-15.4764,16.2329,5],
[1.35099,4.91325,-15.1669,7],
[18.6831,8.14421,-10.659,5],
[11.23,9.37754,6.47684,6],
[-6.18141,-12.4299,-1.81349,6]
],
"reflectors": [
[-6.27861,-1.38356,13.5523,6],
[-14.5123,13.9851,13.0311,6],
[0.795164,7.42493,18.5537,4],
[0.87183,8.75711,-1.88493,4],
[5.97923,-3.62082,20.86,6],
[5.5592,-8.59793,6.25866,5]
],
"reflector_prisms": [
],
"absorber_prisms": [
]
}