{"time_step": 1e-05, "number_of_molecules": 500000, "diff_coef": 350, "sim_time": 1.54286, "absorbers": [[-7.92112, 9.2424, 17.1124, 7], [5.50306, 7.87345, -2.7794, 5], [3.82413, -5.70904, 12.1977, 5], [-4.62543, -1.26993, -15.2641, 5], [9.8379, -6.79203, -12.0865, 5], [-21.9779, 0.0221382, 0.986662, 4]], "reflectors": [[-9.80122, -9.5766, 6.10122, 7], [5.43087, 4.54066, 21.8835, 6], [15.7378, -15.2597, 6.96162, 5], [-8.96261, 3.53787, -2.67491, 5]], "reflector_prisms": [], "absorber_prisms": [], "line_of_sight": [[192, 192, 0, 0, 0, 496], [231, 0, 231, 0, 0, 501], [99, 99, 6, 0, 0, 502], [321, 120, 201, 0, 0, 499], [254, 254, 0, 0, 0, 504], [270, 0, 270, 0, 0, 501]]}