{"time_step": 1e-05, "number_of_molecules": 500000, "diff_coef": 100, "sim_time": 2.01667, "absorbers": [[-1.10061, -8.45814, 6.94612, 4], [-5.88255, 10.0948, -7.71296, 3]], "reflectors": [], "reflector_prisms": [], "absorber_prisms": [[-8.13813, 1.38124, 6.41827, -2.13813, 6.38124, 11.4183], [-10.8721, 0.516447, -19.4678, -5.87213, 5.51645, -17.4678]], "line_of_sight": [[37, 37, 0, 0, 0, 501], [66, 66, 0, 0, 0, 501]]}