{"time_step": 1e-05, "number_of_molecules": 500000, "diff_coef": 300, "sim_time": 0.272222, "absorbers": [[0.56706, 4.93379, -8.67964, 3]], "reflectors": [[-21.5058, 2.80237, 7.65807, 4], [-9.64234, -4.81851, -2.19253, 6], [13.2238, 3.7835, -13.1079, 6], [-5.26303, 3.61154, 17.8957, 5]], "reflector_prisms": [], "absorber_prisms": [], "line_of_sight": [[0, 0, 0, 0, 0, 499]]}