{"time_step": 1e-05, "number_of_molecules": 500000, "diff_coef": 400, "sim_time": 1.35, "absorbers": [[3.11054, 18.2976, -16.7489, 7], [0.526991, -0.0616042, -11.9883, 7], [9.52367, 2.21906, 15.1121, 6], [-17.5181, 6.48202, -3.47822, 4], [11.4808, 7.99945, 0.447017, 7], [8.29613, -18.1942, 0.378913, 7]], "reflectors": [[7.13495, -10.5813, 21.4972, 7], [-2.67579, 9.78824, 6.40551, 6], [-13.5462, -14.5709, 2.04737, 7]], "reflector_prisms": [], "absorber_prisms": [], "line_of_sight": [[87, 71, 17, 0, 0, 500], [263, 118, 147, 0, 0, 500], [221, 221, 14, 0, 0, 501], [0, 0, 0, 0, 0, 505], [137, 0, 137, 0, 0, 500], [170, 0, 170, 0, 0, 497]]}