{"time_step": 1e-05, "number_of_molecules": 500000, "diff_coef": 400, "sim_time": 0.416667, "absorbers": [[-5.87641, 10.4455, 0.598981, 2]], "reflectors": [], "reflector_prisms": [[9.18347, -4.95651, 9.84088, 15.1835, -1.95651, 12.8409], [3.30252, -9.03977, -9.84281, 9.30252, -4.03977, -5.84281], [-1.60525, -5.59314, -17.091, 1.39475, -1.59314, -14.091], [-14.621, 7.28378, 4.29948, -11.621, 10.2838, 8.29948]], "absorber_prisms": [[-7.54345, -12.2726, 9.90332, -4.54345, -6.2726, 15.9033]], "line_of_sight": [[0, 0, 0, 0, 0, 499]]}