{
"time_step": 1e-05,
"number_of_molecules": 500000,
"diff_coef": 100,
"sim_time": 0.6,
"absorbers": [
[-6.98704,4.36081,3.62831,3]
],
"reflectors": [
[3.07367,-5.70909,2.63797,2],
[1.63802,11.1038,17.7489,4],
[14.826,-1.50306,-5.82503,6]
],
"reflector_prisms": [
[-18.9011,-1.70898,-14.7233,-16.9011,4.29102,-10.7233],
[-17.1981,-9.78896,3.46955,-15.1981,-6.78896,7.46955]
],
"absorber_prisms": [
]
}