{
"time_step": 1e-05,
"number_of_molecules": 500000,
"diff_coef": 350,
"sim_time": 1.54286,
"absorbers": [
[-7.75488,-13.5134,-16.9189,5],
[1.28867,-0.844535,16.93,4]
],
"reflectors": [
],
"reflector_prisms": [
],
"absorber_prisms": [
[-15.4204,-3.61422,-13.108,-12.4204,-1.61422,-9.10802],
[1.23862,-8.53459,-22.1335,3.23862,-2.53459,-18.1335]
]
}