{"time_step": 1e-05, "number_of_molecules": 500000, "diff_coef": 250, "sim_time": 1.70667, "absorbers": [[18.184, 5.11681, 2.0398, 7], [-4.23132, -9.47247, 9.40044, 7], [1.21937, 12.8241, 1.74799, 7], [-0.62657, 1.65306, -12.8792, 6], [-16.927, -7.7493, -11.7228, 6], [5.60854, -7.57044, 20.9817, 7]], "reflectors": [[10.4861, 1.81876, 11.9471, 5], [-8.78804, 3.20967, -19.9115, 4], [18.1416, -9.66344, 10.3198, 5], [-16.9029, 10.3991, 2.47984, 4], [-15.5742, 3.65037, -12.0049, 4], [4.53022, -7.11638, -5.36974, 4]], "reflector_prisms": [], "absorber_prisms": [], "line_of_sight": [[91, 91, 0, 0, 0, 500], [204, 251, 0, 0, 0, 500], [167, 80, 87, 0, 0, 500], [279, 253, 110, 0, 0, 501], [312, 136, 176, 0, 0, 500], [375, 441, 110, 0, 0, 498]]}