{
"time_step": 1e-05,
"number_of_molecules": 500000,
"diff_coef": 150,
"sim_time": 2.84444,
"absorbers": [
[-5.03818,1.051,16.2022,6],
[2.69206,2.56856,8.19484,4],
[-6.61629,-15.1926,7.02923,3],
[7.72851,0.304287,-2.04389,3],
[7.4668,-6.9763,-19.4828,6],
[7.44856,1.3207,18.5142,6],
[0.449289,-1.74891,-8.817,2]
],
"reflectors": [
[-8.15087,-3.56513,-9.47909,2],
[7.2188,-9.0887,9.50182,2],
[0.195603,10.9958,-0.232822,3],
[16.5618,-10.9622,-2.35274,6]
],
"reflector_prisms": [
],
"absorber_prisms": [
]
}