{
"time_step": 1e-05,
"number_of_molecules": 500000,
"diff_coef": 50,
"sim_time": 7.5,
"absorbers": [
[-11.2058,-13.0848,-12.0091,6],
[4.68866,5.15956,-15.5047,4],
[1.70801,14.3769,3.92277,5],
[-12.1363,4.62656,-0.552789,4]
],
"reflectors": [
[18.7943,-3.05683,-6.11794,5],
[-0.187249,0.0332887,-21.9992,4],
[-6.45287,2.62985,-14.4029,4],
[14.8239,7.24392,16.0242,6]
],
"reflector_prisms": [
],
"absorber_prisms": [
]
}