{"time_step": 1e-05, "number_of_molecules": 500000, "diff_coef": 350, "sim_time": 0.933333, "absorbers": [[-15.2149, -11.3738, 0.376817, 6], [-3.3161, 9.53435, -4.37031, 5], [7.74478, 5.93524, 16.3031, 7], [0.750026, 0.493797, -14.9731, 6], [-16.047, 6.75822, -7.60396, 5]], "reflectors": [[0.002383, -16.8297, -6.38449, 5], [4.03016, -15.9237, 9.54959, 7], [20.2173, -8.07303, 3.1759, 7]], "reflector_prisms": [], "absorber_prisms": [], "line_of_sight": [[0, 0, 0, 0, 0, 502], [175, 0, 175, 0, 0, 501], [110, 110, 0, 0, 0, 501], [100, 100, 0, 0, 0, 500], [233, 0, 233, 0, 0, 499]]}