{"time_step": 1e-05, "number_of_molecules": 500000, "diff_coef": 350, "sim_time": 1.54286, "absorbers": [[0.308272, -0.989042, -7.93264, 3], [2.53864, -8.63445, 10.7239, 4], [1.39072, -16.0994, -7.92946, 5], [8.98525, 5.89805, 2.34059, 3], [0.917106, 9.67115, 20.8477, 5], [11.422, -0.260001, -3.6703, 2], [1.48656, -23.1008, 6.33579, 6]], "reflectors": [[1.09119, 7.89767, -19.4277, 2], [-17.32, 4.79393, 1.01764, 3], [3.17539, 12.0127, 3.82265, 4], [-8.15556, 3.6069, -1.21539, 2], [5.66594, -0.750552, -4.04151, 2], [2.68785, 10.5384, -7.12156, 2], [7.54864, 2.30103, -20.5359, 5]], "reflector_prisms": [], "absorber_prisms": [], "line_of_sight": [[199, 104, 95, 0, 0, 503], [9, 0, 9, 0, 0, 501], [160, 0, 160, 0, 0, 499], [0, 0, 0, 0, 0, 499], [273, 273, 0, 0, 0, 501], [177, 0, 177, 0, 0, 502], [0, 0, 0, 0, 0, 498]]}