{
"time_step": 1e-05,
"number_of_molecules": 500000,
"diff_coef": 400,
"sim_time": 1.35,
"absorbers": [
[-0.68341,-0.158895,-14.9836,6],
[-2.35636,21.5968,3.468,4],
[14.2527,-1.32852,-7.14818,5]
],
"reflectors": [
[-18.0148,13.7888,-3.78614,7],
[20.1499,7.40636,8.25404,6]
],
"reflector_prisms": [
],
"absorber_prisms": [
]
}