{"time_step": 1e-05, "number_of_molecules": 500000, "diff_coef": 300, "sim_time": 1.60556, "absorbers": [[1.17243, -3.15211, 19.7152, 3]], "reflectors": [[15.9849, -9.8126, -11.4977, 4], [-9.07612, 5.92857, 1.86442, 3], [-2.43722, -14.7754, 0.864912, 6], [-3.19375, -17.3493, -17.7145, 6]], "reflector_prisms": [], "absorber_prisms": [[5.17952, -4.48493, -10.7266, 10.1795, -2.48493, -7.7266]], "line_of_sight": [[0, 0, 0, 0, 0, 499]]}