{
"time_step": 1e-05,
"number_of_molecules": 500000,
"diff_coef": 200,
"sim_time": 0.408333,
"absorbers": [
[-7.53095,7.84178,-1.67072,4]
],
"reflectors": [
],
"reflector_prisms": [
[0.308167,-1.57969,16.8942,3.30817,3.42031,21.8942],
[11.7545,-3.0036,-15.391,13.7545,1.9964,-11.391]
],
"absorber_prisms": [
[0.0175103,-2.25507,-10.9,2.01751,3.74493,-4.89998]
]
}