{"time_step": 1e-05, "number_of_molecules": 500000, "diff_coef": 150, "sim_time": 3.21111, "absorbers": [[-3.74999, -1.7387, 16.4898, 4], [-15.653, 12.7701, -5.7365, 4]], "reflectors": [], "reflector_prisms": [], "absorber_prisms": [[-4.75264, 2.69803, -19.5405, 1.24736, 8.69803, -16.5405], [-7.97933, -7.19166, -6.13123, -4.97933, -1.19166, -3.13123], [-8.152, -8.43718, 2.03313, -2.152, -5.43718, 8.03313]], "line_of_sight": [[0, 0, 0, 0, 0, 502], [0, 0, 0, 0, 0, 501]]}