{
"time_step": 1e-05,
"number_of_molecules": 500000,
"diff_coef": 100,
"sim_time": 2.81667,
"absorbers": [
[13.3611,-11.3284,7.3585,6]
],
"reflectors": [
[5.03432,-6.90963,-8.42096,4],
[2.04919,8.26353,8.45665,2],
[17.8873,0.486951,15.994,5],
[-0.533055,0.0708398,20.9931,5],
[0.190253,11.6351,-2.93047,3]
],
"reflector_prisms": [
],
"absorber_prisms": [
]
}