{"time_step": 1e-05, "number_of_molecules": 500000, "diff_coef": 400, "sim_time": 0.6, "absorbers": [[-2.11279, -3.89635, -13.2799, 2]], "reflectors": [[11.4051, 6.57736, 9.09187, 4], [0.232379, -5.63242, 8.25965, 2], [-3.51535, -8.21727, 15.6243, 6]], "reflector_prisms": [], "absorber_prisms": [], "line_of_sight": [[0, 0, 0, 0, 0, 499]]}