{"time_step": 1e-05, "number_of_molecules": 500000, "diff_coef": 300, "sim_time": 0.2, "absorbers": [[1.72306, -3.11703, -10.4075, 5]], "reflectors": [[-10.0064, -1.42808, 4.33973, 6]], "reflector_prisms": [[9.3687, -11.05, 10.8161, 11.3687, -5.05004, 13.8161], [14.6173, 5.46567, -3.88365, 17.6173, 10.4657, 2.11635]], "absorber_prisms": [], "line_of_sight": [[0, 0, 0, 0, 0, 500]]}