{
"time_step": 1e-05,
"number_of_molecules": 500000,
"diff_coef": 50,
"sim_time": 8.53333,
"absorbers": [
[-10.0808,1.39833,14.8466,5],
[6.91931,18.0228,10.5499,6]
],
"reflectors": [
],
"reflector_prisms": [
[14.4992,-11.2507,-6.94995,20.4992,-9.25073,-3.94995],
[-3.87397,2.93274,8.79307,2.12603,6.93274,10.7931]
],
"absorber_prisms": [
[-4.25345,0.600968,9.22802,0.746545,2.60097,11.228],
[-0.670221,-2.73298,-10.6463,5.32978,0.267024,-8.64634]
]
}