{"time_step": 1e-05, "number_of_molecules": 500000, "diff_coef": 300, "sim_time": 0.672222, "absorbers": [[-8.5203, 14.4935, 2.51847, 6]], "reflectors": [], "reflector_prisms": [], "absorber_prisms": [[2.56339, -9.2513, -2.01584, 7.56339, -4.2513, -0.0158445], [-9.61841, 1.90675, -1.68765, -4.61841, 4.90675, 4.31235], [-0.312459, 7.59532, -16.163, 3.68754, 10.5953, -11.163]], "line_of_sight": [[122, 0, 0, 122, 0, 501]]}