{"time_step": 1e-05, "number_of_molecules": 500000, "diff_coef": 250, "sim_time": 0.426667, "absorbers": [[-10.0725, -1.44799, 4.17698, 3]], "reflectors": [[9.40487, -4.95863, 9.10826, 2], [3.25879, 0.166192, 18.7177, 2]], "reflector_prisms": [[-12.3916, 3.84012, 15.5058, -7.39157, 8.84012, 20.5058], [-2.97245, 0.166467, -22.2238, 1.02755, 6.16647, -17.2238]], "absorber_prisms": [[8.20146, 0.662968, -8.38449, 14.2015, 2.66297, -4.38449]], "line_of_sight": [[0, 0, 0, 0, 0, 501]]}