{"time_step": 1e-05, "number_of_molecules": 500000, "diff_coef": 150, "sim_time": 2.84444, "absorbers": [[-10.6753, 6.51408, -9.98025, 2], [-8.93086, 4.41606, -17.3418, 4]], "reflectors": [[-3.96894, 0.614424, 23.6616, 5], [0.718654, -1.60678, 14.8964, 3]], "reflector_prisms": [], "absorber_prisms": [[9.71578, -5.31299, -5.4632, 15.7158, -3.31299, -2.4632]], "line_of_sight": [[0, 0, 0, 0, 0, 498], [0, 0, 0, 0, 0, 504]]}