{
"time_step": 1e-05,
"number_of_molecules": 500000,
"diff_coef": 300,
"sim_time": 2.00556,
"absorbers": [
[4.06768,-0.167523,13.395,3],
[-8.39054,-12.3747,1.21096,2],
[-15.2408,-19.6011,2.91797,6]
],
"reflectors": [
],
"reflector_prisms": [
[-0.0341733,5.33268,-17.5355,4.96583,7.33268,-12.5355]
],
"absorber_prisms": [
[-4.56657,1.4778,-16.3344,-2.56657,3.4778,-11.3344]
]
}