{"time_step": 1e-05, "number_of_molecules": 500000, "diff_coef": 150, "sim_time": 2.84444, "absorbers": [[-13.7868, -8.24941, 10.1426, 3], [-3.48888, 5.50526, -7.58419, 2]], "reflectors": [[6.26534, -5.9352, -15.7962, 4]], "reflector_prisms": [], "absorber_prisms": [[0.560234, 0.629346, 11.742, 3.56023, 2.62935, 14.742], [17.9132, -1.30993, -10.6004, 21.9132, 0.690075, -5.60041]], "line_of_sight": [[0, 0, 0, 0, 0, 501], [0, 0, 0, 0, 0, 499]]}