{
"time_step": 1e-05,
"number_of_molecules": 500000,
"diff_coef": 200,
"sim_time": 0.533333,
"absorbers": [
[-11.2262,3.60012,2.23886,4]
],
"reflectors": [
[4.69755,-16.9006,-7.30076,4]
],
"reflector_prisms": [
[-3.50347,-3.87625,18.9757,2.49653,2.12375,22.9757],
[0.542384,-10.1088,7.04392,2.54238,-4.10877,12.0439]
],
"absorber_prisms": [
[-0.118517,0.0956553,16.6438,5.88148,4.09566,18.6438],
[3.68639,1.26591,-10.1024,8.68639,6.26591,-5.1024]
]
}