{
"time_step": 1e-05,
"number_of_molecules": 500000,
"diff_coef": 50,
"sim_time": 10.8,
"absorbers": [
[-15.6884,9.8233,7.57477,2]
],
"reflectors": [
[-3.11981,0.662978,-11.5684,4],
[-10.1912,10.8578,13.3509,6],
[-4.20176,15.0886,3.26814,2],
[10.1217,-3.60582,-2.35584,3]
],
"reflector_prisms": [
],
"absorber_prisms": [
[-16.956,4.25401,7.70367,-11.956,8.25401,11.7037]
]
}