{"time_step": 1e-05, "number_of_molecules": 500000, "diff_coef": 250, "sim_time": 1.5, "absorbers": [[16.3817, -11.3385, -1.75471, 5]], "reflectors": [], "reflector_prisms": [[-2.24889, -1.70244, -10.8913, -0.24889, 0.297562, -7.89132], [-4.0334, 1.77159, -14.3714, 0.9666, 5.77159, -11.3714], [-7.84699, -1.58102, 4.1488, -5.84699, 4.41898, 10.1488], [-11.5027, 4.92256, -2.81111, -6.50267, 8.92256, -0.81111]], "absorber_prisms": [], "line_of_sight": [[0, 0, 0, 0, 0, 500]]}