{"time_step": 1e-05, "number_of_molecules": 500000, "diff_coef": 350, "sim_time": 1.21905, "absorbers": [[-5.95457, -0.470668, -16.98, 2], [12.2495, 2.25802, -8.35772, 2], [10.4219, 7.80213, 12.4302, 2]], "reflectors": [[-0.0298749, -0.712793, -11.9788, 4]], "reflector_prisms": [[-1.59697, -9.34902, -18.559, 1.40303, -4.34902, -12.559]], "absorber_prisms": [], "line_of_sight": [[237, 0, 237, 0, 0, 498], [0, 0, 0, 0, 0, 498], [0, 0, 0, 0, 0, 501]]}