{"time_step": 1e-05, "number_of_molecules": 500000, "diff_coef": 300, "sim_time": 0.938889, "absorbers": [[10.7349, 1.18936, 8.90771, 3], [-14.7829, -0.433724, -2.50583, 5], [-11.1324, 12.5375, -2.80744, 4]], "reflectors": [], "reflector_prisms": [[0.657534, -4.4419, 5.14912, 5.65753, 0.558105, 10.1491]], "absorber_prisms": [[-5.30074, 4.63073, 7.68357, -1.30074, 8.63073, 13.6836]], "line_of_sight": [[138, 38, 0, 0, 100, 500], [22, 22, 0, 0, 0, 500], [0, 0, 0, 0, 0, 502]]}