{"time_step": 1e-05, "number_of_molecules": 500000, "diff_coef": 100, "sim_time": 3.75, "absorbers": [[-1.47207, 0.930102, 18.92, 4], [14.7226, 3.23323, -5.36576, 3]], "reflectors": [], "reflector_prisms": [[11.9805, -5.56105, 11.2754, 16.9805, -3.56105, 16.2754]], "absorber_prisms": [[-6.45534, -13.0382, 12.7574, -0.455344, -7.03821, 18.7574], [-4.70743, 10.4174, -10.9673, -0.707434, 14.4174, -4.96728]], "line_of_sight": [[0, 0, 0, 0, 0, 501], [0, 0, 0, 0, 0, 502]]}