{"time_step": 1e-05, "number_of_molecules": 500000, "diff_coef": 400, "sim_time": 1.35, "absorbers": [[-4.84831, 7.70299, -4.14219, 4], [-8.49873, -19.8009, -4.43814, 4], [-4.25163, -2.10261, 16.3249, 5], [-10.1804, -14.4025, 3.59534, 5], [-15.9228, 17.9223, 1.12083, 6], [-5.30522, 14.5434, -11.0156, 5]], "reflectors": [], "reflector_prisms": [], "absorber_prisms": [], "line_of_sight": [[205, 205, 0, 0, 0, 501], [16, 16, 0, 0, 0, 500], [0, 0, 0, 0, 0, 501], [10, 10, 0, 0, 0, 502], [146, 146, 0, 0, 0, 502], [326, 326, 0, 0, 0, 495]]}