{
"time_step": 1e-05,
"number_of_molecules": 500000,
"diff_coef": 300,
"sim_time": 0.138889,
"absorbers": [
[8.44042,0.790423,-7.00961,6]
],
"reflectors": [
],
"reflector_prisms": [
[-2.60667,-3.94532,11.6847,1.39333,-1.94532,16.6847]
],
"absorber_prisms": [
[-7.47974,0.149045,3.52776,-1.47974,2.14905,9.52776],
[18.6318,-4.31779,-7.92857,20.6318,-0.317789,-2.92857]
]
}