{
"time_step": 1e-05,
"number_of_molecules": 500000,
"diff_coef": 100,
"sim_time": 3.26667,
"absorbers": [
[-8.85157,-10.023,-12.0494,4],
[-9.78645,9.01936,-12.1193,4],
[-2.94298,3.42975,16.3883,7],
[2.94481,-2.44196,-10.3133,4],
[-6.19745,11.4256,0.217606,6]
],
"reflectors": [
[6.66227,11.6946,-3.85363,4],
[-7.88433,-7.67054,-0.00683259,6],
[1.50182,-11.3187,-12.5949,4]
],
"reflector_prisms": [
],
"absorber_prisms": [
]
}