{
"time_step": 1e-05,
"number_of_molecules": 500000,
"diff_coef": 150,
"sim_time": 0.277778,
"absorbers": [
[-1.09651,3.4607,9.31779,5]
],
"reflectors": [
],
"reflector_prisms": [
[-1.56577,-1.99529,5.93767,3.43423,1.00471,11.9377]
],
"absorber_prisms": [
[-21.1172,-8.59269,-9.64022,-16.1172,-5.59269,-3.64022],
[-9.53558,-5.4792,-9.21947,-7.53558,-2.4792,-7.21947]
]
}