{"time_step": 1e-05, "number_of_molecules": 500000, "diff_coef": 150, "sim_time": 1.11111, "absorbers": [[5.73738, 8.05754, -12.5761, 6]], "reflectors": [], "reflector_prisms": [[-13.8568, -1.76292, -21.3014, -8.85677, 4.23708, -16.3014], [-2.44675, -3.63286, 17.9638, 1.55325, 1.36714, 22.9638]], "absorber_prisms": [[-4.20713, -4.58066, 4.28371, 1.79287, -1.58066, 10.2837], [-0.533016, -12.1448, 13.9738, 2.46698, -6.14479, 16.9738]], "line_of_sight": [[0, 0, 0, 0, 0, 495]]}