{
"time_step": 1e-05,
"number_of_molecules": 500000,
"diff_coef": 100,
"sim_time": 6.01667,
"absorbers": [
[14.4163,-1.65245,-15.1802,2]
],
"reflectors": [
[8.54014,8.61332,6.99118,6]
],
"reflector_prisms": [
[-12.6806,1.50226,2.54786,-7.6806,6.50226,4.54786],
[7.86967,-16.9173,-4.75583,10.8697,-11.9173,-1.75583],
[-8.17085,16.441,-4.13615,-6.17085,19.441,-1.13615],
[2.06476,-2.63082,18.1019,5.06476,-0.630823,20.1019]
],
"absorber_prisms": [
]
}