{
"time_step": 1e-05,
"number_of_molecules": 500000,
"diff_coef": 50,
"sim_time": 5.63333,
"absorbers": [
[8.58531,-4.30858,15.2226,5]
],
"reflectors": [
[-5.1037,4.75835,18.7433,3]
],
"reflector_prisms": [
[-9.51356,-14.1003,-9.40311,-3.51356,-11.1003,-5.40311]
],
"absorber_prisms": [
[0.495042,-14.9971,12.1752,5.49504,-12.9971,17.1752],
[-7.22805,10.1056,3.5465,-2.22805,12.1056,8.5465],
[-0.319693,-2.94572,18.8316,5.68031,2.05428,24.8316]
]
}