{
"time_step": 1e-05,
"number_of_molecules": 500000,
"diff_coef": 300,
"sim_time": 1.08889,
"absorbers": [
[-7.06417,15.4097,-1.27957,3]
],
"reflectors": [
[12.2102,-9.81137,6.60675,5],
[2.60857,2.37292,22.7281,4]
],
"reflector_prisms": [
[-14.4116,1.94475,-11.8214,-8.4116,3.94475,-9.82145]
],
"absorber_prisms": [
[-18.9815,-4.08951,3.19258,-12.9815,1.91049,8.19258],
[0.420837,-10.5015,6.55727,4.42084,-7.50151,8.55727]
]
}