{
"time_step": 1e-05,
"number_of_molecules": 500000,
"diff_coef": 250,
"sim_time": 2.40667,
"absorbers": [
[6.12228,-5.86937,7.00487,5],
[-4.93334,0.427499,-7.51527,3],
[0.779729,2.09175,18.8684,5],
[6.35383,13.372,2.41207,6],
[-8.84936,0.652782,1.5042,4],
[0.0267273,0.00293169,-19,6],
[-11.5129,10.6423,10.7329,6],
[12.4585,-16.197,4.84188,2]
],
"reflectors": [
],
"reflector_prisms": [
],
"absorber_prisms": [
]
}