{"time_step": 1e-05, "number_of_molecules": 500000, "diff_coef": 100, "sim_time": 4.81667, "absorbers": [[10.2677, 1.67764, 13.4447, 7], [-0.0241933, -7.90883, 16.1694, 6], [4.62897, -10.3747, 3.86504, 6], [-2.81395, 9.17831, -16.3963, 4], [1.11506, 11.1999, -4.16151, 4], [-4.52548, 3.92644, 22.2059, 6]], "reflectors": [[11.5003, -2.1731, -10.9097, 4], [-0.6812, 5.26322, 8.47552, 4], [-14.0739, 0.147576, 7.60935, 7], [-0.683592, -0.414876, -8.96441, 4]], "reflector_prisms": [], "absorber_prisms": [], "line_of_sight": [[144, 0, 155, 0, 0, 500], [303, 146, 179, 0, 0, 499], [132, 137, 0, 0, 0, 499], [432, 446, 124, 0, 0, 495], [225, 225, 0, 0, 0, 497], [414, 0, 560, 0, 0, 501]]}