{
"time_step": 1e-05,
"number_of_molecules": 500000,
"diff_coef": 50,
"sim_time": 9.63333,
"absorbers": [
[-6.27425,-0.655104,4.91982,3],
[7.68626,-15.233,-5.73389,4],
[-0.112357,0.125782,-18.9993,3],
[2.32006,7.58399,10.3005,5],
[15.1652,-8.44959,9.93085,3],
[4.76225,3.62806,-9.22812,2],
[13.516,5.01191,9.01104,4],
[-0.859801,-1.77082,-10.8224,2]
],
"reflectors": [
[13.3393,-3.68166,5.78855,3],
[2.50295,-8.53928,-1.34754,3],
[2.384,16.7456,-1.70317,6]
],
"reflector_prisms": [
],
"absorber_prisms": [
]
}