{
"time_step": 1e-05,
"number_of_molecules": 500000,
"diff_coef": 50,
"sim_time": 8.53333,
"absorbers": [
[14.2202,-1.22725,14.01,4]
],
"reflectors": [
[-9.07139,-1.06947,-6.12912,2],
[4.45924,12.2773,-9.2403,3],
[-0.0815084,-0.0255735,8.99959,4],
[-7.38614,-13.0526,0.271328,2]
],
"reflector_prisms": [
],
"absorber_prisms": [
]
}