{
"time_step": 1e-05,
"number_of_molecules": 500000,
"diff_coef": 50,
"sim_time": 4.03333,
"absorbers": [
[7.13919,-14.2687,-1.19811,5]
],
"reflectors": [
],
"reflector_prisms": [
[-4.54644,-4.24791,-20.2217,1.45356,-1.24791,-15.2217],
[-3.57734,-3.76465,-10.8064,2.42266,0.235353,-6.8064],
[-15.6888,9.73436,-3.61336,-10.6888,14.7344,2.38664],
[-1.85101,7.3954,-4.72587,4.14899,11.3954,-1.72587]
],
"absorber_prisms": [
[-8.63138,10.4632,-10.2161,-3.63138,13.4632,-5.21613]
]
}