{"time_step": 1e-05, "number_of_molecules": 500000, "diff_coef": 150, "sim_time": 0.4, "absorbers": [[0.773294, -1.08158, 11.9261, 6]], "reflectors": [[-13.9407, -6.57424, 7.17181, 6], [16.8077, 5.37736, -3.54777, 6], [-4.62069, 20.2161, 12.0814, 5], [-11.7735, -16.6465, -12.6602, 5], [4.91241, 7.02346, -12.3101, 4]], "reflector_prisms": [], "absorber_prisms": [], "line_of_sight": [[73, 0, 73, 0, 0, 502]]}