{"time_step": 1e-05, "number_of_molecules": 500000, "diff_coef": 250, "sim_time": 0.24, "absorbers": [[-1.76825, 5.18208, 8.36775, 4]], "reflectors": [[-1.40872, -5.55011, 10.5457, 5], [-7.14022, -1.47072, 20.757, 5], [-8.71966, -1.42217, 1.71607, 3], [1.04918, 12.2798, 6.6412, 3]], "reflector_prisms": [], "absorber_prisms": [], "line_of_sight": [[44, 0, 44, 0, 0, 498]]}