{"time_step": 1e-05, "number_of_molecules": 500000, "diff_coef": 300, "sim_time": 0.672222, "absorbers": [[1.52731, -11.3618, 3.5463, 5], [-9.04866, 2.73505, -12.909, 7], [11.2575, 4.57444, 10.4088, 5]], "reflectors": [], "reflector_prisms": [], "absorber_prisms": [], "line_of_sight": [[0, 0, 0, 0, 0, 498], [105, 105, 0, 0, 0, 501], [173, 173, 0, 0, 0, 499]]}