{
"time_step": 1e-05,
"number_of_molecules": 500000,
"diff_coef": 50,
"sim_time": 12.0333,
"absorbers": [
[3.41413,-5.78638,-9.94292,4],
[-1.39288,14.5456,10.5112,4],
[0.474758,0.815188,23.9815,5],
[1.90222,9.80443,0.504655,4],
[-10.6472,0.792556,11.9168,5],
[4.60393,3.2343,-17.098,5]
],
"reflectors": [
[11.4396,0.920083,12.5415,7],
[14.8892,2.87641,-5.10272,4]
],
"reflector_prisms": [
],
"absorber_prisms": [
]
}