{"time_step": 1e-05, "number_of_molecules": 500000, "diff_coef": 400, "sim_time": 0.816667, "absorbers": [[6.14512, 10.2053, 9.11531, 7], [10.606, 6.38801, -3.96308, 5], [-4.36698, 15.0817, -10.6991, 5], [-0.974271, 5.94212, -15.8979, 5], [-1.83737, 1.16363, 11.8013, 5], [14.4539, -8.84029, 1.39106, 4], [-9.69986, 12.3251, 3.16285, 4]], "reflectors": [[-8.52312, 10.7565, 19.6889, 6]], "reflector_prisms": [], "absorber_prisms": [], "line_of_sight": [[0, 0, 0, 0, 0, 499], [0, 0, 0, 0, 0, 502], [0, 0, 0, 0, 0, 502], [161, 161, 0, 0, 0, 503], [191, 98, 93, 0, 0, 500], [40, 40, 0, 0, 0, 498], [37, 37, 0, 0, 0, 500]]}