{"time_step": 1e-05, "number_of_molecules": 500000, "diff_coef": 250, "sim_time": 1.12667, "absorbers": [[13.6357, -0.939553, 6.17934, 2]], "reflectors": [[-1.36062, -2.40951, -14.7426, 5]], "reflector_prisms": [[-6.46461, 2.86642, 2.95861, -3.46461, 6.86642, 4.95861]], "absorber_prisms": [[7.27151, -0.54114, -9.83883, 9.27151, 5.45886, -6.83883]], "line_of_sight": [[0, 0, 0, 0, 0, 501]]}