{"time_step": 1e-05, "number_of_molecules": 500000, "diff_coef": 250, "sim_time": 1.70667, "absorbers": [[2.85201, 3.14166, -12.288, 2], [-1.31143, 0.776353, 21.9472, 6], [4.7548, -7.78283, -20.0205, 6]], "reflectors": [], "reflector_prisms": [[14.3101, -11.818, -4.49218, 20.3101, -7.81796, 0.507816], [-11.7975, -6.76304, 15.7057, -8.79755, -1.76304, 18.7057]], "absorber_prisms": [], "line_of_sight": [[148, 148, 0, 0, 0, 499], [194, 194, 0, 0, 0, 499], [129, 129, 0, 0, 0, 501]]}