{
"time_step": 1e-05,
"number_of_molecules": 500000,
"diff_coef": 350,
"sim_time": 1.54286,
"absorbers": [
[6.71805,-1.93917,-19.8017,4],
[-14.3165,-20.4937,0.216683,7],
[-10.2956,-2.75122,2.72612,5],
[0.905149,0.775817,-12.9452,4]
],
"reflectors": [
[-7.27469,-11.9447,-20.7221,7]
],
"reflector_prisms": [
],
"absorber_prisms": [
]
}