{
"time_step": 1e-05,
"number_of_molecules": 500000,
"diff_coef": 100,
"sim_time": 4.81667,
"absorbers": [
[-7.71962,-12.8631,-5.56306,4],
[11.0635,-20.1419,0.950206,6],
[-14.882,-7.56055,-14.3305,5],
[-3.41479,6.00522,-13.3145,4],
[-9.35691,3.07049,-4.90105,3],
[6.38476,-3.16998,14.3243,2],
[0.331813,3.09937,20.7674,5]
],
"reflectors": [
[6.58312,2.18738,-17.6884,5],
[5.32591,11.8579,0.154324,3],
[-4.83473,7.57321,6.34602,6]
],
"reflector_prisms": [
],
"absorber_prisms": [
]
}