{
"time_step": 1e-05,
"number_of_molecules": 500000,
"diff_coef": 200,
"sim_time": 3.00833,
"absorbers": [
[-8.8759,-2.79889,-3.65849,4],
[-0.694156,-1.7008,16.9005,6],
[-14.792,-9.24454,-9.7845,4],
[-0.105186,4.97722,-8.67273,5],
[-14.5985,-10.4564,14.3717,5],
[-1.99188,-12.0734,-21.8006,6],
[7.74125,-7.0389,13.3988,3],
[-1.88237,-5.96308,4.98983,3]
],
"reflectors": [
[14.0481,-2.41404,10.9919,4]
],
"reflector_prisms": [
],
"absorber_prisms": [
]
}