{
"time_step": 1e-05,
"number_of_molecules": 500000,
"diff_coef": 100,
"sim_time": 2.4,
"absorbers": [
[6.35682,-2.92568,9.7484,4],
[9.18015,10.5637,11.3196,6]
],
"reflectors": [
],
"reflector_prisms": [
[-1.94257,-1.02062,-11.9394,3.05743,2.97938,-8.93935],
[-7.80926,-11.9912,-14.4965,-3.80926,-6.99121,-8.4965],
[16.8603,-1.88736,-0.31487,19.8603,3.11264,4.68513]
],
"absorber_prisms": [
]
}