{
"time_step": 1e-05,
"number_of_molecules": 500000,
"diff_coef": 400,
"sim_time": 1.50417,
"absorbers": [
[23.7037,9.34277,5.18126,7],
[14.2823,-1.03029,-10.9067,6],
[2.32247,14.3817,19.0729,5],
[2.87542,-13.7126,5.35704,5],
[-16.4563,17.0649,-7.93608,6],
[-11.7729,-14.0028,5.13045,5]
],
"reflectors": [
[-16.9342,1.18763,-0.907317,5],
[12.2859,5.46952,13.4216,5],
[-9.37709,-1.28558,5.60513,5],
[-5.04164,7.39123,-15.6189,6],
[2.62095,6.27705,-8.64461,4]
],
"reflector_prisms": [
],
"absorber_prisms": [
]
}