{"time_step": 1e-05, "number_of_molecules": 500000, "diff_coef": 50, "sim_time": 10.8, "absorbers": [[1.56493, -5.58299, -20.1837, 3]], "reflectors": [[-17.924, -7.27618, 5.07797, 6], [1.00641, -0.402817, 10.9465, 6]], "reflector_prisms": [[-10.0541, -5.24661, -8.63246, -8.05411, -3.24661, -4.63246], [9.56208, -10.5717, -8.29105, 15.5621, -8.57167, -4.29105], [0.632661, 10.7059, 5.71402, 4.63266, 12.7059, 8.71402]], "absorber_prisms": [], "line_of_sight": [[495, 0, 495, 0, 0, 495]]}