{
"time_step": 1e-05,
"number_of_molecules": 500000,
"diff_coef": 350,
"sim_time": 0.685714,
"absorbers": [
[8.55528,12.3183,-0.255969,3],
[-1.93338,-11.1963,3.86058,3],
[-3.55124,-3.71472,-4.75285,2]
],
"reflectors": [
],
"reflector_prisms": [
[-8.15134,-4.79782,-11.831,-5.15134,0.202183,-8.83101]
],
"absorber_prisms": [
]
}