{
"time_step": 1e-05,
"number_of_molecules": 500000,
"diff_coef": 150,
"sim_time": 3.21111,
"absorbers": [
[0.643767,-0.0715517,21.9905,5],
[-8.8746,11.425,16.5744,7],
[0.575402,-0.762209,-20.9783,6],
[-11.0083,-1.31216,4.59298,6],
[-6.59362,-18.1574,-5.18016,7]
],
"reflectors": [
[20.1438,3.97425,-7.90145,5],
[-2.21562,15.6025,-6.37606,5],
[7.88182,9.24719,21.8487,6]
],
"reflector_prisms": [
],
"absorber_prisms": [
]
}