{
"time_step": 1e-05,
"number_of_molecules": 500000,
"diff_coef": 400,
"sim_time": 0.504167,
"absorbers": [
[14.6646,5.65698,-6.47667,6],
[8.24365,-0.370738,10.0451,2]
],
"reflectors": [
],
"reflector_prisms": [
[-14.6178,-3.52506,8.09428,-12.6178,-0.525063,10.0943]
],
"absorber_prisms": [
[-4.70019,-9.64477,-6.40243,-2.70019,-7.64477,-0.402428],
[-11.5406,-5.90089,-13.7329,-7.54056,-0.900889,-9.73293]
]
}