{
"time_step": 1e-05,
"number_of_molecules": 500000,
"diff_coef": 200,
"sim_time": 1.63333,
"absorbers": [
[-3.99777,1.57543,17.4796,4]
],
"reflectors": [
[19.3793,-0.157846,8.08806,4],
[1.89567,0.324033,-17.897,4]
],
"reflector_prisms": [
],
"absorber_prisms": [
[13.4434,-11.2359,-1.59383,18.4434,-5.23587,4.40617],
[-5.25887,11.8013,-16.7214,-2.25887,13.8013,-11.7214]
]
}