{"time_step": 1e-05, "number_of_molecules": 500000, "diff_coef": 300, "sim_time": 1.60556, "absorbers": [[5.87478, -3.25093, -7.41069, 3], [-11.1329, 1.58061, -14.0556, 4], [-5.57186, -13.6392, -6.23923, 5], [0.855827, 2.73216, 13.7041, 4], [-0.343941, -4.38713, -22.5751, 6], [-12.1196, -3.49335, 3.14824, 2], [6.88028, 18.7832, -6.39168, 5]], "reflectors": [[5.57363, 5.63563, -19.4467, 3], [10.6176, -14.5225, 0.601564, 4]], "reflector_prisms": [], "absorber_prisms": [], "line_of_sight": [[0, 0, 0, 0, 0, 500], [0, 0, 0, 0, 0, 500], [0, 0, 0, 0, 0, 502], [260, 260, 0, 0, 0, 503], [415, 415, 0, 0, 0, 500], [0, 0, 0, 0, 0, 501], [0, 0, 0, 0, 0, 500]]}