{"time_step": 1e-05, "number_of_molecules": 500000, "diff_coef": 400, "sim_time": 0.416667, "absorbers": [[-2.16679, -12.0694, 4.31691, 3]], "reflectors": [[-1.29183, -3.19339, 9.38794, 3], [-18.9066, -10.6811, -7.57973, 4]], "reflector_prisms": [], "absorber_prisms": [[-2.66654, 0.731348, 14.1145, 0.333457, 5.73135, 16.1145]], "line_of_sight": [[0, 0, 0, 0, 0, 496]]}