{
"time_step": 1e-05,
"number_of_molecules": 500000,
"diff_coef": 150,
"sim_time": 3.21111,
"absorbers": [
[-18.3388,-3.98361,-6.91506,3]
],
"reflectors": [
[1.54357,-2.85279,-10.5109,6],
[5.39914,1.36731,-19.2088,4],
[0.519382,4.13714,19.5605,3],
[6.62812,12.0759,11.5862,2]
],
"reflector_prisms": [
[-4.71159,-11.8789,-10.8889,1.28841,-5.87891,-4.88894]
],
"absorber_prisms": [
]
}