{"time_step": 1e-05, "number_of_molecules": 500000, "diff_coef": 150, "sim_time": 3.21111, "absorbers": [[-2.02861, 0.322157, -13.8485, 6], [-17.5872, -3.72403, 0.906336, 6], [-12.1148, 6.32503, 3.03724, 4], [-4.92589, -8.03813, 22.0709, 7]], "reflectors": [[2.64592, -7.8784, 12.4872, 5], [-8.50911, 14.9984, -15.2199, 7], [7.86356, 9.06335, -10.584, 4], [6.85964, 8.16044, 2.71156, 4]], "reflector_prisms": [], "absorber_prisms": [], "line_of_sight": [[177, 103, 110, 0, 0, 501], [0, 0, 0, 0, 0, 507], [0, 0, 0, 0, 0, 499], [330, 186, 203, 0, 0, 502]]}