{
"time_step": 1e-05,
"number_of_molecules": 500000,
"diff_coef": 300,
"sim_time": 0.2,
"absorbers": [
[3.12445,-0.971331,7.3003,2]
],
"reflectors": [
[-4.57018,7.30988,6.83221,4]
],
"reflector_prisms": [
[8.23722,0.807175,-17.9456,14.2372,2.80718,-14.9456],
[7.94575,-1.30312,-13.6315,10.9457,2.69688,-9.63152],
[7.55697,-5.88066,-5.00597,12.557,-1.88066,-3.00597]
],
"absorber_prisms": [
[8.46724,9.22709,-5.67442,11.4672,15.2271,0.325582]
]
}