{"time_step": 1e-05, "number_of_molecules": 500000, "diff_coef": 350, "sim_time": 1.37619, "absorbers": [[10.121, 10.1023, 16.7185, 5]], "reflectors": [], "reflector_prisms": [[-17.3181, -9.06878, -14.8868, -11.3181, -4.06878, -12.8868]], "absorber_prisms": [[-0.844925, -5.09592, -8.41369, 5.15508, 0.904078, -6.41369]], "line_of_sight": [[0, 0, 0, 0, 0, 498]]}