{
"time_step": 1e-05,
"number_of_molecules": 500000,
"diff_coef": 50,
"sim_time": 8.53333,
"absorbers": [
[12.7582,15.4831,6.20501,5],
[4.98011,3.0888,-17.0193,4]
],
"reflectors": [
],
"reflector_prisms": [
[-3.59634,-2.97692,-19.2573,-1.59634,0.0230773,-17.2573]
],
"absorber_prisms": [
[-2.83138,-4.69981,-10.2037,2.16862,0.300189,-6.20372],
[-0.4898,2.0717,9.62158,1.5102,4.0717,15.6216],
[-22.3148,-2.80071,-5.69894,-17.3148,2.19929,0.30106]
]
}