{
"time_step": 1e-05,
"number_of_molecules": 500000,
"diff_coef": 200,
"sim_time": 2.7,
"absorbers": [
[-18.176,0.194752,8.34236,2]
],
"reflectors": [
[3.21671,-1.08636,-22.748,6],
[10.5152,10.0583,-16.5003,5],
[5.8212,-14.4503,-14.082,2]
],
"reflector_prisms": [
[-18.6049,-4.09875,-5.13029,-15.6049,-1.09875,-0.13029]
],
"absorber_prisms": [
[9.95798,2.40196,15.3814,11.958,4.40196,17.3814]
]
}