{"time_step": 1e-05, "number_of_molecules": 500000, "diff_coef": 400, "sim_time": 1.20417, "absorbers": [[7.9872, 7.73038, 20.1357, 6]], "reflectors": [[7.75794, 3.38936, -11.1502, 4], [-8.18248, 14.9835, -15.4124, 5], [-10.8856, -0.354773, 7.09774, 4]], "reflector_prisms": [[-2.45747, -7.4739, -9.48104, 3.54253, -2.4739, -5.48104], [1.07582, 6.31818, 1.80991, 3.07582, 8.31818, 7.80991]], "absorber_prisms": [], "line_of_sight": [[0, 0, 0, 0, 0, 499]]}