{
"time_step": 1e-05,
"number_of_molecules": 500000,
"diff_coef": 250,
"sim_time": 1.92667,
"absorbers": [
[5.19944,4.55132,-19.8306,4]
],
"reflectors": [
[1.47605,-4.50415,-20.4581,2],
[-7.70799,2.20538,-11.4771,4]
],
"reflector_prisms": [
],
"absorber_prisms": [
[-15.507,-9.40948,-6.32977,-10.507,-4.40948,-3.32977]
]
}