{
"time_step": 1e-05,
"number_of_molecules": 500000,
"diff_coef": 350,
"sim_time": 1.54286,
"absorbers": [
[-0.306515,1.57915,16.9237,6],
[-5.64299,-14.9358,-1.03829,6],
[7.98092,13.2636,-4.04731,6],
[16.8519,-12.3587,9.60612,7],
[3.13202,-8.83292,-23.1769,7]
],
"reflectors": [
[0.636254,7.0736,-23.97,7],
[-1.56959,-2.66944,-11.5936,6]
],
"reflector_prisms": [
],
"absorber_prisms": [
]
}