{"time_step": 1e-05, "number_of_molecules": 500000, "diff_coef": 400, "sim_time": 1.50417, "absorbers": [[-10.7462, 9.39744, 10.9639, 3], [24.5562, -2.38132, 4.0401, 6]], "reflectors": [], "reflector_prisms": [[-4.51999, -3.37855, -18.9142, 1.48001, 1.62145, -16.9142]], "absorber_prisms": [[-0.672467, 2.12902, -16.1583, 2.32753, 4.12902, -14.1583], [-6.64048, 11.0609, 8.43403, -2.64048, 13.0609, 10.434], [-1.95966, -3.15571, 5.59029, 0.0403416, -1.15571, 7.59029]], "line_of_sight": [[0, 0, 0, 0, 0, 499], [0, 0, 0, 0, 0, 499]]}