{"time_step": 1e-05, "number_of_molecules": 500000, "diff_coef": 200, "sim_time": 2.7, "absorbers": [[2.67717, -0.515115, -21.8304, 4], [3.46243, -13.9525, 4.28241, 4], [-15.757, -14.1082, -11.3436, 7], [-2.41819, 2.48919, 13.563, 7], [-4.03324, -10.0794, -5.11264, 6]], "reflectors": [[9.34409, 7.43762, 9.07578, 4], [-14.9639, -9.91318, 1.34544, 5], [-14.6739, 10.1865, -11.0414, 4], [-17.7514, 6.76086, 8.95433, 4], [-3.76995, 7.18453, -5.84551, 4]], "reflector_prisms": [], "absorber_prisms": [], "line_of_sight": [[502, 502, 0, 0, 0, 502], [219, 0, 219, 0, 0, 503], [400, 292, 222, 0, 0, 499], [12, 12, 0, 0, 0, 501], [137, 106, 104, 0, 0, 499]]}