{"time_step": 1e-05, "number_of_molecules": 500000, "diff_coef": 350, "sim_time": 1.71905, "absorbers": [[6.48005, -19.1219, 14.7432, 6], [6.37669, -4.34786, 12.8621, 4], [17.5752, 8.51959, -7.71551, 6], [5.50939, 12.3542, 8.54517, 7]], "reflectors": [[-7.94432, -11.1764, 13.1521, 6], [15.9397, -9.71536, -13.4364, 6], [-0.822739, -14.5496, 3.55433, 4]], "reflector_prisms": [], "absorber_prisms": [], "line_of_sight": [[0, 0, 0, 0, 0, 502], [0, 0, 0, 0, 0, 504], [43, 0, 43, 0, 0, 503], [0, 0, 0, 0, 0, 501]]}