{"time_step": 1e-05, "number_of_molecules": 500000, "diff_coef": 400, "sim_time": 1.35, "absorbers": [[-7.3015, 22.8002, 1.68493, 6], [11.8965, 7.01175, 2.30407, 4], [14.1585, 11.1789, -12.5924, 4], [-2.95997, 13.1393, 8.63693, 6], [6.43465, 1.91144, 13.4142, 7]], "reflectors": [[15.6024, -6.68888, -0.907568, 7], [-4.2985, 11.4625, -11.7955, 6], [1.29167, -1.21827, -11.8679, 5], [-5.28463, -10.6422, 5.27404, 4], [2.9298, -13.8579, 4.93697, 4]], "reflector_prisms": [], "absorber_prisms": [], "line_of_sight": [[201, 112, 89, 0, 0, 496], [0, 0, 0, 0, 0, 504], [87, 0, 87, 0, 0, 505], [67, 67, 0, 0, 0, 500], [140, 0, 140, 0, 0, 503]]}