{
"time_step": 1e-05,
"number_of_molecules": 500000,
"diff_coef": 50,
"sim_time": 12.0333,
"absorbers": [
[-3.10084,-2.66166,17.53,6],
[6.43444,16.9809,12.4196,3]
],
"reflectors": [
[-9.1555,11.267,-3.77259,5]
],
"reflector_prisms": [
[3.54808,-12.9334,2.6809,6.54808,-7.93341,6.6809]
],
"absorber_prisms": [
[-12.5175,2.25405,-16.6738,-6.51747,6.25405,-12.6738]
]
}