{
"time_step": 1e-05,
"number_of_molecules": 500000,
"diff_coef": 150,
"sim_time": 1.6,
"absorbers": [
[-2.90566,-6.09717,-9.91875,3],
[-14.5824,3.85359,-7.84241,5]
],
"reflectors": [
[2.90219,-5.48192,9.08438,5]
],
"reflector_prisms": [
],
"absorber_prisms": [
[2.89386,2.0213,-19.2699,4.89386,4.0213,-13.2699]
]
}