{"time_step": 1e-05, "number_of_molecules": 500000, "diff_coef": 100, "sim_time": 0.816667, "absorbers": [[-10.1413, -6.54187, -4.83305, 6]], "reflectors": [], "reflector_prisms": [[-0.300138, -2.65063, -16.8853, 3.69986, 1.34937, -11.8853], [1.57228, 5.34197, 3.19496, 7.57228, 10.342, 5.19496], [-16.6378, 9.21605, -12.2732, -11.6378, 12.216, -8.27323]], "absorber_prisms": [], "line_of_sight": [[0, 0, 0, 0, 0, 499]]}