{"time_step": 1e-05, "number_of_molecules": 500000, "diff_coef": 200, "sim_time": 0.408333, "absorbers": [[-2.42899, 4.23412, -10.9623, 5]], "reflectors": [[9.05696, -0.681438, -9.30092, 6], [-8.88355, 0.930651, 1.10289, 4]], "reflector_prisms": [[-2.79812, -3.39624, 14.9381, 2.20188, 0.603763, 17.9381], [-15.3594, 12.121, -6.53023, -11.3594, 15.121, -1.53023], [-13.7279, -7.47884, -9.06221, -8.72787, -1.47884, -5.06221]], "absorber_prisms": [], "line_of_sight": [[0, 0, 0, 0, 0, 498]]}