{
"time_step": 1e-05,
"number_of_molecules": 500000,
"diff_coef": 400,
"sim_time": 0.104167,
"absorbers": [
[-1.16138,1.29224,-9.84791,5]
],
"reflectors": [
],
"reflector_prisms": [
[11.4578,10.7038,-2.42825,14.4578,15.7038,2.57175],
[-11.4643,-1.94498,-1.83613,-9.46428,3.05502,3.16387],
[10.6593,-5.9085,-4.22084,14.6593,-0.908504,-2.22084]
],
"absorber_prisms": [
[-3.01499,-6.42481,9.31403,2.98501,-4.42481,14.314]
]
}