{
"time_step": 1e-05,
"number_of_molecules": 500000,
"diff_coef": 150,
"sim_time": 2.84444,
"absorbers": [
[1.00044,-8.76941,-16.8255,3],
[-6.47375,-12.1882,-2.3535,6],
[-13.4994,-2.07642,6.2012,4]
],
"reflectors": [
],
"reflector_prisms": [
[-0.0665753,-2.86773,6.39783,1.93342,1.13227,9.39783]
],
"absorber_prisms": [
]
}