{
"time_step": 1e-05,
"number_of_molecules": 500000,
"diff_coef": 150,
"sim_time": 1.6,
"absorbers": [
[-1.78765,2.14857,14.7373,3]
],
"reflectors": [
[-4.13103,-4.40124,-11.5136,4],
[-8.57917,7.22504,11.4104,4]
],
"reflector_prisms": [
[-14.4007,-2.91824,-6.40076,-10.4007,3.08176,-1.40076],
[7.99824,-12.4024,2.16005,9.99824,-6.40242,8.16005],
[-15.7475,-14.2391,-6.71014,-10.7475,-8.23913,-2.71014]
],
"absorber_prisms": [
]
}