{"time_step": 1e-05, "number_of_molecules": 500000, "diff_coef": 50, "sim_time": 9.63333, "absorbers": [[-5.95542, 2.38568, 2.80027, 2], [12.6164, 10.0076, -11.8606, 3]], "reflectors": [[-15.7804, -14.9054, -3.57844, 6], [-8.86075, 5.94794, -15.7197, 3]], "reflector_prisms": [], "absorber_prisms": [[2.78043, -2.56452, -20.8082, 7.78043, 2.43548, -18.8082]], "line_of_sight": [[0, 0, 0, 0, 0, 498], [0, 0, 0, 0, 0, 499]]}