{
"time_step": 1e-05,
"number_of_molecules": 500000,
"diff_coef": 350,
"sim_time": 1.07143,
"absorbers": [
[-6.72564,7.39354,16.1586,4]
],
"reflectors": [
[0.125921,-1.90983,11.8464,6]
],
"reflector_prisms": [
[-11.347,-1.32223,6.81997,-8.34699,4.67777,9.81997]
],
"absorber_prisms": [
[-16.8377,-2.82407,3.61641,-14.8377,2.17593,5.61641],
[15.2342,-3.82646,7.88727,20.2342,-1.82646,11.8873],
[-2.16293,-13.9887,-1.88184,2.83707,-8.98872,1.11816]
]
}