{"time_step": 1e-05, "number_of_molecules": 500000, "diff_coef": 350, "sim_time": 0.233333, "absorbers": [[5.85955, -5.57287, 10.1788, 6]], "reflectors": [[-1.38063, -7.39109, -21.7363, 5], [2.927, 6.72682, -14.2191, 6], [-13.042, 4.11472, -8.30507, 5], [1.43798, -0.343657, -7.8622, 2], [-1.48628, 2.68641, 13.6592, 5]], "reflector_prisms": [], "absorber_prisms": [], "line_of_sight": [[199, 0, 199, 0, 0, 500]]}