{
"time_step": 1e-05,
"number_of_molecules": 500000,
"diff_coef": 50,
"sim_time": 10.8,
"absorbers": [
[-1.63334,1.99057,17.8149,7],
[-1.01459,21.4162,4.93116,4],
[-12.7983,-8.81916,-3.7983,7],
[9.04946,-0.719825,-21.1327,7]
],
"reflectors": [
[16.5762,0.16909,11.1894,4],
[10.9871,15.378,-11.2606,6],
[2.66491,-11.5899,7.38734,5],
[19.2641,-12.0601,-3.52812,5]
],
"reflector_prisms": [
],
"absorber_prisms": [
]
}