{"time_step": 1e-05, "number_of_molecules": 500000, "diff_coef": 200, "sim_time": 0.408333, "absorbers": [[1.59304, -8.63967, 6.61954, 4]], "reflectors": [[3.31384, 1.76592, -14.5224, 5]], "reflector_prisms": [[-4.51959, -15.1492, 5.26381, -0.519585, -11.1492, 8.26381], [15.6579, 0.203103, -11.3617, 20.6579, 3.2031, -7.36167], [-15.9089, -15.473, -11.1353, -9.90889, -11.473, -8.13526]], "absorber_prisms": [], "line_of_sight": [[0, 0, 0, 0, 0, 503]]}