{"time_step": 1e-05, "number_of_molecules": 500000, "diff_coef": 50, "sim_time": 6.53333, "absorbers": [[4.67805, -13.2799, 9.52677, 3]], "reflectors": [[-15.382, -7.1546, 1.09787, 2]], "reflector_prisms": [[-20.3293, -15.8879, -2.86668, -15.3293, -9.88786, 3.13332]], "absorber_prisms": [[-4.86164, -6.50589, 3.86514, -2.86164, -2.50589, 6.86514]], "line_of_sight": [[0, 0, 0, 0, 0, 505]]}