{
"time_step": 1e-05,
"number_of_molecules": 500000,
"diff_coef": 100,
"sim_time": 0.816667,
"absorbers": [
[9.80124,-7.28937,-4.44982,6]
],
"reflectors": [
[5.52132,0.336892,17.129,4],
[-2.71371,-1.43246,-13.6596,4]
],
"reflector_prisms": [
[-2.82895,4.67728,4.08054,3.17105,7.67728,6.08054]
],
"absorber_prisms": [
[-19.1743,-15.0277,1.11004,-13.1743,-11.0277,5.11004],
[-10.3232,7.16275,14.4354,-8.32317,11.1627,18.4354]
]
}