{"time_step": 1e-05, "number_of_molecules": 500000, "diff_coef": 300, "sim_time": 1.42222, "absorbers": [[-1.21272, -10.571, -5.54821, 5], [-16.8198, 14.1803, 0.114125, 6], [4.39577, 10.0828, 17.8889, 6]], "reflectors": [], "reflector_prisms": [], "absorber_prisms": [[-7.9633, 2.29687, 14.3124, -2.9633, 8.29687, 18.3124]], "line_of_sight": [[71, 71, 0, 0, 0, 504], [0, 0, 0, 0, 0, 500], [114, 114, 0, 0, 0, 501]]}