{
"time_step": 1e-05,
"number_of_molecules": 500000,
"diff_coef": 250,
"sim_time": 1.92667,
"absorbers": [
[-5.77215,13.9889,15.9685,6],
[1.20095,-17.9627,-14.3143,6]
],
"reflectors": [
[6.11758,-9.17581,10.1676,5]
],
"reflector_prisms": [
[-5.83972,7.44123,-7.66359,-3.83972,12.4412,-1.66359]
],
"absorber_prisms": [
]
}