{"time_step": 1e-05, "number_of_molecules": 500000, "diff_coef": 200, "sim_time": 2.40833, "absorbers": [[17.4443, -7.42363, -1.25961, 5], [-14.6326, 4.92478, -9.25392, 5], [-1.76743, -3.89803, 19.5367, 7], [13.9548, 9.10263, 9.13261, 6], [-5.1859, 16.6957, 13.3551, 5]], "reflectors": [[7.67366, 5.18498, -5.93556, 4]], "reflector_prisms": [], "absorber_prisms": [], "line_of_sight": [[0, 0, 0, 0, 0, 495], [0, 0, 0, 0, 0, 501], [0, 0, 0, 0, 0, 498], [0, 0, 0, 0, 0, 502], [0, 0, 0, 0, 0, 498]]}