{"time_step": 1e-05, "number_of_molecules": 500000, "diff_coef": 350, "sim_time": 1.54286, "absorbers": [[15.7738, -10.0533, -7.07947, 2]], "reflectors": [[-7.83325, -17.2594, -6.38378, 4], [-1.37849, 4.47932, -11.047, 3], [2.17299, -10.6806, -1.48442, 3]], "reflector_prisms": [], "absorber_prisms": [[-2.80006, 11.0823, -13.2892, -0.800059, 14.0823, -9.28921], [8.66816, 6.21323, 14.4812, 14.6682, 9.21323, 19.4812]], "line_of_sight": [[0, 0, 0, 0, 0, 504]]}