{
"time_step": 1e-05,
"number_of_molecules": 500000,
"diff_coef": 100,
"sim_time": 5.4,
"absorbers": [
[0.723939,-5.37448,-12.907,5],
[-2.56272,-1.58104,11.6161,6],
[4.76981,-9.80368,5.01365,4],
[13.097,-1.46125,9.07375,7],
[-4.72826,-9.18337,-20.5502,5],
[10.0266,12.9871,-4.45011,7],
[4.5794,-20.2919,2.87556,4]
],
"reflectors": [
],
"reflector_prisms": [
],
"absorber_prisms": [
]
}