{
"time_step": 1e-05,
"number_of_molecules": 500000,
"diff_coef": 300,
"sim_time": 2.00556,
"absorbers": [
[7.57365,-18.9969,-14.3791,6]
],
"reflectors": [
],
"reflector_prisms": [
[-7.0567,-13.0493,3.51473,-3.0567,-7.04928,9.51473],
[-12.6861,-2.34107,4.20229,-6.68607,1.65893,6.20229],
[-13.1821,3.84802,-19.2552,-10.1821,8.84802,-13.2552]
],
"absorber_prisms": [
[6.62236,-4.55608,1.91051,9.62236,-2.55608,4.91051],
[0.603772,-1.96375,-12.3782,2.60377,1.03625,-10.3782]
]
}