{
"time_step": 1e-05,
"number_of_molecules": 500000,
"diff_coef": 250,
"sim_time": 1.30667,
"absorbers": [
[6.38633,-10.1555,-10.5868,2]
],
"reflectors": [
[6.2439,20.8671,-3.09455,4],
[6.45025,2.96224,12.0673,6],
[-1.37203,-2.55347,-8.52041,3],
[-2.3027,10.3749,-14.5279,5]
],
"reflector_prisms": [
[-8.86093,-0.752197,-1.53563,-6.86093,1.2478,4.46437]
],
"absorber_prisms": [
]
}