{
"time_step": 1e-05,
"number_of_molecules": 500000,
"diff_coef": 400,
"sim_time": 0.204167,
"absorbers": [
[2.0812,-0.646692,10.7819,4],
[5.35139,-11.8108,0.931956,6]
],
"reflectors": [
],
"reflector_prisms": [
],
"absorber_prisms": [
]
}