{"time_step": 1e-05, "number_of_molecules": 500000, "diff_coef": 50, "sim_time": 10.8, "absorbers": [[-0.706163, -10.5892, -11.9737, 2], [3.56564, 7.16664, -4.11406, 4], [-7.46605, 2.17864, 20.5794, 4], [-15.9031, -4.26611, 13.0343, 4], [7.92258, -7.1049, -2.78444, 2], [2.26378, 3.8038, 10.0701, 5], [-8.51752, -1.66519, 2.38308, 3]], "reflectors": [[-18.0956, -3.48291, 4.62806, 4], [-5.87461, -7.06185, 7.72135, 4], [1.39302, 4.80689, -10.9066, 3]], "reflector_prisms": [], "absorber_prisms": [], "line_of_sight": [[380, 380, 0, 0, 0, 495], [159, 0, 173, 0, 0, 497], [69, 69, 0, 0, 0, 500], [215, 144, 71, 0, 0, 499], [0, 0, 0, 0, 0, 497], [64, 64, 0, 0, 0, 503], [120, 65, 55, 0, 0, 499]]}