{
"time_step": 1e-05,
"number_of_molecules": 500000,
"diff_coef": 400,
"sim_time": 0.704167,
"absorbers": [
[5.70866,-1.31176,-13.8091,2],
[0.0122506,0.744661,-8.96913,4]
],
"reflectors": [
[-11.0255,5.34522,-6.77245,5],
[-0.792238,-5.80267,8.10564,2],
[-0.297134,1.02314,12.9563,5],
[-1.46878,-3.76165,-18.5659,3]
],
"reflector_prisms": [
],
"absorber_prisms": [
]
}