{"time_step": 1e-05, "number_of_molecules": 500000, "diff_coef": 350, "sim_time": 1.71905, "absorbers": [[-2.45959, 1.22746, 11.6809, 6], [11.003, -4.01597, 13.6677, 3], [-2.07316, -8.73206, -0.673141, 3], [15.3691, 12.8136, 6.37203, 2], [3.68833, 5.16438, -8.98473, 4], [-5.33552, -9.94176, 12.7159, 5], [12.2632, -19.7593, -9.17521, 6], [1.1432, 7.84707, 17.2661, 2]], "reflectors": [[-5.701, -1.71112, -23.2502, 5], [-13.9403, 3.29353, -10.9004, 5], [6.01672, -14.8216, 0.34567, 3], [5.51808, -6.45984, -21.3734, 5], [-0.375097, 16.578, -3.74576, 4], [12.3285, 3.0379, -5.89745, 2]], "reflector_prisms": [], "absorber_prisms": [], "line_of_sight": [[211, 162, 88, 0, 0, 499], [282, 0, 282, 0, 0, 503], [100, 0, 100, 0, 0, 499], [0, 0, 0, 0, 0, 501], [342, 347, 0, 0, 0, 501], [372, 440, 0, 0, 0, 499], [0, 0, 0, 0, 0, 502], [499, 499, 0, 0, 0, 499]]}