{"time_step": 1e-05, "number_of_molecules": 500000, "diff_coef": 200, "sim_time": 2.7, "absorbers": [[10.5829, 12.1041, 17.8183, 6]], "reflectors": [[-0.402874, -4.13774, -18.5396, 5], [2.89683, 4.41793, 11.8781, 2]], "reflector_prisms": [[-0.803176, 3.79706, -21.7019, 5.19682, 6.79706, -18.7019]], "absorber_prisms": [], "line_of_sight": [[60, 0, 60, 0, 0, 501]]}