{
"time_step": 1e-05,
"number_of_molecules": 500000,
"diff_coef": 100,
"sim_time": 4.26667,
"absorbers": [
[-6.52091,-17.3231,11.8907,6],
[2.2751,16.3841,9.34803,4]
],
"reflectors": [
],
"reflector_prisms": [
[0.586081,2.99735,4.02415,4.58608,6.99735,10.0241]
],
"absorber_prisms": [
[-8.62846,4.72745,-4.07514,-5.62846,6.72745,-1.07514],
[-12.7969,0.0787399,5.11713,-9.79689,3.07874,11.1171]
]
}