{
"time_step": 1e-05,
"number_of_molecules": 500000,
"diff_coef": 300,
"sim_time": 1.8,
"absorbers": [
[6.00634,20.0484,-1.72781,3],
[-4.5221,-11.0138,12.1345,3],
[9.88741,-0.543656,-4.78994,2],
[1.6245,10.3837,-10.7023,2]
],
"reflectors": [
],
"reflector_prisms": [
[5.77284,-5.44331,-11.1298,9.77284,0.556687,-9.12981]
],
"absorber_prisms": [
]
}