{"time_step": 1e-05, "number_of_molecules": 500000, "diff_coef": 150, "sim_time": 2.17778, "absorbers": [[4.31112, 8.61746, 11.4958, 4], [15.8096, -2.44274, -0.30173, 2], [-6.12889, 2.27492, -8.84655, 2]], "reflectors": [], "reflector_prisms": [], "absorber_prisms": [[-11.7481, 0.20486, -15.9763, -5.7481, 3.20486, -12.9763]], "line_of_sight": [[0, 0, 0, 0, 0, 502], [0, 0, 0, 0, 0, 497], [0, 0, 0, 0, 0, 501]]}