{
"time_step": 1e-05,
"number_of_molecules": 500000,
"diff_coef": 200,
"sim_time": 2.7,
"absorbers": [
[11.8675,3.36206,8.53571,2],
[4.65645,17.211,-2.46986,4],
[3.58221,2.04512,15.4591,3],
[1.56204,6.79948,0.571885,2],
[-3.69075,-4.00937,7.16263,2],
[-2.34069,1.59581,-23.8322,6],
[2.62835,-8.6113,-18.972,3],
[0.788141,12.3535,-6.53995,3]
],
"reflectors": [
[-14.4709,3.94676,0.123999,4],
[-0.50695,6.03868,-12.6205,4],
[-8.39345,-15.5384,-13.119,6],
[5.42192,-4.27461,-8.56332,6],
[-5.35752,-14.8102,12.327,5],
[-0.718038,2.06888,9.75726,3]
],
"reflector_prisms": [
],
"absorber_prisms": [
]
}