{
"time_step": 1e-05,
"number_of_molecules": 500000,
"diff_coef": 400,
"sim_time": 1.06667,
"absorbers": [
[-6.16086,1.6412,14.6748,6],
[4.51582,-2.76369,-17.2038,2]
],
"reflectors": [
],
"reflector_prisms": [
[3.66376,-9.38834,-11.6325,5.66376,-4.38834,-9.6325]
],
"absorber_prisms": [
[-15.6556,-0.338818,-16.4196,-9.65558,5.66118,-11.4196]
]
}