{
"time_step": 1e-05,
"number_of_molecules": 500000,
"diff_coef": 400,
"sim_time": 0.6,
"absorbers": [
[-9.65378,7.26731,7.07042,2],
[4.91143,-10.3305,-9.70351,6]
],
"reflectors": [
],
"reflector_prisms": [
[-16.2319,2.25744,-9.79907,-10.2319,8.25744,-4.79907]
],
"absorber_prisms": [
[-4.97624,-6.8898,3.57176,1.02376,-3.8898,7.57176]
]
}