{"time_step": 1e-05, "number_of_molecules": 500000, "diff_coef": 250, "sim_time": 2.16, "absorbers": [[14.3188, 14.4331, -10.7545, 5]], "reflectors": [[0.0398662, -0.33795, 11.9952, 5]], "reflector_prisms": [[12.6658, -2.99401, -4.77142, 16.6658, 0.00598704, -0.771421], [-16.5802, 5.80458, 8.23766, -13.5802, 7.80458, 14.2377]], "absorber_prisms": [[12.4673, -6.70038, -0.0308574, 14.4673, -0.70038, 1.96914]], "line_of_sight": [[0, 0, 0, 0, 0, 501]]}