{
"time_step": 1e-05,
"number_of_molecules": 500000,
"diff_coef": 200,
"sim_time": 2.40833,
"absorbers": [
[-3.25584,7.4382,-7.4211,5],
[-0.213597,3.58405,14.564,3],
[-5.66694,21.839,-4.46584,6],
[1.12863,10.1779,4.01714,5],
[3.49174,-1.50427,7.03882,3],
[-4.0776,-3.7005,-15.0226,6],
[-7.77891,-3.78949,-5.01281,2],
[-4.60648,9.00856,11.0737,2]
],
"reflectors": [
[-6.07214,0.86773,17.9827,3],
[-14.4813,5.75985,-3.62168,5],
[6.86242,-10.4819,8.24847,5],
[9.84552,14.0425,-5.46573,2],
[2.7755,-20.7536,9.51751,6],
[-6.27505,-8.81688,20.295,5]
],
"reflector_prisms": [
],
"absorber_prisms": [
]
}