{"time_step": 1e-05, "number_of_molecules": 500000, "diff_coef": 350, "sim_time": 1.21905, "absorbers": [[13.3004, -12.6535, 12.1239, 6], [-0.259448, -0.213155, -7.99295, 3]], "reflectors": [], "reflector_prisms": [[-12.111, -7.20464, -14.2196, -9.11097, -3.20464, -10.2196], [-0.473486, -7.8436, -7.50857, 2.52651, -5.8436, -5.50857], [6.91773, -2.35471, 18.0092, 10.9177, 1.64529, 20.0092], [-2.23763, -9.79707, 18.6161, 2.76237, -7.79707, 20.6161]], "absorber_prisms": [], "line_of_sight": [[0, 0, 0, 0, 0, 502], [0, 0, 0, 0, 0, 502]]}