{
"time_step": 1e-05,
"number_of_molecules": 500000,
"diff_coef": 250,
"sim_time": 1.92667,
"absorbers": [
[6.82281,1.48831,-18.7412,3]
],
"reflectors": [
[-1.37759,-0.783287,20.9401,4]
],
"reflector_prisms": [
[4.49955,-3.6771,17.9962,7.49955,-1.6771,23.9962]
],
"absorber_prisms": [
[-5.84915,10.4799,-9.9099,-2.84915,13.4799,-5.9099],
[-5.58279,-3.94882,5.48828,-3.58279,2.05118,7.48828],
[10.4239,-6.73077,-8.16426,14.4239,-1.73077,-4.16426]
]
}