{"time_step": 1e-05, "number_of_molecules": 500000, "diff_coef": 400, "sim_time": 1.20417, "absorbers": [[-0.60818, -11.0025, 11.6006, 2], [15.7951, 7.85029, 14.761, 6]], "reflectors": [[10.8543, -1.91173, -15.4767, 4]], "reflector_prisms": [[4.61191, -2.68365, 16.9993, 10.6119, -0.683649, 21.9993]], "absorber_prisms": [], "line_of_sight": [[0, 0, 0, 0, 0, 499], [0, 0, 0, 0, 0, 498]]}