{
"time_step": 1e-05,
"number_of_molecules": 500000,
"diff_coef": 350,
"sim_time": 1.71905,
"absorbers": [
[-0.0691123,0.074758,-13.9996,4],
[12.4287,15.8826,-5.85392,2]
],
"reflectors": [
],
"reflector_prisms": [
[-8.21523,-6.40096,7.26183,-3.21523,-0.400955,10.2618]
],
"absorber_prisms": [
[8.61464,13.2526,3.75106,13.6146,16.2526,8.75106],
[9.5207,3.07745,-19.1686,12.5207,6.07745,-14.1686]
]
}