{"time_step": 1e-05, "number_of_molecules": 500000, "diff_coef": 100, "sim_time": 4.81667, "absorbers": [[-11.3574, 9.89604, 16.0337, 5]], "reflectors": [[-4.63382, 6.18665, 2.06231, 3], [6.21219, 19.8569, -7.14939, 6]], "reflector_prisms": [[-4.85367, -10.0826, 9.7265, 0.146333, -5.08264, 15.7265], [2.51074, 5.04573, -16.4629, 7.51074, 9.04573, -10.4629], [-13.6407, -10.6189, 12.2055, -9.64073, -6.61893, 18.2055]], "absorber_prisms": [], "line_of_sight": [[37, 0, 37, 0, 0, 500]]}