{"time_step": 1e-05, "number_of_molecules": 500000, "diff_coef": 300, "sim_time": 1.8, "absorbers": [[4.47029, -0.249276, -22.56, 5]], "reflectors": [[-7.96966, 19.1354, 3.36454, 2], [-5.8985, -0.248653, 12.6943, 6], [-0.460945, -4.33305, -18.4936, 2], [0.814979, -12.0753, 10.4653, 5]], "reflector_prisms": [[-16.7866, 4.42459, -1.94336, -13.7866, 10.4246, 1.05664]], "absorber_prisms": [], "line_of_sight": [[459, 0, 474, 0, 0, 499]]}