{"time_step": 1e-05, "number_of_molecules": 500000, "diff_coef": 350, "sim_time": 0.304762, "absorbers": [[-0.106452, -0.898665, 12.9685, 5]], "reflectors": [[-9.46717, 6.50864, -12.5304, 3], [-12.4357, -13.7361, 13.6262, 5], [8.9514, 12.2069, 17.3166, 6]], "reflector_prisms": [], "absorber_prisms": [[6.52202, -11.2406, -12.8988, 10.522, -7.24061, -6.8988]], "line_of_sight": [[0, 0, 0, 0, 0, 501]]}