{
"time_step": 1e-05,
"number_of_molecules": 500000,
"diff_coef": 250,
"sim_time": 0.24,
"absorbers": [
[4.55797,-3.80542,-8.04635,4]
],
"reflectors": [
[9.62147,-7.11157,0.923529,2]
],
"reflector_prisms": [
[-2.26909,17.1776,-11.338,2.73091,19.1776,-5.33796]
],
"absorber_prisms": [
[-9.58451,-18.6086,-13.6631,-3.58451,-15.6086,-10.6631],
[-1.50825,-1.52489,8.43614,3.49175,2.47511,10.4361],
[-10.6976,-0.0612959,-19.6535,-7.6976,3.9387,-15.6535]
]
}