{"time_step": 1e-05, "number_of_molecules": 500000, "diff_coef": 150, "sim_time": 4.01111, "absorbers": [[-8.0864, 14.7227, -17.1421, 6], [6.54531, 2.73452, 9.67891, 6], [16.255, -18.0727, -5.84405, 7], [-3.59684, -23.8916, 6.42294, 6], [-7.51793, -9.38619, -8.96551, 7], [-12.492, 8.19297, -8.11332, 5]], "reflectors": [[12.739, 11.3566, -10.4281, 6], [-18.8605, -3.97014, 8.3378, 7], [-6.67242, 11.5288, 4.30886, 6], [-9.31025, 7.52267, 16.0228, 6], [1.28173, 15.482, -9.09203, 4]], "reflector_prisms": [], "absorber_prisms": [], "line_of_sight": [[62, 62, 0, 0, 0, 501], [182, 182, 0, 0, 0, 500], [401, 0, 401, 0, 0, 503], [142, 0, 142, 0, 0, 501], [208, 208, 0, 0, 0, 502], [53, 53, 0, 0, 0, 500]]}