{
"time_step": 1e-05,
"number_of_molecules": 500000,
"diff_coef": 50,
"sim_time": 9.63333,
"absorbers": [
[7.25478,5.31726,4.36976,3],
[0.0725348,4.28652,19.5351,3]
],
"reflectors": [
],
"reflector_prisms": [
],
"absorber_prisms": [
[10.3458,-8.16253,-10.0208,15.3458,-2.16253,-6.02082],
[-7.17061,-3.25886,11.1954,-2.17061,2.74114,15.1954]
]
}