{
"time_step": 1e-05,
"number_of_molecules": 500000,
"diff_coef": 350,
"sim_time": 1.71905,
"absorbers": [
[11.9096,-10.4793,18.0096,5],
[-7.48977,17.966,-4.59628,3]
],
"reflectors": [
[13.8017,-14.3797,-1.6552,4],
[4.85928,-5.02559,-13.2714,2]
],
"reflector_prisms": [
[-1.40555,-3.00414,-15.4997,1.59445,2.99586,-10.4997]
],
"absorber_prisms": [
]
}