{"time_step": 1e-05, "number_of_molecules": 500000, "diff_coef": 400, "sim_time": 0.15, "absorbers": [[2.8618, 3.36426, -8.97173, 4]], "reflectors": [[2.4063, -9.30446, 11.5168, 2]], "reflector_prisms": [[-0.0449301, 11.4389, 12.8799, 5.95507, 13.4389, 17.8799], [-11.5678, 8.85282, -15.4588, -9.56785, 11.8528, -11.4588]], "absorber_prisms": [], "line_of_sight": [[0, 0, 0, 0, 0, 500]]}