{
"time_step": 1e-05,
"number_of_molecules": 500000,
"diff_coef": 350,
"sim_time": 1.37619,
"absorbers": [
[5.74529,-12.8823,15.5576,4],
[-7.12904,1.17523,-18.6493,4]
],
"reflectors": [
],
"reflector_prisms": [
[-0.346844,-4.76767,-16.8801,4.65316,-2.76767,-12.8801],
[-0.966559,16.9005,-11.1371,2.03344,20.9005,-7.1371]
],
"absorber_prisms": [
[3.58323,-3.56208,11.3353,6.58323,-0.562077,13.3353],
[-10.0369,7.7331,0.170602,-5.03693,11.7331,4.1706]
]
}