{
"time_step": 1e-05,
"number_of_molecules": 500000,
"diff_coef": 150,
"sim_time": 4.01111,
"absorbers": [
[-1.09954,2.71009,-20.7953,5],
[4.63293,-1.88385,-20.3958,2]
],
"reflectors": [
[4.568,-11.1997,-13.3304,5]
],
"reflector_prisms": [
],
"absorber_prisms": [
[-8.78345,10.9274,-0.789543,-3.78345,12.9274,2.21046],
[-2.75132,-8.27921,15.4173,-0.751316,-6.27921,18.4173],
[-11.8558,4.69671,-11.6403,-8.85577,9.69671,-9.64027]
]
}