{
"time_step": 1e-05,
"number_of_molecules": 500000,
"diff_coef": 50,
"sim_time": 12.0333,
"absorbers": [
[-18.2395,-15.2822,-3.12686,5],
[-0.134327,6.41272,2.80338,2]
],
"reflectors": [
],
"reflector_prisms": [
[-4.76345,-15.5843,-5.15858,-2.76345,-13.5843,-2.15858]
],
"absorber_prisms": [
[-3.90431,-9.35118,7.17493,-0.904314,-5.35118,11.1749],
[-11.2905,-10.4529,-1.13485,-6.29049,-5.45289,4.86515]
]
}