{
"time_step": 1e-05,
"number_of_molecules": 500000,
"diff_coef": 150,
"sim_time": 3.6,
"absorbers": [
[-0.584187,0.0735933,-8.98072,2],
[0.371144,-2.1687,8.72691,4],
[-3.58776,-10.7307,17.6912,6],
[15.2564,6.26519,-11.3132,2],
[-5.52659,1.2503,-13.8886,5],
[-3.16605,15.2513,3.65686,6],
[1.69874,-8.13716,5.55886,2]
],
"reflectors": [
[15.4804,-5.38385,-9.61106,2],
[-16.0941,-14.954,1.16502,3],
[6.2946,13.3586,-14.9307,6],
[7.69294,-12.5671,-2.8082,2],
[-12.9653,-7.47313,8.06554,6],
[9.08509,4.16776,0.301551,3]
],
"reflector_prisms": [
],
"absorber_prisms": [
]
}