{"time_step": 1e-05, "number_of_molecules": 500000, "diff_coef": 250, "sim_time": 2.40667, "absorbers": [[-1.60629, -4.43047, 13.183, 7], [-2.27693, -3.72201, -23.6, 5], [-8.10706, -21.3828, -7.28372, 5], [-6.66636, 7.84995, 12.2449, 4], [5.10331, 12.7045, -2.92428, 4], [-14.6257, -1.4281, -8.54682, 5], [-0.0333369, 0.0930671, -9.99951, 5]], "reflectors": [[9.28421, -5.17681, 5.56814, 4]], "reflector_prisms": [], "absorber_prisms": [], "line_of_sight": [[231, 293, 0, 0, 0, 499], [500, 725, 0, 0, 0, 500], [0, 0, 0, 0, 0, 501], [71, 71, 0, 0, 0, 504], [0, 0, 0, 0, 0, 497], [83, 0, 83, 0, 0, 498], [270, 275, 0, 0, 0, 501]]}