{
"time_step": 1e-05,
"number_of_molecules": 500000,
"diff_coef": 300,
"sim_time": 1.60556,
"absorbers": [
[-7.52411,-13.106,5.25564,2],
[5.27689,7.42918,6.16131,4],
[11.5193,12.2686,8.81968,3],
[-8.187,-8.5706,-10.7479,6],
[3.15886,-0.916694,-13.6081,3],
[3.77645,3.23225,14.1524,3],
[-9.74724,4.82112,-1.65774,3],
[9.03471,-11.7284,13.4469,3]
],
"reflectors": [
[-18.7831,-4.88922,-4.82596,5]
],
"reflector_prisms": [
],
"absorber_prisms": [
]
}