{
"time_step": 1e-05,
"number_of_molecules": 500000,
"diff_coef": 300,
"sim_time": 1.8,
"absorbers": [
[14.0629,11.2604,-15.8568,6],
[8.00718,-5.0691,17.6122,4],
[-14.5991,-16.9973,-8.59992,6],
[10.0689,-15.3848,-4.78794,2],
[0.0344631,-1.40163,-21.9553,4],
[3.91891,-9.45506,4.03037,2],
[-12.3477,7.20111,10.9397,5],
[1.88249,-0.0636438,11.8513,2]
],
"reflectors": [
[14.7172,14.5606,7.44254,6],
[-4.03116,2.91222,23.4791,6],
[-10.6223,4.02331,-21.1419,5],
[-14.8803,0.332644,-5.87086,4],
[11.0042,-19.0425,6.72985,4],
[12.624,-3.05532,5.22503,2],
[-6.9781,2.85609,-2.67372,3]
],
"reflector_prisms": [
],
"absorber_prisms": [
]
}