{
"time_step": 1e-05,
"number_of_molecules": 500000,
"diff_coef": 150,
"sim_time": 0.4,
"absorbers": [
[8.92094,4.88913,4.18487,5]
],
"reflectors": [
],
"reflector_prisms": [
],
"absorber_prisms": [
[2.63033,-3.01303,4.85639,8.63033,-0.0130327,8.85639],
[3.04561,-11.9315,11.4596,9.04561,-9.93155,14.4596],
[-6.92195,3.44543,-19.4534,-4.92195,5.44543,-14.4534],
[-4.92224,-7.17197,-6.16741,-0.922236,-5.17197,-2.16741],
[-10.7228,0.692314,5.49756,-8.72281,4.69231,7.49756]
]
}