{
"time_step": 1e-05,
"number_of_molecules": 500000,
"diff_coef": 400,
"sim_time": 0.104167,
"absorbers": [
[-1.94043,7.4038,4.73481,4]
],
"reflectors": [
[8.25661,-4.26713,14.2345,6],
[-6.49176,-3.92166,-9.29933,6]
],
"reflector_prisms": [
[-20.1459,-2.81841,2.1855,-18.1459,2.18159,5.1855]
],
"absorber_prisms": [
[14.4598,11.606,-4.99082,18.4598,15.606,0.00917893],
[-13.4685,-2.95397,-8.05455,-10.4685,2.04603,-2.05455]
]
}