{"time_step": 1e-05, "number_of_molecules": 500000, "diff_coef": 350, "sim_time": 1.71905, "absorbers": [[2.90888, -20.2349, 8.12947, 3], [0.147355, -2.31882, 16.8405, 3]], "reflectors": [[-9.19889, -9.18552, 0.0806725, 3]], "reflector_prisms": [[-3.27974, 7.25149, -2.66543, 0.720262, 10.2515, -0.665426], [-13.7439, -11.1639, -6.0203, -9.74385, -5.16388, -3.0203]], "absorber_prisms": [], "line_of_sight": [[0, 0, 0, 0, 0, 500], [0, 0, 0, 0, 0, 500]]}