{
"time_step": 1e-05,
"number_of_molecules": 500000,
"diff_coef": 400,
"sim_time": 0.6,
"absorbers": [
[-3.6921,-3.29211,-16.2644,5]
],
"reflectors": [
],
"reflector_prisms": [
[-11.2389,6.63732,-11.3032,-8.23891,10.6373,-7.30324]
],
"absorber_prisms": [
[4.10844,-9.46783,-9.24485,8.10844,-7.46783,-6.24485]
]
}