{
"time_step": 1e-05,
"number_of_molecules": 500000,
"diff_coef": 50,
"sim_time": 12.0333,
"absorbers": [
[-14.0304,11.5382,5.56934,7],
[-10.0276,5.34578,19.9968,4],
[-3.29435,15.2049,15.555,6],
[2.5013,-5.88676,16.8253,4]
],
"reflectors": [
[10.63,-9.61745,-7.10687,7]
],
"reflector_prisms": [
],
"absorber_prisms": [
]
}