{"time_step": 1e-05, "number_of_molecules": 500000, "diff_coef": 100, "sim_time": 0.816667, "absorbers": [[-1.97821, -3.58486, -9.12335, 3], [-8.62652, 2.99913, 6.13094, 6]], "reflectors": [[-3.61593, 5.3476, 14.64, 2], [10.4584, 12.3395, -5.23057, 3], [-2.0335, -1.65587, 18.8182, 2]], "reflector_prisms": [], "absorber_prisms": [], "line_of_sight": [[2, 0, 2, 0, 0, 496], [7, 0, 7, 0, 0, 501]]}