{"time_step": 1e-05, "number_of_molecules": 500000, "diff_coef": 400, "sim_time": 1.50417, "absorbers": [[-3.36179, 11.621, 14.651, 7], [-16.3664, 5.44672, -11.9781, 7], [9.49713, 1.28541, -11.5392, 7], [-2.61868, 17.768, -6.19996, 6], [16.7272, -6.35144, 1.96463, 4], [1.94207, -23.1382, 6.07048, 5], [-4.46443, -11.3425, 4.51857, 5]], "reflectors": [], "reflector_prisms": [], "absorber_prisms": [], "line_of_sight": [[2, 2, 0, 0, 0, 498], [42, 42, 0, 0, 0, 499], [2, 2, 0, 0, 0, 501], [196, 224, 0, 0, 0, 498], [73, 73, 0, 0, 0, 502], [501, 666, 0, 0, 0, 501], [111, 180, 0, 0, 0, 500]]}