{"time_step": 1e-05, "number_of_molecules": 500000, "diff_coef": 200, "sim_time": 1.00833, "absorbers": [[-2.56572, -12.5269, 2.34365, 2]], "reflectors": [[12.3731, 16.8971, -9.50749, 5]], "reflector_prisms": [], "absorber_prisms": [[6.22681, -11.9367, -11.0926, 10.2268, -7.93665, -6.09258]], "line_of_sight": [[0, 0, 0, 0, 0, 502]]}