{"time_step": 1e-05, "number_of_molecules": 500000, "diff_coef": 150, "sim_time": 4.01111, "absorbers": [[18.9253, -5.63068, -3.18255, 6], [-2.6935, -0.489994, 15.764, 5], [0.260888, 0.0532516, -24.9986, 6], [7.41867, -3.48617, -10.0901, 6], [-10.3782, -10.6256, -2.09501, 6], [-10.8535, 3.93948, 5.97348, 7]], "reflectors": [], "reflector_prisms": [], "absorber_prisms": [], "line_of_sight": [[410, 457, 0, 0, 0, 503], [336, 341, 0, 0, 0, 500], [340, 397, 0, 0, 0, 501], [339, 393, 0, 0, 0, 500], [0, 0, 0, 0, 0, 499], [267, 267, 0, 0, 0, 499]]}