{"time_step": 1e-05, "number_of_molecules": 500000, "diff_coef": 250, "sim_time": 1.92667, "absorbers": [[2.29256, -2.81592, -15.5825, 2], [17.459, -7.47214, 0.590572, 2], [10.2724, -9.02105, 8.31257, 4], [2.33798, -0.440943, 14.8101, 5], [-0.277329, 7.85571, -1.48689, 2], [1.14925, -14.1366, -9.37205, 4], [-1.82325, 4.84107, 4.71591, 2], [0.774173, 1.30125, -7.85541, 2]], "reflectors": [], "reflector_prisms": [], "absorber_prisms": [], "line_of_sight": [[196, 247, 0, 0, 0, 500], [0, 0, 0, 0, 0, 500], [0, 0, 0, 0, 0, 501], [179, 186, 0, 0, 0, 500], [0, 0, 0, 0, 0, 498], [211, 211, 0, 0, 0, 502], [148, 148, 0, 0, 0, 503], [245, 267, 0, 0, 0, 500]]}