{"time_step": 1e-05, "number_of_molecules": 500000, "diff_coef": 250, "sim_time": 2.16, "absorbers": [[2.02182, 0.331829, -13.8493, 7], [9.43021, 2.76017, 13.8727, 4], [24.1742, 5.26577, -3.58914, 7], [-10.9453, -1.86618, 6.76144, 5], [1.27009, 11.3251, 3.75885, 5]], "reflectors": [[-10.8806, -2.54151, -14.1122, 4], [2.43756, 8.99417, 14.2184, 4]], "reflector_prisms": [], "absorber_prisms": [], "line_of_sight": [[66, 23, 43, 0, 0, 500], [285, 0, 285, 0, 0, 500], [193, 193, 0, 0, 0, 498], [153, 153, 0, 0, 0, 502], [0, 0, 0, 0, 0, 503]]}