{
"time_step": 1e-05,
"number_of_molecules": 500000,
"diff_coef": 250,
"sim_time": 1.12667,
"absorbers": [
[-0.264828,-0.180349,8.99429,4],
[8.12207,0.420702,5.81851,4],
[16.2901,-6.26763,4.39873,5],
[-2.75627,-0.488982,-10.6379,5]
],
"reflectors": [
[-0.208426,4.37871,-22.5784,6],
[10.6647,7.43076,-0.219571,4],
[5.8242,6.13584,12.3867,5]
],
"reflector_prisms": [
],
"absorber_prisms": [
]
}