{"time_step": 1e-05, "number_of_molecules": 500000, "diff_coef": 150, "sim_time": 1.6, "absorbers": [[-9.8019, 0.110253, -4.99104, 3], [3.74293, -10.265, 13.0238, 5]], "reflectors": [], "reflector_prisms": [[-3.37861, -5.4431, 5.95589, -0.378613, 0.556899, 10.9559], [-13.6168, -3.00411, -10.9561, -10.6168, -1.00411, -7.95606]], "absorber_prisms": [[-5.35537, -2.03006, -8.78422, -3.35537, 2.96994, -5.78422], [-1.83392, 0.534936, -16.2612, 3.16608, 4.53494, -12.2612]], "line_of_sight": [[0, 0, 0, 0, 0, 501], [39, 0, 0, 0, 39, 499]]}