{
"time_step": 1e-05,
"number_of_molecules": 500000,
"diff_coef": 200,
"sim_time": 1.875,
"absorbers": [
[-3.61203,-15.1824,-6.74143,7],
[-6.49836,-13.5154,16.0968,7],
[-2.84861,-0.547198,19.7885,5],
[15.9809,12.73,-4.85373,7]
],
"reflectors": [
],
"reflector_prisms": [
],
"absorber_prisms": [
]
}