{"time_step": 1e-05, "number_of_molecules": 500000, "diff_coef": 300, "sim_time": 0.672222, "absorbers": [[1.54118, 3.9053, -12.3034, 2]], "reflectors": [], "reflector_prisms": [[1.08442, -16.4129, 1.68157, 5.08442, -11.4129, 7.68157], [8.62845, -1.71368, 12.8629, 11.6284, 0.286322, 16.8629]], "absorber_prisms": [[-5.54558, -6.93091, -12.2196, -2.54558, -1.93091, -6.21956], [-5.94739, 0.928309, 3.05672, -0.947394, 6.92831, 9.05672], [-12.732, -4.12885, -6.16426, -6.73204, -0.128849, -3.16426]], "line_of_sight": [[0, 0, 0, 0, 0, 502]]}