{
"time_step": 1e-05,
"number_of_molecules": 500000,
"diff_coef": 300,
"sim_time": 1.25,
"absorbers": [
[-5.1452,14.4052,-14.3881,6]
],
"reflectors": [
],
"reflector_prisms": [
[4.70365,-11.4617,-1.45432,10.7036,-9.46171,0.545677]
],
"absorber_prisms": [
[-17.6512,-11.9679,-1.43758,-15.6512,-9.9679,4.56242]
]
}