{"time_step": 1e-05, "number_of_molecules": 500000, "diff_coef": 100, "sim_time": 2.01667, "absorbers": [[-10.3049, -2.59287, 13.2698, 6]], "reflectors": [[-6.77866, 8.03004, 7.65299, 3], [9.63394, -17.3659, 2.36907, 3], [-0.269936, -0.122556, -20.9979, 5], [7.18055, 9.98033, 10.2388, 5]], "reflector_prisms": [], "absorber_prisms": [], "line_of_sight": [[0, 0, 0, 0, 0, 500]]}