{
"time_step": 1e-05,
"number_of_molecules": 500000,
"diff_coef": 200,
"sim_time": 0.408333,
"absorbers": [
[0.715688,0.815048,12.9547,6]
],
"reflectors": [
[8.3363,8.58239,-0.921208,4],
[-20.8259,-6.09977,7.62077,6],
[1.42553,-8.29127,19.2412,4]
],
"reflector_prisms": [
[12.5902,-1.98245,11.3114,17.5902,0.0175472,13.3114]
],
"absorber_prisms": [
]
}