{"time_step": 1e-05, "number_of_molecules": 500000, "diff_coef": 400, "sim_time": 1.35, "absorbers": [[-4.75982, -6.96167, 22.4695, 6], [0.967354, -8.61661, 6.76891, 5], [-4.91417, 0.492184, 12.0253, 4]], "reflectors": [], "reflector_prisms": [[-12.3882, 7.95117, -6.30558, -6.38815, 10.9512, -2.30558]], "absorber_prisms": [], "line_of_sight": [[215, 215, 0, 0, 0, 500], [31, 31, 0, 0, 0, 501], [110, 110, 0, 0, 0, 501]]}