{"time_step": 1e-05, "number_of_molecules": 500000, "diff_coef": 200, "sim_time": 1.875, "absorbers": [[-0.472751, 0.398434, -16.9888, 2], [-13.3217, 14.7135, -2.45834, 6], [-4.06576, 1.85887, -8.94506, 3], [1.33814, 10.814, 1.50567, 3], [-3.58487, 8.18667, 17.8921, 6], [-3.21729, 0.499517, 15.6652, 2], [12.3814, 5.69956, -3.19606, 2], [15.3333, -0.779349, 7.29952, 2]], "reflectors": [[-8.05274, -5.18914, 5.40613, 4], [1.02767, -5.11545, -9.68381, 2], [-3.05708, -7.9433, -20.2869, 5], [0.667497, 14.3233, -13.9426, 6], [-5.20212, -7.66536, -5.93129, 2]], "reflector_prisms": [], "absorber_prisms": [], "line_of_sight": [[13, 13, 0, 0, 0, 503], [0, 0, 0, 0, 0, 501], [0, 0, 0, 0, 0, 498], [0, 0, 0, 0, 0, 503], [185, 27, 181, 0, 0, 498], [91, 91, 0, 0, 0, 499], [320, 0, 320, 0, 0, 500], [0, 0, 0, 0, 0, 500]]}