{"time_step": 1e-05, "number_of_molecules": 500000, "diff_coef": 150, "sim_time": 4.01111, "absorbers": [[-0.556731, -10.2988, 6.13385, 6], [-10.3532, 20.8602, -9.09203, 6]], "reflectors": [[4.18361, -9.08434, -13.7467, 5], [2.56039, 2.96128, -20.6319, 6]], "reflector_prisms": [], "absorber_prisms": [], "line_of_sight": [[80, 80, 0, 0, 0, 500], [250, 250, 0, 0, 0, 501]]}