{"time_step": 1e-05, "number_of_molecules": 500000, "diff_coef": 50, "sim_time": 10.8, "absorbers": [[-20.0973, 4.51581, 10.2326, 5]], "reflectors": [], "reflector_prisms": [[2.7499, -3.06388, -13.1457, 5.7499, 2.93612, -7.14565], [-9.40849, 4.48184, -5.52864, -4.40849, 8.48184, -3.52864]], "absorber_prisms": [[5.6389, -3.36198, -3.8891, 11.6389, -1.36198, 2.1109], [9.91898, -12.662, -13.6584, 13.919, -8.662, -8.6584]], "line_of_sight": [[0, 0, 0, 0, 0, 503]]}