{
"time_step": 1e-05,
"number_of_molecules": 500000,
"diff_coef": 250,
"sim_time": 1.92667,
"absorbers": [
[2.83109,2.68791,-22.6663,6],
[-4.31027,-15.0125,-14.0374,4],
[-0.329109,12.8054,15.3595,4],
[-4.99807,-5.76767,-2.39862,2]
],
"reflectors": [
],
"reflector_prisms": [
[-11.138,-10.0339,-1.65089,-6.13803,-8.03392,1.34911]
],
"absorber_prisms": [
]
}