{
"time_step": 1e-05,
"number_of_molecules": 500000,
"diff_coef": 250,
"sim_time": 1.5,
"absorbers": [
[0.77454,2.88894,16.7348,3],
[-2.15649,0.519276,-16.8547,2]
],
"reflectors": [
[9.26249,12.4859,9.07245,3]
],
"reflector_prisms": [
[-7.82953,-4.57208,1.14426,-5.82953,-2.57208,3.14426],
[-19.4947,9.80263,1.2705,-15.4947,11.8026,7.2705]
],
"absorber_prisms": [
]
}