{
"time_step": 1e-05,
"number_of_molecules": 500000,
"diff_coef": 100,
"sim_time": 4.26667,
"absorbers": [
[19.8875,-0.290237,2.09828,5],
[10.4538,-6.08428,-13.3304,2]
],
"reflectors": [
[-7.44015,9.33218,-1.24682,5]
],
"reflector_prisms": [
[-10.5075,-4.41812,-8.34745,-6.50754,0.581877,-3.34745]
],
"absorber_prisms": [
]
}