{
"time_step": 1e-05,
"number_of_molecules": 500000,
"diff_coef": 300,
"sim_time": 1.8,
"absorbers": [
[-0.285147,-18.5824,11.7734,4],
[10.6075,-14.0889,-11.401,5],
[2.56138,3.96956,-17.369,6],
[-14.563,-15.7351,-4.93185,4]
],
"reflectors": [
[-4.83597,3.09783,6.92942,4],
[-3.81703,10.1966,17.9572,7],
[0.389186,-13.7594,-5.96058,6]
],
"reflector_prisms": [
],
"absorber_prisms": [
]
}