{"time_step": 1e-05, "number_of_molecules": 500000, "diff_coef": 150, "sim_time": 3.6, "absorbers": [[14.2184, -3.83273, -17.6677, 5]], "reflectors": [[2.54359, -14.3968, -3.35584, 5]], "reflector_prisms": [[-6.35278, -5.7764, -7.03817, -1.35278, -0.776396, -4.03817], [7.5711, -1.62159, -8.75545, 9.5711, 4.37841, -4.75545]], "absorber_prisms": [[-11.0436, 4.07185, 6.754, -8.04358, 7.07185, 8.754], [-13.2114, 5.68015, -2.50254, -11.2114, 7.68015, -0.502544]], "line_of_sight": [[106, 0, 0, 0, 106, 500]]}