{
"time_step": 1e-05,
"number_of_molecules": 500000,
"diff_coef": 250,
"sim_time": 1.70667,
"absorbers": [
[-4.14184,-5.59851,-0.708407,2],
[8.93444,15.6057,8.75435,4]
],
"reflectors": [
],
"reflector_prisms": [
],
"absorber_prisms": [
[-1.81875,-3.81083,-21.9012,3.18125,0.189174,-15.9012],
[2.2827,-0.248075,-7.85631,4.2827,4.75192,-4.85631],
[-12.4855,-18.2249,4.86202,-10.4855,-13.2249,10.862]
]
}