{
"time_step": 1e-05,
"number_of_molecules": 500000,
"diff_coef": 100,
"sim_time": 5.4,
"absorbers": [
[3.49734,-3.29584,-22.4924,5]
],
"reflectors": [
[-7.91424,-12.3081,6.47119,6],
[0.85492,-1.96761,-9.76717,3],
[15.8886,4.98324,3.42351,3],
[6.22493,11.2177,2.10092,3],
[-3.59355,-2.38505,11.1981,5]
],
"reflector_prisms": [
],
"absorber_prisms": [
]
}