{
"time_step": 1e-05,
"number_of_molecules": 500000,
"diff_coef": 300,
"sim_time": 0.938889,
"absorbers": [
[0.995976,0.755987,-17.9565,5]
],
"reflectors": [
[-6.00892,-13.4629,8.46429,4],
[9.12855,-7.84718,14.7,5]
],
"reflector_prisms": [
[-16.8717,9.31814,3.1771,-14.8717,11.3181,6.1771],
[-9.97981,-5.09661,14.2375,-4.97981,0.903388,18.2375],
[0.724352,6.38401,12.0891,2.72435,8.38401,16.0891]
],
"absorber_prisms": [
]
}