{"time_step": 1e-05, "number_of_molecules": 500000, "diff_coef": 250, "sim_time": 0.806667, "absorbers": [[-13.2904, 8.77948, -1.51177, 5], [6.57746, 7.99901, -9.42088, 3]], "reflectors": [[-0.205862, -2.29275, 9.73144, 3], [-1.37845, 15.8311, -1.86447, 2], [-4.67086, 12.2259, 17.6836, 6]], "reflector_prisms": [], "absorber_prisms": [], "line_of_sight": [[0, 0, 0, 0, 0, 502], [0, 0, 0, 0, 0, 503]]}