{"time_step": 1e-05, "number_of_molecules": 500000, "diff_coef": 350, "sim_time": 1.07143, "absorbers": [[4.39204, -6.18001, 4.84948, 4], [8.11951, 8.56371, 14.8908, 4], [-6.46104, -17.3994, -7.45092, 6], [-4.05702, -17.5549, 6.03054, 5], [2.38041, -2.09657, 20.759, 7], [3.53428, -5.02468, -7.8906, 4], [-8.3944, 3.93873, -13.0392, 5]], "reflectors": [], "reflector_prisms": [], "absorber_prisms": [], "line_of_sight": [[99, 99, 0, 0, 0, 497], [0, 0, 0, 0, 0, 496], [0, 0, 0, 0, 0, 500], [0, 0, 0, 0, 0, 500], [109, 109, 0, 0, 0, 501], [0, 0, 0, 0, 0, 498], [285, 285, 0, 0, 0, 498]]}