{"time_step": 1e-05, "number_of_molecules": 500000, "diff_coef": 200, "sim_time": 1.63333, "absorbers": [[5.40679, 17.1394, 1.00304, 4]], "reflectors": [], "reflector_prisms": [[-6.02143, 5.94747, -7.14955, -4.02143, 7.94747, -3.14955]], "absorber_prisms": [[2.87525, 3.66962, -3.16026, 8.87525, 6.66962, -0.160258], [-1.77231, -0.449154, 5.95086, 3.22769, 1.55085, 10.9509], [-0.891723, -3.34491, 5.85232, 5.10828, -1.34491, 8.85232], [-9.78019, 5.00298, 14.3429, -5.78019, 7.00298, 19.3429]], "line_of_sight": [[45, 0, 0, 45, 0, 498]]}