{
"time_step": 1e-05,
"number_of_molecules": 500000,
"diff_coef": 50,
"sim_time": 4.8,
"absorbers": [
[0.683857,0.889879,-15.9606,4]
],
"reflectors": [
],
"reflector_prisms": [
[-6.4617,-2.03439,7.38951,-2.4617,-0.0343934,10.3895],
[-3.02523,-4.35182,-10.8074,2.97477,0.648177,-6.80739],
[-10.4772,12.9579,3.18602,-4.47722,14.9579,9.18602],
[-4.60693,-11.6924,-20.0001,0.393066,-5.69243,-18.0001]
],
"absorber_prisms": [
[-3.57393,1.52017,-16.7028,0.426075,3.52017,-12.7028]
]
}