{
"time_step": 1e-05,
"number_of_molecules": 500000,
"diff_coef": 400,
"sim_time": 0.9375,
"absorbers": [
[-15.6771,5.91608,2.86838,2]
],
"reflectors": [
[-5.8955,-6.7048,-10.7837,2],
[19.3922,7.90611,1.56135,4]
],
"reflector_prisms": [
[5.14251,-17.3611,7.58119,8.14251,-11.3611,9.58119]
],
"absorber_prisms": [
[-7.09029,-15.9563,-0.87601,-4.09029,-12.9563,1.12399],
[-13.1549,5.90601,7.37267,-11.1549,10.906,11.3727]
]
}