{"time_step": 1e-05, "number_of_molecules": 500000, "diff_coef": 400, "sim_time": 1.50417, "absorbers": [[6.29107, -6.42837, -18.9763, 4], [8.56356, -16.9591, 0.233875, 5], [-0.386531, -0.260789, 22.9953, 4], [-8.82505, 14.1033, -6.87139, 5], [-6.44333, -12.9351, -8.95355, 6], [1.21939, 0.991877, 12.9046, 5], [15.0595, -6.55356, 4.38877, 5]], "reflectors": [[-4.23738, -14.8755, 4.09452, 2], [-12.6205, -6.02798, -0.621698, 5]], "reflector_prisms": [], "absorber_prisms": [], "line_of_sight": [[139, 139, 0, 0, 0, 500], [121, 121, 0, 0, 0, 502], [498, 498, 0, 0, 0, 498], [111, 111, 0, 0, 0, 503], [0, 0, 0, 0, 0, 504], [81, 81, 0, 0, 0, 499], [0, 0, 0, 0, 0, 495]]}