{"time_step": 1e-05, "number_of_molecules": 500000, "diff_coef": 50, "sim_time": 10.8, "absorbers": [[1.01371, 11.7328, -2.30503, 7], [7.35725, -2.88012, -4.30996, 4], [-9.18202, -0.0457819, 3.96087, 5], [-4.45385, -1.60879, 15.2832, 4], [-0.964542, 0.766863, -22.967, 5]], "reflectors": [[4.60422, 1.73953, 17.314, 5], [-8.10023, -11.5472, -19.4177, 6]], "reflector_prisms": [], "absorber_prisms": [], "line_of_sight": [[0, 0, 0, 0, 0, 499], [250, 250, 0, 0, 0, 501], [189, 189, 0, 0, 0, 500], [103, 103, 0, 0, 0, 501], [354, 129, 225, 0, 0, 501]]}