{
"time_step": 1e-05,
"number_of_molecules": 500000,
"diff_coef": 150,
"sim_time": 3.6,
"absorbers": [
[18.2309,-2.50017,-7.83468,2],
[-11.3793,13.8119,-1.93485,4]
],
"reflectors": [
[18.5994,-2.03226,3.30627,3],
[0.815458,0.111189,-13.9758,3],
[4.76378,6.78323,7.23147,4]
],
"reflector_prisms": [
],
"absorber_prisms": [
]
}