{
"time_step": 1e-05,
"number_of_molecules": 500000,
"diff_coef": 400,
"sim_time": 1.20417,
"absorbers": [
[-19.0784,6.00035,0.101957,5],
[-4.29699,0.23264,19.5316,3],
[0.268893,-7.4158,16.3992,3],
[-8.83181,-1.46853,4.45449,2],
[-2.78589,-13.0948,-6.76507,4],
[-9.17861,2.39809,10.2957,3],
[5.48133,16.5404,4.51339,4]
],
"reflectors": [
[-8.50596,-16.3946,4.45726,4],
[10.2314,-2.52438,13.3396,4],
[2.23105,9.28414,-2.97105,4],
[16.2371,-5.10178,-5.85891,2],
[-8.29371,-8.52972,-16.0766,6],
[-4.64281,13.9832,2.81306,2]
],
"reflector_prisms": [
],
"absorber_prisms": [
]
}