{
"time_step": 1e-05,
"number_of_molecules": 500000,
"diff_coef": 100,
"sim_time": 5.4,
"absorbers": [
[2.30122,8.42309,-13.4073,6],
[3.0676,-1.24112,22.7607,5],
[-10.8124,-9.87498,3.25227,3],
[8.1753,3.81607,7.91215,4]
],
"reflectors": [
],
"reflector_prisms": [
[-15.6179,-14.5625,-9.96234,-11.6179,-12.5625,-6.96234]
],
"absorber_prisms": [
]
}