{"time_step": 1e-05, "number_of_molecules": 500000, "diff_coef": 150, "sim_time": 4.01111, "absorbers": [[3.18301, 0.904537, 14.6305, 4], [-2.12452, 2.96628, -20.6806, 2], [11.8085, -0.853353, -1.95704, 3]], "reflectors": [[2.9722, 8.51769, 6.29404, 4]], "reflector_prisms": [[1.16272, -4.8485, -19.889, 7.16272, 0.151499, -16.889]], "absorber_prisms": [], "line_of_sight": [[57, 57, 0, 0, 0, 498], [323, 323, 0, 0, 0, 500], [0, 0, 0, 0, 0, 502]]}