{"time_step": 1e-05, "number_of_molecules": 500000, "diff_coef": 150, "sim_time": 2.5, "absorbers": [[-10.0956, 0.065902, -18.414, 6], [-5.21885, -12.5141, 3.48736, 5], [3.91764, 3.4165, -12.9992, 5], [-1.5415, -1.45426, 17.8748, 3], [6.57615, -2.09379, 12.1807, 6], [-4.66232, 3.66194, 15.9328, 3], [9.55178, 11.0442, -3.43363, 6]], "reflectors": [[-3.28582, 13.7892, -15.4939, 3], [5.50311, 12.2729, 18.6572, 5], [-8.33789, 5.50657, -0.396543, 2], [16.7724, 12.0708, 3.73896, 3]], "reflector_prisms": [], "absorber_prisms": [], "line_of_sight": [[500, 500, 0, 0, 0, 500], [235, 235, 0, 0, 0, 500], [151, 154, 0, 0, 0, 501], [403, 413, 0, 0, 0, 501], [112, 118, 0, 0, 0, 500], [105, 105, 0, 0, 0, 500], [222, 187, 35, 0, 0, 495]]}