{"time_step": 1e-05, "number_of_molecules": 500000, "diff_coef": 250, "sim_time": 2.40667, "absorbers": [[-12.6609, -1.08727, -14.1251, 6], [-7.70307, 15.701, -13.3469, 4], [-0.242956, -0.892698, -23.9822, 5], [2.85103, -21.8281, 6.66364, 5], [0.681912, 0.000268494, 14.9845, 3], [11.5186, 4.41891, 16.994, 2], [3.75899, 5.88914, 0.433632, 2], [-5.59077, 9.43265, 6.98344, 5]], "reflectors": [[4.52238, 3.37987, -8.25376, 2], [0.0884927, 0.197694, -6.99665, 2], [-2.39198, -14.1397, -13.9408, 3], [7.84311, 14.4894, -9.46267, 6], [7.32716, -0.335581, -10.7331, 3], [-5.22028, 7.80638, -16.5169, 3]], "reflector_prisms": [], "absorber_prisms": [], "line_of_sight": [[20, 20, 0, 0, 0, 499], [0, 0, 0, 0, 0, 504], [502, 299, 502, 0, 0, 502], [0, 0, 0, 0, 0, 498], [499, 348, 499, 0, 0, 499], [501, 501, 0, 0, 0, 501], [26, 0, 26, 0, 0, 501], [0, 0, 0, 0, 0, 495]]}