{"time_step": 1e-05, "number_of_molecules": 500000, "diff_coef": 100, "sim_time": 5.4, "absorbers": [[-1.93622, 3.76882, -10.1512, 3], [21.0846, -3.5252, 10.9092, 6], [3.39129, -4.05474, -12.9637, 3]], "reflectors": [[-0.602301, -10.7636, -5.27091, 5]], "reflector_prisms": [[14.4542, -0.646976, -6.27869, 17.4542, 4.35302, -1.27869]], "absorber_prisms": [], "line_of_sight": [[0, 0, 0, 0, 0, 497], [0, 0, 0, 0, 0, 498], [0, 0, 0, 0, 0, 500]]}