{
"time_step": 1e-05,
"number_of_molecules": 500000,
"diff_coef": 200,
"sim_time": 2.13333,
"absorbers": [
[-16.0022,-0.0318081,-13.5989,5]
],
"reflectors": [
[-3.9133,-0.266973,12.3941,5],
[-5.61723,14.8048,-16.6813,5]
],
"reflector_prisms": [
],
"absorber_prisms": [
[2.95931,-12.3686,7.11728,8.95931,-9.36864,13.1173],
[3.42066,10.8878,-0.614392,6.42066,14.8878,5.38561],
[4.3455,3.67312,-12.7278,9.3455,9.67312,-7.72784]
]
}