{
"time_step": 1e-05,
"number_of_molecules": 500000,
"diff_coef": 100,
"sim_time": 4.26667,
"absorbers": [
[15.0916,-9.65392,1.74546,5],
[-13.3352,1.40803,6.72226,6],
[-1.62813,-1.66103,17.8491,2]
],
"reflectors": [
[7.32849,-11.59,-2.82219,3],
[-0.555246,0.308425,-19.9899,5],
[-9.75736,-7.90907,-3.35271,4],
[14.535,3.1326,1.98015,2]
],
"reflector_prisms": [
],
"absorber_prisms": [
]
}