{
"time_step": 1e-05,
"number_of_molecules": 500000,
"diff_coef": 50,
"sim_time": 10.8,
"absorbers": [
[7.28739,4.51002,9.77516,7],
[-8.07625,-18.2192,-9.31861,6],
[3.25592,-0.210253,-9.45277,4],
[8.72624,-7.33767,-17.6355,4],
[-12.9443,-8.74828,-15.4891,4]
],
"reflectors": [
[-6.10704,22.8349,-4.15594,6],
[-10.1603,10.9075,1.67121,4],
[11.6088,-7.2908,2.84269,7],
[10.7201,18.0133,-1.26514,6]
],
"reflector_prisms": [
],
"absorber_prisms": [
]
}