{
"time_step": 1e-05,
"number_of_molecules": 500000,
"diff_coef": 400,
"sim_time": 1.50417,
"absorbers": [
[-24.6624,1.99926,-3.57312,7],
[23.6712,4.9867,9.52917,7],
[3.73802,-4.19406,-19.1947,4],
[-7.70788,3.66062,-18.0884,4],
[-7.80545,-1.14447,11.5657,6]
],
"reflectors": [
[-7.00571,-11.9421,11.5024,4],
[6.29356,7.30239,-8.72159,7],
[8.64057,-4.32417,21.9691,6],
[-14.5982,-7.97703,-12.8164,4]
],
"reflector_prisms": [
],
"absorber_prisms": [
]
}