{
"time_step": 1e-05,
"number_of_molecules": 500000,
"diff_coef": 100,
"sim_time": 6.01667,
"absorbers": [
[12.8702,18.6968,-12.6802,7],
[3.09196,4.21711,-23.4234,5],
[4.37372,-6.01883,11.8594,5],
[-10.3074,-5.82738,17.3436,7],
[0.493517,-5.98857,-15.9026,6]
],
"reflectors": [
[-10.0544,1.84623,6.28492,5],
[-6.48457,-4.92087,-5.80821,4]
],
"reflector_prisms": [
],
"absorber_prisms": [
]
}