{"time_step": 1e-05, "number_of_molecules": 500000, "diff_coef": 100, "sim_time": 3.75, "absorbers": [[-8.84404, 1.64358, -15.5911, 3]], "reflectors": [[5.17602, -5.11366, 8.24981, 4]], "reflector_prisms": [], "absorber_prisms": [[-17.799, -7.4407, -7.04157, -12.799, -5.4407, -4.04157], [-15.4319, -3.45974, -7.98811, -10.4319, 1.54026, -4.98811]], "line_of_sight": [[195, 0, 195, 0, 0, 501]]}