{
"time_step": 1e-05,
"number_of_molecules": 500000,
"diff_coef": 100,
"sim_time": 6.01667,
"absorbers": [
[-17.4176,9.37081,-7.05791,2]
],
"reflectors": [
],
"reflector_prisms": [
[-17.5042,6.36877,-5.58788,-11.5042,9.36877,-2.58788],
[-2.60527,-8.29321,-12.5792,0.394727,-2.29321,-6.57916],
[-5.13886,-3.81835,3.08973,-2.13886,-1.81835,6.08973]
],
"absorber_prisms": [
[-5.00534,-12.1293,11.6196,0.994664,-7.12931,13.6196]
]
}