{"time_step": 1e-05, "number_of_molecules": 500000, "diff_coef": 350, "sim_time": 0.47619, "absorbers": [[0.345942, 2.81184, -13.7104, 4]], "reflectors": [[9.7682, -3.6166, -10.7936, 5], [-4.9674, -11.8186, 9.57319, 3]], "reflector_prisms": [[-19.8719, -9.07852, 2.67855, -16.8719, -7.07852, 5.67855], [-8.31442, -4.12592, -20.5259, -2.31442, -2.12592, -17.5259], [6.90729, 2.29713, -12.698, 9.90729, 4.29713, -8.69796]], "absorber_prisms": [], "line_of_sight": [[0, 0, 0, 0, 0, 497]]}