{"time_step": 1e-05, "number_of_molecules": 500000, "diff_coef": 350, "sim_time": 1.37619, "absorbers": [[4.90958, 6.98155, -14.7022, 7], [9.26865, 5.32991, 11.9031, 7], [6.08585, -19.2751, -5.69514, 4]], "reflectors": [[-9.02552, 4.98695, 3.83017, 6], [20.2225, -5.27584, -6.87131, 7]], "reflector_prisms": [], "absorber_prisms": [], "line_of_sight": [[0, 0, 0, 0, 0, 502], [0, 0, 0, 0, 0, 500], [62, 0, 62, 0, 0, 501]]}