{"time_step": 1e-05, "number_of_molecules": 500000, "diff_coef": 350, "sim_time": 0.685714, "absorbers": [[13.5164, -5.84593, -8.49298, 5]], "reflectors": [[10.6842, 11.3737, -3.53366, 5], [5.51058, -3.23493, 15.7534, 2], [2.13655, -23.1342, 6.02029, 6], [-8.12594, 12.4158, 8.29559, 2]], "reflector_prisms": [], "absorber_prisms": [], "line_of_sight": [[0, 0, 0, 0, 0, 504]]}