{"time_step": 1e-05, "number_of_molecules": 500000, "diff_coef": 400, "sim_time": 1.20417, "absorbers": [[18.7995, -5.49836, 10.0172, 5]], "reflectors": [[6.27924, -10.5883, 18.2335, 6]], "reflector_prisms": [[6.15992, -2.60298, -8.53457, 8.15992, -0.602983, -3.53457]], "absorber_prisms": [[-2.08613, -8.40277, -15.4054, 3.91387, -5.40277, -13.4054], [-5.60642, -0.197258, -10.7949, -0.606421, 3.80274, -6.7949], [-0.386859, -2.45501, -10.8725, 2.61314, 0.544986, -5.87251]], "line_of_sight": [[0, 0, 0, 0, 0, 502]]}