{"time_step": 1e-05, "number_of_molecules": 500000, "diff_coef": 200, "sim_time": 1.63333, "absorbers": [[-16.5706, -0.787891, 3.71407, 3]], "reflectors": [[21.3952, -8.21402, 1.94348, 4]], "reflector_prisms": [[-19.5322, -6.13905, -13.651, -13.5322, -1.13905, -7.65096], [16.8864, 8.24119, -1.03078, 20.8864, 14.2412, 2.96922]], "absorber_prisms": [], "line_of_sight": [[0, 0, 0, 0, 0, 500]]}