{
"time_step": 1e-05,
"number_of_molecules": 500000,
"diff_coef": 50,
"sim_time": 8.53333,
"absorbers": [
[-14.4683,-14.7192,3.87493,5],
[-10.8377,2.21589,14.1998,7],
[-2.5022,-10.5786,7.12967,5],
[-9.76813,9.35781,-3.60763,4]
],
"reflectors": [
[-1.1127,9.0637,7.78532,6]
],
"reflector_prisms": [
],
"absorber_prisms": [
]
}