{"time_step": 1e-05, "number_of_molecules": 500000, "diff_coef": 250, "sim_time": 0.96, "absorbers": [[6.97868, -10.1551, 6.6462, 2]], "reflectors": [[0.0508412, -0.541487, 16.9913, 4]], "reflector_prisms": [], "absorber_prisms": [[-11.5403, 2.27803, -15.2188, -5.54029, 8.27803, -12.2188], [-6.62342, 11.0468, -1.69568, -3.62342, 16.0468, 0.304317], [-3.27612, 6.72438, 10.3553, 2.72388, 8.72438, 15.3553], [-3.83215, -6.06033, -13.3746, 2.16785, -1.06033, -7.37456]], "line_of_sight": [[0, 0, 0, 0, 0, 504]]}