{
"time_step": 1e-05,
"number_of_molecules": 500000,
"diff_coef": 50,
"sim_time": 5.63333,
"absorbers": [
[-4.86502,4.10803,16.8361,5]
],
"reflectors": [
],
"reflector_prisms": [
],
"absorber_prisms": [
[-9.58015,-10.687,18.5349,-3.58015,-4.687,20.5349]
]
}