{
"time_step": 1e-05,
"number_of_molecules": 500000,
"diff_coef": 400,
"sim_time": 0.6,
"absorbers": [
[-18.9817,0.0747938,0.829465,7],
[8.52548,-4.51791,-2.6277,4],
[2.6676,5.33032,-16.9845,7],
[-7.6388,-5.14079,-13.0851,6]
],
"reflectors": [
[-8.28774,-5.97227,9.57316,7],
[-2.69127,-11.5353,-22.0158,6],
[-0.937704,-15.4584,11.0072,5]
],
"reflector_prisms": [
],
"absorber_prisms": [
]
}