{"time_step": 1e-05, "number_of_molecules": 500000, "diff_coef": 100, "sim_time": 4.26667, "absorbers": [[-6.86185, 4.45188, 11.362, 5], [6.1994, -3.91279, 18.608, 4], [10.492, -4.08538, 4.15068, 5]], "reflectors": [], "reflector_prisms": [], "absorber_prisms": [[10.3994, 16.0266, -1.3498, 14.3994, 19.0266, 3.6502]], "line_of_sight": [[0, 0, 0, 0, 0, 504], [0, 0, 0, 0, 0, 503], [0, 0, 0, 0, 0, 502]]}