{"time_step": 1e-05, "number_of_molecules": 500000, "diff_coef": 200, "sim_time": 1.63333, "absorbers": [[2.87244, -1.21638, -13.6481, 4], [-9.92639, -0.971293, 9.82463, 5], [9.99359, -3.96097, 13.1696, 4], [-3.48419, 7.13833, 18.355, 6], [4.39837, 3.72456, 6.91246, 4], [10.371, -1.5, -3.34555, 6]], "reflectors": [], "reflector_prisms": [], "absorber_prisms": [], "line_of_sight": [[251, 251, 0, 0, 0, 501], [281, 281, 0, 0, 0, 499], [40, 40, 0, 0, 0, 501], [245, 245, 0, 0, 0, 499], [58, 58, 0, 0, 0, 498], [112, 112, 0, 0, 0, 496]]}