{
"time_step": 1e-05,
"number_of_molecules": 500000,
"diff_coef": 350,
"sim_time": 1.37619,
"absorbers": [
[-8.69831,7.80669,2.71938,7],
[8.19789,5.0258,11.5124,7],
[-0.905555,-0.0853287,19.9793,5],
[-9.30288,-3.60735,9.82056,5],
[-6.66663,-11.8521,-3.32919,7],
[10.4044,-13.1543,-12.6378,4]
],
"reflectors": [
[-9.95126,-1.87766,-23.9467,7],
[1.68342,-9.03553,-21.0838,6],
[-6.34757,-15.8095,-16.9047,5],
[-0.823701,-14.6237,17.7333,6],
[1.3133,4.53969,-20.4613,6],
[10.7147,-6.96251,-2.39159,7]
],
"reflector_prisms": [
],
"absorber_prisms": [
]
}