{
"time_step": 1e-05,
"number_of_molecules": 500000,
"diff_coef": 50,
"sim_time": 9.63333,
"absorbers": [
[-8.32211,-17.044,11.1465,5]
],
"reflectors": [
[-2.596,-2.49189,-21.7037,3],
[0.62592,2.37274,15.8107,5],
[-5.89743,6.74054,-4.44809,2]
],
"reflector_prisms": [
],
"absorber_prisms": [
[12.1031,-6.23201,-6.0927,14.1031,-4.23201,-4.0927]
]
}