{
"time_step": 1e-05,
"number_of_molecules": 500000,
"diff_coef": 350,
"sim_time": 0.933333,
"absorbers": [
[1.89551,10.1612,-14.7362,4],
[2.59879,-9.55963,-11.2632,5]
],
"reflectors": [
],
"reflector_prisms": [
[1.56234,16.8114,-12.009,6.56234,19.8114,-9.00899],
[-3.57804,-3.82836,-11.7316,0.421956,0.171639,-9.73158]
],
"absorber_prisms": [
[-12.4757,-17.9044,-6.27317,-6.47572,-13.9044,-2.27317]
]
}