{"time_step": 1e-05, "number_of_molecules": 500000, "diff_coef": 350, "sim_time": 1.71905, "absorbers": [[-0.963242, 1.55765, -12.8703, 6], [19.7527, 0.714558, -3.05293, 2], [1.00747, -12.3133, 15.7279, 6], [3.92489, 18.2026, 15.1414, 5], [12.8483, 7.25085, -6.1924, 6], [-10.8225, 7.16787, -13.8743, 3], [2.50291, 2.32145, 10.4569, 5], [0.734398, 8.32815, 15.9406, 2]], "reflectors": [[-3.21203, -7.36508, -22.615, 5]], "reflector_prisms": [], "absorber_prisms": [], "line_of_sight": [[308, 308, 72, 0, 0, 501], [0, 0, 0, 0, 0, 500], [172, 172, 0, 0, 0, 495], [47, 47, 0, 0, 0, 497], [0, 0, 0, 0, 0, 499], [26, 26, 0, 0, 0, 501], [249, 243, 19, 0, 0, 500], [499, 499, 253, 0, 0, 499]]}