{"time_step": 1e-05, "number_of_molecules": 500000, "diff_coef": 250, "sim_time": 1.5, "absorbers": [[4.31505, 0.156131, 16.4425, 2], [2.87683, -5.01476, -8.15941, 3]], "reflectors": [[3.3224, 13.5861, -11.3305, 3]], "reflector_prisms": [], "absorber_prisms": [[-6.15171, -12.582, -3.63363, -1.15171, -8.58201, -1.63363], [-2.16576, 11.7641, -7.49186, -0.16576, 16.7641, -1.49186], [1.4167, -9.89203, 15.4068, 6.4167, -7.89203, 18.4068]], "line_of_sight": [[0, 0, 0, 0, 0, 500], [0, 0, 0, 0, 0, 499]]}