{"time_step": 1e-05, "number_of_molecules": 500000, "diff_coef": 300, "sim_time": 1.25, "absorbers": [[1.56568, 0.302762, 14.915, 6], [-1.72388, -9.00842, -16.6396, 4]], "reflectors": [], "reflector_prisms": [[-11.6444, -5.55603, -17.0295, -9.64436, 0.443971, -14.0295]], "absorber_prisms": [[12.3295, -3.76615, -3.27494, 15.3295, 0.233851, 0.72506]], "line_of_sight": [[66, 66, 0, 0, 0, 500], [160, 160, 0, 0, 0, 501]]}