{
"time_step": 1e-05,
"number_of_molecules": 500000,
"diff_coef": 400,
"sim_time": 0.416667,
"absorbers": [
[7.26976,5.01455,12.1246,5]
],
"reflectors": [
[-6.60144,10.6355,15.5983,2],
[1.40645,16.6425,3.1701,6]
],
"reflector_prisms": [
[-14.8285,4.75055,-12.6772,-10.8285,10.7505,-10.6772],
[12.9022,-10.8035,-7.54782,15.9022,-4.80348,-1.54782]
],
"absorber_prisms": [
[-1.36956,4.31817,10.2498,4.63044,6.31817,13.2498]
]
}