{"time_step": 1e-05, "number_of_molecules": 500000, "diff_coef": 200, "sim_time": 0.833333, "absorbers": [[7.48989, -0.178326, -9.37389, 2]], "reflectors": [], "reflector_prisms": [[-1.4693, 8.50241, 6.96322, 2.5307, 14.5024, 8.96322], [-0.890682, 3.74307, -16.0184, 1.10932, 6.74307, -11.0184]], "absorber_prisms": [[-2.10788, 5.75615, -0.238624, -0.107884, 11.7561, 3.76138], [-0.535258, -3.99056, -11.6898, 3.46474, 0.0094358, -7.6898], [-1.61861, 3.59028, 13.9341, 2.38139, 8.59028, 19.9341]], "line_of_sight": [[0, 0, 0, 0, 0, 501]]}