{
"time_step": 1e-05,
"number_of_molecules": 500000,
"diff_coef": 250,
"sim_time": 1.70667,
"absorbers": [
[-3.73841,7.58167,-18.1257,4],
[-2.25013,-12.7503,-1.16944,3]
],
"reflectors": [
],
"reflector_prisms": [
[5.9352,-0.916442,5.21728,11.9352,4.08356,7.21728]
],
"absorber_prisms": [
[1.35696,-13.9428,10.4036,5.35696,-8.94284,12.4036],
[-7.99244,5.76669,-12.4638,-2.99244,8.76669,-7.46385]
]
}