{
"time_step": 1e-05,
"number_of_molecules": 500000,
"diff_coef": 400,
"sim_time": 0.416667,
"absorbers": [
[-13.5301,3.41388,-1.13158,4]
],
"reflectors": [
[-3.00312,-2.86873,9.0968,3],
[-5.58298,10.7617,8.83266,4]
],
"reflector_prisms": [
[3.06914,-8.51945,0.449217,6.06914,-5.51945,2.44922],
[-13.9903,-9.22753,-0.281292,-7.99029,-4.22753,3.71871]
],
"absorber_prisms": [
]
}