{"time_step": 1e-05, "number_of_molecules": 500000, "diff_coef": 350, "sim_time": 0.685714, "absorbers": [[4.03377, -7.90629, -1.48973, 3], [11.0883, -11.4856, 1.0627, 4]], "reflectors": [[-9.24979, -3.20905, 5.01432, 4]], "reflector_prisms": [], "absorber_prisms": [[-4.02533, -2.84634, 15.9655, 1.97467, 2.15366, 17.9655], [-4.01602, 1.00697, 5.06567, 0.983978, 3.00697, 9.06567], [-4.42751, -1.44378, -19.8269, -0.427515, 2.55622, -15.8269]], "line_of_sight": [[108, 108, 0, 0, 0, 500], [174, 174, 0, 0, 0, 500]]}