{"time_step": 1e-05, "number_of_molecules": 500000, "diff_coef": 200, "sim_time": 0.833333, "absorbers": [[9.47282, 5.24598, 10.38, 5]], "reflectors": [[8.13881, 5.35943, -2.24415, 2], [-2.68762, 0.0841086, 16.786, 3], [2.82423, -0.448531, -13.7048, 5]], "reflector_prisms": [], "absorber_prisms": [], "line_of_sight": [[0, 0, 0, 0, 0, 503]]}