{"time_step": 1e-05, "number_of_molecules": 500000, "diff_coef": 400, "sim_time": 0.3375, "absorbers": [[-4.40477, -9.58521, 10.664, 6]], "reflectors": [[21.7436, -11.3565, 4.82137, 6], [3.12333, -12.2682, -9.78443, 5], [3.31696, 3.44315, -15.269, 5]], "reflector_prisms": [[-10.6452, -15.0013, 11.157, -4.64523, -13.0013, 16.157], [2.53281, -5.82535, 7.87482, 7.53281, -3.82535, 12.8748]], "absorber_prisms": [], "line_of_sight": [[107, 0, 107, 0, 0, 502]]}