{
"time_step": 1e-05,
"number_of_molecules": 500000,
"diff_coef": 100,
"sim_time": 2.01667,
"absorbers": [
[4.1887,15.4407,0.202453,5]
],
"reflectors": [
],
"reflector_prisms": [
[-7.79425,-9.72847,-7.79477,-2.79425,-7.72847,-2.79477],
[3.14927,7.97727,3.18878,7.14927,13.9773,6.18878],
[-0.659303,-10.3125,3.1063,5.3407,-7.31246,5.1063]
],
"absorber_prisms": [
[-8.10787,-14.9742,-13.9574,-5.10787,-9.97424,-9.9574],
[1.85545,-6.1716,13.6077,7.85545,-3.1716,17.6077]
]
}