{"time_step": 1e-05, "number_of_molecules": 500000, "diff_coef": 150, "sim_time": 4.01111, "absorbers": [[-9.80533, 0.757373, -6.87618, 5], [-6.86818, -9.23982, -22.1913, 6], [19.8802, -9.10069, 2.4399, 3], [7.26001, 7.51894, -9.31439, 2], [-0.35879, 0.167764, 12.994, 6], [-2.6035, 12.5864, 5.55025, 2], [17.8401, 3.17404, 8.46495, 5], [8.78861, -12.1013, 1.14881, 4]], "reflectors": [[14.0103, 11.489, -10.6166, 5], [-0.702933, 13.6508, -3.02703, 5], [-6.21443, 2.12214, 24.1221, 6]], "reflector_prisms": [], "absorber_prisms": [], "line_of_sight": [[114, 114, 0, 0, 0, 499], [211, 211, 0, 0, 0, 499], [0, 0, 0, 0, 0, 501], [242, 0, 242, 0, 0, 498], [135, 79, 56, 0, 0, 500], [0, 0, 0, 0, 0, 500], [343, 343, 0, 0, 0, 496], [49, 0, 49, 0, 0, 500]]}