{
"time_step": 1e-05,
"number_of_molecules": 500000,
"diff_coef": 250,
"sim_time": 2.16,
"absorbers": [
[-3.9026,12.1613,9.63709,3],
[-0.170755,-12.4009,-19.3698,5]
],
"reflectors": [
],
"reflector_prisms": [
[-5.93933,3.89912,-12.4891,-1.93933,8.89912,-7.48914]
],
"absorber_prisms": [
[-17.8304,9.90482,-7.02114,-13.8304,11.9048,-4.02114]
]
}