{"time_step": 1e-05, "number_of_molecules": 500000, "diff_coef": 250, "sim_time": 1.30667, "absorbers": [[-18.7255, 0.327763, 7.01777, 6], [-14.4189, 8.86382, 1.58999, 4]], "reflectors": [], "reflector_prisms": [[14.1534, -9.42632, 4.76284, 16.1534, -5.42632, 7.76284]], "absorber_prisms": [[0.133363, 4.36696, -14.2532, 4.13336, 6.36696, -11.2532]], "line_of_sight": [[0, 0, 0, 0, 0, 500], [0, 0, 0, 0, 0, 499]]}