{"time_step": 1e-05, "number_of_molecules": 500000, "diff_coef": 300, "sim_time": 0.672222, "absorbers": [[7.51876, -7.48313, 7.51472, 2]], "reflectors": [], "reflector_prisms": [[-7.38149, 2.83983, 14.9705, -1.38149, 4.83983, 16.9705]], "absorber_prisms": [], "line_of_sight": [[0, 0, 0, 0, 0, 499]]}