{
"time_step": 1e-05,
"number_of_molecules": 500000,
"diff_coef": 100,
"sim_time": 5.4,
"absorbers": [
[8.84507,13.2368,-1.59785,3],
[6.0727,6.8338,7.77313,2],
[-3.78938,-7.97461,1.74534,2],
[0.447759,11.0805,4.58498,2],
[-0.659369,0.101306,19.9889,2],
[1.77894,7.3214,15.2392,4],
[-8.52808,3.48821,10.5406,3],
[-0.157894,-0.940241,9.95445,4]
],
"reflectors": [
[1.54538,7.80305,-0.850964,3],
[-5.54624,5.84026,-16.0975,2],
[18.6061,9.73122,0.342351,2],
[-3.80849,-1.64783,-15.4525,3],
[13.8669,1.92475,-0.075782,6]
],
"reflector_prisms": [
],
"absorber_prisms": [
]
}