{
"time_step": 1e-05,
"number_of_molecules": 500000,
"diff_coef": 300,
"sim_time": 0.555556,
"absorbers": [
[-0.301606,8.28005,10.0175,3]
],
"reflectors": [
],
"reflector_prisms": [
],
"absorber_prisms": [
[-15.0336,-7.7139,-17.2634,-9.03361,-1.7139,-13.2634],
[-8.34341,-5.74834,-14.8918,-3.34341,-3.74834,-9.89184],
[6.13122,-12.3082,-15.3195,12.1312,-6.30823,-12.3195],
[-4.3955,-0.640833,5.4055,0.604499,5.35917,9.4055],
[-2.26271,11.6043,3.53045,1.73729,17.6043,9.53045]
]
}