{"time_step": 1e-05, "number_of_molecules": 500000, "diff_coef": 400, "sim_time": 0.9375, "absorbers": [[-3.94138, -18.5737, -0.694389, 4]], "reflectors": [[6.33692, -5.97452, 2.26905, 2], [-16.4855, 1.43907, 14.4968, 5], [-0.355681, 9.99094, 0.233659, 5], [14.4549, 3.07028, -8.40418, 5]], "reflector_prisms": [[6.18644, 3.38973, 1.55953, 9.18644, 8.38973, 6.55953]], "absorber_prisms": [], "line_of_sight": [[499, 0, 499, 0, 0, 499]]}