{
"time_step": 1e-05,
"number_of_molecules": 500000,
"diff_coef": 50,
"sim_time": 12.0333,
"absorbers": [
[3.85104,-1.12909,-15.4885,6],
[2.37927,-11.5095,7.60722,5],
[-21.6046,-7.18097,-10.3284,6],
[2.7039,-1.05016,17.7647,6],
[-7.36583,11.9584,18.2138,4],
[-10.2833,9.04743,2.89805,3],
[17.6969,-9.36007,6.3411,5],
[-3.49732,-6.9568,1.83622,3]
],
"reflectors": [
[4.40851,8.69617,-2.22299,3],
[10.6968,-13.8169,4.32107,3],
[9.85373,14.4061,7.5079,3],
[-8.77802,-1.06799,16.8168,3],
[-5.41641,-8.9402,-7.72886,2],
[2.71321,16.4858,-14.3128,6],
[-8.62688,2.56778,10.723,4]
],
"reflector_prisms": [
],
"absorber_prisms": [
]
}