{"time_step": 1e-05, "number_of_molecules": 500000, "diff_coef": 300, "sim_time": 0.138889, "absorbers": [[-4.848, 1.01206, 9.82205, 6]], "reflectors": [], "reflector_prisms": [[15.375, -9.06067, -5.45066, 17.375, -5.06067, 0.549339]], "absorber_prisms": [[-5.28444, -8.36192, 4.91636, -3.28444, -4.36192, 7.91636]], "line_of_sight": [[7, 0, 0, 7, 0, 499]]}