{
"time_step": 1e-05,
"number_of_molecules": 500000,
"diff_coef": 50,
"sim_time": 5.63333,
"absorbers": [
[7.88094,5.47763,10.1925,7],
[-8.62055,-2.48952,-0.698871,4],
[9.34903,-13.8058,-3.31598,4]
],
"reflectors": [
],
"reflector_prisms": [
],
"absorber_prisms": [
]
}