{
"time_step": 1e-05,
"number_of_molecules": 500000,
"diff_coef": 150,
"sim_time": 4.01111,
"absorbers": [
[12.0503,7.93098,-15.2607,6],
[-7.19715,0.349069,-15.3974,4],
[3.65672,4.72435,6.73119,4],
[-14.6037,-8.68324,-0.576476,6],
[-3.99224,-11.7327,-8.45021,3],
[-0.169584,-2.28735,13.8108,3],
[2.77836,1.87122,21.7435,3],
[2.98182,7.52175,-7.45198,2]
],
"reflectors": [
[8.64033,10.8279,11.4935,3],
[1.31848,-20.7064,3.24163,2],
[1.42879,-0.173827,-10.9054,2],
[-6.38482,18.786,9.50363,3],
[4.51713,-5.84138,-15.3125,5]
],
"reflector_prisms": [
],
"absorber_prisms": [
]
}