{"time_step": 1e-05, "number_of_molecules": 500000, "diff_coef": 300, "sim_time": 1.08889, "absorbers": [[-9.91763, 13.8969, 5.70238, 4]], "reflectors": [], "reflector_prisms": [[-1.57264, 0.136197, 14.7967, 0.427358, 5.1362, 20.7967]], "absorber_prisms": [[2.79601, -7.08432, 5.32292, 6.79601, -5.08432, 7.32292]], "line_of_sight": [[0, 0, 0, 0, 0, 499]]}