{"time_step": 1e-05, "number_of_molecules": 500000, "diff_coef": 50, "sim_time": 12.0333, "absorbers": [[5.88384, 0.388601, 9.28598, 6], [18.4421, 2.78199, -7.22149, 4], [-3.37667, 2.38552, -11.2653, 4], [6.58233, 10.7703, -20.4126, 5], [-17.2836, 12.2465, 5.94146, 5], [4.87679, -10.5081, 3.13009, 4], [-15.4668, -8.9252, 2.26284, 5]], "reflectors": [[14.1964, -1.9082, 15.3564, 4], [-3.80185, -9.1695, -4.73985, 3], [-0.849218, 9.03168, -6.22154, 4]], "reflector_prisms": [], "absorber_prisms": [], "line_of_sight": [[119, 112, 8, 0, 0, 499], [58, 58, 0, 0, 0, 499], [350, 350, 44, 0, 0, 500], [0, 0, 0, 0, 0, 498], [0, 0, 0, 0, 0, 497], [148, 0, 148, 0, 0, 499], [40, 40, 0, 0, 0, 501]]}