{"time_step": 1e-05, "number_of_molecules": 500000, "diff_coef": 200, "sim_time": 2.13333, "absorbers": [[9.07406, -1.45659, 17.7634, 4]], "reflectors": [], "reflector_prisms": [[7.5089, -11.6777, 5.95005, 10.5089, -8.67774, 8.95005], [2.17234, 4.09424, 0.641886, 6.17234, 10.0942, 6.64189], [-4.94141, -2.48615, -11.8151, 1.05859, 3.51385, -9.81512]], "absorber_prisms": [], "line_of_sight": [[0, 0, 0, 0, 0, 502]]}