{
"time_step": 1e-05,
"number_of_molecules": 500000,
"diff_coef": 350,
"sim_time": 1.54286,
"absorbers": [
[-6.21163,-5.5606,19.2742,7],
[7.96336,-14.4368,-14.5659,6],
[-4.1695,-0.861735,-9.04835,4],
[6.15074,1.98627,10.1105,7],
[5.86034,18.1248,12.8899,5]
],
"reflectors": [
],
"reflector_prisms": [
],
"absorber_prisms": [
]
}