{"time_step": 1e-05, "number_of_molecules": 500000, "diff_coef": 250, "sim_time": 0.806667, "absorbers": [[-0.604185, 5.60974, 12.8127, 3]], "reflectors": [[-2.59554, -4.68569, 18.2293, 4], [-9.90259, -1.5448, 11.1603, 3]], "reflector_prisms": [[-17.8615, -6.23295, -6.60445, -11.8615, -1.23295, -2.60445], [-3.02377, -0.413592, -15.3315, 2.97623, 4.58641, -10.3315]], "absorber_prisms": [[-12.7911, -11.7825, 2.29593, -6.79114, -5.78252, 7.29593]], "line_of_sight": [[0, 0, 0, 0, 0, 502]]}