{
"time_step": 1e-05,
"number_of_molecules": 500000,
"diff_coef": 400,
"sim_time": 1.50417,
"absorbers": [
[5.82428,-9.83918,21.1014,7],
[-4.4927,3.98817,6.7015,4],
[-3.48848,-2.92193,-7.76484,4],
[8.02003,-11.2941,5.75527,4],
[-1.95391,-5.88165,9.08781,5],
[-17.1893,-6.64397,-15.3749,5]
],
"reflectors": [
[1.54653,0.107919,-15.9247,6]
],
"reflector_prisms": [
],
"absorber_prisms": [
]
}