{
"time_step": 1e-05,
"number_of_molecules": 500000,
"diff_coef": 300,
"sim_time": 1.8,
"absorbers": [
[4.02176,-3.75912,-11.7769,2],
[2.34205,-1.99236,8.45845,2],
[3.5612,18.5129,-9.25152,4],
[-1.35857,0.817455,-23.9476,6],
[-3.74254,-2.18215,18.4995,3],
[8.6898,-10.3252,13.3745,3],
[-3.3683,19.6635,1.41446,3],
[-9.88207,5.37863,-14.0504,6]
],
"reflectors": [
[-6.50445,17.114,10.286,6],
[1.90994,6.59642,-8.59298,6],
[-3.09061,0.0675962,9.51018,3],
[9.69507,-4.85246,1.8599,6],
[8.50506,-15.2737,4.28702,2],
[4.54771,3.19288,7.07982,3],
[19.2902,1.00509,12.4851,6]
],
"reflector_prisms": [
],
"absorber_prisms": [
]
}