{
"time_step": 1e-05,
"number_of_molecules": 500000,
"diff_coef": 350,
"sim_time": 0.57619,
"absorbers": [
[-0.755534,1.1536,13.9319,5],
[-14.1149,0.917581,4.9927,4]
],
"reflectors": [
[-7.66761,-17.6179,-8.47445,3]
],
"reflector_prisms": [
[5.27348,5.58391,-10.2838,8.27348,8.58391,-8.28376],
[-1.51297,-10.9056,6.08466,3.48703,-4.90562,9.08466]
],
"absorber_prisms": [
]
}