{
"time_step": 1e-05,
"number_of_molecules": 500000,
"diff_coef": 100,
"sim_time": 6.01667,
"absorbers": [
[4.23503,5.34985,18.8001,4],
[-19.2697,14.0222,-10.3949,7],
[-19.1505,7.23984,4.67368,5],
[1.56125,-7.94326,10.1719,6]
],
"reflectors": [
],
"reflector_prisms": [
],
"absorber_prisms": [
]
}