{
"time_step": 1e-05,
"number_of_molecules": 500000,
"diff_coef": 350,
"sim_time": 1.71905,
"absorbers": [
[-3.59891,-13.0897,18.5663,4],
[-1.12628,-6.73797,-9.86566,5],
[21.5438,7.8974,-1.57983,5],
[-8.5355,-6.29123,11.9819,5],
[8.23146,3.03936,8.18568,5],
[-1.29131,0.469651,-21.957,6]
],
"reflectors": [
[0.0730927,16.3527,-4.64592,6],
[7.99065,-17.7325,-12.2763,4],
[-11.7056,-4.97837,-17.9498,6]
],
"reflector_prisms": [
],
"absorber_prisms": [
]
}