{"time_step": 1e-05, "number_of_molecules": 500000, "diff_coef": 50, "sim_time": 8.53333, "absorbers": [[9.14938, 12.6226, -12.5283, 4]], "reflectors": [[-20.3184, -2.28107, -8.12154, 6], [-9.95177, -11.2495, 5.51458, 3]], "reflector_prisms": [[-12.1348, 4.02462, 8.23962, -7.13481, 9.02462, 12.2396], [2.33038, 12.2873, 4.73808, 5.33038, 17.2873, 7.73808]], "absorber_prisms": [], "line_of_sight": [[56, 0, 56, 0, 0, 500]]}