{
"time_step": 1e-05,
"number_of_molecules": 500000,
"diff_coef": 350,
"sim_time": 0.685714,
"absorbers": [
[12.8425,6.60958,4.0478,3]
],
"reflectors": [
],
"reflector_prisms": [
[-6.31702,-4.8364,-7.68704,-0.317017,-2.8364,-4.68704],
[-9.82008,10.7405,-12.159,-7.82008,14.7405,-6.15899],
[-13.4521,3.96938,-7.9626,-7.45208,6.96938,-2.9626],
[-3.72409,2.54561,-13.6861,-0.724091,5.54561,-11.6861]
],
"absorber_prisms": [
[6.72663,-6.35117,-16.104,8.72663,-0.351173,-11.104]
]
}