{
"time_step": 1e-05,
"number_of_molecules": 500000,
"diff_coef": 100,
"sim_time": 6.01667,
"absorbers": [
[-22.2742,2.88085,-4.95589,4],
[9.48793,5.47535,17.9165,4],
[-1.00654,0.39455,-13.9582,5],
[-2.79664,4.66063,23.3764,7],
[11.7336,4.52907,8.17377,6],
[-11.9022,-12.0348,-6.12387,4]
],
"reflectors": [
[8.39058,16.9795,1.51446,4],
[-1.08296,-15.8448,-10.4293,6],
[3.90283,-10.6059,21.1727,7],
[1.6831,-11.5228,5.77869,4],
[11.512,-3.6275,-4.82867,4]
],
"reflector_prisms": [
],
"absorber_prisms": [
]
}