{"time_step": 1e-05, "number_of_molecules": 500000, "diff_coef": 350, "sim_time": 1.07143, "absorbers": [[5.05642, 17.5535, 5.2256, 4], [-0.397729, -9.79599, -13.8881, 2], [15.1486, 13.058, -0.0853269, 5]], "reflectors": [[-0.186184, -0.322553, -12.9947, 2]], "reflector_prisms": [[-3.41578, -2.48839, -22.4957, 2.58422, 2.51161, -17.4957]], "absorber_prisms": [], "line_of_sight": [[0, 0, 0, 0, 0, 500], [0, 0, 0, 0, 0, 499], [0, 0, 0, 0, 0, 502]]}