{
"time_step": 1e-05,
"number_of_molecules": 500000,
"diff_coef": 300,
"sim_time": 0.8,
"absorbers": [
[1.70929,-3.80109,15.4477,4],
[4.33747,-4.08106,-13.767,5]
],
"reflectors": [
[-5.76856,2.4049,-10.244,7]
],
"reflector_prisms": [
],
"absorber_prisms": [
]
}