{"time_step": 1e-05, "number_of_molecules": 500000, "diff_coef": 300, "sim_time": 1.42222, "absorbers": [[8.10396, -14.7123, 6.47099, 2]], "reflectors": [[-1.73832, -3.79438, 13.3634, 6], [0.45562, 9.09884, 4.12354, 4]], "reflector_prisms": [[-3.64502, 5.88908, -5.8084, 1.35498, 10.8891, -2.8084], [6.46006, 4.66767, -9.61279, 11.4601, 9.66767, -4.61279]], "absorber_prisms": [[-8.79293, 1.60497, -13.7994, -6.79293, 5.60497, -10.7994]], "line_of_sight": [[0, 0, 0, 0, 0, 502]]}