{
"time_step": 1e-05,
"number_of_molecules": 500000,
"diff_coef": 100,
"sim_time": 3.75,
"absorbers": [
[0.187241,-1.875,16.8952,2],
[-2.77664,-1.43245,-14.671,3]
],
"reflectors": [
[16.2949,7.49099,-1.53664,5]
],
"reflector_prisms": [
[-11.2445,-1.85754,3.31061,-6.24451,2.14246,8.31061]
],
"absorber_prisms": [
[-4.60648,-12.7331,7.19986,1.39352,-9.73305,9.19986]
]
}