{
"time_step": 1e-05,
"number_of_molecules": 500000,
"diff_coef": 200,
"sim_time": 2.40833,
"absorbers": [
[-7.46511,-2.23333,-21.6399,6]
],
"reflectors": [
],
"reflector_prisms": [
[7.81467,-8.61179,8.87213,9.81467,-3.61179,14.8721],
[0.96718,1.63466,-18.4429,4.96718,4.63466,-14.4429]
],
"absorber_prisms": [
[1.41834,4.74435,-19.4678,6.41834,7.74435,-14.4678],
[-20.0021,-9.2054,-4.39889,-17.0021,-5.2054,-0.398886],
[-18.523,-10.9305,9.14528,-13.523,-6.93052,15.1453]
]
}