{"time_step": 1e-05, "number_of_molecules": 500000, "diff_coef": 100, "sim_time": 4.81667, "absorbers": [[-20.1178, -1.58919, 8.76074, 5], [6.5038, 0.00882877, -2.58854, 2]], "reflectors": [], "reflector_prisms": [[2.42558, -6.00198, 13.0144, 6.42558, -0.00197718, 15.0144], [-3.51002, -6.7907, -13.7361, 2.48998, -4.7907, -11.7361]], "absorber_prisms": [], "line_of_sight": [[440, 440, 0, 0, 0, 497], [180, 180, 0, 0, 0, 500]]}