{
"time_step": 1e-05,
"number_of_molecules": 500000,
"diff_coef": 50,
"sim_time": 9.63333,
"absorbers": [
[-2.92816,-2.85911,15.4678,4],
[-0.330098,-3.78858,-8.15707,4],
[-14.6405,-1.1411,-6.35239,2],
[-0.163625,6.03986,5.24341,2],
[-10.5649,-14.0809,3.75642,5],
[4.29845,1.16957,17.4401,3],
[-18.6313,2.67411,11.3896,5],
[11.9151,8.39833,-3.53535,3]
],
"reflectors": [
[10.8438,-4.61295,5.48927,6],
[11.994,12.3968,5.14424,6],
[-9.09627,-12.3416,-7.34451,3],
[-7.68984,10.8375,-8.91153,6],
[7.33082,-0.948031,-19.656,5]
],
"reflector_prisms": [
],
"absorber_prisms": [
]
}