{
"time_step": 1e-05,
"number_of_molecules": 500000,
"diff_coef": 100,
"sim_time": 4.81667,
"absorbers": [
[9.8805,6.04259,3.14051,5],
[8.01437,-6.06302,-16.1248,7],
[10.8351,-9.44733,7.0249,7],
[-3.09907,-1.45432,-10.4537,6],
[1.82192,-20.3266,12.6297,7],
[-12.1071,1.78854,-4.38393,4]
],
"reflectors": [
[10.7706,-13.3395,-5.48209,5],
[5.52521,8.47253,12.3971,4],
[4.06489,0.371808,24.6645,6]
],
"reflector_prisms": [
],
"absorber_prisms": [
]
}