{
"time_step": 1e-05,
"number_of_molecules": 500000,
"diff_coef": 250,
"sim_time": 1.12667,
"absorbers": [
[0.622513,0.888399,-14.9607,2],
[-3.01395,-4.6902,9.48252,3]
],
"reflectors": [
[6.38077,-7.60955,19.6311,6]
],
"reflector_prisms": [
],
"absorber_prisms": [
[-15.7606,10.0966,-10.7273,-11.7606,13.0966,-6.72731],
[-6.43277,1.50794,12.1678,-2.43277,3.50794,18.1678]
]
}