{"time_step": 1e-05, "number_of_molecules": 500000, "diff_coef": 250, "sim_time": 0.426667, "absorbers": [[-4.85196, -1.55183, -10.8651, 4]], "reflectors": [[12.1804, 0.344957, -18.3172, 6]], "reflector_prisms": [], "absorber_prisms": [[-12.7814, 4.55912, 4.0131, -6.7814, 6.55912, 9.0131], [-8.44028, -14.251, -6.0393, -2.44028, -10.251, -2.0393], [-15.2666, 14.9514, 1.24791, -11.2666, 16.9514, 5.24791], [0.223074, -3.87507, 7.71042, 4.22307, 2.12493, 11.7104]], "line_of_sight": [[0, 0, 0, 0, 0, 501]]}