{"time_step": 1e-05, "number_of_molecules": 500000, "diff_coef": 300, "sim_time": 1.8, "absorbers": [[-16.7983, -11.4459, 10.7614, 5], [-5.64785, -0.309172, -11.705, 5], [-1.36553, 9.89016, 4.61736, 4]], "reflectors": [], "reflector_prisms": [], "absorber_prisms": [[7.94401, -4.71337, -7.21685, 9.94401, -2.71337, -3.21685], [3.77303, 1.36602, 11.416, 5.77303, 7.36602, 13.416]], "line_of_sight": [[0, 0, 0, 0, 0, 501], [0, 0, 0, 0, 0, 501], [0, 0, 0, 0, 0, 500]]}