{
"time_step": 1e-05,
"number_of_molecules": 500000,
"diff_coef": 250,
"sim_time": 1.92667,
"absorbers": [
[11.8645,8.64733,17.7047,6]
],
"reflectors": [
[-11.9837,4.20317,-7.98268,2]
],
"reflector_prisms": [
[-2.42312,-2.20069,-12.959,1.57688,3.79931,-6.95902],
[0.83617,-11.469,6.29837,3.83617,-8.46901,11.2984],
[1.89713,16.9365,3.76431,7.89713,21.9365,8.76431]
],
"absorber_prisms": [
[-18.6559,-10.0998,-5.64504,-12.6559,-6.09983,-1.64504]
]
}