{"time_step": 1e-05, "number_of_molecules": 500000, "diff_coef": 150, "sim_time": 3.21111, "absorbers": [[-4.94664, 4.00026, -10.1749, 5], [-16.6434, -0.664497, -3.39913, 5], [-9.82533, -4.38067, -19.1904, 5], [4.00012, -12.2128, -9.53133, 5], [-20.233, 10.8586, -1.3104, 7], [2.81305, -3.97578, 20.4274, 6]], "reflectors": [[4.9773, -1.47774, 9.69756, 5], [-12.5846, 3.99839, 12.2327, 4], [-10.5484, -10.9408, 7.61783, 5], [19.6496, 3.70206, -0.433965, 5]], "reflector_prisms": [], "absorber_prisms": [], "line_of_sight": [[321, 191, 293, 0, 0, 503], [215, 56, 159, 0, 0, 498], [358, 129, 358, 0, 0, 503], [0, 0, 0, 0, 0, 496], [51, 51, 0, 0, 0, 500], [336, 270, 307, 0, 0, 497]]}