{"time_step": 1e-05, "number_of_molecules": 500000, "diff_coef": 50, "sim_time": 9.63333, "absorbers": [[-11.3842, -9.43735, -2.5173, 4], [-1.14924, 6.52135, 7.49341, 4], [2.6832, 12.0396, 18.2167, 5]], "reflectors": [], "reflector_prisms": [[-6.50257, -11.6802, 9.83619, -0.502568, -8.68021, 13.8362]], "absorber_prisms": [[-2.32848, -10.5086, -5.78074, -0.32848, -4.50864, -3.78074]], "line_of_sight": [[0, 0, 0, 0, 0, 497], [106, 106, 0, 0, 0, 503], [356, 356, 0, 0, 0, 504]]}