{
"time_step": 1e-05,
"number_of_molecules": 500000,
"diff_coef": 400,
"sim_time": 0.504167,
"absorbers": [
[4.50908,5.30649,-12.1453,3],
[-0.543413,-5.91707,-10.4256,6]
],
"reflectors": [
[0.956493,8.10493,-20.4303,3]
],
"reflector_prisms": [
],
"absorber_prisms": [
[-10.5683,6.01171,9.40429,-8.56826,11.0117,11.4043],
[-7.73164,6.40613,-9.09337,-4.73164,8.40613,-5.09337]
]
}