{
"time_step": 1e-05,
"number_of_molecules": 500000,
"diff_coef": 400,
"sim_time": 1.35,
"absorbers": [
[8.42812,7.67348,6.25175,4],
[0.729694,22.7623,3.21644,5]
],
"reflectors": [
],
"reflector_prisms": [
],
"absorber_prisms": [
[6.89804,-9.75018,-18.8496,9.89804,-3.75018,-14.8496],
[-5.35299,-5.71771,17.8633,-3.35299,0.282295,22.8633],
[-9.24742,-6.35735,-0.264568,-6.24742,-4.35735,2.73543],
[-7.56337,-1.70081,-20.8488,-2.56337,3.29919,-18.8488]
]
}