{"time_step": 1e-05, "number_of_molecules": 500000, "diff_coef": 50, "sim_time": 5.63333, "absorbers": [[0.972589, 1.39504, -11.8789, 4], [5.59636, 11.2232, 8.22926, 2], [-3.02523, 12.685, 5.0931, 4], [4.4402, 5.15715, 4.20575, 3]], "reflectors": [], "reflector_prisms": [], "absorber_prisms": [[-8.07296, 3.59951, 10.4876, -4.07296, 8.59951, 16.4876]], "line_of_sight": [[0, 0, 0, 0, 0, 501], [499, 499, 0, 0, 0, 499], [0, 0, 0, 0, 0, 500], [19, 19, 0, 0, 0, 501]]}