{
"time_step": 1e-05,
"number_of_molecules": 500000,
"diff_coef": 50,
"sim_time": 2.13333,
"absorbers": [
[-6.81786,0.00297485,-7.31552,2]
],
"reflectors": [
[14.9581,-6.39391,-13.2805,6]
],
"reflector_prisms": [
],
"absorber_prisms": [
[-3.86569,-13.0928,-8.54479,-0.86569,-7.09277,-3.54479]
]
}