{"time_step": 1e-05, "number_of_molecules": 500000, "diff_coef": 100, "sim_time": 3.75, "absorbers": [[6.44879, 8.16395, -15.8985, 4]], "reflectors": [], "reflector_prisms": [[-15.9916, 3.55225, -6.14506, -9.9916, 9.55225, -1.14506]], "absorber_prisms": [[2.766, -14.4246, 6.97536, 8.766, -9.4246, 10.9754]], "line_of_sight": [[0, 0, 0, 0, 0, 500]]}