{"time_step": 1e-05, "number_of_molecules": 500000, "diff_coef": 50, "sim_time": 12.0333, "absorbers": [[-17.8125, -12.7381, -2.11073, 3], [5.21799, 10.2433, 9.63568, 5]], "reflectors": [], "reflector_prisms": [[-1.8927, -1.25867, -10.4549, 0.1073, 1.74133, -8.45488], [-10.3658, -8.49449, -10.7045, -8.36581, -5.49449, -4.70446], [-6.47858, -3.42912, -11.1854, -3.47858, -0.42912, -9.18539]], "absorber_prisms": [[-13.8026, 2.00641, 13.3635, -11.8026, 7.00641, 17.3635]], "line_of_sight": [[0, 0, 0, 0, 0, 498], [0, 0, 0, 0, 0, 496]]}