{
"time_step": 1e-05,
"number_of_molecules": 500000,
"diff_coef": 350,
"sim_time": 1.21905,
"absorbers": [
[19.9345,-2.82184,5.97103,5],
[-19.0188,10.2502,7.88797,7],
[-1.77768,2.67265,-12.5975,6],
[9.28897,4.65956,-6.00029,7],
[-1.47198,-9.74727,16.2427,7]
],
"reflectors": [
[-8.99422,-0.318354,-0.0507179,4],
[9.29904,17.7856,13.1606,5],
[21.6301,10.3132,-1.33348,5]
],
"reflector_prisms": [
],
"absorber_prisms": [
]
}