{"time_step": 1e-05, "number_of_molecules": 500000, "diff_coef": 250, "sim_time": 1.5, "absorbers": [[-15.2264, -3.87252, 12.3758, 5], [-7.91936, 6.95597, -3.14615, 3]], "reflectors": [], "reflector_prisms": [[5.3879, -12.084, -4.69095, 11.3879, -9.08395, -2.69095], [-2.45993, -18.3068, 5.49563, 1.54007, -13.3068, 9.49563]], "absorber_prisms": [], "line_of_sight": [[0, 0, 0, 0, 0, 499], [0, 0, 0, 0, 0, 500]]}