{"time_step": 1e-05, "number_of_molecules": 500000, "diff_coef": 150, "sim_time": 4.01111, "absorbers": [[11.8835, 0.0753793, 19.6921, 6], [7.29182, 4.6113, -2.56226, 4], [-0.442729, 0.696504, 17.9811, 4], [0.0962091, 14.27, 4.62158, 4], [20.939, -8.3615, 12.9477, 7], [6.81305, -9.72595, -1.72865, 7]], "reflectors": [[-7.02926, -11.3752, 8.78603, 4], [-21.0618, 3.55823, 5.2669, 6], [1.05584, 17.3432, 19.3417, 7], [-5.7863, -13.1006, -7.13394, 6], [-4.15609, 2.61381, -14.1737, 7], [5.37039, 21.2215, -2.19285, 6]], "reflector_prisms": [], "absorber_prisms": [], "line_of_sight": [[364, 0, 364, 0, 0, 501], [99, 0, 99, 0, 0, 502], [330, 0, 330, 0, 0, 498], [468, 223, 271, 0, 0, 498], [74, 34, 40, 0, 0, 499], [123, 79, 44, 0, 0, 502]]}