{"time_step": 1e-05, "number_of_molecules": 500000, "diff_coef": 100, "sim_time": 2.81667, "absorbers": [[0.967401, -1.37251, -17.9215, 5], [-1.39456, -14.0961, -4.93506, 3]], "reflectors": [[-0.942246, -1.34054, 10.8773, 2], [4.0866, 9.84835, -14.5021, 4]], "reflector_prisms": [], "absorber_prisms": [[-3.57713, 16.4217, 0.0748887, 2.42287, 19.4217, 3.07489]], "line_of_sight": [[128, 0, 128, 0, 0, 499], [0, 0, 0, 0, 0, 499]]}