{"time_step": 1e-05, "number_of_molecules": 500000, "diff_coef": 200, "sim_time": 1.00833, "absorbers": [[0.982322, -7.52348, 11.7657, 5], [-4.30658, 9.91102, 10.4031, 4]], "reflectors": [], "reflector_prisms": [[-15.9195, -1.39399, -3.55074, -12.9195, 3.60601, 1.44926]], "absorber_prisms": [[-9.7282, -7.51864, -6.33385, -5.7282, -5.51864, -2.33385], [-9.08472, 2.70976, -5.34207, -4.08472, 5.70976, -1.34207], [-13.8009, -0.308663, 4.53524, -9.80094, 5.69134, 9.53524]], "line_of_sight": [[0, 0, 0, 0, 0, 500], [0, 0, 0, 0, 0, 497]]}