{"time_step": 1e-05, "number_of_molecules": 500000, "diff_coef": 400, "sim_time": 0.504167, "absorbers": [[-10.939, -4.7728, -10.6564, 5]], "reflectors": [], "reflector_prisms": [[7.28505, 0.886966, -19.8916, 13.285, 6.88697, -15.8916]], "absorber_prisms": [[-1.53815, -11.5462, 0.763989, 4.46185, -9.54625, 4.76399], [5.42485, -10.3387, 11.5458, 11.4249, -6.33871, 15.5458], [-2.80767, -1.05421, -9.99778, 3.19233, 0.945788, -7.99778]], "line_of_sight": [[0, 0, 0, 0, 0, 501]]}