{"time_step": 1e-05, "number_of_molecules": 500000, "diff_coef": 250, "sim_time": 1.5, "absorbers": [[-0.121092, 3.43895, 11.496, 4], [1.06166, 2.5972, -16.7669, 2], [-16.9396, -1.07976, -0.940736, 3]], "reflectors": [], "reflector_prisms": [], "absorber_prisms": [[10.1289, -17.6154, 4.40894, 12.1289, -15.6154, 8.40894], [-9.47153, -12.6997, -17.5869, -4.47153, -7.69968, -12.5869]], "line_of_sight": [[8, 8, 0, 0, 0, 504], [26, 26, 0, 0, 0, 499], [0, 0, 0, 0, 0, 500]]}