{"time_step": 1e-05, "number_of_molecules": 500000, "diff_coef": 50, "sim_time": 3.33333, "absorbers": [[-1.17987, -3.51041, -13.5013, 5], [-0.714154, 9.05735, 7.83929, 2]], "reflectors": [], "reflector_prisms": [], "absorber_prisms": [[-11.9813, 10.3407, -12.091, -8.98131, 16.3407, -9.09098], [-5.68449, -8.95107, 13.6216, -0.684486, -4.95107, 15.6216], [10.7707, -12.8884, -6.57747, 12.7707, -7.88844, -3.57747], [-1.35343, -22.8897, -12.4009, 1.64657, -16.8897, -6.40091]], "line_of_sight": [[0, 0, 0, 0, 0, 503], [0, 0, 0, 0, 0, 497]]}