{"time_step": 1e-05, "number_of_molecules": 500000, "diff_coef": 50, "sim_time": 9.63333, "absorbers": [[10.6788, 9.49402, -7.19914, 5], [-0.430181, -19.5442, -7.67075, 7], [-10.89, 6.40132, 3.0709, 7], [-0.197234, -1.00478, 12.9596, 4], [-1.28272, -1.3803, -19.911, 7], [22.8717, 2.47, -6.83985, 7], [-3.30241, -13.7664, 11.1167, 4]], "reflectors": [], "reflector_prisms": [], "absorber_prisms": [], "line_of_sight": [[15, 15, 0, 0, 0, 499], [0, 0, 0, 0, 0, 501], [78, 78, 0, 0, 0, 498], [311, 311, 0, 0, 0, 504], [218, 218, 0, 0, 0, 501], [202, 202, 0, 0, 0, 500], [0, 0, 0, 0, 0, 503]]}