{"time_step": 1e-05, "number_of_molecules": 500000, "diff_coef": 400, "sim_time": 0.704167, "absorbers": [[4.41777, 0.970861, -16.3872, 4], [0.724023, -11.0629, 4.5922, 4]], "reflectors": [], "reflector_prisms": [[-7.85887, -5.4922, -8.31288, -3.85887, -1.4922, -6.31288]], "absorber_prisms": [[-10.0345, -8.3572, 3.33482, -5.03449, -5.3572, 7.33482], [-0.942648, -1.69294, -8.97511, 2.05735, 1.30706, -4.97511], [8.67181, 5.38251, -11.5702, 11.6718, 11.3825, -6.57017]], "line_of_sight": [[309, 0, 0, 309, 0, 500], [0, 0, 0, 0, 0, 502]]}