{
"time_step": 1e-05,
"number_of_molecules": 500000,
"diff_coef": 350,
"sim_time": 1.37619,
"absorbers": [
[13.7073,11.4405,-2.2861,2],
[4.96593,0.218778,-8.67708,5],
[-11.0864,1.43839,-4.36159,5],
[14.0869,-7.30577,6.09799,2],
[4.05286,-8.93494,4.97404,5],
[4.16725,13.959,15.1255,4],
[-0.0385852,0.490068,18.9936,3]
],
"reflectors": [
[1.63276,10.5724,-11.8978,6],
[-3.94585,0.964278,-8.03122,3],
[-8.40103,-7.60432,6.37158,3],
[9.50702,-0.18596,11.6009,5],
[-9.02682,-13.8204,12.9813,2],
[-1.61093,-0.56276,-18.9232,6]
],
"reflector_prisms": [
],
"absorber_prisms": [
]
}