{
"time_step": 1e-05,
"number_of_molecules": 500000,
"diff_coef": 250,
"sim_time": 2.40667,
"absorbers": [
[-1.68713,-5.60867,22.2418,4]
],
"reflectors": [
[1.66279,1.85991,-16.8159,5],
[-12.0886,-3.97321,-2.66092,3]
],
"reflector_prisms": [
[-3.2404,-14.314,11.8621,1.7596,-9.31397,17.8621],
[7.46545,5.48599,-2.43065,9.46545,11.486,3.56935]
],
"absorber_prisms": [
[-13.632,-11.3874,2.25198,-10.632,-6.38744,5.25198]
]
}