{
"time_step": 1e-05,
"number_of_molecules": 500000,
"diff_coef": 400,
"sim_time": 1.50417,
"absorbers": [
[-3.06178,10.3044,-8.96915,6],
[-10.405,16.2528,-5.25192,3],
[0.334281,-21.6386,-3.95739,6],
[-17.9625,-10.877,-0.196812,2],
[6.86298,1.53272,5.61696,4],
[0.732049,-1.75054,-16.8938,2],
[10.7201,-17.1695,10.922,5],
[0.472819,-1.14639,13.945,3]
],
"reflectors": [
[8.37431,-3.47681,-9.31573,6],
[1.93383,5.83436,-21.1239,6],
[0.0155713,0.0951119,-9.99954,3],
[-3.07722,11.7232,18.3602,3],
[1.72506,5.9622,10.2702,4]
],
"reflector_prisms": [
],
"absorber_prisms": [
]
}