{"time_step": 1e-05, "number_of_molecules": 500000, "diff_coef": 400, "sim_time": 1.06667, "absorbers": [[-4.64534, 8.99803, 4.29608, 6], [-0.428642, -9.22237, -18.8617, 5]], "reflectors": [[-14.0338, -20.3116, -3.936, 6]], "reflector_prisms": [], "absorber_prisms": [[10.1315, -2.71007, -11.0871, 15.1315, 2.28993, -5.08707], [5.94989, -16.5511, 5.20176, 8.94989, -14.5511, 8.20176]], "line_of_sight": [[9, 9, 0, 0, 0, 502], [32, 32, 0, 0, 0, 500]]}