{
"time_step": 1e-05,
"number_of_molecules": 500000,
"diff_coef": 150,
"sim_time": 3.21111,
"absorbers": [
[-7.42919,0.918772,19.6205,4]
],
"reflectors": [
[11.2313,-9.6349,-2.45491,3],
[5.65557,10.9211,19.4357,6],
[4.10348,-3.25497,15.1184,4]
],
"reflector_prisms": [
],
"absorber_prisms": [
[-2.49615,-8.29796,-9.98125,2.50385,-2.29796,-6.98125],
[-2.43787,0.402282,10.8324,0.562128,3.40228,15.8324]
]
}