{
"time_step": 1e-05,
"number_of_molecules": 500000,
"diff_coef": 350,
"sim_time": 0.119048,
"absorbers": [
[3.58175,0.61814,8.2334,4]
],
"reflectors": [
[-4.46302,1.94058,19.3989,4]
],
"reflector_prisms": [
[-4.63863,-10.16,7.23225,0.361369,-8.16004,9.23225]
],
"absorber_prisms": [
[9.9075,8.62336,4.38218,13.9075,13.6234,8.38218],
[15.9091,-2.76846,-2.32091,20.9091,0.231541,-0.320913]
]
}