{"time_step": 1e-05, "number_of_molecules": 500000, "diff_coef": 250, "sim_time": 0.96, "absorbers": [[-15.4434, 3.4693, -6.20214, 5]], "reflectors": [], "reflector_prisms": [[7.35008, -4.14035, -7.12364, 12.3501, -1.14035, -1.12364], [-7.49277, 6.49505, -12.5754, -3.49277, 10.495, -9.57536]], "absorber_prisms": [[3.172, -0.413735, -18.4233, 8.172, 4.58626, -14.4233], [1.13385, -4.41534, 13.2658, 5.13385, -2.41534, 15.2658]], "line_of_sight": [[0, 0, 0, 0, 0, 502]]}