{"time_step": 1e-05, "number_of_molecules": 500000, "diff_coef": 300, "sim_time": 0.672222, "absorbers": [[1.97957, -2.46894, -12.609, 2]], "reflectors": [], "reflector_prisms": [[-2.4017, 14.7606, 4.41232, -0.401698, 18.7606, 8.41232], [17.1301, -5.95617, 1.68549, 20.1301, -1.95617, 6.68549], [-3.30558, -9.83555, 4.42528, -1.30558, -3.83555, 9.42528]], "absorber_prisms": [], "line_of_sight": [[0, 0, 0, 0, 0, 500]]}