{
"time_step": 1e-05,
"number_of_molecules": 500000,
"diff_coef": 50,
"sim_time": 12.0333,
"absorbers": [
[10.342,14.5991,-10.9959,2],
[10.0516,-13.1444,7.08454,5],
[0.414565,-11.4116,-13.9142,2]
],
"reflectors": [
],
"reflector_prisms": [
[-4.44031,-2.8684,-12.2826,0.559686,1.1316,-8.28256]
],
"absorber_prisms": [
]
}