{
"time_step": 1e-05,
"number_of_molecules": 500000,
"diff_coef": 50,
"sim_time": 1.63333,
"absorbers": [
[-6.89223,2.86191,-5.03057,2]
],
"reflectors": [
[4.7389,-4.5462,16.7593,2]
],
"reflector_prisms": [
[10.1261,-9.05461,-12.728,16.1261,-6.05461,-6.728],
[-10.5131,-9.59949,0.730138,-6.51312,-3.59949,3.73014],
[-2.02245,-3.04682,15.9999,1.97755,2.95318,17.9999]
],
"absorber_prisms": [
[-0.311692,-2.47951,8.7473,4.68831,0.520486,13.7473]
]
}