{
"time_step": 1e-05,
"number_of_molecules": 500000,
"diff_coef": 200,
"sim_time": 2.13333,
"absorbers": [
[-15.4491,10.8772,6.55838,4],
[-7.80274,-2.55767,10.0785,4],
[-5.95448,-12.5117,11.4892,6]
],
"reflectors": [
[0.83093,-20.2584,-5.46874,5],
[-16.654,3.67396,-12.2534,4],
[-13.5766,-11.7916,0.796109,4],
[10.7508,-5.32114,-17.2367,3]
],
"reflector_prisms": [
],
"absorber_prisms": [
]
}