{
"time_step": 1e-05,
"number_of_molecules": 500000,
"diff_coef": 200,
"sim_time": 0.208333,
"absorbers": [
[-8.42729,3.14432,0.306682,4]
],
"reflectors": [
[12.4914,14.799,4.9954,2]
],
"reflector_prisms": [
[-2.89977,-10.9869,7.81079,3.10023,-8.98691,11.8108]
],
"absorber_prisms": [
[-12.4524,-15.5781,-8.54741,-10.4524,-13.5781,-3.54741]
]
}