{"time_step": 1e-05, "number_of_molecules": 500000, "diff_coef": 400, "sim_time": 0.816667, "absorbers": [[-1.47991, -7.29935, 15.2817, 5], [5.45261, 5.22227, 17.4355, 5]], "reflectors": [], "reflector_prisms": [[-7.23209, 2.91789, -8.15477, -1.23209, 5.91789, -2.15477], [-7.9442, 11.2765, -5.38889, -3.9442, 16.2765, -2.38889], [-6.70337, 16.7535, 1.29952, -1.70337, 20.7535, 5.29952]], "absorber_prisms": [[-3.60469, 8.6307, 2.53376, 2.39531, 12.6307, 8.53376]], "line_of_sight": [[0, 0, 0, 0, 0, 498], [0, 0, 0, 0, 0, 496]]}