{
"time_step": 1e-05,
"number_of_molecules": 500000,
"diff_coef": 100,
"sim_time": 3.75,
"absorbers": [
[-6.4137,11.6525,-16.2506,7],
[3.36987,3.70723,16.245,7],
[-5.74701,-5.60257,19.4057,6],
[-8.08405,-7.42318,-11.6424,4]
],
"reflectors": [
[-19.2443,0.976408,-8.3489,7],
[6.4354,-10.2247,4.8002,7],
[1.75567,-5.4742,-17.0573,5],
[1.0467,13.9469,-0.623322,4]
],
"reflector_prisms": [
],
"absorber_prisms": [
]
}