{
"time_step": 1e-05,
"number_of_molecules": 500000,
"diff_coef": 100,
"sim_time": 0.816667,
"absorbers": [
[-3.1522,-11.3901,2.08091,5]
],
"reflectors": [
[7.13961,-3.52173,0.789541,2]
],
"reflector_prisms": [
],
"absorber_prisms": [
[3.35164,-2.34191,4.87644,5.35164,2.65809,10.8764],
[-6.03273,12.0898,9.11856,-3.03273,18.0898,12.1186],
[14.4927,-7.16727,-6.45782,18.4927,-4.16727,-2.45782],
[1.9555,12.1031,-13.0992,7.9555,17.1031,-9.09925]
]
}