{
"time_step": 1e-05,
"number_of_molecules": 500000,
"diff_coef": 200,
"sim_time": 2.7,
"absorbers": [
[13.9149,-13.3364,-8.33768,4],
[12.2543,-8.05092,-20.2488,7],
[-2.14945,-6.0947,-15.7237,5],
[14.4567,-4.53915,5.13803,5],
[-6.22275,5.96584,-9.73068,4],
[-2.22377,-10.7469,-0.748036,5],
[-3.8802,9.76241,3.2618,5]
],
"reflectors": [
[12.3353,-1.32776,20.5445,6]
],
"reflector_prisms": [
],
"absorber_prisms": [
]
}