{"time_step": 1e-05, "number_of_molecules": 500000, "diff_coef": 250, "sim_time": 0.806667, "absorbers": [[1.56153, 9.07175, -13.0868, 5], [2.42992, -6.02098, -6.23244, 4]], "reflectors": [[-1.14073, 6.47493, 10.0386, 3]], "reflector_prisms": [], "absorber_prisms": [[10.9345, -2.76144, -14.8938, 16.9345, 1.23856, -10.8938], [-10.0635, 2.94495, -2.64565, -6.06353, 4.94495, 1.35435], [-4.44714, -11.3537, 0.797887, -2.44714, -7.35367, 5.79789]], "line_of_sight": [[0, 0, 0, 0, 0, 500], [98, 0, 98, 0, 0, 501]]}