{
"time_step": 1e-05,
"number_of_molecules": 500000,
"diff_coef": 200,
"sim_time": 3.00833,
"absorbers": [
[-9.69356,16.3365,-0.391426,5],
[1.27605,-1.65119,10.8002,4],
[-3.84947,2.2097,23.586,5],
[-17.2471,4.88532,-10.9394,3],
[7.1285,-18.2866,-15.485,6],
[0.157332,0.568451,-10.9842,3],
[-0.405349,9.02952,4.27824,5],
[9.31964,5.82392,-6.94452,5]
],
"reflectors": [
[8.26431,-18.032,6.89548,3],
[19.7978,-10.2514,5.65291,5],
[7.13207,-16.4241,-1.83951,2]
],
"reflector_prisms": [
],
"absorber_prisms": [
]
}