{"time_step": 1e-05, "number_of_molecules": 500000, "diff_coef": 350, "sim_time": 0.304762, "absorbers": [[5.80585, 3.28293, -9.9757, 4]], "reflectors": [[-4.5594, -10.4678, 3.69271, 2], [0.539487, 1.96045, -16.878, 3]], "reflector_prisms": [], "absorber_prisms": [[-5.17531, -3.93098, 13.179, -0.175307, 1.06902, 15.179]], "line_of_sight": [[5, 0, 5, 0, 0, 498]]}