{"time_step": 1e-05, "number_of_molecules": 500000, "diff_coef": 250, "sim_time": 2.40667, "absorbers": [[14.34, -13.4057, 13.8076, 5], [15.4701, 4.10461, 5.72967, 5], [13.3865, -9.7203, 3.91359, 5], [-6.90744, 19.7186, 6.88934, 6], [0.0785208, -0.0716083, 13.9996, 5], [-15.6291, -5.00332, 9.57587, 6]], "reflectors": [[-10.8069, 1.96755, -0.582914, 4], [-4.2005, 5.00865, -7.56764, 4], [2.63524, -12.6298, 9.46277, 7], [7.73921, 8.65403, -3.03518, 4], [10.4051, 1.53285, -5.77786, 4], [-1.65877, 7.77883, -20.5119, 7]], "reflector_prisms": [], "absorber_prisms": [], "line_of_sight": [[487, 113, 565, 0, 0, 500], [109, 0, 109, 0, 0, 500], [206, 73, 183, 0, 0, 502], [0, 0, 0, 0, 0, 500], [158, 0, 212, 0, 0, 499], [366, 0, 366, 0, 0, 500]]}