{
"time_step": 1e-05,
"number_of_molecules": 500000,
"diff_coef": 350,
"sim_time": 1.54286,
"absorbers": [
[10.7486,-4.42963,-9.47875,4],
[-2.68786,-1.42899,-22.7977,5],
[2.10073,4.15373,-13.2035,3],
[4.3825,-3.22549,-4.4034,2]
],
"reflectors": [
],
"reflector_prisms": [
[-16.3729,-5.76524,-10.6223,-14.3729,-3.76524,-7.62232]
],
"absorber_prisms": [
]
}