{
"time_step": 1e-05,
"number_of_molecules": 500000,
"diff_coef": 50,
"sim_time": 12.0333,
"absorbers": [
[-2.9658,-0.892316,15.6974,4],
[-7.46546,9.91678,19.363,4],
[5.2599,-8.88322,13.5064,6],
[1.55073,-7.36839,-8.01885,4],
[6.44599,21.6822,4.16306,4]
],
"reflectors": [
[-11.6315,-16.6995,8.35674,5],
[-12.0245,-6.94661,-12.9675,7],
[20.3724,5.19227,-6.48123,5],
[-3.22351,8.73344,-17.7013,5],
[15.9572,-1.91669,8.1052,5]
],
"reflector_prisms": [
],
"absorber_prisms": [
]
}