{"time_step": 1e-05, "number_of_molecules": 500000, "diff_coef": 300, "sim_time": 1.60556, "absorbers": [[-13.7242, -5.84056, -10.0764, 6], [-1.5112, -12.8094, -9.46766, 5], [4.26347, -16.0352, 11.1668, 4], [-3.50989, 1.19697, 15.5643, 6], [7.31167, 12.6642, -3.34019, 2], [-15.1858, 5.12558, -10.204, 4], [-8.01601, -10.064, -13.9807, 2], [14.7031, 10.04, -2.64891, 2]], "reflectors": [[-3.16823, 10.617, -4.60897, 2], [1.45079, -1.274, -10.8292, 4], [-7.91409, -6.11033, -0.1763, 5], [6.24255, -5.87889, -12.3073, 2], [-7.46673, 6.64068, -12.496, 3]], "reflector_prisms": [], "absorber_prisms": [], "line_of_sight": [[160, 5, 155, 0, 0, 497], [0, 0, 0, 0, 0, 498], [144, 0, 144, 0, 0, 501], [324, 0, 334, 0, 0, 503], [353, 0, 353, 0, 0, 501], [0, 0, 0, 0, 0, 499], [20, 20, 0, 0, 0, 503], [497, 0, 497, 0, 0, 497]]}