{
"time_step": 1e-05,
"number_of_molecules": 500000,
"diff_coef": 400,
"sim_time": 1.35,
"absorbers": [
[-1.60029,-0.351317,-8.84961,4],
[-4.20939,-4.24025,23.2444,6],
[17.618,3.46464,-12.7123,4],
[6.19296,7.11924,8.94224,6]
],
"reflectors": [
[3.19505,-21.6532,7.06602,6],
[7.74116,-3.25583,-15.9209,5]
],
"reflector_prisms": [
],
"absorber_prisms": [
]
}