{
"time_step": 1e-05,
"number_of_molecules": 500000,
"diff_coef": 250,
"sim_time": 0.24,
"absorbers": [
[1.788,-0.267661,7.79304,2]
],
"reflectors": [
[-14.7439,8.80753,5.3894,2]
],
"reflector_prisms": [
[5.00483,-5.04207,-3.2644,11.0048,-3.04207,1.7356]
],
"absorber_prisms": [
[5.32799,10.2924,2.30348,11.328,12.2924,8.30348]
]
}