{"time_step": 1e-05, "number_of_molecules": 500000, "diff_coef": 300, "sim_time": 1.25, "absorbers": [[-6.34073, 14.5517, 2.01063, 6], [0.835651, 2.71244, -11.6595, 6], [-8.05619, -5.45155, -7.02698, 4], [-4.01105, 5.79687, 7.0928, 3], [-2.5955, -1.28287, 13.6974, 4], [4.44855, 10.1205, 11.5666, 5], [5.24509, -14.524, -4.18849, 5], [8.83638, 6.55704, -14.2451, 3]], "reflectors": [[11.1209, 3.32187, -3.04824, 2], [11.3814, -5.05512, 16.9089, 4], [-7.87892, -19.3077, 2.47723, 4], [6.60488, 12.2039, 1.85476, 5]], "reflector_prisms": [], "absorber_prisms": [], "line_of_sight": [[196, 201, 0, 0, 0, 499], [115, 84, 31, 0, 0, 499], [157, 117, 40, 0, 0, 501], [49, 55, 0, 0, 0, 500], [501, 504, 0, 0, 0, 501], [129, 125, 4, 0, 0, 501], [391, 391, 0, 0, 0, 500], [290, 298, 0, 0, 0, 502]]}