{"time_step": 1e-05, "number_of_molecules": 500000, "diff_coef": 400, "sim_time": 0.704167, "absorbers": [[15.8655, -10.2442, -2.08404, 6]], "reflectors": [], "reflector_prisms": [[-6.48531, 3.96323, 6.38852, -0.485306, 6.96323, 11.3885], [-15.1092, -14.5698, -5.28125, -11.1092, -11.5698, -3.28125]], "absorber_prisms": [[-4.81748, -7.1592, -12.6275, 0.182522, -5.1592, -8.62749], [7.83779, 2.05374, -8.09922, 13.8378, 8.05374, -2.09922], [-6.18096, 0.8886, -11.0518, -1.18096, 2.8886, -6.05183]], "line_of_sight": [[0, 0, 0, 0, 0, 501]]}