{
"time_step": 1e-05,
"number_of_molecules": 500000,
"diff_coef": 150,
"sim_time": 1.34444,
"absorbers": [
[-6.73236,8.26695,10.5514,4]
],
"reflectors": [
[-1.69982,-0.081318,-17.9194,3]
],
"reflector_prisms": [
[2.05187,-8.84169,0.639028,5.05187,-4.84169,3.63903]
],
"absorber_prisms": [
]
}