{
"time_step": 1e-05,
"number_of_molecules": 500000,
"diff_coef": 100,
"sim_time": 5.4,
"absorbers": [
[13.6827,4.04927,15.4074,4],
[6.05001,-1.53499,-19.0011,4],
[1.40965,-6.6244,4.25795,3],
[-0.263739,4.93777,-10.9338,6],
[-1.58704,-1.84685,11.7503,5],
[-16.3922,-15.4412,4.67606,6],
[1.75523,-3.75528,20.5868,3]
],
"reflectors": [
[-8.0665,9.36816,6.57033,6],
[11.3431,-9.85561,17.4127,5],
[12.2327,-7.93505,-12.1818,4],
[1.37133,20.9343,-0.935888,5]
],
"reflector_prisms": [
],
"absorber_prisms": [
]
}