{"time_step": 1e-05, "number_of_molecules": 500000, "diff_coef": 350, "sim_time": 1.71905, "absorbers": [[8.45469, 4.66661, 13.9907, 4], [16.5211, -3.32915, -2.22925, 6], [4.08351, -13.7411, -16.6886, 6], [2.52711, -0.275109, 23.865, 6], [18.9508, -14.3102, -7.8157, 6]], "reflectors": [[4.85562, -3.26749, -10.476, 6], [-21.6976, -5.40166, -8.71989, 5], [-4.66012, -10.0429, 4.62865, 6], [-0.252848, 0.445661, 11.9891, 5], [-6.92891, -7.17915, -16.1694, 4]], "reflector_prisms": [], "absorber_prisms": [], "line_of_sight": [[229, 0, 265, 0, 0, 501], [71, 71, 0, 0, 0, 498], [287, 0, 327, 0, 0, 500], [500, 0, 657, 0, 0, 500], [144, 116, 28, 0, 0, 498]]}