{
"time_step": 1e-05,
"number_of_molecules": 500000,
"diff_coef": 150,
"sim_time": 0.711111,
"absorbers": [
[6.28894,6.3718,-7.99058,4]
],
"reflectors": [
[-11.8096,-3.25045,-11.7884,4]
],
"reflector_prisms": [
[-5.4862,-1.09112,9.50367,-1.4862,0.90888,14.5037]
],
"absorber_prisms": [
[-0.782965,-2.30458,4.99067,1.21704,1.69542,9.99067],
[11.0005,-3.16852,-13.8914,15.0005,0.831477,-7.89136]
]
}