{
"time_step": 1e-05,
"number_of_molecules": 500000,
"diff_coef": 100,
"sim_time": 3.75,
"absorbers": [
[3.95907,-18.1918,-3.7925,4],
[-9.14264,4.88969,9.40761,3]
],
"reflectors": [
],
"reflector_prisms": [
],
"absorber_prisms": [
[-0.628411,-1.91496,8.80338,4.37159,4.08504,14.8034],
[-16.2454,8.7377,5.11665,-13.2454,11.7377,10.1166],
[-2.69969,-11.136,10.5982,3.30031,-5.13597,14.5982]
]
}