{"time_step": 1e-05, "number_of_molecules": 500000, "diff_coef": 150, "sim_time": 0.4, "absorbers": [[-0.608376, 0.363585, 8.97205, 3]], "reflectors": [], "reflector_prisms": [[-2.5346, 5.15408, 11.7584, 3.4654, 11.1541, 15.7584], [16.6011, 1.21761, 5.49352, 20.6011, 5.21761, 10.4935], [-3.23117, -5.6742, -11.1025, 0.768827, -2.6742, -9.10249]], "absorber_prisms": [[-13.0623, -1.05301, 10.9006, -9.06227, 1.94699, 14.9006]], "line_of_sight": [[0, 0, 0, 0, 0, 500]]}