{"time_step": 1e-05, "number_of_molecules": 500000, "diff_coef": 350, "sim_time": 0.804762, "absorbers": [[0.772593, 0.135766, -17.9829, 5]], "reflectors": [[-5.22329, 14.5324, -14.2312, 2], [-13.8318, -1.19398, -7.95337, 2], [9.92102, -7.90033, 9.7549, 6], [-9.69522, 7.06637, 9.00384, 6], [-7.71051, 0.883163, -6.30619, 2]], "reflector_prisms": [], "absorber_prisms": [], "line_of_sight": [[0, 0, 0, 0, 0, 501]]}