{
"time_step": 1e-05,
"number_of_molecules": 500000,
"diff_coef": 100,
"sim_time": 3.75,
"absorbers": [
[-13.5299,5.13952,15.216,6]
],
"reflectors": [
[-14.2337,-0.327149,-18.0637,4],
[7.11351,-2.50119,-4.91346,2],
[-10.6349,12.9484,2.87001,5]
],
"reflector_prisms": [
],
"absorber_prisms": [
[-3.95223,-0.894193,8.80307,1.04777,4.10581,14.8031]
]
}