{"time_step": 1e-05, "number_of_molecules": 500000, "diff_coef": 300, "sim_time": 1.42222, "absorbers": [[-7.43724, -10.6506, 0.502443, 7], [-7.8318, 0.849012, 21.6088, 7], [1.76471, 5.9613, -7.83254, 5]], "reflectors": [], "reflector_prisms": [], "absorber_prisms": [], "line_of_sight": [[84, 84, 0, 0, 0, 503], [115, 115, 0, 0, 0, 501], [158, 158, 0, 0, 0, 501]]}