{
"time_step": 1e-05,
"number_of_molecules": 500000,
"diff_coef": 400,
"sim_time": 0.416667,
"absorbers": [
[11.5367,4.52762,-6.51199,4]
],
"reflectors": [
[-3.16636,-9.34417,-4.86422,5]
],
"reflector_prisms": [
[-11.1252,0.251016,4.3559,-6.12516,2.25102,7.3559],
[5.46956,0.939788,7.66973,11.4696,2.93979,11.6697],
[3.39727,5.69947,10.7402,9.39727,9.69947,16.7402],
[5.03043,8.79347,-17.7878,7.03043,11.7935,-11.7878]
],
"absorber_prisms": [
]
}