{
"time_step": 1e-05,
"number_of_molecules": 500000,
"diff_coef": 300,
"sim_time": 2.00556,
"absorbers": [
[-7.30143,1.88054,4.91454,4],
[-4.38693,-9.69205,7.47121,6],
[4.67352,14.1262,20.09,6],
[14.2584,-6.80664,-6.27446,6],
[7.38598,18.2947,-3.27917,3],
[3.89682,-5.38876,-7.46834,4],
[7.23079,5.20563,-1.27167,2]
],
"reflectors": [
[-1.20127,1.65461,12.8382,3],
[8.44243,14.951,10.2564,4],
[-16.6731,-2.69821,-18.4317,6],
[8.89859,7.16062,-15.1836,6]
],
"reflector_prisms": [
],
"absorber_prisms": [
]
}