{
"time_step": 1e-05,
"number_of_molecules": 500000,
"diff_coef": 150,
"sim_time": 2.17778,
"absorbers": [
[10.4628,-2.09385,11.9224,2]
],
"reflectors": [
[3.49072,-2.82645,-20.514,5]
],
"reflector_prisms": [
],
"absorber_prisms": [
[-8.42449,-10.4557,-14.2117,-2.42449,-8.45573,-9.21171],
[-2.10362,-4.67351,-11.5011,2.89638,-1.67351,-8.50109]
]
}