{"time_step": 1e-05, "number_of_molecules": 500000, "diff_coef": 250, "sim_time": 2.16, "absorbers": [[-6.35297, 4.50694, 19.502, 3], [4.46424, 0.65082, -20.5097, 3]], "reflectors": [], "reflector_prisms": [[-12.9092, -10.8157, -15.9661, -10.9092, -5.81572, -12.9661], [0.405659, 10.4341, -5.13143, 5.40566, 12.4341, -3.13143], [2.34386, -5.93741, -9.75016, 8.34386, -3.93741, -6.75016]], "absorber_prisms": [], "line_of_sight": [[28, 28, 0, 0, 0, 501], [31, 31, 0, 0, 0, 501]]}