{"time_step": 1e-05, "number_of_molecules": 500000, "diff_coef": 50, "sim_time": 5.63333, "absorbers": [[9.09458, -10.5063, -7.93138, 3]], "reflectors": [[-1.51637, 0.521964, -12.9007, 2]], "reflector_prisms": [[-9.96362, 4.58485, -17.5104, -3.96362, 9.58485, -12.5104]], "absorber_prisms": [[7.17573, -3.59638, 2.64109, 11.1757, 0.403621, 4.64109]], "line_of_sight": [[0, 0, 0, 0, 0, 496]]}