{"time_step": 1e-05, "number_of_molecules": 500000, "diff_coef": 300, "sim_time": 0.2, "absorbers": [[-0.763081, -0.460245, -8.95577, 3]], "reflectors": [[-2.33636, 8.54807, -1.57225, 4], [5.46762, -8.3721, 0.114118, 3], [-21.9105, -10.4874, -5.9114, 6], [4.21497, 20.5713, -0.236913, 4], [1.47612, -0.00728401, 16.9358, 5]], "reflector_prisms": [], "absorber_prisms": [], "line_of_sight": [[217, 0, 217, 0, 0, 500]]}