{
"time_step": 1e-05,
"number_of_molecules": 500000,
"diff_coef": 400,
"sim_time": 1.06667,
"absorbers": [
[-1.59732,1.20051,21.9091,6]
],
"reflectors": [
],
"reflector_prisms": [
[-9.03808,2.12256,-7.61063,-4.03808,6.12256,-1.61063]
],
"absorber_prisms": [
[16.2991,3.21039,-3.15767,21.2991,6.21039,-1.15767],
[13.3419,-14.9294,-3.43715,16.3419,-12.9294,-1.43715],
[6.1447,11.1764,2.96819,10.1447,16.1764,8.96819]
]
}