{
"time_step": 1e-05,
"number_of_molecules": 500000,
"diff_coef": 200,
"sim_time": 3.00833,
"absorbers": [
[3.41249,-5.06168,17.9926,7],
[-12.3978,-5.48968,-3.48694,6],
[13.8664,-16.4847,-4.4695,7],
[4.35651,3.87833,-17.0288,6],
[-8.54075,0.599775,-13.5165,5],
[-0.94573,24.955,1.16324,6]
],
"reflectors": [
],
"reflector_prisms": [
],
"absorber_prisms": [
]
}