{
"time_step": 1e-05,
"number_of_molecules": 500000,
"diff_coef": 250,
"sim_time": 1.70667,
"absorbers": [
[0.771546,5.66546,-20.2066,5],
[-13.5375,-8.34924,-12.1254,4],
[16.232,-9.86519,-8.95546,6]
],
"reflectors": [
[17.2024,-11.5537,3.40447,2],
[-8.00476,-15.0757,8.34555,3],
[-3.982,10.7787,-7.99776,5],
[0.732778,-0.979903,-10.9317,3]
],
"reflector_prisms": [
],
"absorber_prisms": [
]
}