{"time_step": 1e-05, "number_of_molecules": 500000, "diff_coef": 200, "sim_time": 2.7, "absorbers": [[-15.0448, -17.158, 7.43355, 6], [21.9257, 1.65683, -0.719216, 7], [11.2535, 4.1605, -10.5853, 6], [6.29655, 0.523631, 13.6044, 5]], "reflectors": [], "reflector_prisms": [], "absorber_prisms": [], "line_of_sight": [[52, 52, 0, 0, 0, 497], [0, 0, 0, 0, 0, 501], [35, 35, 0, 0, 0, 503], [0, 0, 0, 0, 0, 501]]}