{"time_step": 1e-05, "number_of_molecules": 500000, "diff_coef": 100, "sim_time": 2.4, "absorbers": [[0.312002, -3.67283, -17.6185, 6]], "reflectors": [], "reflector_prisms": [], "absorber_prisms": [[-2.3267, 14.8252, -8.06931, 1.6733, 20.8252, -5.06931], [-8.34986, -3.30135, -9.37835, -6.34986, -1.30135, -3.37835], [11.3477, -3.01168, -5.75674, 17.3477, 0.988322, -2.75674]], "line_of_sight": [[0, 0, 0, 0, 0, 499]]}