{
"time_step": 1e-05,
"number_of_molecules": 500000,
"diff_coef": 300,
"sim_time": 0.45,
"absorbers": [
[-3.3402,4.84693,13.7968,6]
],
"reflectors": [
[3.04608,-14.6304,10.0336,6],
[0.858638,-6.93191,3.90017,3]
],
"reflector_prisms": [
[-9.85135,-19.129,-7.72746,-4.85135,-15.129,-3.72746],
[-6.99182,-6.48135,-9.03424,-2.99182,-1.48135,-5.03424]
],
"absorber_prisms": [
]
}