{"time_step": 1e-05, "number_of_molecules": 500000, "diff_coef": 350, "sim_time": 1.71905, "absorbers": [[-2.11043, 7.8957, -13.7551, 6], [-10.3717, -11.7436, -3.24269, 5], [-3.18004, 6.18804, 21.9225, 4], [-5.4494, 14.4034, 9.31918, 2], [2.24527, -2.21855, 14.6641, 4], [-18.9227, 10.8451, -2.88345, 6], [11.5256, 7.64399, 15.8028, 2]], "reflectors": [[6.78996, -0.699213, -9.86953, 6], [1.07734, -22.1071, 6.25413, 4]], "reflector_prisms": [], "absorber_prisms": [], "line_of_sight": [[121, 121, 0, 0, 0, 500], [0, 0, 0, 0, 0, 496], [258, 0, 258, 0, 0, 499], [0, 0, 0, 0, 0, 500], [235, 216, 19, 0, 0, 503], [0, 0, 0, 0, 0, 498], [0, 0, 0, 0, 0, 503]]}