{
"time_step": 1e-05,
"number_of_molecules": 500000,
"diff_coef": 200,
"sim_time": 1.2,
"absorbers": [
[-6.50721,13.4442,-5.73678,4],
[-0.615595,2.12813,-8.72308,3]
],
"reflectors": [
[-9.21404,-15.7102,5.41219,6]
],
"reflector_prisms": [
],
"absorber_prisms": [
[-16.4169,-7.43952,-0.62433,-10.4169,-5.43952,4.37567],
[3.58723,-6.51365,8.71425,8.58723,-4.51365,12.7143]
]
}