{"time_step": 1e-05, "number_of_molecules": 500000, "diff_coef": 300, "sim_time": 1.42222, "absorbers": [[18.8568, -7.87398, -4.83959, 5], [-11.8585, 3.47671, -19.3981, 7], [5.75019, -19.1522, 0.358199, 6]], "reflectors": [[-3.5938, -4.4784, -22.2717, 4], [8.39832, 1.23766, -20.2962, 6], [-15.9854, 11.8106, -2.23033, 6]], "reflector_prisms": [], "absorber_prisms": [], "line_of_sight": [[111, 0, 111, 0, 0, 500], [0, 0, 0, 0, 0, 504], [0, 0, 0, 0, 0, 502]]}