{
"time_step": 1e-05,
"number_of_molecules": 500000,
"diff_coef": 200,
"sim_time": 2.40833,
"absorbers": [
[0.430332,10.1848,14.8353,3],
[6.55734,0.170438,-10.0485,4],
[-3.72668,-20.945,5.60537,5]
],
"reflectors": [
],
"reflector_prisms": [
],
"absorber_prisms": [
[-3.99321,-4.4235,-9.14374,1.00679,0.576501,-7.14374]
]
}