{
"time_step": 1e-05,
"number_of_molecules": 500000,
"diff_coef": 50,
"sim_time": 8.53333,
"absorbers": [
[-7.79786,11.6219,-0.354952,4],
[1.23172,7.34049,8.09939,2],
[-9.2234,-0.0288859,-15.4573,2],
[2.29374,-9.73337,0.017346,3],
[-3.74443,-0.586861,8.16302,4],
[0.466296,0.907747,-7.93464,2],
[5.21523,16.9103,-3.29277,6],
[-9.06982,-4.02112,1.2526,5]
],
"reflectors": [
],
"reflector_prisms": [
],
"absorber_prisms": [
]
}