{"time_step": 1e-05, "number_of_molecules": 500000, "diff_coef": 100, "sim_time": 5.4, "absorbers": [[-2.34783, 17.4599, 16.2985, 6], [7.03779, -8.44045, 4.81957, 3], [11.5815, 2.66223, -1.66802, 3]], "reflectors": [[-20.7892, 2.72239, -1.18163, 4], [-1.44367, -6.70581, 8.5993, 6], [1.08873, -7.87411, -11.5245, 2], [-9.00461, 17.4324, 7.48518, 4]], "reflector_prisms": [], "absorber_prisms": [], "line_of_sight": [[99, 0, 99, 0, 0, 498], [0, 0, 0, 0, 0, 498], [38, 0, 38, 0, 0, 503]]}