{"time_step": 1e-05, "number_of_molecules": 500000, "diff_coef": 50, "sim_time": 12.0333, "absorbers": [[5.4821, 8.62361, -20.6053, 4], [-6.81184, -5.80189, 21.1881, 4], [-9.35118, -0.490984, -16.5322, 6]], "reflectors": [], "reflector_prisms": [], "absorber_prisms": [[-24.534, 1.77658, 1.45444, -18.534, 5.77658, 3.45444], [-1.07929, -5.92588, 4.30313, 0.920707, -3.92588, 8.30313]], "line_of_sight": [[217, 217, 0, 0, 0, 499], [216, 216, 0, 0, 0, 502], [0, 0, 0, 0, 0, 501]]}