{"time_step": 1e-05, "number_of_molecules": 500000, "diff_coef": 150, "sim_time": 0.711111, "absorbers": [[3.89221, 10.2538, -0.842846, 3]], "reflectors": [[1.64043, 3.56975, -14.4764, 5]], "reflector_prisms": [[-8.50073, 9.30584, 13.8547, -3.50073, 12.3058, 18.8547]], "absorber_prisms": [[-2.87536, -15.2274, -8.8081, 2.12464, -9.22738, -4.8081], [-1.85307, -1.46111, 13.9993, 2.14693, 1.53889, 18.9993], [-4.7928, 15.2866, -7.91293, -2.7928, 19.2866, -5.91293]], "line_of_sight": [[0, 0, 0, 0, 0, 500]]}