{"time_step": 1e-05, "number_of_molecules": 500000, "diff_coef": 200, "sim_time": 1.875, "absorbers": [[-0.842746, -14.7653, -14.9089, 6], [8.72854, -4.53411, 4.92487, 3], [-11.6125, 13.3156, 3.44141, 6]], "reflectors": [], "reflector_prisms": [[12.0105, -7.12916, -7.86717, 15.0105, -3.12916, -5.86717], [-18.5092, 3.74335, 0.930498, -16.5092, 8.74335, 6.9305]], "absorber_prisms": [], "line_of_sight": [[0, 0, 0, 0, 0, 503], [0, 0, 0, 0, 0, 494], [0, 0, 0, 0, 0, 500]]}