{
"time_step": 1e-05,
"number_of_molecules": 500000,
"diff_coef": 300,
"sim_time": 2.00556,
"absorbers": [
[14.5685,2.1594,-2.84555,4],
[-0.995285,-7.97331,7.51238,5],
[-3.52332,-14.1231,17.808,4],
[5.7645,2.77998,17.8897,6],
[-5.78885,9.37663,6.89695,6],
[1.6398,23.7841,-2.76213,5],
[0.674457,-1.53109,-14.9064,4]
],
"reflectors": [
],
"reflector_prisms": [
],
"absorber_prisms": [
]
}