{"time_step": 1e-05, "number_of_molecules": 500000, "diff_coef": 400, "sim_time": 1.06667, "absorbers": [[-4.56462, 10.924, 14.8604, 3]], "reflectors": [[7.52461, 9.11457, -12.219, 3]], "reflector_prisms": [[-1.41236, -21.8279, -3.55182, 0.587638, -16.8279, -1.55182]], "absorber_prisms": [[5.68656, -2.96202, -9.45356, 8.68656, 3.03798, -4.45356], [-7.41228, 2.00111, -8.16683, -3.41228, 8.00111, -2.16683]], "line_of_sight": [[0, 0, 0, 0, 0, 497]]}