{
"time_step": 1e-05,
"number_of_molecules": 500000,
"diff_coef": 50,
"sim_time": 4.03333,
"absorbers": [
[7.64338,-6.73131,8.07887,2]
],
"reflectors": [
[7.13472,-18.3206,3.66759,5],
[-18.4076,-4.50242,-1.37407,6]
],
"reflector_prisms": [
[-5.2833,-5.30042,-23.6138,-1.2833,0.699584,-17.6138],
[-3.35397,-4.63469,-16.3922,-0.353967,-2.63469,-10.3922],
[-8.00061,4.11339,11.7342,-3.00061,10.1134,14.7342]
],
"absorber_prisms": [
]
}