{"time_step": 1e-05, "number_of_molecules": 500000, "diff_coef": 200, "sim_time": 0.3, "absorbers": [[3.47846, 8.81678, 3.18821, 4]], "reflectors": [[7.49413, 6.22359, 12.6927, 3]], "reflector_prisms": [[-6.49737, -7.49256, -21.7135, -0.497365, -1.49256, -18.7135]], "absorber_prisms": [[-11.6713, 12.8779, -7.48144, -9.67133, 14.8779, -4.48144]], "line_of_sight": [[0, 0, 0, 0, 0, 500]]}