{"time_step": 1e-05, "number_of_molecules": 500000, "diff_coef": 300, "sim_time": 1.42222, "absorbers": [[5.30934, 2.48305, 13.8074, 2], [-12.4236, 12.7988, -2.41743, 4], [-8.39142, -8.69725, -8.88493, 2], [1.23137, -13.1002, 9.10318, 5], [0.252321, 3.17413, 12.604, 3], [-7.71729, -10.629, -13.7283, 3], [-6.92327, 7.98787, -9.17945, 2], [1.60816, 6.25348, -12.4221, 4]], "reflectors": [], "reflector_prisms": [], "absorber_prisms": [], "line_of_sight": [[35, 35, 0, 0, 0, 501], [0, 0, 0, 0, 0, 497], [133, 133, 0, 0, 0, 502], [58, 58, 0, 0, 0, 501], [20, 20, 0, 0, 0, 499], [100, 100, 0, 0, 0, 500], [0, 0, 0, 0, 0, 497], [63, 63, 0, 0, 0, 499]]}