{
"time_step": 1e-05,
"number_of_molecules": 500000,
"diff_coef": 300,
"sim_time": 1.42222,
"absorbers": [
[-8.26216,1.98059,-9.83941,6],
[-4.7856,-5.03805,21.9252,7],
[0.158762,-3.10101,-17.7302,4],
[5.61443,3.95937,7.26646,5],
[-8.23109,4.32478,9.08545,6],
[8.91514,-6.61998,-8.5262,6]
],
"reflectors": [
[0.114407,-9.37072,7.4951,4],
[19.0318,12.7996,-1.72041,6],
[3.88029,18.8349,-5.49444,7],
[11.1989,-5.96556,2.82798,5]
],
"reflector_prisms": [
],
"absorber_prisms": [
]
}