{"time_step": 1e-05, "number_of_molecules": 500000, "diff_coef": 100, "sim_time": 1.35, "absorbers": [[5.54867, 3.71334, -11.1545, 4]], "reflectors": [], "reflector_prisms": [[0.579639, -0.0591222, 7.48122, 2.57964, 5.94088, 13.4812], [11.5667, -17.9199, 1.0637, 16.5667, -14.9199, 7.0637], [16.315, -6.65142, 3.55169, 20.315, -2.65142, 9.55169], [-0.790089, -7.04285, 5.21313, 4.20991, -4.04285, 7.21313]], "absorber_prisms": [], "line_of_sight": [[0, 0, 0, 0, 0, 497]]}