{
"time_step": 1e-05,
"number_of_molecules": 500000,
"diff_coef": 200,
"sim_time": 0.533333,
"absorbers": [
[5.45542,9.16266,-2.6989,3],
[-2.12876,1.95027,9.57418,5]
],
"reflectors": [
],
"reflector_prisms": [
[-2.96436,-6.43132,-11.5754,0.0356362,-3.43132,-5.57542],
[-7.57317,13.9095,6.76505,-3.57317,17.9095,10.7651],
[9.49413,-1.43233,-0.655432,11.4941,1.56767,1.34457]
],
"absorber_prisms": [
]
}