{"time_step": 1e-05, "number_of_molecules": 500000, "diff_coef": 50, "sim_time": 10.8, "absorbers": [[-8.99279, -8.14238, 8.8222, 5], [-17.8624, -0.440215, 17.4854, 7], [10.5473, 3.11761, -0.188572, 6], [2.03851, 3.99937, 10.0424, 5], [-11.3243, -9.30719, -19.0036, 6]], "reflectors": [[-12.1029, 8.83883, -0.627507, 6], [21.9559, -3.2545, -6.02881, 7]], "reflector_prisms": [], "absorber_prisms": [], "line_of_sight": [[178, 178, 0, 0, 0, 501], [164, 128, 55, 0, 0, 500], [210, 99, 135, 0, 0, 500], [100, 100, 0, 0, 0, 505], [354, 354, 0, 0, 0, 495]]}