{"time_step": 1e-05, "number_of_molecules": 500000, "diff_coef": 150, "sim_time": 2.84444, "absorbers": [[-5.67804, -8.05881, 1.67792, 2], [2.1308, -1.11229, 21.8683, 6], [3.47727, 16.6395, -0.185331, 5]], "reflectors": [[-4.24922, 5.58008, 9.73688, 5], [-13.6653, 10.1814, 8.40234, 2], [-9.58976, -6.57154, -15.0284, 3], [-4.57684, 15.279, 1.26667, 2]], "reflector_prisms": [], "absorber_prisms": [], "line_of_sight": [[75, 75, 0, 0, 0, 501], [0, 0, 0, 0, 0, 498], [48, 48, 0, 0, 0, 499]]}