{"time_step": 1e-05, "number_of_molecules": 500000, "diff_coef": 300, "sim_time": 0.138889, "absorbers": [[-4.44612, 0.354689, 8.95021, 5]], "reflectors": [], "reflector_prisms": [[7.47873, 5.21908, 16.0575, 10.4787, 9.21908, 19.0575]], "absorber_prisms": [[-16.05, 8.59802, -5.71414, -11.05, 12.598, -0.714145], [-17.5004, 2.92984, 9.04111, -12.5004, 8.92984, 11.0411], [-9.76936, 0.936675, 0.239999, -7.76936, 5.93667, 2.24], [-7.89041, -18.7112, 0.959786, -2.89041, -14.7112, 6.95979]], "line_of_sight": [[0, 0, 0, 0, 0, 500]]}