{"time_step": 1e-05, "number_of_molecules": 500000, "diff_coef": 100, "sim_time": 1.06667, "absorbers": [[0.549061, 0.26885, -13.9866, 6]], "reflectors": [[3.93461, -0.973514, 24.6692, 6], [10.8961, -0.653708, 4.98479, 5], [-0.00216029, 0.00965138, 12, 6]], "reflector_prisms": [[-15.2506, -6.48711, -2.83704, -13.2506, -2.48711, 0.162964]], "absorber_prisms": [[-8.40785, 5.9977, 10.1177, -4.40785, 7.9977, 13.1177]], "line_of_sight": [[500, 0, 562, 0, 0, 500]]}