{"time_step": 1e-05, "number_of_molecules": 500000, "diff_coef": 150, "sim_time": 2.84444, "absorbers": [[1.71064, -3.8039, 16.4804, 6], [-0.229053, 8.24047, -18.222, 4]], "reflectors": [[-4.81869, 3.08717, -10.5475, 4], [5.39995, -1.25601, -17.1249, 4]], "reflector_prisms": [], "absorber_prisms": [], "line_of_sight": [[327, 103, 233, 0, 0, 499], [387, 387, 128, 0, 0, 501]]}