{
"time_step": 1e-05,
"number_of_molecules": 500000,
"diff_coef": 300,
"sim_time": 0.45,
"absorbers": [
[6.25166,13.356,2.74497,6]
],
"reflectors": [
],
"reflector_prisms": [
[-0.450122,2.25918,-8.19008,2.54988,6.25918,-5.19008],
[-1.10669,-16.0256,15.4132,3.89331,-10.0256,17.4132],
[-3.08663,-6.41858,13.5927,0.913373,-0.41858,17.5927]
],
"absorber_prisms": [
[-8.92407,-11.7418,5.49489,-4.92407,-8.74178,11.4949],
[13.4288,-5.17566,7.20138,17.4288,-1.17566,12.2014]
]
}