{
"time_step": 1e-05,
"number_of_molecules": 500000,
"diff_coef": 100,
"sim_time": 2.81667,
"absorbers": [
[-3.30493,18.0416,-4.95759,6]
],
"reflectors": [
[-4.19109,4.74087,7.74331,2]
],
"reflector_prisms": [
[6.43782,-4.65734,-2.02079,12.4378,-1.65734,3.97921],
[-13.941,-5.93518,4.5159,-8.94098,0.0648205,10.5159],
[10.276,3.51457,15.2317,12.276,9.51457,20.2317],
[-13.2218,5.08398,15.467,-7.22182,11.084,17.467]
],
"absorber_prisms": [
]
}