{"time_step": 1e-05, "number_of_molecules": 500000, "diff_coef": 300, "sim_time": 1.08889, "absorbers": [[0.888595, 11.5703, -11.0154, 2]], "reflectors": [[-14.0271, -5.87646, -14.4813, 4]], "reflector_prisms": [[-4.05218, 2.1889, 13.2296, -1.05218, 6.1889, 17.2296], [-1.12293, 7.21482, -18.9073, 0.877066, 12.2148, -14.9073]], "absorber_prisms": [[-0.523014, -9.58301, -21.3603, 2.47699, -3.58301, -16.3603], [-1.14534, -1.54616, -21.4761, 0.854658, 3.45384, -17.4761]], "line_of_sight": [[0, 0, 0, 0, 0, 500]]}