{
"time_step": 1e-05,
"number_of_molecules": 500000,
"diff_coef": 350,
"sim_time": 1.37619,
"absorbers": [
[-22.4042,1.96185,4.81689,6],
[11.4045,-13.0437,11.8659,4],
[10.3778,2.25844,21.5221,7],
[-9.82621,12.627,0.0684947,6],
[6.53296,2.68782,-7.07786,5],
[3.79049,10.9531,5.8874,7]
],
"reflectors": [
[10.196,16.9199,-7.1245,7],
[-16.9264,-7.01696,-10.2595,6],
[-11.2175,0.683726,8.34862,5]
],
"reflector_prisms": [
],
"absorber_prisms": [
]
}