{
"time_step": 1e-05,
"number_of_molecules": 500000,
"diff_coef": 250,
"sim_time": 1.12667,
"absorbers": [
[8.25258,-12.2349,-2.68346,2],
[4.15129,-5.51062,-8.56737,5]
],
"reflectors": [
[-2.18127,-0.147535,10.7806,3]
],
"reflector_prisms": [
[10.6577,-12.3204,-13.7813,12.6577,-9.32035,-8.78134]
],
"absorber_prisms": [
]
}