{
"time_step": 1e-05,
"number_of_molecules": 500000,
"diff_coef": 100,
"sim_time": 5.4,
"absorbers": [
[-5.37038,2.86886,-21.1407,4]
],
"reflectors": [
],
"reflector_prisms": [
[2.90735,3.22657,0.100511,8.90735,6.22657,5.10051],
[-12.1224,-6.01615,-9.15227,-9.12241,-4.01615,-4.15227],
[-12.6494,4.8195,12.1175,-7.64941,7.8195,16.1175]
],
"absorber_prisms": [
[-1.35253,-0.585626,-10.8646,2.64747,3.41437,-6.86455],
[8.79495,6.23977,8.99626,10.795,11.2398,10.9963]
]
}