{
"time_step": 1e-05,
"number_of_molecules": 500000,
"diff_coef": 200,
"sim_time": 2.7,
"absorbers": [
[2.60183,-3.30232,10.1649,4],
[1.87747,2.768,20.7319,6],
[20.7841,-6.20208,7.65217,5],
[10.0833,-15.8792,-6.79544,7],
[-11.2242,16.8314,8.64405,4],
[11.6871,-1.48353,9.28496,4]
],
"reflectors": [
],
"reflector_prisms": [
],
"absorber_prisms": [
]
}