{
"time_step": 1e-05,
"number_of_molecules": 500000,
"diff_coef": 250,
"sim_time": 0.96,
"absorbers": [
[3.35927,-5.16789,15.8432,5]
],
"reflectors": [
[1.78633,3.06854,-9.34843,3],
[-8.22371,15.0209,-12.1549,3],
[0.212119,-5.22445,-12.9869,3]
],
"reflector_prisms": [
[-9.30483,3.86477,-10.6873,-3.30483,6.86477,-6.68725]
],
"absorber_prisms": [
]
}