{"time_step": 1e-05, "number_of_molecules": 500000, "diff_coef": 300, "sim_time": 1.60556, "absorbers": [[0.208105, 0.476922, -13.9903, 7], [-12.4081, 7.43993, 3.96053, 4], [2.04443, 10.8751, 8.57633, 7], [-6.094, 11.7284, 16.3189, 4]], "reflectors": [[-7.54917, 24.7956, 2.04674, 7], [13.0909, -3.84904, 20.9478, 6]], "reflector_prisms": [], "absorber_prisms": [], "line_of_sight": [[128, 64, 64, 0, 0, 502], [0, 0, 0, 0, 0, 502], [146, 111, 35, 0, 0, 500], [248, 248, 0, 0, 0, 499]]}