{"time_step": 1e-05, "number_of_molecules": 500000, "diff_coef": 150, "sim_time": 4.01111, "absorbers": [[-4.05922, 2.34037, 24.557, 6], [-0.701717, -0.0170938, -19.9877, 5], [-15.4948, 8.46274, 13.126, 6], [-0.0734925, -0.172058, 10.9984, 4], [6.97715, 9.60455, 20.8584, 5], [8.46005, 7.33766, 6.602, 7]], "reflectors": [[-8.98507, -6.34319, 0.180319, 4], [-0.498134, 14.9073, 1.58862, 5], [-8.95679, 13.9252, -12.9176, 5]], "reflector_prisms": [], "absorber_prisms": [], "line_of_sight": [[384, 590, 0, 0, 0, 501], [500, 689, 0, 0, 0, 500], [0, 0, 0, 0, 0, 498], [204, 229, 0, 0, 0, 500], [318, 318, 0, 0, 0, 503], [171, 58, 113, 0, 0, 502]]}