{
"time_step": 1e-05,
"number_of_molecules": 500000,
"diff_coef": 100,
"sim_time": 2.01667,
"absorbers": [
[10.7146,9.65596,6.92526,5]
],
"reflectors": [
[12.5424,-8.99511,19.6666,6],
[-9.2561,-2.23216,3.05649,3]
],
"reflector_prisms": [
],
"absorber_prisms": [
[-0.44521,-0.474361,4.86355,2.55479,2.52564,10.8636],
[-12.4972,0.66087,-17.6755,-10.4972,5.66087,-15.6755]
]
}