{
"time_step": 1e-05,
"number_of_molecules": 500000,
"diff_coef": 100,
"sim_time": 1.06667,
"absorbers": [
[0.597219,-1.39641,10.8946,3]
],
"reflectors": [
[4.83619,7.78143,-18.896,3],
[-13.9587,-1.07407,0.0223984,2]
],
"reflector_prisms": [
[-8.30063,-0.594065,2.47175,-5.30063,3.40594,5.47175],
[-8.50769,-14.6795,9.9683,-4.50769,-12.6795,12.9683]
],
"absorber_prisms": [
]
}