{
"time_step": 1e-05,
"number_of_molecules": 500000,
"diff_coef": 200,
"sim_time": 2.13333,
"absorbers": [
[0.00961965,0.0191278,8.99997,4],
[11.0108,17.606,-3.12898,5]
],
"reflectors": [
[1.69345,-9.31323,20.9618,5],
[8.57565,5.64485,-12.2717,2],
[1.86074,-10.5154,5.47389,3],
[-9.85686,-3.67447,17.01,5]
],
"reflector_prisms": [
],
"absorber_prisms": [
]
}