{"time_step": 1e-05, "number_of_molecules": 500000, "diff_coef": 400, "sim_time": 1.50417, "absorbers": [[6.03433, 11.0471, -11.4258, 6], [4.37569, 4.99921, 7.47404, 4], [0.299079, -4.33511, -22.5858, 4], [-14.6784, -1.68504, 11.9459, 3], [10.4863, 9.23914, 15.6741, 6], [-1.06545, -1.69293, 16.8819, 2], [-10.4901, 7.84057, 4.94813, 4]], "reflectors": [[3.61001, -4.32058, 5.68334, 3], [-7.03012, 3.59734, -4.31701, 4], [0.199843, 0.0846241, 6.99664, 2]], "reflector_prisms": [], "absorber_prisms": [], "line_of_sight": [[0, 0, 0, 0, 0, 500], [71, 70, 1, 0, 0, 500], [353, 0, 353, 0, 0, 499], [0, 0, 0, 0, 0, 500], [499, 499, 0, 0, 0, 499], [500, 0, 500, 0, 0, 500], [0, 0, 0, 0, 0, 504]]}