{
"time_step": 1e-05,
"number_of_molecules": 500000,
"diff_coef": 200,
"sim_time": 2.40833,
"absorbers": [
[16.0815,13.0665,-3.41377,4]
],
"reflectors": [
[4.05373,-0.969888,-11.2528,2]
],
"reflector_prisms": [
],
"absorber_prisms": [
[-4.35848,5.37875,16.5534,-0.358476,8.37875,18.5534],
[-2.49213,-17.7361,-5.43922,2.50787,-14.7361,-0.439217]
]
}