{
"time_step": 1e-05,
"number_of_molecules": 500000,
"diff_coef": 100,
"sim_time": 5.4,
"absorbers": [
[1.76471,-13.868,-0.75039,7],
[-0.177082,6.35568,-16.8397,7],
[-17.5411,-8.65635,-4.1687,5],
[-10.8099,1.16452,-7.12677,7],
[7.10491,22.8698,-1.57947,6]
],
"reflectors": [
[11.8038,-3.25704,6.78694,4],
[12.0416,-10.1607,-6.38427,4],
[-7.81073,15.5484,-11.7576,4]
],
"reflector_prisms": [
],
"absorber_prisms": [
]
}