{"time_step": 1e-05, "number_of_molecules": 500000, "diff_coef": 100, "sim_time": 0.416667, "absorbers": [[0.0358937, 0.158485, -7.99835, 3]], "reflectors": [], "reflector_prisms": [[-4.41018, 3.77996, 12.3154, -1.41018, 9.77996, 18.3154], [6.40524, -5.81262, -3.75365, 12.4052, -0.812621, 2.24635], [-0.641333, 13.2458, 8.27368, 5.35867, 17.2458, 10.2737], [5.3706, 14.4625, -10.1679, 11.3706, 17.4625, -7.16794]], "absorber_prisms": [], "line_of_sight": [[0, 0, 0, 0, 0, 499]]}