{"time_step": 1e-05, "number_of_molecules": 500000, "diff_coef": 250, "sim_time": 1.12667, "absorbers": [[-12.5755, 4.2389, 8.93808, 3]], "reflectors": [[0.332946, 2.1893, -10.7748, 3]], "reflector_prisms": [[-9.33129, 9.80615, 6.52954, -3.33129, 14.8061, 9.52954], [8.11295, -4.08167, 12.569, 13.1129, -2.08167, 14.569]], "absorber_prisms": [[-8.95549, -14.6029, -13.84, -5.95549, -9.60294, -9.83996]], "line_of_sight": [[0, 0, 0, 0, 0, 500]]}