{"time_step": 1e-05, "number_of_molecules": 500000, "diff_coef": 300, "sim_time": 2.00556, "absorbers": [[8.28975, 18.6191, -5.0606, 2], [8.33929, 4.7315, -2.84062, 5]], "reflectors": [], "reflector_prisms": [[-1.16771, 7.0782, 11.6741, 0.832294, 11.0782, 14.6741], [0.225623, -2.7649, 11.8212, 2.22562, -0.764901, 13.8212], [-0.750474, -4.21859, -19.8222, 4.24953, 0.781412, -13.8222]], "absorber_prisms": [[-11.1137, 15.3546, -4.5065, -8.11372, 20.3546, -1.5065]], "line_of_sight": [[14, 14, 0, 0, 0, 500], [3, 3, 0, 0, 0, 501]]}