{
"time_step": 1e-05,
"number_of_molecules": 500000,
"diff_coef": 50,
"sim_time": 10.8,
"absorbers": [
[13.4831,-17.2062,2.48024,4],
[-8.16353,13.7451,0.655138,7],
[1.12496,5.67851,22.2596,6],
[1.93149,2.08579,-11.6584,4],
[-7.41872,-1.20856,10.6067,5],
[3.4987,-7.04578,17.295,5]
],
"reflectors": [
],
"reflector_prisms": [
],
"absorber_prisms": [
]
}