{"time_step": 1e-05, "number_of_molecules": 500000, "diff_coef": 350, "sim_time": 1.37619, "absorbers": [[0.342121, 0.00635002, -22.9975, 6], [8.63954, -0.149756, 16.9215, 6], [-3.72797, -11.2782, -19.6953, 6], [11.9559, 9.37063, 13.0095, 4]], "reflectors": [], "reflector_prisms": [], "absorber_prisms": [], "line_of_sight": [[83, 83, 0, 0, 0, 501], [66, 66, 0, 0, 0, 501], [0, 0, 0, 0, 0, 501], [0, 0, 0, 0, 0, 502]]}