{"time_step": 1e-05, "number_of_molecules": 500000, "diff_coef": 50, "sim_time": 9.63333, "absorbers": [[-7.18893, -6.08027, -14.1545, 4], [-14.6196, 11.8873, 2.44093, 7], [-1.90581, -1.55185, -22.8683, 7], [2.24208, 2.94891, 18.6354, 4], [-7.71831, 0.919026, 20.5811, 5], [12.9472, 3.45415, -16.1691, 5], [15.0696, -10.4193, 10.2638, 6]], "reflectors": [], "reflector_prisms": [], "absorber_prisms": [], "line_of_sight": [[71, 125, 0, 0, 0, 504], [18, 18, 0, 0, 0, 501], [204, 219, 0, 0, 0, 502], [500, 554, 0, 0, 0, 500], [179, 179, 0, 0, 0, 497], [80, 80, 0, 0, 0, 498], [27, 27, 0, 0, 0, 500]]}