{
"time_step": 1e-05,
"number_of_molecules": 500000,
"diff_coef": 250,
"sim_time": 1.30667,
"absorbers": [
[0.0423258,-1.27454,16.9521,4],
[-5.43899,-2.98269,-17.9589,6],
[16.6312,-9.52357,8.58506,7]
],
"reflectors": [
[5.42669,4.14843,7.30353,4]
],
"reflector_prisms": [
],
"absorber_prisms": [
]
}