{
"time_step": 1e-05,
"number_of_molecules": 500000,
"diff_coef": 100,
"sim_time": 1.06667,
"absorbers": [
[-2.11958,0.227245,9.77015,5],
[-6.41161,11.237,-1.2736,5]
],
"reflectors": [
],
"reflector_prisms": [
[15.6017,-9.79669,-4.28287,18.6017,-5.79669,-1.28287],
[8.1544,-9.29007,-1.59228,13.1544,-7.29007,1.40772],
[-7.42174,3.85704,-9.0539,-2.42174,9.85704,-5.0539]
],
"absorber_prisms": [
]
}