{"time_step": 1e-05, "number_of_molecules": 500000, "diff_coef": 150, "sim_time": 4.01111, "absorbers": [[4.37314, -6.27264, -20.6284, 3]], "reflectors": [], "reflector_prisms": [[-6.46378, -8.10846, -19.1618, -3.46378, -5.10846, -16.1618], [-11.8864, -18.469, 2.16178, -9.88642, -16.469, 6.16178], [-8.60351, -1.42012, 13.1038, -6.60351, 3.57988, 16.1038]], "absorber_prisms": [[-9.29272, 4.38163, -16.3025, -6.29272, 9.38163, -14.3025], [15.0814, -3.53224, 2.75836, 21.0814, -1.53224, 7.75836]], "line_of_sight": [[0, 0, 0, 0, 0, 498]]}