{
"time_step": 1e-05,
"number_of_molecules": 500000,
"diff_coef": 350,
"sim_time": 1.07143,
"absorbers": [
[-0.879681,-13.9068,12.9161,4]
],
"reflectors": [
],
"reflector_prisms": [
],
"absorber_prisms": [
[-13.843,-15.7956,-11.046,-10.843,-10.7956,-8.04598],
[3.75563,-8.13687,-4.19555,7.75563,-4.13687,-2.19555],
[-5.14857,0.0703928,-19.1528,-1.14857,3.07039,-16.1528]
]
}