{"time_step": 1e-05, "number_of_molecules": 500000, "diff_coef": 150, "sim_time": 2.5, "absorbers": [[-2.16384, 16.8396, -0.863372, 2]], "reflectors": [[0.256204, -10.2393, 17.1782, 2]], "reflector_prisms": [[6.72551, 3.35754, -3.52587, 8.72551, 5.35754, 0.474134], [-19.267, -5.79831, -0.807969, -14.267, 0.201685, 1.19203], [4.78361, -6.23103, -15.5291, 9.78361, -3.23103, -12.5291]], "absorber_prisms": [[4.62811, -2.49168, 5.86289, 6.62811, -0.491684, 7.86289]], "line_of_sight": [[0, 0, 0, 0, 0, 501]]}