{
"time_step": 1e-05,
"number_of_molecules": 500000,
"diff_coef": 400,
"sim_time": 0.504167,
"absorbers": [
[-8.66787,1.78724,-4.6555,4],
[-0.013351,-1.86349,15.8911,5]
],
"reflectors": [
[3.65608,4.51381,-20.1806,7],
[-9.55564,-15.3036,-8.63069,4]
],
"reflector_prisms": [
],
"absorber_prisms": [
]
}