{"time_step": 1e-05, "number_of_molecules": 500000, "diff_coef": 200, "sim_time": 2.40833, "absorbers": [[2.19504, 1.26484, -17.8208, 4], [2.90553, 1.89948, 14.5928, 7], [17.4399, 8.76053, -12.1698, 6], [-7.21046, 8.31632, -6.91723, 7], [-0.239143, -14.966, 0.979983, 4]], "reflectors": [[-7.8737, 0.476074, 21.6051, 4], [-15.4965, -2.40517, -6.56317, 6]], "reflector_prisms": [], "absorber_prisms": [], "line_of_sight": [[407, 331, 119, 0, 0, 500], [135, 126, 40, 0, 0, 497], [0, 0, 0, 0, 0, 497], [46, 32, 14, 0, 0, 502], [0, 0, 0, 0, 0, 500]]}