{"time_step": 1e-05, "number_of_molecules": 500000, "diff_coef": 200, "sim_time": 3.00833, "absorbers": [[2.50402, 0.537323, -9.6665, 3], [-20.6017, -4.21539, -11.5672, 5], [1.13666, -0.156658, -19.9671, 2]], "reflectors": [], "reflector_prisms": [[-5.59171, -6.78036, 16.3639, 0.408288, -1.78036, 22.3639], [-4.71966, -14.7535, 6.59245, -2.71966, -9.75353, 12.5925]], "absorber_prisms": [], "line_of_sight": [[38, 38, 0, 0, 0, 500], [0, 0, 0, 0, 0, 502], [494, 494, 0, 0, 0, 501]]}