{
"time_step": 1e-05,
"number_of_molecules": 500000,
"diff_coef": 200,
"sim_time": 2.13333,
"absorbers": [
[8.23373,5.97717,6.36232,4],
[-8.85274,11.9825,-1.74585,5],
[-6.32894,-8.99637,-0.0990968,2],
[-12.7047,-5.80648,-0.935735,4],
[-4.94751,-5.65002,-9.35945,6],
[6.0932,-5.97404,-8.43705,2],
[-3.45437,14.6059,9.93657,2],
[0.797396,-0.983491,9.91952,5]
],
"reflectors": [
],
"reflector_prisms": [
],
"absorber_prisms": [
]
}