{"time_step": 1e-05, "number_of_molecules": 500000, "diff_coef": 200, "sim_time": 2.7, "absorbers": [[6.54081, 5.10458, -3.48727, 4], [-14.8103, 7.56143, 6.89058, 4], [-11.2682, 7.24878, 21.1064, 7], [-1.20468, 3.77294, 9.18225, 5], [14.6116, -9.84784, 9.46148, 6], [-8.83634, -1.57753, -6.3585, 4]], "reflectors": [[-8.53245, -9.72146, 1.30023, 7], [-13.647, 7.42134, -3.83182, 4], [-3.58997, 9.41932, -4.40323, 6], [7.134, -5.90092, 23.2225, 7]], "reflector_prisms": [], "absorber_prisms": [], "line_of_sight": [[277, 0, 277, 0, 0, 501], [0, 0, 0, 0, 0, 499], [348, 348, 0, 0, 0, 498], [131, 103, 28, 0, 0, 503], [364, 19, 386, 0, 0, 499], [15, 15, 0, 0, 0, 499]]}