{
"time_step": 1e-05,
"number_of_molecules": 500000,
"diff_coef": 150,
"sim_time": 2.5,
"absorbers": [
[12.9922,0.151808,0.422828,4],
[17.6653,-1.05983,6.91464,4]
],
"reflectors": [
],
"reflector_prisms": [
[-3.98086,3.8016,-16.5767,2.01914,8.8016,-10.5767],
[11.1649,-9.58754,-12.1348,13.1649,-5.58754,-6.13479],
[0.538562,-2.18309,-19.4294,2.53856,2.81691,-15.4294],
[-4.03702,-1.18559,13.6748,-2.03702,3.81441,19.6748]
],
"absorber_prisms": [
]
}