{
"time_step": 1e-05,
"number_of_molecules": 500000,
"diff_coef": 350,
"sim_time": 1.71905,
"absorbers": [
[-20.5711,3.14476,-9.79494,4]
],
"reflectors": [
[-10.9994,-0.688275,-4.74761,4]
],
"reflector_prisms": [
],
"absorber_prisms": [
[-5.70574,16.5822,-5.50185,-0.705739,22.5822,0.498145],
[3.29602,2.16437,-7.78512,9.29602,5.16437,-2.78512],
[-1.05682,1.93633,15.1381,0.943185,4.93633,17.1381],
[10.071,-5.17994,-3.02385,13.071,-1.17994,2.97615]
]
}