{
"time_step": 1e-05,
"number_of_molecules": 500000,
"diff_coef": 50,
"sim_time": 9.63333,
"absorbers": [
[-18.484,4.4035,-6.24117,3]
],
"reflectors": [
],
"reflector_prisms": [
[8.23033,16.1943,0.338922,14.2303,19.1943,2.33892],
[-3.45852,-1.62834,-15.3926,0.541477,3.37166,-11.3926]
],
"absorber_prisms": [
[-12.1727,-0.915451,3.04309,-7.17273,2.08455,5.04309],
[-2.51176,3.14526,3.49486,3.48824,6.14526,9.49486],
[-2.18932,-3.87588,12.9554,3.81068,2.12412,18.9554]
]
}