{
"time_step": 1e-05,
"number_of_molecules": 500000,
"diff_coef": 300,
"sim_time": 0.355556,
"absorbers": [
[5.35598,-9.94426,-6.43623,7],
[10.2259,2.26149,3.36398,6],
[3.73119,2.53491,-13.2534,6]
],
"reflectors": [
[-3.10965,-3.03547,11.1855,7],
[-3.74136,-18.6641,-6.13613,4],
[-14.9629,-3.12839,-4.72505,5]
],
"reflector_prisms": [
],
"absorber_prisms": [
]
}