{
"time_step": 1e-05,
"number_of_molecules": 500000,
"diff_coef": 250,
"sim_time": 1.5,
"absorbers": [
[-8.18887,-8.38176,14.9562,6],
[-5.46045,19.3431,6.08513,6],
[-3.34796,19.9457,-8.65794,7],
[-15.1745,-5.27297,-5.56141,6],
[5.45286,4.96308,-11.901,6],
[7.54961,11.3159,6.32089,7]
],
"reflectors": [
[14.1848,-12.4838,-16.369,6],
[6.36605,-24.9323,3.72201,7],
[8.91076,-3.28897,12.8756,7],
[-15.2116,2.99135,-15.6096,5],
[18.5561,13.5962,-12.1166,7]
],
"reflector_prisms": [
],
"absorber_prisms": [
]
}