{
"time_step": 1e-05,
"number_of_molecules": 500000,
"diff_coef": 250,
"sim_time": 0.666667,
"absorbers": [
[-4.15413,14.4107,0.275601,5],
[-5.95851,6.65448,6.41982,4]
],
"reflectors": [
],
"reflector_prisms": [
],
"absorber_prisms": [
[3.81582,14.1444,1.66527,6.81582,18.1444,6.66527],
[12.9304,-8.38096,8.07159,17.9304,-4.38096,12.0716],
[2.96198,-2.72668,-12.0967,5.96198,2.27332,-9.09667]
]
}