{"time_step": 1e-05, "number_of_molecules": 500000, "diff_coef": 400, "sim_time": 1.50417, "absorbers": [[-20.8254, 10.251, 6.10075, 6], [6.15039, -10.4665, -18.3474, 5], [3.49048, -0.0309991, -13.5579, 4], [-1.84893, -10.5862, 10.4648, 3], [-4.05725, 19.9239, -5.25129, 2], [-2.6227, 9.74957, -6.48593, 3], [-0.046267, 0.737245, 18.9856, 6], [5.92316, -10.2297, -2.06634, 3]], "reflectors": [[-10.2873, 10.876, -0.940807, 5], [-2.52551, -12.3008, -3.36322, 5], [-9.73442, 10.702, 10.7102, 5], [12.2831, -4.94131, 16.3006, 3], [-1.61481, -15.0656, 7.70845, 2], [-4.66139, 1.41534, -7.56758, 3], [14.4207, 9.50398, 7.91939, 2]], "reflector_prisms": [], "absorber_prisms": [], "line_of_sight": [[134, 0, 134, 0, 0, 501], [151, 27, 124, 0, 0, 499], [247, 247, 0, 0, 0, 501], [83, 66, 17, 0, 0, 503], [61, 61, 0, 0, 0, 499], [97, 69, 28, 0, 0, 498], [247, 188, 59, 0, 0, 498], [242, 0, 242, 0, 0, 500]]}