{
"time_step": 1e-05,
"number_of_molecules": 500000,
"diff_coef": 350,
"sim_time": 1.71905,
"absorbers": [
[6.11164,-13.2446,-12.175,5],
[6.79022,13.1214,13.4804,4],
[-1.5557,-11.4849,5.8888,4],
[24.6069,-0.613134,4.3731,6]
],
"reflectors": [
],
"reflector_prisms": [
],
"absorber_prisms": [
]
}