{"time_step": 1e-05, "number_of_molecules": 500000, "diff_coef": 50, "sim_time": 12.0333, "absorbers": [[-12.8922, -1.74946, -12.439, 2], [-22.8542, 7.2937, 0.699196, 5], [1.82256, -2.61609, 11.5687, 5]], "reflectors": [], "reflector_prisms": [[8.2731, -17.2333, -11.053, 10.2731, -13.2333, -7.05302]], "absorber_prisms": [[-6.1037, -8.92023, -4.70386, -4.1037, -2.92023, 1.29614]], "line_of_sight": [[0, 0, 0, 0, 0, 502], [0, 0, 0, 0, 0, 502], [0, 0, 0, 0, 0, 502]]}