{
"time_step": 1e-05,
"number_of_molecules": 500000,
"diff_coef": 400,
"sim_time": 0.816667,
"absorbers": [
[0.192112,-1.564,17.9309,4],
[-2.24683,0.474164,-18.8607,6]
],
"reflectors": [
],
"reflector_prisms": [
[6.9234,-6.77176,3.40572,8.9234,-1.77176,7.40572]
],
"absorber_prisms": [
[-2.93988,-7.29491,9.7903,2.06012,-5.29491,11.7903]
]
}