{
"time_step": 1e-05,
"number_of_molecules": 500000,
"diff_coef": 350,
"sim_time": 0.385714,
"absorbers": [
[-11.117,-6.34032,7.82383,6]
],
"reflectors": [
[11.5267,-9.48028,-5.76719,2]
],
"reflector_prisms": [
],
"absorber_prisms": [
[-4.35968,-1.67207,4.35247,-1.35968,4.32793,10.3525],
[-12.7006,8.07113,2.35051,-8.70061,14.0711,6.35051]
]
}