{
"time_step": 1e-05,
"number_of_molecules": 500000,
"diff_coef": 200,
"sim_time": 0.3,
"absorbers": [
[-6.51881,-7.23141,-2.28296,4]
],
"reflectors": [
[10.9528,2.56506,17.7329,4],
[10.3756,9.16378,-8.02326,6],
[0.512851,14.5604,-6.61289,3]
],
"reflector_prisms": [
],
"absorber_prisms": [
]
}