{
"time_step": 1e-05,
"number_of_molecules": 500000,
"diff_coef": 250,
"sim_time": 2.40667,
"absorbers": [
[4.7586,-10.5392,15.0758,3],
[-12.4335,-7.06092,-12.512,3],
[-13.0002,-5.57711,-4.98895,3],
[1.7826,21.5926,10.3239,5],
[-3.41358,8.2974,0.707537,3],
[5.35608,2.04474,-4.01639,2],
[-0.768158,-0.543475,-8.95067,3],
[3.72087,-2.00589,16.4661,3]
],
"reflectors": [
],
"reflector_prisms": [
],
"absorber_prisms": [
]
}