{
"time_step": 1e-05,
"number_of_molecules": 500000,
"diff_coef": 150,
"sim_time": 2.17778,
"absorbers": [
[-16.9787,0.146524,0.838678,3],
[-12.4267,-3.80515,10.9589,4]
],
"reflectors": [
],
"reflector_prisms": [
[1.17047,-24.4488,-4.72779,5.17047,-18.4488,-2.72779],
[2.42786,4.49165,-0.915596,4.42786,6.49165,2.0844],
[0.846914,-0.864064,7.45915,5.84691,2.13594,13.4591],
[0.0365083,-1.98744,-19.9625,2.03651,1.01256,-14.9625]
],
"absorber_prisms": [
]
}