{
"time_step": 1e-05,
"number_of_molecules": 500000,
"diff_coef": 350,
"sim_time": 1.71905,
"absorbers": [
[4.43873,1.445,7.69478,3],
[-0.955141,-11.8472,1.65277,5],
[-13.5588,9.99667,14.1501,4],
[-11.496,-17.4329,-9.64044,4],
[-9.96557,-0.69737,0.448512,5],
[-7.08718,-7.21501,-9.68068,6],
[-2.4111,0.143726,-18.8458,3],
[8.72447,22.1472,7.641,6]
],
"reflectors": [
[14.771,6.03788,1.16685,6]
],
"reflector_prisms": [
],
"absorber_prisms": [
]
}