{"time_step": 1e-05, "number_of_molecules": 500000, "diff_coef": 100, "sim_time": 4.81667, "absorbers": [[6.18236, 7.22662, 3.09102, 5], [6.66952, 9.33144, -19.9359, 6], [-2.61301, 16.9693, -5.40506, 7]], "reflectors": [[3.30205, -12.5084, -1.27945, 7], [-9.50381, 3.05509, -0.58647, 5], [-6.21407, 1.99057, -24.1334, 6]], "reflector_prisms": [], "absorber_prisms": [], "line_of_sight": [[70, 0, 70, 0, 0, 501], [0, 0, 0, 0, 0, 501], [276, 0, 276, 0, 0, 500]]}