{
"time_step": 1e-05,
"number_of_molecules": 500000,
"diff_coef": 400,
"sim_time": 1.06667,
"absorbers": [
[1.93454,0.771044,-7.72419,3],
[-6.02666,-2.99713,16.6942,2]
],
"reflectors": [
],
"reflector_prisms": [
],
"absorber_prisms": [
[-0.861204,-2.50513,8.8225,4.1388,0.49487,11.8225],
[0.792848,-5.07417,-17.4753,2.79285,-2.07417,-12.4753]
]
}