{
"time_step": 1e-05,
"number_of_molecules": 500000,
"diff_coef": 50,
"sim_time": 6.53333,
"absorbers": [
[5.52547,-3.27535,-15.7398,3]
],
"reflectors": [
],
"reflector_prisms": [
[-13.2979,-10.4217,-2.05387,-7.29792,-5.42172,2.94613],
[1.29359,-22.0736,7.07955,7.29359,-17.0736,11.0796],
[-3.16096,-4.075,-10.0684,-1.16096,0.925,-6.06843],
[-5.76527,-12.3578,1.60874,-2.76527,-7.35778,6.60874],
[-12.7246,-17.592,6.27319,-10.7246,-13.592,9.27319]
],
"absorber_prisms": [
]
}