{
"time_step": 1e-05,
"number_of_molecules": 500000,
"diff_coef": 200,
"sim_time": 2.7,
"absorbers": [
[4.46635,14.0151,-13.551,2]
],
"reflectors": [
[3.2488,0.549489,-14.6336,6],
[0.404161,8.925,-4.49233,5],
[-4.66145,9.79928,-14.3612,4],
[-6.80486,8.18651,2.77037,5]
],
"reflector_prisms": [
],
"absorber_prisms": [
]
}