{
"time_step": 1e-05,
"number_of_molecules": 500000,
"diff_coef": 300,
"sim_time": 1.42222,
"absorbers": [
[-4.42315,-9.57937,3.1099,4],
[1.59001,-0.209399,19.9356,5],
[1.28956,-1.29127,-19.9166,4]
],
"reflectors": [
[-8.20717,5.61546,-1.05309,5],
[-6.4779,-13.0516,-8.75744,7]
],
"reflector_prisms": [
],
"absorber_prisms": [
]
}