{
"time_step": 1e-05,
"number_of_molecules": 500000,
"diff_coef": 100,
"sim_time": 3.26667,
"absorbers": [
[15.3313,-0.614279,7.31943,3],
[-6.80413,-8.24837,5.44685,5]
],
"reflectors": [
],
"reflector_prisms": [
[7.881,-5.07931,13.9951,12.881,-3.07931,17.9951],
[0.599326,-7.55734,11.1771,3.59933,-3.55734,14.1771]
],
"absorber_prisms": [
[3.34382,-6.74053,-10.4819,7.34382,-1.74053,-5.48195]
]
}