{"time_step": 1e-05, "number_of_molecules": 500000, "diff_coef": 300, "sim_time": 1.8, "absorbers": [[0.931759, -10.9559, 4.80632, 4], [3.37659, 9.40172, 13.7552, 3], [2.0247, -1.59614, 22.855, 5], [-1.55629, -1.91843, -20.8542, 6]], "reflectors": [], "reflector_prisms": [[-15.7836, -6.7661, 4.91456, -12.7836, -4.7661, 6.91456]], "absorber_prisms": [], "line_of_sight": [[0, 0, 0, 0, 0, 501], [0, 0, 0, 0, 0, 496], [323, 323, 0, 0, 0, 500], [169, 169, 0, 0, 0, 499]]}