{
"time_step": 1e-05,
"number_of_molecules": 500000,
"diff_coef": 150,
"sim_time": 2.84444,
"absorbers": [
[1.12243,1.20988,14.9089,3],
[-6.79728,15.5645,-10.5614,4],
[-11.0824,12.3335,-3.75025,2]
],
"reflectors": [
],
"reflector_prisms": [
[-0.884855,-13.8723,-1.44157,4.11514,-8.87231,2.55843]
],
"absorber_prisms": [
[-12.1486,-3.95204,-14.3059,-7.14861,1.04796,-12.3059]
]
}