{"time_step": 1e-05, "number_of_molecules": 500000, "diff_coef": 100, "sim_time": 0.416667, "absorbers": [[4.93796, -6.27753, 0.457415, 3], [0.75646, 0.611052, -8.94731, 4]], "reflectors": [], "reflector_prisms": [], "absorber_prisms": [[-0.465234, 13.9066, -3.22865, 3.53477, 16.9066, 1.77135], [-4.12933, -0.711751, -17.8381, -0.129329, 2.28825, -13.8381], [13.98, 8.10422, -7.39717, 16.98, 11.1042, -3.39717]], "line_of_sight": [[0, 0, 0, 0, 0, 497], [0, 0, 0, 0, 0, 498]]}