{
"time_step": 1e-05,
"number_of_molecules": 500000,
"diff_coef": 100,
"sim_time": 4.26667,
"absorbers": [
[9.81136,-2.61315,18.3823,5]
],
"reflectors": [
],
"reflector_prisms": [
],
"absorber_prisms": [
[-5.45079,-11.1983,6.93048,-0.450794,-7.19831,11.9305],
[-5.1065,4.20455,0.0633853,-1.1065,10.2045,3.06339],
[2.1938,3.54027,-18.9606,5.1938,5.54027,-12.9606],
[-15.3951,2.24424,11.9618,-9.39508,7.24424,17.9618],
[3.87092,-14.5623,10.9852,8.87092,-10.5623,15.9852]
]
}