{"time_step": 1e-05, "number_of_molecules": 500000, "diff_coef": 150, "sim_time": 1.34444, "absorbers": [[11.2675, -4.12764, -0.0826116, 2], [3.50433, 2.73487, 6.65133, 3], [0.0761589, 3.23169, 13.6217, 3]], "reflectors": [[-2.78317, 2.91129, -11.3039, 5]], "reflector_prisms": [[-10.246, -3.67851, -10.3381, -6.24603, 0.321494, -5.33809]], "absorber_prisms": [], "line_of_sight": [[0, 0, 0, 0, 0, 500], [151, 64, 101, 0, 0, 495], [231, 134, 122, 0, 0, 499]]}