{
"time_step": 1e-05,
"number_of_molecules": 500000,
"diff_coef": 250,
"sim_time": 0.426667,
"absorbers": [
[11.5976,-1.13148,-5.76332,5]
],
"reflectors": [
[-7.2094,-0.254557,5.38142,3],
[6.82518,-12.3087,7.60999,2]
],
"reflector_prisms": [
[-9.62919,-7.59781,6.60751,-4.62919,-3.59781,10.6075],
[-3.52553,0.0576622,-14.9266,-1.52553,6.05766,-11.9266]
],
"absorber_prisms": [
]
}