{"time_step": 1e-05, "number_of_molecules": 500000, "diff_coef": 100, "sim_time": 2.4, "absorbers": [[0.633949, -0.369421, -8.97004, 2], [10.022, -3.25056, 7.61537, 5], [-13.5046, 1.4547, -10.2229, 5], [-4.36111, -3.3641, 12.871, 3], [3.51329, 4.65818, 10.4861, 4], [-4.73879, 1.60031, -4.89723, 2], [1.41192, 7.20025, 3.18793, 3]], "reflectors": [[-0.749416, -9.84741, 6.81667, 6], [-4.51394, 17.1782, -12.982, 5]], "reflector_prisms": [], "absorber_prisms": [], "line_of_sight": [[107, 107, 0, 0, 0, 501], [269, 315, 0, 0, 0, 496], [370, 589, 0, 0, 0, 500], [63, 63, 0, 0, 0, 502], [32, 32, 0, 0, 0, 500], [405, 636, 0, 0, 0, 502], [0, 0, 0, 0, 0, 500]]}