{"time_step": 1e-05, "number_of_molecules": 500000, "diff_coef": 50, "sim_time": 3.33333, "absorbers": [[-1.09718, 0.999234, -14.9264, 5], [5.04786, -3.03007, 5.41644, 3]], "reflectors": [], "reflector_prisms": [[-18.0644, 5.81468, 0.986811, -15.0644, 11.8147, 4.98681], [-19.7817, -4.98598, -6.62586, -14.7817, 1.01402, -2.62586]], "absorber_prisms": [], "line_of_sight": [[0, 0, 0, 0, 0, 497], [0, 0, 0, 0, 0, 505]]}