{"time_step": 1e-05, "number_of_molecules": 500000, "diff_coef": 150, "sim_time": 1.11111, "absorbers": [[1.95361, 1.14393, -9.74037, 4], [6.7792, 7.3323, -0.529072, 5], [-1.61768, -10.7038, 7.19808, 3]], "reflectors": [[19.8538, -3.36373, -5.95915, 5], [5.76899, 3.06852, 18.9025, 2], [-1.805, -0.514084, 18.9071, 3], [12.0193, 6.0971, -17.3885, 5]], "reflector_prisms": [], "absorber_prisms": [], "line_of_sight": [[98, 0, 98, 0, 0, 496], [0, 0, 0, 0, 0, 503], [0, 0, 0, 0, 0, 500]]}