{
"time_step": 1e-05,
"number_of_molecules": 500000,
"diff_coef": 100,
"sim_time": 4.26667,
"absorbers": [
[8.14299,3.22451,13.3901,5],
[-2.54864,-6.36286,-9.84979,7],
[-16.791,-10.888,11.3363,7],
[-16.3435,9.68245,0.372731,5],
[19.9397,-5.59561,10.005,7]
],
"reflectors": [
[14.306,9.7183,-15.1622,6],
[-1.72104,3.2666,11.4179,5],
[9.41386,-5.49332,-7.08539,4],
[8.8161,-14.5639,13.9344,7]
],
"reflector_prisms": [
],
"absorber_prisms": [
]
}