{"time_step": 1e-05, "number_of_molecules": 500000, "diff_coef": 100, "sim_time": 1.66667, "absorbers": [[1.88908, 2.54494, 12.6077, 3]], "reflectors": [[11.1059, -5.53384, -11.6205, 2]], "reflector_prisms": [[-7.63165, -7.679, -5.18407, -5.63165, -3.679, 0.81593]], "absorber_prisms": [[-3.50777, -2.5925, -10.5236, -1.50777, -0.5925, -7.52358], [-3.93492, 3.35573, -19.3479, 1.06508, 9.35573, -16.3479]], "line_of_sight": [[0, 0, 0, 0, 0, 497]]}