{"time_step": 1e-05, "number_of_molecules": 500000, "diff_coef": 150, "sim_time": 3.21111, "absorbers": [[12.208, 1.78398, -15.7411, 3], [5.49784, -8.97362, 7.63203, 6], [-0.3789, 11.3885, -13.9341, 6]], "reflectors": [], "reflector_prisms": [[-1.73184, 4.16087, 4.76342, 4.26816, 6.16087, 9.76342]], "absorber_prisms": [], "line_of_sight": [[0, 0, 0, 0, 0, 501], [125, 125, 0, 0, 0, 497], [218, 218, 0, 0, 0, 500]]}