{
"time_step": 1e-05,
"number_of_molecules": 500000,
"diff_coef": 350,
"sim_time": 1.71905,
"absorbers": [
[1.63547,-1.66184,9.72438,5],
[-2.12432,5.63176,15.8988,5],
[3.67453,16.7476,-12.125,2]
],
"reflectors": [
],
"reflector_prisms": [
],
"absorber_prisms": [
[-4.99094,11.8571,6.58043,1.00906,14.8571,10.5804],
[-7.76317,3.88074,-7.03062,-5.76317,6.88074,-3.03062]
]
}