{
"time_step": 1e-05,
"number_of_molecules": 500000,
"diff_coef": 50,
"sim_time": 9.63333,
"absorbers": [
[-14.7233,8.07878,-2.63755,5],
[3.79065,-3.87297,11.8166,3],
[1.88826,7.94549,-20.428,5],
[4.79574,6.24171,16.1877,2],
[-5.00641,14.9832,-2.5379,3],
[-12.0395,3.54454,14.2649,3],
[-3.82077,-5.9572,3.73008,3],
[-12.6102,3.87253,4.68894,2]
],
"reflectors": [
[9.71779,-1.82609,19.6527,4],
[-9.27924,-11.4044,-6.31153,6],
[1.5799,0.383795,-17.9264,2],
[-12.2871,-9.155,-18.4719,5],
[-7.13855,-2.76795,-4.7307,3],
[7.95983,-13.5145,-6.55734,3],
[7.39221,0.403049,-5.11789,3]
],
"reflector_prisms": [
],
"absorber_prisms": [
]
}