{
"time_step": 1e-05,
"number_of_molecules": 500000,
"diff_coef": 350,
"sim_time": 0.804762,
"absorbers": [
[7.08197,4.3896,15.9555,5],
[-2.33313,5.27186,10.5244,5],
[-6.92752,-10.9676,-0.849851,6],
[0.370739,-0.140704,-16.9954,4]
],
"reflectors": [
],
"reflector_prisms": [
],
"absorber_prisms": [
]
}