{
"time_step": 1e-05,
"number_of_molecules": 500000,
"diff_coef": 150,
"sim_time": 3.21111,
"absorbers": [
[-3.34861,4.36487,9.52548,4],
[-0.275593,0.0378196,-18.998,2],
[-10.116,-3.30209,13.2575,5]
],
"reflectors": [
[-0.435853,-2.04322,15.863,2]
],
"reflector_prisms": [
[4.10297,8.87084,0.696429,6.10297,13.8708,6.69643]
],
"absorber_prisms": [
]
}