{
"time_step": 1e-05,
"number_of_molecules": 500000,
"diff_coef": 100,
"sim_time": 4.81667,
"absorbers": [
[10.9205,4.97343,-0.0830083,2],
[9.76845,3.21047,-18.3104,6],
[19.9915,5.71684,9.83149,6],
[-8.11583,10.1459,-0.441456,3],
[-1.70165,-13.7898,-9.7952,3],
[4.1617,2.82502,8.64289,2],
[-10.4145,3.04257,5.12657,6],
[7.75725,14.7359,3.41745,6]
],
"reflectors": [
[15.9152,-17.7005,-7.64187,6],
[-14.1018,-16.3545,4.20321,6],
[4.81455,13.9628,-14.9285,4],
[-3.13419,1.13188,-20.7339,3]
],
"reflector_prisms": [
],
"absorber_prisms": [
]
}