{
"time_step": 1e-05,
"number_of_molecules": 500000,
"diff_coef": 150,
"sim_time": 1.34444,
"absorbers": [
[8.48627,-10.9262,-9.87933,6]
],
"reflectors": [
[10.688,1.69866,-8.88151,4]
],
"reflector_prisms": [
[-1.95174,-1.95905,-14.4645,2.04826,0.0409456,-11.4645]
],
"absorber_prisms": [
[-4.91595,-13.1935,7.78014,-1.91595,-11.1935,11.7801]
]
}