{"time_step": 1e-05, "number_of_molecules": 500000, "diff_coef": 200, "sim_time": 2.7, "absorbers": [[-6.93239, 7.53012, -18.3368, 3]], "reflectors": [[11.8602, -8.70422, -2.92778, 3]], "reflector_prisms": [[5.30433, 10.4767, -2.39148, 11.3043, 14.4767, 3.60852], [-1.17723, -2.57629, -8.97725, 0.822772, 1.42371, -6.97725], [0.876745, 3.75552, -22.9586, 2.87675, 8.75552, -16.9586]], "absorber_prisms": [[-0.922631, -2.05167, -19.9998, 1.07737, 1.94833, -17.9998]], "line_of_sight": [[0, 0, 0, 0, 0, 502]]}