{"time_step": 1e-05, "number_of_molecules": 500000, "diff_coef": 50, "sim_time": 1.63333, "absorbers": [[-5.95073, 4.06778, 8.30915, 4], [1.9169, -4.50803, -6.3248, 2]], "reflectors": [], "reflector_prisms": [], "absorber_prisms": [[-0.686707, -11.4161, -2.32591, 3.31329, -9.41609, 2.67409], [5.54713, 5.47952, 6.79337, 10.5471, 8.47952, 9.79337], [7.88326, -11.7401, 0.434961, 12.8833, -5.74008, 6.43496], [-6.48106, -4.88371, -18.7714, -4.48106, -1.88371, -13.7714]], "line_of_sight": [[115, 115, 0, 0, 0, 503], [213, 213, 0, 0, 0, 500]]}