{
"time_step": 1e-05,
"number_of_molecules": 500000,
"diff_coef": 50,
"sim_time": 0.833333,
"absorbers": [
[-0.292153,-0.635836,10.9777,6]
],
"reflectors": [
[-7.28296,-16.0057,13.2203,6],
[-4.46744,0.654162,19.4837,3],
[0.770723,2.13492,-15.8382,6]
],
"reflector_prisms": [
],
"absorber_prisms": [
[-14.277,8.30766,-3.98297,-8.277,14.3077,2.01703]
]
}