{"time_step": 1e-05, "number_of_molecules": 500000, "diff_coef": 350, "sim_time": 1.54286, "absorbers": [[-11.3428, -5.94598, 2.23278, 5], [0.345497, -2.00183, -10.8108, 5], [-1.74032, 13.7501, -14.419, 3], [8.13172, -4.5464, 16.5591, 2], [7.61586, 7.53528, -11.8835, 6], [-0.286615, 5.14296, 20.3585, 4], [17.988, -11.0342, -6.2192, 4], [2.30754, -22.5615, 7.85209, 6]], "reflectors": [[-6.23389, -16.5717, -3.24309, 3], [-8.98715, 3.5904, -2.51796, 3]], "reflector_prisms": [], "absorber_prisms": [], "line_of_sight": [[50, 50, 0, 0, 0, 500], [18, 18, 0, 0, 0, 496], [0, 0, 0, 0, 0, 500], [0, 0, 0, 0, 0, 497], [56, 56, 0, 0, 0, 499], [495, 495, 0, 0, 0, 495], [0, 0, 0, 0, 0, 501], [0, 0, 0, 0, 0, 499]]}