{
"time_step": 1e-05,
"number_of_molecules": 500000,
"diff_coef": 200,
"sim_time": 2.40833,
"absorbers": [
[-8.13449,1.68074,8.66055,4],
[13.5932,1.34288,10.1204,6],
[4.18823,-9.42142,7.91805,6],
[-12.3236,-18.0532,2.49215,5],
[0.0601901,2.52641,-11.7309,6],
[13.3126,-6.28822,-14.9744,5]
],
"reflectors": [
[-8.11274,-7.96779,16.4529,6],
[8.92906,-23.2617,2.04088,7],
[3.96104,23.5728,-2.15208,5],
[-1.37484,-6.90666,-21.8954,5],
[10.7184,8.90005,-1.37989,6]
],
"reflector_prisms": [
],
"absorber_prisms": [
]
}