{
"time_step": 1e-05,
"number_of_molecules": 500000,
"diff_coef": 350,
"sim_time": 1.37619,
"absorbers": [
[12.0507,9.16913,-13.0655,3]
],
"reflectors": [
[-3.03473,-18.6853,14.7529,5],
[-3.95669,-2.32912,13.2257,3]
],
"reflector_prisms": [
],
"absorber_prisms": [
[-13.7579,-11.0127,-11.8171,-11.7579,-7.01266,-9.81707],
[16.6279,-3.82552,0.027451,21.6279,-1.82552,5.02745],
[-6.16162,-11.1526,-8.3296,-2.16162,-6.15258,-4.3296]
]
}