{
"time_step": 1e-05,
"number_of_molecules": 500000,
"diff_coef": 150,
"sim_time": 2.84444,
"absorbers": [
[-0.136106,-0.370813,20.9963,5],
[7.10022,2.6578,4.85004,2]
],
"reflectors": [
[0.0589943,6.76008,1.81599,2],
[9.62641,-1.67719,8.57434,4]
],
"reflector_prisms": [
],
"absorber_prisms": [
[-10.3988,0.779232,2.43104,-8.39884,2.77923,8.43104]
]
}