{"time_step": 1e-05, "number_of_molecules": 500000, "diff_coef": 200, "sim_time": 2.40833, "absorbers": [[13.2345, -11.926, -12.9081, 6], [9.96127, -0.873304, -0.102073, 4], [-17.816, -5.9472, -2.86711, 4], [-7.76129, 9.86075, -16.8383, 4]], "reflectors": [[14.752, 7.50073, -3.88812, 5], [-12.5016, 13.9655, 6.97667, 4], [0.5936, -0.975169, 9.93462, 5], [0.279241, 5.71911, -10.5458, 6]], "reflector_prisms": [], "absorber_prisms": [], "line_of_sight": [[115, 0, 115, 0, 0, 499], [127, 78, 64, 0, 0, 500], [269, 192, 103, 0, 0, 501], [386, 0, 603, 0, 0, 502]]}