{
"time_step": 1e-05,
"number_of_molecules": 500000,
"diff_coef": 200,
"sim_time": 2.13333,
"absorbers": [
[13.1263,-6.7895,-13.476,4]
],
"reflectors": [
[-0.239555,16.3604,-18.9019,6],
[-4.28957,-11.0655,-5.30599,3]
],
"reflector_prisms": [
[5.88601,5.91049,-16.253,9.88601,8.91049,-11.253],
[6.41751,-4.65031,8.97085,9.41751,-1.65031,11.9708],
[-10.0213,6.79786,5.26217,-4.02129,11.7979,10.2622]
],
"absorber_prisms": [
]
}