{"time_step": 1e-05, "number_of_molecules": 500000, "diff_coef": 250, "sim_time": 1.92667, "absorbers": [[3.29092, -3.26983, -12.1441, 5], [-1.96073, 4.20804, 19.4537, 3]], "reflectors": [[-14.9576, -11.6657, -1.087, 2], [-8.93039, 0.849429, 16.7489, 3], [7.56434, -14.9009, 9.0413, 3]], "reflector_prisms": [], "absorber_prisms": [], "line_of_sight": [[88, 19, 69, 0, 0, 504], [497, 497, 0, 0, 0, 497]]}