{
"time_step": 1e-05,
"number_of_molecules": 500000,
"diff_coef": 400,
"sim_time": 1.20417,
"absorbers": [
[10.7275,-7.22218,-16.5457,6],
[10.8756,-0.998798,19.0977,5]
],
"reflectors": [
[3.01368,5.70254,-18.9314,2]
],
"reflector_prisms": [
],
"absorber_prisms": [
[-1.69421,-0.663376,-12.8363,1.30579,4.33662,-7.8363],
[-9.32007,4.38534,3.64911,-3.32007,10.3853,6.64911]
]
}