{
"time_step": 1e-05,
"number_of_molecules": 500000,
"diff_coef": 200,
"sim_time": 1.63333,
"absorbers": [
[17.6478,-2.57454,9.05129,6]
],
"reflectors": [
[17.5434,11.9511,5.77948,3],
[4.42529,-12.9068,13.2223,2],
[8.66869,11.4598,-10.841,6],
[3.05402,-5.56355,-6.38122,2]
],
"reflector_prisms": [
],
"absorber_prisms": [
[-3.9175,3.26329,7.34928,0.0824966,8.26329,13.3493]
]
}