{
"time_step": 1e-05,
"number_of_molecules": 500000,
"diff_coef": 200,
"sim_time": 0.533333,
"absorbers": [
[-10.8206,1.32435,8.78409,6]
],
"reflectors": [
[14.5321,-0.592137,13.7284,2],
[17.8002,-3.12086,-8.56819,3],
[-6.2243,-8.10109,-10.9832,3]
],
"reflector_prisms": [
],
"absorber_prisms": [
[6.99496,-1.50833,4.09116,9.99496,3.49167,8.09116],
[-2.04073,-0.436111,11.3284,1.95927,4.56389,13.3284]
]
}