{
"time_step": 1e-05,
"number_of_molecules": 500000,
"diff_coef": 200,
"sim_time": 3.00833,
"absorbers": [
[3.49617,-10.3255,7.08242,4],
[1.56789,0.310494,-23.9467,5],
[-13.1131,-1.98524,-8.95021,5],
[-1.66113,-3.52484,-11.3497,6],
[7.81978,14.5939,-3.85604,4],
[10.737,-7.53204,-9.16435,5]
],
"reflectors": [
[0.469667,11.8556,12.1747,7],
[-10.577,9.01551,1.68739,5],
[-1.07836,1.31737,23.9395,6],
[12.6852,5.38881,-5.92011,4],
[18.3513,-13.4295,10.3865,6]
],
"reflector_prisms": [
],
"absorber_prisms": [
]
}