{"time_step": 1e-05, "number_of_molecules": 500000, "diff_coef": 100, "sim_time": 2.01667, "absorbers": [[10.3679, -13.4132, 1.26231, 6]], "reflectors": [], "reflector_prisms": [[-5.66809, 8.42196, -2.32963, -0.668091, 11.422, -0.329634], [-4.48434, -9.16497, 3.00953, -0.484338, -6.16497, 5.00953], [7.33548, -6.86648, -19.9484, 12.3355, -1.86648, -14.9484]], "absorber_prisms": [[-2.87796, -1.25925, 8.99124, 2.12204, 0.740748, 14.9912], [3.58789, 0.0509672, -21.2801, 5.58789, 5.05097, -16.2801]], "line_of_sight": [[0, 0, 0, 0, 0, 499]]}