{
"time_step": 1e-05,
"number_of_molecules": 500000,
"diff_coef": 250,
"sim_time": 1.5,
"absorbers": [
[9.37612,-7.45439,-17.2488,6]
],
"reflectors": [
[-2.08396,-0.0402163,11.8176,3],
[19.5513,-7.06248,-7.20182,6]
],
"reflector_prisms": [
[-12.1271,8.47897,-3.14831,-10.1271,14.479,1.85169]
],
"absorber_prisms": [
]
}