{"time_step": 1e-05, "number_of_molecules": 500000, "diff_coef": 250, "sim_time": 2.40667, "absorbers": [[-12.857, 6.08127, 15.4505, 2]], "reflectors": [[-4.47896, 7.84185, -6.28048, 6], [3.93076, 8.69106, 3.00243, 5], [-6.49317, -9.87238, -13.5785, 3], [1.76209, 6.38875, -11.1839, 2]], "reflector_prisms": [], "absorber_prisms": [[-7.22567, 1.83999, 1.97907, -4.22567, 7.83999, 7.97907]], "line_of_sight": [[500, 0, 0, 500, 0, 500]]}