{
"time_step": 1e-05,
"number_of_molecules": 500000,
"diff_coef": 50,
"sim_time": 1.63333,
"absorbers": [
[-11.5055,4.67191,-3.84661,6]
],
"reflectors": [
[-4.06111,-7.33734,-7.11835,4],
[0.831167,-0.412495,-10.9608,3]
],
"reflector_prisms": [
[-12.9971,-2.70359,-2.62605,-6.99713,2.29641,2.37395]
],
"absorber_prisms": [
]
}