{
"time_step": 1e-05,
"number_of_molecules": 500000,
"diff_coef": 300,
"sim_time": 0.2,
"absorbers": [
[-0.146101,-4.25476,10.1428,5]
],
"reflectors": [
],
"reflector_prisms": [
],
"absorber_prisms": [
[-3.46782,-12.8492,5.47202,2.53218,-6.84916,11.472],
[9.35433,-7.08937,-4.50338,13.3543,-2.08937,-0.503381],
[-13.9081,4.63656,-15.8233,-7.90812,9.63656,-11.8233],
[-8.07271,-13.9516,-7.43159,-6.07271,-10.9516,-4.43159]
]
}