{
"time_step": 1e-05,
"number_of_molecules": 500000,
"diff_coef": 250,
"sim_time": 2.40667,
"absorbers": [
[0.68982,-0.668335,13.967,6],
[1.0467,14.3714,-16.6243,5],
[-4.36698,2.69099,-17.2536,7],
[20.5537,-10.5739,-9.52562,6],
[-15.6669,-4.04978,-5.21031,4],
[4.21691,6.70932,-6.0994,4],
[16.4339,6.01535,-17.8534,7]
],
"reflectors": [
[16.0062,4.44724,6.92984,4]
],
"reflector_prisms": [
],
"absorber_prisms": [
]
}