{
"time_step": 1e-05,
"number_of_molecules": 500000,
"diff_coef": 250,
"sim_time": 2.16,
"absorbers": [
[1.95531,4.36208,23.5191,6],
[-5.14437,16.9528,6.86571,2],
[-21.206,-1.24336,8.8182,5],
[0.452452,-0.286243,-13.9898,6]
],
"reflectors": [
],
"reflector_prisms": [
],
"absorber_prisms": [
[-7.31034,-1.65215,-7.49698,-4.31034,1.34785,-3.49698]
]
}