{"time_step": 1e-05, "number_of_molecules": 500000, "diff_coef": 250, "sim_time": 2.16, "absorbers": [[10.8816, -1.53434, -11.6291, 5], [0.893012, 0.848257, 13.9457, 7], [12.3571, -19.3709, -1.03407, 5], [-13.6038, -6.46807, -5.39451, 4]], "reflectors": [[-4.92424, -5.99259, -18.4348, 7]], "reflector_prisms": [], "absorber_prisms": [], "line_of_sight": [[31, 31, 0, 0, 0, 503], [157, 15, 142, 0, 0, 499], [0, 0, 0, 0, 0, 501], [0, 0, 0, 0, 0, 503]]}