{"time_step": 1e-05, "number_of_molecules": 500000, "diff_coef": 200, "sim_time": 2.13333, "absorbers": [[17.1847, 0.388309, 10.2242, 4]], "reflectors": [], "reflector_prisms": [[9.59025, 4.16927, 6.53371, 12.5903, 10.1693, 11.5337]], "absorber_prisms": [[-0.418807, -3.06074, 5.47863, 1.58119, 2.93926, 10.4786], [0.452475, -0.146843, -21.0587, 6.45247, 4.85316, -18.0587], [-2.92157, -2.49302, -11.4782, 2.07843, 3.50698, -8.47824], [-18.9672, -8.14245, -11.8279, -13.9672, -3.14245, -9.82792]], "line_of_sight": [[0, 0, 0, 0, 0, 500]]}