{"time_step": 1e-05, "number_of_molecules": 500000, "diff_coef": 350, "sim_time": 1.07143, "absorbers": [[7.92084, -17.9755, -7.42583, 6]], "reflectors": [], "reflector_prisms": [[14.1507, 0.799566, -4.79352, 17.1507, 4.79957, 1.20648], [5.9272, -3.85334, -2.65097, 7.9272, -0.85334, -0.650975], [-5.08177, 3.38024, 4.2629, -2.08177, 7.38024, 8.2629]], "absorber_prisms": [[-9.03382, -1.42517, 14.1989, -4.03382, 3.57483, 18.1989]], "line_of_sight": [[0, 0, 0, 0, 0, 501]]}