{"time_step": 1e-05, "number_of_molecules": 500000, "diff_coef": 200, "sim_time": 3.00833, "absorbers": [[-14.4445, 14.6008, -7.88509, 3]], "reflectors": [[-5.88441, 12.6704, 0.912935, 2], [-18.6006, 7.15354, -13.3733, 5]], "reflector_prisms": [], "absorber_prisms": [[1.38963, -10.0521, -15.1109, 7.38963, -6.05208, -11.1109]], "line_of_sight": [[0, 0, 0, 0, 0, 499]]}