{
"time_step": 1e-05,
"number_of_molecules": 500000,
"diff_coef": 150,
"sim_time": 0.4,
"absorbers": [
[2.64144,-5.82978,-4.79964,2]
],
"reflectors": [
[-3.6293,1.82667,16.5073,6],
[0.351665,-0.384823,-18.9928,2]
],
"reflector_prisms": [
],
"absorber_prisms": [
[-6.96815,-9.0597,0.111663,-2.96815,-3.0597,3.11166],
[7.15627,-13.6563,1.8372,12.1563,-9.65631,4.8372],
[8.75998,6.66262,-6.4332,14.76,12.6626,-3.4332]
]
}