{"time_step": 1e-05, "number_of_molecules": 500000, "diff_coef": 300, "sim_time": 0.355556, "absorbers": [[2.21944, 9.06822, 5.81735, 3]], "reflectors": [[-1.17274, -7.54397, 10.522, 6], [0.428267, 1.65864, 16.9135, 5]], "reflector_prisms": [[-14.338, 5.38664, -10.5189, -12.338, 9.38664, -4.51891]], "absorber_prisms": [], "line_of_sight": [[0, 0, 0, 0, 0, 499]]}