{"time_step": 1e-05, "number_of_molecules": 500000, "diff_coef": 50, "sim_time": 1.63333, "absorbers": [[-0.245784, 0.370846, -13.9929, 7], [-11.2787, 6.02991, -2.33039, 6]], "reflectors": [[3.31551, 0.433168, 22.7557, 4], [11.6683, 0.142261, 2.79842, 7]], "reflector_prisms": [], "absorber_prisms": [], "line_of_sight": [[10, 0, 10, 0, 0, 501], [247, 0, 247, 0, 0, 504]]}