{"time_step": 1e-05, "number_of_molecules": 500000, "diff_coef": 200, "sim_time": 2.40833, "absorbers": [[8.91739, 21.1964, 0.440426, 6]], "reflectors": [[2.93117, -3.36698, -18.4681, 3], [1.32931, 1.33603, -11.8511, 2], [3.70119, -9.51623, 6.30417, 2]], "reflector_prisms": [[-6.63315, -5.99622, -10.1898, -1.63315, -0.99622, -4.18982]], "absorber_prisms": [], "line_of_sight": [[0, 0, 0, 0, 0, 499]]}