{"time_step": 1e-05, "number_of_molecules": 500000, "diff_coef": 300, "sim_time": 2.00556, "absorbers": [[11.6234, 4.14466, 4.08876, 7], [-17.1237, -3.38687, 13.3906, 7], [-3.64984, 13.5099, 0.403213, 7], [-0.611187, 2.05654, 8.74054, 4], [2.07954, -0.305988, -14.852, 5], [-6.70457, -13.5139, 5.33141, 5], [-24.2642, -7.89746, -4.98767, 7]], "reflectors": [[-10.2216, 6.5867, 14.5991, 5]], "reflector_prisms": [], "absorber_prisms": [], "line_of_sight": [[17, 17, 0, 0, 0, 501], [4, 0, 4, 0, 0, 503], [24, 24, 0, 0, 0, 499], [235, 158, 78, 0, 0, 500], [351, 351, 30, 0, 0, 500], [42, 42, 0, 0, 0, 497], [499, 499, 0, 0, 0, 499]]}