{"time_step": 1e-05, "number_of_molecules": 500000, "diff_coef": 400, "sim_time": 1.20417, "absorbers": [[0.542296, 15.3375, 12.8245, 3], [-9.81114, -0.58098, -16.2605, 3]], "reflectors": [], "reflector_prisms": [[-15.3382, -3.07555, 7.61821, -10.3382, 0.924453, 9.61821], [-2.64305, -4.40665, 8.39414, 3.35695, 1.59335, 11.3941], [-4.98496, 8.97809, -15.7944, 0.0150368, 11.9781, -11.7944]], "absorber_prisms": [[8.72543, -3.17356, 3.00387, 10.7254, 0.826442, 7.00387]], "line_of_sight": [[0, 0, 0, 0, 0, 498], [0, 0, 0, 0, 0, 501]]}