{"time_step": 1e-05, "number_of_molecules": 500000, "diff_coef": 400, "sim_time": 0.204167, "absorbers": [[9.13713, 5.19823, 3.23903, 4]], "reflectors": [[14.3937, -17.4695, 7.97735, 5]], "reflector_prisms": [[1.4795, -6.1521, -8.50761, 5.4795, -4.1521, -4.50761]], "absorber_prisms": [], "line_of_sight": [[0, 0, 0, 0, 0, 501]]}