{
"time_step": 1e-05,
"number_of_molecules": 500000,
"diff_coef": 250,
"sim_time": 2.40667,
"absorbers": [
[1.85029,0.989119,-9.77743,2],
[-3.91427,-2.20933,-21.536,3],
[-7.4818,-0.566937,2.77512,3]
],
"reflectors": [
],
"reflector_prisms": [
[-10.1052,-8.84684,7.86833,-7.10516,-2.84684,10.8683]
],
"absorber_prisms": [
[0.663588,-1.56606,-9.80462,2.66359,0.433939,-5.80462]
]
}