{"time_step": 1e-05, "number_of_molecules": 500000, "diff_coef": 150, "sim_time": 2.17778, "absorbers": [[1.16676, 5.52474, 18.1416, 5]], "reflectors": [], "reflector_prisms": [[-5.44482, -1.86404, -10.3481, -1.44482, 0.135965, -8.34808]], "absorber_prisms": [[-7.27062, 1.65522, -7.81347, -3.27062, 5.65522, -4.81347], [-8.12383, -4.41081, -23.6101, -6.12383, -1.41081, -17.6101]], "line_of_sight": [[0, 0, 0, 0, 0, 496]]}