{"time_step": 1e-05, "number_of_molecules": 500000, "diff_coef": 100, "sim_time": 4.26667, "absorbers": [[6.6921, 3.84487, -2.10541, 3], [-0.0517431, -0.770506, 18.9843, 3], [0.197959, 0.26452, -15.9966, 5], [14.7788, -1.94702, 13.3341, 5], [-6.90913, 16.8914, 5.28634, 6], [10.0106, 0.937743, -13.708, 2], [11.8126, 4.85074, -9.64011, 2], [-5.85075, 2.78815, -8.88791, 3]], "reflectors": [[7.59638, -19.6822, -6.23737, 5]], "reflector_prisms": [], "absorber_prisms": [], "line_of_sight": [[43, 43, 0, 0, 0, 499], [499, 499, 0, 0, 0, 499], [35, 35, 0, 0, 0, 501], [172, 172, 0, 0, 0, 499], [82, 0, 82, 0, 0, 501], [0, 0, 0, 0, 0, 499], [206, 206, 0, 0, 0, 497], [150, 150, 0, 0, 0, 499]]}