{
"time_step": 1e-05,
"number_of_molecules": 500000,
"diff_coef": 250,
"sim_time": 0.96,
"absorbers": [
[4.37522,1.99313,14.2086,3]
],
"reflectors": [
],
"reflector_prisms": [
[-1.80437,3.67369,-20.0405,4.19563,7.67369,-14.0405],
[-10.4861,-8.69997,5.52829,-5.48615,-2.69997,11.5283]
],
"absorber_prisms": [
[13.162,-5.02941,-12.2149,18.162,-1.02941,-10.2149]
]
}