{"time_step": 1e-05, "number_of_molecules": 500000, "diff_coef": 250, "sim_time": 2.16, "absorbers": [[16.1335, -0.0539704, 16.3923, 5]], "reflectors": [[2.07451, 9.84427, 20.683, 5], [0.0602296, -0.393219, 8.9912, 3], [8.27546, 0.747463, -7.20819, 6], [-12.9389, 10.244, 14.5481, 5]], "reflector_prisms": [[-13.7127, 4.27816, -7.04249, -9.71265, 7.27816, -3.04249]], "absorber_prisms": [], "line_of_sight": [[0, 0, 0, 0, 0, 500]]}