{"time_step": 1e-05, "number_of_molecules": 500000, "diff_coef": 250, "sim_time": 0.426667, "absorbers": [[3.47148, 5.90977, 7.28172, 2]], "reflectors": [], "reflector_prisms": [[-2.74038, -1.09313, -8.46011, 1.25962, 0.90687, -5.46011]], "absorber_prisms": [], "line_of_sight": [[0, 0, 0, 0, 0, 501]]}