{
"time_step": 1e-05,
"number_of_molecules": 500000,
"diff_coef": 150,
"sim_time": 3.6,
"absorbers": [
[-2.39234,4.97709,8.33698,4],
[-17.9005,1.0452,-8.85882,2],
[-0.0754599,-0.103735,-8.99909,4]
],
"reflectors": [
[3.38417,-2.18583,-17.5434,2]
],
"reflector_prisms": [
[7.05251,-5.69737,4.28027,9.05251,0.302628,6.28027]
],
"absorber_prisms": [
]
}