{
"time_step": 1e-05,
"number_of_molecules": 500000,
"diff_coef": 350,
"sim_time": 1.21905,
"absorbers": [
[12.9682,-4.68586,14.4868,4],
[4.49536,2.21397,17.2884,4],
[2.37865,11.2109,15.1545,5],
[-8.07092,-4.10045,-10.6793,4],
[-6.5625,-16.7543,-0.474794,3],
[0.762022,-1.92049,-8.75962,3],
[6.42871,-5.88117,-4.9075,3]
],
"reflectors": [
[-3.49759,-11.7406,-4.35024,2],
[7.42278,0.0210975,-2.9836,2],
[-4.22462,5.03004,-8.82334,3]
],
"reflector_prisms": [
],
"absorber_prisms": [
]
}