{"time_step": 1e-05, "number_of_molecules": 500000, "diff_coef": 250, "sim_time": 0.426667, "absorbers": [[-4.3939, -7.06215, -8.64984, 6], [3.91241, -6.02394, 6.95739, 4], [-5.91842, 5.18778, -6.16921, 2]], "reflectors": [], "reflector_prisms": [], "absorber_prisms": [[-13.3286, -13.0122, 0.826405, -10.3286, -9.01218, 5.8264], [2.24948, -18.8549, 2.17253, 8.24948, -12.8549, 4.17253]], "line_of_sight": [[0, 0, 0, 0, 0, 497], [77, 77, 0, 0, 0, 501], [447, 447, 0, 0, 0, 498]]}