{"time_step": 1e-05, "number_of_molecules": 500000, "diff_coef": 250, "sim_time": 0.426667, "absorbers": [[-6.51161, 4.27145, -11.6342, 6], [1.05076, 10.2262, 9.50371, 6]], "reflectors": [[-6.20144, 6.9903, 18.8063, 3]], "reflector_prisms": [], "absorber_prisms": [[-9.62531, -3.40851, -5.28212, -3.62531, -1.40851, -2.28212]], "line_of_sight": [[0, 0, 0, 0, 0, 498], [0, 0, 0, 0, 0, 500]]}