{"time_step": 1e-05, "number_of_molecules": 500000, "diff_coef": 400, "sim_time": 1.20417, "absorbers": [[-1.83959, -3.55906, -6.92452, 3], [6.76867, 4.17827, -6.06029, 4], [16.1999, 1.26183, -4.99726, 2], [-0.624681, 0.486562, 10.9715, 2], [-14.0603, 3.28665, -8.97254, 2], [0.776172, 19.2108, -5.50832, 3], [-0.941397, -1.38282, -15.9123, 4]], "reflectors": [[-0.55019, 6.89423, 22.9819, 6], [16.3753, -6.49393, 16.2997, 5], [10.0776, 16.8499, 7.45149, 5], [-3.30341, 9.34194, -15.0272, 3], [-7.44785, -1.40296, -4.85399, 2], [-4.77246, 13.2247, -9.55678, 2]], "reflector_prisms": [], "absorber_prisms": [], "line_of_sight": [[156, 129, 124, 0, 0, 501], [0, 0, 0, 0, 0, 495], [0, 0, 0, 0, 0, 500], [387, 438, 207, 0, 0, 500], [187, 0, 187, 0, 0, 499], [0, 0, 0, 0, 0, 502], [360, 347, 200, 0, 0, 498]]}