{"time_step": 1e-05, "number_of_molecules": 500000, "diff_coef": 50, "sim_time": 10.8, "absorbers": [[-8.49131, 10.9401, 20.8138, 7], [-0.619172, 1.2468, -14.9353, 6], [-18.792, 5.92908, -3.42176, 5], [15.395, 6.25125, 14.4193, 5], [-12.3151, 6.04461, 6.06635, 4], [-14.6597, -10.8346, 8.22836, 4]], "reflectors": [[-10.7924, -8.32313, -20.9583, 6]], "reflector_prisms": [], "absorber_prisms": [], "line_of_sight": [[21, 21, 0, 0, 0, 499], [46, 12, 34, 0, 0, 497], [0, 0, 0, 0, 0, 500], [119, 0, 119, 0, 0, 501], [0, 0, 0, 0, 0, 499], [0, 0, 0, 0, 0, 503]]}