{"time_step": 1e-05, "number_of_molecules": 500000, "diff_coef": 100, "sim_time": 2.4, "absorbers": [[-9.44953, 14.2647, -5.58803, 6], [-13.3389, -1.64963, 6.65976, 6]], "reflectors": [], "reflector_prisms": [], "absorber_prisms": [[6.42217, -9.591, 12.8011, 8.42217, -3.591, 14.8011], [2.10653, -9.03007, -9.90707, 4.10653, -4.03007, -3.90707]], "line_of_sight": [[0, 0, 0, 0, 0, 499], [0, 0, 0, 0, 0, 500]]}