{
"time_step": 1e-05,
"number_of_molecules": 500000,
"diff_coef": 300,
"sim_time": 1.60556,
"absorbers": [
[-2.39836,7.11333,17.4542,2],
[-13.8118,11.5373,-0.356348,6],
[-2.78386,-9.79902,-13.6099,3],
[8.99726,-4.31231,14.9818,3],
[6.71746,14.3099,-2.47025,5],
[-7.89292,11.4165,12.9756,4],
[0.825847,9.44938,7.35031,4],
[-15.4453,-7.77237,-7.87602,2]
],
"reflectors": [
[12.5161,-4.81075,-13.4612,4],
[-2.23036,10.8572,-8.55254,2],
[-13.3028,-14.0358,5.10199,5],
[15.7528,-0.127314,8.70828,4],
[-3.23916,6.49385,-17.5595,6],
[0.683742,-0.422019,-11.9731,2]
],
"reflector_prisms": [
],
"absorber_prisms": [
]
}