{"time_step": 1e-05, "number_of_molecules": 500000, "diff_coef": 400, "sim_time": 0.9375, "absorbers": [[4.08482, -14.4248, 0.490059, 4], [-2.98017, -18.9528, -8.53868, 6]], "reflectors": [[4.17664, -0.965747, 13.3275, 6], [-3.48369, 7.43876, 7.31634, 2]], "reflector_prisms": [], "absorber_prisms": [[-3.75434, -1.16844, -17.8818, 0.245664, 2.83156, -13.8818]], "line_of_sight": [[0, 0, 0, 0, 0, 500], [0, 0, 0, 0, 0, 504]]}