{"time_step": 1e-05, "number_of_molecules": 500000, "diff_coef": 50, "sim_time": 7.5, "absorbers": [[-1.96407, 0.19354, -16.8851, 2]], "reflectors": [[8.82497, -3.86216, 15.2054, 3], [-7.83546, -10.046, 7.91731, 2], [9.78316, -6.62993, -7.50559, 4]], "reflector_prisms": [[-8.20041, 0.946131, 8.79632, -3.20041, 2.94613, 10.7963]], "absorber_prisms": [[-4.49083, -8.49304, 7.10557, -2.49083, -5.49304, 11.1056]], "line_of_sight": [[0, 0, 0, 0, 0, 501]]}