{"time_step": 1e-05, "number_of_molecules": 500000, "diff_coef": 100, "sim_time": 2.01667, "absorbers": [[13.2067, -5.88536, -6.85175, 5]], "reflectors": [[-6.75059, 3.17019, 5.0378, 4]], "reflector_prisms": [[-7.27328, 11.0784, -9.30529, -1.27328, 16.0784, -5.30529]], "absorber_prisms": [[-18.8185, 6.00004, 1.47425, -15.8185, 8.00004, 5.47425]], "line_of_sight": [[477, 0, 477, 0, 0, 501]]}