{
"time_step": 1e-05,
"number_of_molecules": 500000,
"diff_coef": 350,
"sim_time": 1.71905,
"absorbers": [
[-2.7847,1.69549,12.5845,5],
[3.35352,23.164,-11.3217,7]
],
"reflectors": [
[-1.19572,-14.7874,2.21449,5],
[-2.63245,-0.428142,-11.6999,4]
],
"reflector_prisms": [
],
"absorber_prisms": [
]
}