{
"time_step": 1e-05,
"number_of_molecules": 500000,
"diff_coef": 350,
"sim_time": 1.54286,
"absorbers": [
[11.5558,-11.0594,-0.389627,5],
[-0.82723,0.459179,-24.9821,7],
[8.59509,3.75933,-12.9612,4],
[-9.70311,13.9514,0.456071,7],
[3.33859,-5.62481,12.378,4],
[-6.96956,9.48462,-14.9153,4]
],
"reflectors": [
[-17.0443,-6.04093,8.54399,4],
[-11.7464,-9.7419,-4.80802,5],
[-18.2153,5.03588,-1.96028,5],
[-0.0496532,5.04789,17.2776,5],
[7.40011,13.7246,-3.58817,5]
],
"reflector_prisms": [
],
"absorber_prisms": [
]
}