{
"time_step": 1e-05,
"number_of_molecules": 500000,
"diff_coef": 400,
"sim_time": 0.704167,
"absorbers": [
[8.68844,-13.961,7.32138,5],
[-11.2833,6.36678,-1.07253,4],
[-0.102851,-0.120364,17.9993,5]
],
"reflectors": [
[-2.62169,-4.91108,-8.30711,5],
[-14.951,-5.739,-11.9804,4]
],
"reflector_prisms": [
],
"absorber_prisms": [
]
}