{"time_step": 1e-05, "number_of_molecules": 500000, "diff_coef": 100, "sim_time": 6.01667, "absorbers": [[-4.97059, -5.25211, 9.57646, 4], [5.7601, -12.8353, -14.2153, 4], [14.6215, -0.283568, -17.7519, 5], [-24.396, -1.0357, -8.93111, 7], [9.30376, 6.93248, -7.83459, 7], [3.4791, -11.1143, -2.89283, 7]], "reflectors": [[-2.01958, -1.94247, 20.8122, 7], [11.9945, 15.6485, 3.35496, 5]], "reflector_prisms": [], "absorber_prisms": [], "line_of_sight": [[411, 348, 102, 0, 0, 502], [305, 305, 0, 0, 0, 503], [192, 251, 0, 0, 0, 501], [0, 0, 0, 0, 0, 499], [186, 189, 10, 0, 0, 505], [56, 56, 0, 0, 0, 500]]}