{
"time_step": 1e-05,
"number_of_molecules": 500000,
"diff_coef": 50,
"sim_time": 9.63333,
"absorbers": [
[16.8726,8.71172,12.9777,6],
[4.05995,-5.46174,8.64212,5]
],
"reflectors": [
],
"reflector_prisms": [
[-4.19289,-3.4126,-15.3827,0.807109,2.5874,-10.3827],
[-6.34196,-12.2862,-4.872,-4.34196,-9.28624,-1.872]
],
"absorber_prisms": [
[-3.78456,11.451,-5.95874,-0.784557,13.451,0.0412573]
]
}