{"time_step": 1e-05, "number_of_molecules": 500000, "diff_coef": 350, "sim_time": 0.685714, "absorbers": [[-4.12967, -13.9217, 3.75922, 3]], "reflectors": [[8.38346, 3.21485, -10.7416, 4], [-12.9546, -1.50272, -5.09121, 3], [-7.82915, 21.3685, 10.3486, 6]], "reflector_prisms": [], "absorber_prisms": [[0.736016, -22.1099, 3.4334, 5.73602, -16.1099, 6.4334], [1.34642, 6.70532, -13.7709, 6.34642, 12.7053, -7.77088]], "line_of_sight": [[0, 0, 0, 0, 0, 504]]}