{"time_step": 1e-05, "number_of_molecules": 500000, "diff_coef": 150, "sim_time": 4.01111, "absorbers": [[9.5352, -5.40938, 10.2381, 6], [-7.63793, -8.93981, -9.31353, 4], [8.45551, 6.40068, 7.51901, 5], [-16.5098, 9.83993, -12.6334, 4], [-5.37011, 10.3076, -5.82362, 4], [9.69416, 4.88893, -17.9756, 5]], "reflectors": [[20.1784, -8.34785, 2.67313, 6], [-1.65453, -1.50636, -16.8521, 6], [10.2497, 11.9073, -10.6845, 4], [20.2998, -7.17638, -8.0882, 4], [0.0349344, 2.72573, 14.7502, 6], [8.17668, 22.7593, 6.33686, 7]], "reflector_prisms": [], "absorber_prisms": [], "line_of_sight": [[142, 111, 31, 0, 0, 504], [404, 393, 31, 0, 0, 501], [165, 141, 35, 0, 0, 500], [499, 499, 0, 0, 0, 499], [126, 126, 0, 0, 0, 500], [9, 0, 9, 0, 0, 503]]}