{
"time_step": 1e-05,
"number_of_molecules": 500000,
"diff_coef": 200,
"sim_time": 3.00833,
"absorbers": [
[-11.0156,14.7342,-7.84609,5],
[-9.74548,19.8877,6.20531,4],
[-5.56539,10.0042,-13.8903,3],
[-8.70798,6.38799,-2.08919,5],
[-3.22291,-16.1522,-4.20944,5],
[8.62897,2.04539,1.53534,4],
[0.545929,-0.0685596,18.992,3],
[-21.8134,2.8534,0.188904,6]
],
"reflectors": [
[2.70295,14.7356,-0.745113,5],
[2.54033,-3.92832,-17.3815,2],
[12.9043,-15.0927,-2.38548,2],
[3.23689,21.6336,12.1041,6],
[4.01144,2.26492,-9.98892,4],
[-7.13431,-5.94772,3.70489,4]
],
"reflector_prisms": [
],
"absorber_prisms": [
]
}