{"time_step": 1e-05, "number_of_molecules": 500000, "diff_coef": 100, "sim_time": 6.01667, "absorbers": [[16.0551, 11.5202, 7.10775, 2]], "reflectors": [[-10.8996, -18.9848, -2.18503, 3], [-4.64897, -1.98162, 20.3828, 4]], "reflector_prisms": [[6.05224, 5.19597, 5.06266, 11.0522, 10.196, 9.06266], [4.28217, 1.12663, -2.3847, 7.28217, 4.12663, -0.384698], [-19.6628, -3.58815, 6.87228, -16.6628, 0.411846, 11.8723]], "absorber_prisms": [], "line_of_sight": [[222, 0, 0, 0, 222, 498]]}