{
"time_step": 1e-05,
"number_of_molecules": 500000,
"diff_coef": 150,
"sim_time": 3.21111,
"absorbers": [
[-10.1432,-1.96077,9.44837,6],
[-15.7085,-10.6473,-11.13,7],
[11.6198,5.27641,17.9204,5],
[5.85469,-6.31356,14.6582,5]
],
"reflectors": [
[-4.77145,24.3774,7.67962,7],
[3.91184,1.2664,-17.5241,5],
[1.43538,-6.98945,5.48519,4]
],
"reflector_prisms": [
],
"absorber_prisms": [
]
}