{
"time_step": 1e-05,
"number_of_molecules": 500000,
"diff_coef": 400,
"sim_time": 1.20417,
"absorbers": [
[2.32577,10.7774,8.62782,3],
[-18.1704,-8.50629,6.20306,4]
],
"reflectors": [
[-2.87005,-3.14647,18.5165,4],
[0.352122,9.7579,-5.06551,6]
],
"reflector_prisms": [
],
"absorber_prisms": [
[-13.6372,11.8624,-12.4412,-11.6372,15.8624,-6.44116]
]
}