{"time_step": 1e-05, "number_of_molecules": 500000, "diff_coef": 300, "sim_time": 0.672222, "absorbers": [[0.669336, -1.93111, -13.85, 3], [7.16424, 3.30655, -7.66423, 3]], "reflectors": [[12.0562, 15.9524, -0.414001, 3], [13.3413, -12.0489, 0.912416, 2]], "reflector_prisms": [], "absorber_prisms": [[-12.154, 13.2703, 3.69498, -6.154, 16.2703, 5.69498]], "line_of_sight": [[0, 0, 0, 0, 0, 500], [0, 0, 0, 0, 0, 500]]}