{"time_step": 1e-05, "number_of_molecules": 500000, "diff_coef": 300, "sim_time": 0.938889, "absorbers": [[-4.51037, 4.23964, -17.9634, 6]], "reflectors": [[-3.99501, -5.05604, 13.5453, 5]], "reflector_prisms": [[11.8161, -13.0301, -2.10617, 14.8161, -8.03006, 3.89383], [12.0198, -4.26895, 7.21277, 14.0198, 1.73105, 11.2128]], "absorber_prisms": [], "line_of_sight": [[93, 0, 93, 0, 0, 501]]}