{
"time_step": 1e-05,
"number_of_molecules": 500000,
"diff_coef": 250,
"sim_time": 0.426667,
"absorbers": [
[11.241,5.27365,6.46749,6],
[-4.28857,4.98348,4.55774,3]
],
"reflectors": [
],
"reflector_prisms": [
[0.454585,-5.08826,3.62456,4.45458,-3.08826,6.62456],
[7.15628,-16.2298,1.78513,13.1563,-12.2298,6.78513],
[-14.8876,7.77578,-6.12923,-11.8876,12.7758,-3.12923]
],
"absorber_prisms": [
[-9.28574,-13.2407,-18.7226,-3.28574,-7.24067,-15.7226]
]
}