{
"time_step": 1e-05,
"number_of_molecules": 500000,
"diff_coef": 400,
"sim_time": 1.50417,
"absorbers": [
[6.05373,-18.7179,3.60466,6],
[-0.289574,7.43447,19.6378,2]
],
"reflectors": [
[-8.79163,-1.92537,0.011781,3]
],
"reflector_prisms": [
],
"absorber_prisms": [
[-1.71279,-2.22186,-13.4768,0.28721,1.77814,-10.4768],
[18.902,0.360933,-1.13925,23.902,3.36093,2.86075]
]
}