{
"time_step": 1e-05,
"number_of_molecules": 500000,
"diff_coef": 400,
"sim_time": 0.504167,
"absorbers": [
[9.44804,3.20973,-9.81999,3]
],
"reflectors": [
],
"reflector_prisms": [
[-2.25322,-0.579901,-14.9498,3.74678,2.4201,-12.9498]
],
"absorber_prisms": [
[-1.72251,-1.56198,13.9973,2.27749,1.43802,15.9973]
]
}