{"time_step": 1e-05, "number_of_molecules": 500000, "diff_coef": 350, "sim_time": 1.37619, "absorbers": [[3.83034, 1.22487, 12.3624, 3], [-5.91163, -19.0876, 0.847201, 3]], "reflectors": [[21.5771, -4.11388, -1.22701, 3]], "reflector_prisms": [[-6.17065, 4.64155, 8.08101, -4.17065, 7.64155, 11.081]], "absorber_prisms": [[-2.80905, -2.09508, 13.4986, 3.19095, 1.90492, 18.4986]], "line_of_sight": [[0, 0, 0, 0, 0, 500], [0, 0, 0, 0, 0, 503]]}