{
"time_step": 1e-05,
"number_of_molecules": 500000,
"diff_coef": 150,
"sim_time": 3.6,
"absorbers": [
[-8.11739,-4.56718,-19.9311,4]
],
"reflectors": [
],
"reflector_prisms": [
[-1.08203,-4.81442,-9.45142,0.917972,-0.814422,-4.45142],
[-17.9527,-3.35464,-12.3954,-12.9527,-1.35464,-7.39537],
[-14.0475,-7.48393,-4.5667,-12.0475,-5.48393,-2.5667]
],
"absorber_prisms": [
]
}