{"time_step": 1e-05, "number_of_molecules": 500000, "diff_coef": 200, "sim_time": 1.875, "absorbers": [[5.80402, -10.9915, 15.6684, 5], [1.67312, -3.95334, -19.5339, 5]], "reflectors": [], "reflector_prisms": [[12.051, 3.43857, -14.1472, 16.051, 8.43857, -10.1472], [-2.31474, 10.8555, -19.2028, 1.68526, 15.8555, -13.2028]], "absorber_prisms": [[-1.28399, -10.5696, 1.16189, 1.71601, -5.56955, 4.16189]], "line_of_sight": [[0, 0, 0, 0, 0, 498], [0, 0, 0, 0, 0, 502]]}