{"time_step": 1e-05, "number_of_molecules": 500000, "diff_coef": 250, "sim_time": 0.666667, "absorbers": [[-2.33196, 0.317711, -13.8008, 4]], "reflectors": [[-0.878078, 5.60907, -18.1319, 2]], "reflector_prisms": [[-4.7999, -15.8912, 4.423, -1.7999, -9.89119, 9.423], [14.0421, 3.72566, -13.8941, 20.0421, 6.72566, -11.8941], [-3.76175, -8.34233, 11.1716, -1.76175, -4.34233, 13.1716], [-7.61598, -9.24685, -1.74616, -2.61598, -4.24685, 0.25384]], "absorber_prisms": [], "line_of_sight": [[46, 0, 46, 0, 0, 503]]}