{
"time_step": 1e-05,
"number_of_molecules": 500000,
"diff_coef": 400,
"sim_time": 1.50417,
"absorbers": [
[11.3999,-7.52798,14.6072,4],
[1.01148,4.01042,-21.6077,3],
[-13.2169,5.91373,-17.8701,6]
],
"reflectors": [
],
"reflector_prisms": [
[-5.32687,-0.295604,-9.46195,0.673132,3.7044,-5.46195]
],
"absorber_prisms": [
[-1.46077,-1.27495,4.94144,2.53923,2.72505,8.94144]
]
}