{
"time_step": 1e-05,
"number_of_molecules": 500000,
"diff_coef": 50,
"sim_time": 12.0333,
"absorbers": [
[3.68866,-5.28798,8.91241,6],
[-1.40345,4.65568,14.19,5],
[7.51613,8.17876,-17.8218,6],
[12.4543,16.722,2.50287,5],
[20.8421,-9.96548,6.50349,5],
[-16.3982,8.8911,3.61234,5]
],
"reflectors": [
[17.2668,0.939668,4.99748,4],
[-9.78986,-17.2504,-2.56564,4]
],
"reflector_prisms": [
],
"absorber_prisms": [
]
}