{
"time_step": 1e-05,
"number_of_molecules": 500000,
"diff_coef": 300,
"sim_time": 0.938889,
"absorbers": [
[13.0675,1.57025,-4.77239,6],
[0.671015,2.25399,-16.8365,4],
[-14.3037,4.42653,5.63998,4]
],
"reflectors": [
],
"reflector_prisms": [
],
"absorber_prisms": [
]
}