{"time_step": 1e-05, "number_of_molecules": 500000, "diff_coef": 300, "sim_time": 1.8, "absorbers": [[-6.97086, -12.797, -3.55567, 5], [-7.89062, 11.5141, -1.0786, 3], [-4.87941, 3.02452, 5.57168, 2], [6.73032, 4.04104, 16.1979, 5], [-10.4834, 13.4373, -12.2694, 3], [-7.74797, 10.7972, 12.1404, 3], [3.26773, -13.3057, 2.87766, 2]], "reflectors": [[2.42396, 0.236043, 6.56267, 2], [-14.656, 1.71675, -6.185, 6], [19.5114, -7.64757, 1.34971, 5], [5.01466, 12.3052, 6.9595, 2], [10.304, -1.46779, -10.8015, 4], [-1.94573, -0.960293, 20.8876, 3]], "reflector_prisms": [], "absorber_prisms": [], "line_of_sight": [[64, 0, 64, 0, 0, 498], [0, 0, 0, 0, 0, 501], [266, 90, 176, 0, 0, 505], [238, 0, 238, 0, 0, 500], [0, 0, 0, 0, 0, 499], [169, 169, 0, 0, 0, 499], [0, 0, 0, 0, 0, 496]]}