{"time_step": 1e-05, "number_of_molecules": 500000, "diff_coef": 400, "sim_time": 0.15, "absorbers": [[-7.86841, -4.56065, 4.15796, 4]], "reflectors": [[-16.9029, 3.01424, -5.40438, 5], [-8.17297, 8.63344, -12.1518, 2]], "reflector_prisms": [], "absorber_prisms": [[2.48869, -5.43821, -18.0918, 4.48869, -3.43821, -16.0918], [-0.388836, -3.86008, 17.9063, 1.61116, 0.139919, 22.9063], [-2.76204, 5.57132, 7.61393, -0.762038, 11.5713, 11.6139]], "line_of_sight": [[0, 0, 0, 0, 0, 502]]}