{"time_step": 1e-05, "number_of_molecules": 500000, "diff_coef": 200, "sim_time": 2.13333, "absorbers": [[11.5229, -4.31395, 17.018, 5], [-9.09776, -3.53945, 2.16866, 4], [-2.18929, 0.597896, 8.70916, 3]], "reflectors": [[-14.8887, 9.57165, 3.27252, 4]], "reflector_prisms": [[2.33629, -8.45806, -2.39572, 6.33629, -3.45806, -0.395715]], "absorber_prisms": [], "line_of_sight": [[0, 0, 0, 0, 0, 502], [0, 0, 0, 0, 0, 501], [0, 0, 0, 0, 0, 501]]}