{"time_step": 1e-05, "number_of_molecules": 500000, "diff_coef": 100, "sim_time": 4.26667, "absorbers": [[-3.95003, 3.19803, 20.3757, 5]], "reflectors": [], "reflector_prisms": [[-13.4123, -16.1768, -0.936856, -11.4123, -11.1768, 3.06314], [-16.9817, 6.87109, -3.25968, -11.9817, 8.87109, 1.74032], [6.25372, 7.0722, 12.756, 9.25372, 12.0722, 18.756]], "absorber_prisms": [], "line_of_sight": [[0, 0, 0, 0, 0, 503]]}