{
"time_step": 1e-05,
"number_of_molecules": 500000,
"diff_coef": 50,
"sim_time": 10.8,
"absorbers": [
[18.3696,12.0385,-1.27739,4],
[-15.2009,-5.8376,-9.79053,6],
[0.394679,2.98293,19.7724,5],
[4.78978,3.79106,-16.9318,5],
[-4.89939,10.0813,-4.28525,4],
[-4.6013,-7.51319,-20.1589,4]
],
"reflectors": [
[0.573742,13.8076,-13.0392,4],
[-4.2141,6.05374,11.8993,4]
],
"reflector_prisms": [
],
"absorber_prisms": [
]
}