{"time_step": 1e-05, "number_of_molecules": 500000, "diff_coef": 300, "sim_time": 1.08889, "absorbers": [[7.81887, -9.08938, 0.498439, 2], [5.34311, 8.21808, 1.97847, 4], [-18.0152, 5.26043, -2.96316, 5]], "reflectors": [], "reflector_prisms": [], "absorber_prisms": [[-6.09854, 15.0271, -11.1525, -1.09854, 21.0271, -9.1525], [-6.42341, -15.4427, -4.56804, -0.423405, -9.44273, 1.43196]], "line_of_sight": [[0, 0, 0, 0, 0, 501], [0, 0, 0, 0, 0, 502], [0, 0, 0, 0, 0, 500]]}