{"time_step": 1e-05, "number_of_molecules": 500000, "diff_coef": 150, "sim_time": 2.17778, "absorbers": [[8.66953, -1.82979, -16.8075, 5], [-6.17199, 3.73035, 9.59119, 7]], "reflectors": [], "reflector_prisms": [], "absorber_prisms": [], "line_of_sight": [[498, 498, 0, 0, 0, 498], [14, 14, 0, 0, 0, 504]]}