{
"time_step": 1e-05,
"number_of_molecules": 500000,
"diff_coef": 400,
"sim_time": 1.06667,
"absorbers": [
[-0.31263,-5.91051,16.9991,2]
],
"reflectors": [
[-5.98494,2.2271,15.755,3],
[4.79062,-0.955328,8.72567,3],
[11.8435,10.58,13.7403,6]
],
"reflector_prisms": [
],
"absorber_prisms": [
[-0.49501,3.54881,1.81878,2.50499,8.54881,6.81878],
[-6.15113,13.5821,1.52081,-0.151127,18.5821,7.52081]
]
}