{
"time_step": 1e-05,
"number_of_molecules": 500000,
"diff_coef": 200,
"sim_time": 2.40833,
"absorbers": [
[0.138132,4.25508,20.5639,5],
[4.6359,-8.82755,-18.482,4]
],
"reflectors": [
],
"reflector_prisms": [
],
"absorber_prisms": [
]
}