{"time_step": 1e-05, "number_of_molecules": 500000, "diff_coef": 50, "sim_time": 6.53333, "absorbers": [[-2.1763, -13.7054, -12.9779, 5], [-5.91583, 8.07156, 12.4841, 6], [4.09212, 4.28604, 9.26739, 4], [8.58464, -11.7969, -6.5678, 6]], "reflectors": [[11.5271, -19.1399, 5.45803, 4]], "reflector_prisms": [], "absorber_prisms": [], "line_of_sight": [[238, 238, 0, 0, 0, 498], [207, 207, 0, 0, 0, 499], [92, 92, 0, 0, 0, 501], [146, 146, 0, 0, 0, 500]]}