{"time_step": 1e-05, "number_of_molecules": 500000, "diff_coef": 50, "sim_time": 10.8, "absorbers": [[3.72929, 0.543111, -12.4418, 2], [-4.0621, 6.23731, 18.5633, 2], [-4.72817, 12.0897, 0.694845, 2], [-0.460755, 1.91471, -15.8783, 2], [-18.3267, 7.86138, 1.52686, 3], [-7.37505, -12.2619, -7.15919, 6], [2.58726, 7.01708, 15.2665, 2], [-6.09976, -0.993186, 7.86171, 3]], "reflectors": [[8.0798, 2.39034, -7.07129, 4]], "reflector_prisms": [], "absorber_prisms": [], "line_of_sight": [[128, 128, 0, 0, 0, 502], [0, 0, 0, 0, 0, 498], [0, 0, 0, 0, 0, 499], [0, 0, 0, 0, 0, 500], [0, 0, 0, 0, 0, 500], [0, 0, 0, 0, 0, 503], [0, 0, 0, 0, 0, 499], [336, 52, 284, 0, 0, 499]]}