{
"time_step": 1e-05,
"number_of_molecules": 500000,
"diff_coef": 300,
"sim_time": 1.8,
"absorbers": [
[0.0232417,-0.127055,18.9996,5],
[-11.0239,-14.1276,-6.3154,6],
[-12.0058,2.21444,8.71537,6],
[15.2047,14.3255,-2.14452,3],
[10.6573,-13.8832,-4.20459,5],
[-0.577737,7.41258,-2.95295,3],
[22.7964,-0.175444,-3.04828,6],
[11.1704,3.9421,-10.7556,4]
],
"reflectors": [
[-6.41259,-2.69891,-3.949,2],
[-4.97558,15.032,-6.18719,2],
[4.90308,-21.9256,-10.9648,6],
[1.81058,-1.97702,-15.7738,2]
],
"reflector_prisms": [
],
"absorber_prisms": [
]
}