{"time_step": 1e-05, "number_of_molecules": 500000, "diff_coef": 100, "sim_time": 4.81667, "absorbers": [[0.687713, -11.1757, -16.572, 5], [-3.03829, 2.1388, -9.28409, 5], [-13.0712, 6.87114, -14.9309, 4], [4.69919, 4.6989, 6.06943, 4], [7.35654, -8.60207, -6.3942, 7], [0.382319, 2.43286, -17.8307, 4]], "reflectors": [[2.23028, -5.48785, 13.7808, 7], [-7.58511, -14.1228, 8.18617, 4], [-7.11032, 10.1867, 3.83064, 4]], "reflector_prisms": [], "absorber_prisms": [], "line_of_sight": [[272, 272, 0, 0, 0, 497], [372, 204, 230, 0, 0, 498], [370, 370, 182, 0, 0, 497], [143, 143, 0, 0, 0, 500], [107, 58, 49, 0, 0, 497], [467, 423, 433, 0, 0, 503]]}