{
"time_step": 1e-05,
"number_of_molecules": 500000,
"diff_coef": 150,
"sim_time": 0.4,
"absorbers": [
[-8.26382,3.62866,-6.28826,6],
[5.46227,-4.93789,-8.17195,5],
[6.19908,-1.88396,10.1006,7]
],
"reflectors": [
[-3.64605,-6.64369,-10.5626,4],
[9.94454,10.9239,2.60282,5]
],
"reflector_prisms": [
],
"absorber_prisms": [
]
}