{
"time_step": 1e-05,
"number_of_molecules": 500000,
"diff_coef": 150,
"sim_time": 0.9,
"absorbers": [
[-0.482125,-4.43803,13.2692,5]
],
"reflectors": [
[0.749721,1.77508,-16.8904,3]
],
"reflector_prisms": [
[-5.63241,-2.21987,-18.6283,-1.63241,1.78013,-16.6283],
[5.96267,14.7623,-6.5894,10.9627,20.7623,-0.5894]
],
"absorber_prisms": [
[-5.55405,7.01095,-6.71262,-1.55405,11.011,-3.71262],
[-8.35508,-15.2439,-2.75255,-3.35508,-11.2439,1.24745]
]
}