{
"time_step": 1e-05,
"number_of_molecules": 500000,
"diff_coef": 250,
"sim_time": 1.5,
"absorbers": [
[-4.15898,-7.73035,16.8507,4]
],
"reflectors": [
],
"reflector_prisms": [
[-4.82905,0.322676,-10.5718,1.17095,3.32268,-4.57182],
[-9.9099,3.57946,13.0268,-4.9099,9.57946,17.0268]
],
"absorber_prisms": [
[-16.8288,-3.58174,4.62227,-10.8288,-1.58174,10.6223]
]
}