{"time_step": 1e-05, "number_of_molecules": 500000, "diff_coef": 200, "sim_time": 2.40833, "absorbers": [[-12.5252, -5.41943, -3.12219, 5], [-17.1932, 2.48354, -9.91086, 3]], "reflectors": [[-8.6974, 11.0789, -15.576, 6]], "reflector_prisms": [], "absorber_prisms": [[11.1432, 6.89437, -19.1811, 14.1432, 8.89437, -13.1811], [6.35308, -12.8999, -14.7014, 8.35308, -6.89993, -8.70143], [5.23243, -20.7988, 3.92294, 11.2324, -18.7988, 5.92294]], "line_of_sight": [[0, 0, 0, 0, 0, 498], [0, 0, 0, 0, 0, 502]]}