{
"time_step": 1e-05,
"number_of_molecules": 500000,
"diff_coef": 300,
"sim_time": 2.00556,
"absorbers": [
[3.00251,12.8785,-16.3135,6],
[17.0517,-15.8812,-11.5338,7],
[-0.211434,-0.0456112,14.9984,5],
[-1.82165,-0.645054,-19.9064,6]
],
"reflectors": [
[5.93875,-11.186,-19.1991,5],
[-13.0815,1.17177,-10.7936,5],
[-15.6899,2.27483,10.4715,4]
],
"reflector_prisms": [
],
"absorber_prisms": [
]
}