{"time_step": 1e-05, "number_of_molecules": 500000, "diff_coef": 300, "sim_time": 1.8, "absorbers": [[5.7571, 17.3796, 12.1986, 4]], "reflectors": [[-17.0667, -3.70902, 4.35544, 5]], "reflector_prisms": [[1.8999, 7.71164, 8.72727, 5.8999, 13.7116, 13.7273]], "absorber_prisms": [[-2.27379, -5.62961, -15.7293, 2.72621, 0.370391, -9.72926], [-9.37757, -1.95751, -22.6873, -5.37757, 3.04249, -17.6873], [0.576209, -6.81063, -6.6419, 3.57621, -2.81063, -2.6419]], "line_of_sight": [[214, 0, 0, 0, 214, 497]]}