{"time_step": 1e-05, "number_of_molecules": 500000, "diff_coef": 200, "sim_time": 1.63333, "absorbers": [[13.8588, -8.24239, -10.0497, 5]], "reflectors": [], "reflector_prisms": [[4.3182, -1.95184, 8.77212, 6.3182, 0.0481607, 13.7721], [-7.32439, -16.4351, -13.4414, -3.32439, -11.4351, -8.4414], [-11.9926, 1.94215, 15.4441, -6.99257, 6.94215, 17.4441]], "absorber_prisms": [[3.30086, -3.60982, 2.616, 5.30086, -1.60982, 5.616], [6.7325, 18.0245, -2.03156, 8.7325, 21.0245, 1.96844]], "line_of_sight": [[0, 0, 0, 0, 0, 497]]}