{"time_step": 1e-05, "number_of_molecules": 500000, "diff_coef": 150, "sim_time": 2.84444, "absorbers": [[-16.2449, 0.500267, -13.2986, 5]], "reflectors": [[2.63426, 4.60848, 8.47482, 4], [1.26415, -14.4412, -19.1273, 5]], "reflector_prisms": [], "absorber_prisms": [[0.267912, -1.71959, 13.7493, 5.26791, 1.28041, 16.7493], [-2.1726, -1.0963, 10.9646, 3.8274, 1.9037, 12.9646], [-9.91845, -4.83613, -3.96071, -4.91845, -0.836128, 2.03929]], "line_of_sight": [[61, 0, 0, 61, 0, 498]]}