{
"time_step": 1e-05,
"number_of_molecules": 500000,
"diff_coef": 100,
"sim_time": 0.6,
"absorbers": [
[0.899609,4.05044,-9.09861,4]
],
"reflectors": [
],
"reflector_prisms": [
[-0.0646742,-3.46574,-15.7879,3.93533,0.534259,-11.7879],
[13.8864,-4.63075,-6.57438,16.8864,1.36925,-1.57438]
],
"absorber_prisms": [
[-10.3383,-11.4142,-19.4803,-4.33829,-7.4142,-17.4803]
]
}