{"time_step": 1e-05, "number_of_molecules": 500000, "diff_coef": 200, "sim_time": 1.63333, "absorbers": [[-5.87595, -11.4771, 13.9553, 5]], "reflectors": [[-3.17134, 2.4951, -6.90775, 3], [5.33392, -12.5626, 3.11955, 5]], "reflector_prisms": [[-14.3594, 9.41454, -8.41187, -10.3594, 14.4145, -2.41187]], "absorber_prisms": [[4.97407, 1.58688, 15.8805, 10.9741, 6.58688, 19.8805], [-8.86368, 9.75603, -12.2426, -2.86368, 12.756, -7.24264]], "line_of_sight": [[0, 0, 0, 0, 0, 504]]}