{"time_step": 1e-05, "number_of_molecules": 500000, "diff_coef": 100, "sim_time": 6.01667, "absorbers": [[-5.86438, 3.86475, -5.62785, 4], [-5.05771, 9.36242, 2.78649, 6], [3.69894, -8.87323, 11.5145, 5], [6.86057, 21.96, -9.78222, 7], [-0.010339, 0.0211785, -15, 5], [14.5179, 8.03323, -18.7002, 6]], "reflectors": [[13.9798, 7.73554, 0.853066, 4], [-9.41889, -3.01142, 1.48858, 4], [14.7553, 6.06177, 13.6578, 6], [12.4538, -10.665, -14.6683, 7]], "reflector_prisms": [], "absorber_prisms": [], "line_of_sight": [[136, 127, 9, 0, 0, 500], [95, 0, 95, 0, 0, 503], [198, 198, 0, 0, 0, 498], [0, 0, 0, 0, 0, 499], [0, 0, 0, 0, 0, 501], [0, 0, 0, 0, 0, 502]]}