{
"time_step": 1e-05,
"number_of_molecules": 500000,
"diff_coef": 300,
"sim_time": 0.555556,
"absorbers": [
[-0.139662,-10.0994,-9.69448,4]
],
"reflectors": [
[6.06858,12.5723,-1.05331,3],
[-5.18679,2.76704,-21.2,3],
[0.076931,-8.9838,0.534197,2]
],
"reflector_prisms": [
],
"absorber_prisms": [
]
}