{
"time_step": 1e-05,
"number_of_molecules": 500000,
"diff_coef": 150,
"sim_time": 3.6,
"absorbers": [
[0.529161,2.72338,-21.8244,6],
[7.1114,-1.29467,11.9897,4],
[-3.54504,1.72457,22.6596,5],
[2.1448,-7.74572,-16.106,5],
[-11.5452,10.8509,-15.2632,4],
[1.33469,-15.5413,-3.56165,5]
],
"reflectors": [
[-4.79264,15.6694,18.8813,7],
[-7.19338,-21.0442,-9.02206,6],
[16.2924,-8.48141,10.1796,6],
[-14.1228,2.303,-15.3701,4],
[0.197755,13.8516,-2.02308,7],
[16.6958,5.3336,-9.63347,7]
],
"reflector_prisms": [
],
"absorber_prisms": [
]
}