{
"time_step": 1e-05,
"number_of_molecules": 500000,
"diff_coef": 200,
"sim_time": 2.40833,
"absorbers": [
[2.9478,9.65127,9.70379,4],
[-7.24813,-11.5167,19.7695,7],
[8.91074,-0.741293,-1.02429,4],
[-0.861789,0.737621,14.957,5],
[-0.904222,-6.19788,-7.79543,4]
],
"reflectors": [
[17.9629,10.0922,12.3078,7],
[-13.7032,-3.17021,-14.2187,5]
],
"reflector_prisms": [
],
"absorber_prisms": [
]
}