{
"time_step": 1e-05,
"number_of_molecules": 500000,
"diff_coef": 150,
"sim_time": 4.01111,
"absorbers": [
[-2.66749,-10.5834,-1.36951,4],
[2.46412,19.0159,8.5629,5],
[-10.7576,-9.68858,12.3047,3],
[-15.8769,1.28178,1.5103,5],
[-9.32169,7.92468,-15.821,4],
[4.36251,-9.0517,-21.7953,5],
[-0.407097,-0.0756632,9.99142,4]
],
"reflectors": [
[11.9276,0.567989,5.13898,6],
[7.935,11.2748,5.90894,2]
],
"reflector_prisms": [
],
"absorber_prisms": [
]
}