{
"time_step": 1e-05,
"number_of_molecules": 500000,
"diff_coef": 400,
"sim_time": 1.50417,
"absorbers": [
[-0.0529033,-10.9105,-1.39916,5],
[15.4085,17.0739,-9.80094,6],
[1.8912,8.005,-23.6081,6]
],
"reflectors": [
],
"reflector_prisms": [
],
"absorber_prisms": [
]
}