{"time_step": 1e-05, "number_of_molecules": 500000, "diff_coef": 350, "sim_time": 1.07143, "absorbers": [[14.6402, 6.68821, -11.8715, 5]], "reflectors": [], "reflector_prisms": [[-3.68681, 5.87176, -2.93989, 1.31319, 11.8718, 1.06011], [-10.7682, -5.48256, 11.0092, -6.76819, -2.48256, 17.0092], [-1.49789, -1.957, 6.99988, 1.50211, 2.043, 8.99988]], "absorber_prisms": [[-11.3274, 2.31938, -2.34678, -7.32739, 7.31938, 2.65322]], "line_of_sight": [[0, 0, 0, 0, 0, 502]]}