{"time_step": 1e-05, "number_of_molecules": 500000, "diff_coef": 150, "sim_time": 2.5, "absorbers": [[18.9363, -7.10434, 5.65202, 6], [-5.02836, -10.8952, 0.106099, 4], [7.93222, 16.773, 4.09235, 5], [-6.89804, 11.321, -7.01793, 5], [-15.7899, -1.09827, -2.33973, 7]], "reflectors": [[-1.8505, -5.03773, -18.2263, 4], [-6.85741, 0.113884, 19.8485, 7]], "reflector_prisms": [], "absorber_prisms": [], "line_of_sight": [[214, 214, 0, 0, 0, 500], [168, 168, 0, 0, 0, 501], [279, 279, 0, 0, 0, 497], [0, 0, 0, 0, 0, 500], [110, 110, 0, 0, 0, 503]]}