{
"time_step": 1e-05,
"number_of_molecules": 500000,
"diff_coef": 300,
"sim_time": 0.2,
"absorbers": [
[2.76078,4.40153,9.6956,5]
],
"reflectors": [
[-13.1405,9.03775,-8.34551,5]
],
"reflector_prisms": [
[-4.47104,-9.54899,-1.95224,-0.471036,-5.54899,0.0477618],
[13.4709,-3.88507,-0.701859,16.4709,2.11493,1.29814],
[13.3019,-12.5952,-12.0999,15.3019,-10.5952,-8.09987]
],
"absorber_prisms": [
[-3.6162,-1.08002,11.3124,-0.616199,1.91998,13.3124]
]
}