{
"time_step": 1e-05,
"number_of_molecules": 500000,
"diff_coef": 50,
"sim_time": 1.2,
"absorbers": [
[0.557648,0.287447,8.97811,3]
],
"reflectors": [
[10.2639,-11.2689,9.57404,2]
],
"reflector_prisms": [
[-10.4383,-14.5311,-2.87376,-5.43831,-8.53114,3.12624]
],
"absorber_prisms": [
[-14.4641,8.95188,-7.95215,-8.46411,11.9519,-5.95215],
[-13.8604,-1.13903,-0.642194,-10.8604,0.860968,4.35781],
[-10.9721,-20.8956,-8.74876,-4.97214,-15.8956,-3.74876]
]
}