{
"time_step": 1e-05,
"number_of_molecules": 500000,
"diff_coef": 250,
"sim_time": 1.70667,
"absorbers": [
[-4.89569,9.40553,5.61856,4],
[0.0611639,0.1992,-19.9989,6],
[0.434896,19.0771,5.98962,4]
],
"reflectors": [
[-6.02846,-16.6798,6.8149,7],
[10.7953,-2.099,-0.237765,4],
[-1.84633,-3.34702,14.5048,7]
],
"reflector_prisms": [
],
"absorber_prisms": [
]
}