{
"time_step": 1e-05,
"number_of_molecules": 500000,
"diff_coef": 300,
"sim_time": 1.42222,
"absorbers": [
[0.692072,5.40247,-18.2026,3],
[-5.29781,8.16137,-10.066,3]
],
"reflectors": [
],
"reflector_prisms": [
[-16.2211,0.438718,-17.8495,-11.2211,6.43872,-15.8495],
[5.31241,2.66917,-11.0106,8.31241,8.66917,-8.01061]
],
"absorber_prisms": [
]
}