{
"time_step": 1e-05,
"number_of_molecules": 500000,
"diff_coef": 250,
"sim_time": 2.16,
"absorbers": [
[4.229,7.63107,-14.5905,2],
[-17.3255,-11.5996,-11.886,6],
[8.13419,-2.12259,12.4229,5]
],
"reflectors": [
[0.0843321,0.0269273,21.9998,6]
],
"reflector_prisms": [
[-6.5213,7.5722,14.3645,-1.5213,10.5722,20.3645]
],
"absorber_prisms": [
]
}