{"time_step": 1e-05, "number_of_molecules": 500000, "diff_coef": 50, "sim_time": 2.7, "absorbers": [[4.75532, -7.11833, 9.78347, 4], [-2.30365, 0.437478, 9.7212, 2]], "reflectors": [], "reflector_prisms": [[-7.23351, -1.00163, 15.5332, -4.23351, 2.99837, 18.5332], [-6.54299, 3.35593, -7.14189, -0.542988, 8.35593, -1.14189]], "absorber_prisms": [[-8.43649, 1.17428, -14.6278, -5.43649, 7.17428, -10.6278], [-2.32202, -22.8925, 0.92922, 0.677983, -17.8925, 2.92922]], "line_of_sight": [[0, 0, 0, 0, 0, 497], [0, 0, 0, 0, 0, 497]]}