{
"time_step": 1e-05,
"number_of_molecules": 500000,
"diff_coef": 50,
"sim_time": 10.8,
"absorbers": [
[-0.211122,-20.9353,6.75779,4]
],
"reflectors": [
[8.30914,-5.55665,14.9694,5],
[10.1301,-11.6078,-7.186,4],
[3.3199,-2.03953,-15.5183,4],
[9.70555,2.09989,-1.18019,3]
],
"reflector_prisms": [
[-9.4524,-1.28741,1.90401,-5.4524,3.71259,5.90401]
],
"absorber_prisms": [
]
}