{"time_step": 1e-05, "number_of_molecules": 500000, "diff_coef": 350, "sim_time": 1.54286, "absorbers": [[-7.47785, 13.0083, -9.94309, 6], [-6.75805, 5.80954, 1.25619, 2], [-1.22493, -0.000513616, 23.9687, 6], [-14.0302, -7.37341, 2.18805, 4], [-7.10887, -4.25194, -15.9808, 4], [9.10674, 1.48111, -10.5296, 5], [8.4107, 3.18888, -0.301812, 3], [-3.92376, 3.57474, -10.7622, 2]], "reflectors": [[-1.37299, -8.955, -6.23883, 5]], "reflector_prisms": [], "absorber_prisms": [], "line_of_sight": [[0, 0, 0, 0, 0, 500], [0, 0, 0, 0, 0, 501], [0, 0, 0, 0, 0, 500], [358, 358, 0, 0, 0, 499], [0, 0, 0, 0, 0, 499], [0, 0, 0, 0, 0, 501], [166, 166, 0, 0, 0, 500], [0, 0, 0, 0, 0, 499]]}