{
"time_step": 1e-05,
"number_of_molecules": 500000,
"diff_coef": 50,
"sim_time": 8.53333,
"absorbers": [
[-0.907902,-1.65223,18.9062,3]
],
"reflectors": [
],
"reflector_prisms": [
[-10.1507,-8.02269,-3.90278,-7.15066,-5.02269,0.0972232]
],
"absorber_prisms": [
[2.55396,4.44131,5.38307,7.55396,9.44131,11.3831],
[-3.71887,-7.81276,-10.1052,2.28113,-3.81276,-6.10525],
[-15.9472,-7.34259,-17.4995,-12.9472,-3.34259,-12.4995]
]
}