{"time_step": 1e-05, "number_of_molecules": 500000, "diff_coef": 100, "sim_time": 2.4, "absorbers": [[0.599925, -1.27086, 16.9418, 7], [-5.17014, -9.11814, -5.84202, 4], [-3.622, 3.30502, -17.3193, 6], [13.5257, 0.587363, -3.56522, 7]], "reflectors": [[4.90964, -11.6661, -2.96605, 4], [-17.9609, -1.14079, 0.321023, 4], [10.1254, 17.0937, -2.29816, 5], [19.246, -5.3845, 13.2891, 6]], "reflector_prisms": [], "absorber_prisms": [], "line_of_sight": [[182, 182, 0, 0, 0, 502], [0, 0, 0, 0, 0, 499], [330, 330, 0, 0, 0, 501], [18, 0, 18, 0, 0, 498]]}