{
"time_step": 1e-05,
"number_of_molecules": 500000,
"diff_coef": 350,
"sim_time": 1.21905,
"absorbers": [
[2.11332,8.60931,6.51257,2],
[12.0261,14.3972,6.93508,4],
[-0.115733,-0.250661,-16.9978,6]
],
"reflectors": [
],
"reflector_prisms": [
[-1.71477,-16.2785,-13.649,2.28523,-10.2785,-10.649]
],
"absorber_prisms": [
[-10.2049,-10.7812,5.02221,-6.20489,-7.78119,8.02221]
]
}