{"time_step": 1e-05, "number_of_molecules": 500000, "diff_coef": 250, "sim_time": 0.426667, "absorbers": [[-2.21695, -10.4524, -2.61403, 3], [-0.699866, 2.46461, -11.7233, 5]], "reflectors": [[11.2847, 12.5439, 2.07505, 4], [-11.8365, 1.1629, 1.59515, 6]], "reflector_prisms": [[-2.42582, -3.6331, 15.8797, 2.57418, -0.633097, 21.8797]], "absorber_prisms": [], "line_of_sight": [[0, 0, 0, 0, 0, 498], [0, 0, 0, 0, 0, 499]]}