{"time_step": 1e-05, "number_of_molecules": 500000, "diff_coef": 300, "sim_time": 1.42222, "absorbers": [[1.9933, 11.0048, 16.5808, 6], [16.5155, 2.19957, 9.13233, 3]], "reflectors": [[-11.0793, 16.1389, 13.8847, 6]], "reflector_prisms": [], "absorber_prisms": [[15.0393, -9.80401, -0.339293, 20.0393, -3.80401, 5.66071], [-12.7422, -3.51726, 13.2805, -6.74223, 1.48274, 19.2805]], "line_of_sight": [[0, 0, 0, 0, 0, 499], [0, 0, 0, 0, 0, 501]]}