{
"time_step": 1e-05,
"number_of_molecules": 500000,
"diff_coef": 200,
"sim_time": 0.533333,
"absorbers": [
[-0.407439,-7.7961,-11.6213,6]
],
"reflectors": [
],
"reflector_prisms": [
[-2.49375,-20.9251,1.63851,2.50625,-15.9251,7.63851],
[-4.59298,10.3163,-16.4162,0.407023,13.3163,-10.4162],
[-8.07023,-4.39823,-8.90467,-3.07023,-2.39823,-4.90467]
],
"absorber_prisms": [
[-7.11222,9.16816,3.86808,-1.11222,11.1682,5.86808]
]
}