{"time_step": 1e-05, "number_of_molecules": 500000, "diff_coef": 250, "sim_time": 2.40667, "absorbers": [[-9.29489, 6.72966, 13.8678, 2], [15.6539, 14.5041, -5.34677, 5], [-6.87432, -15.2689, -2.93325, 5], [-0.121022, -0.5452, -18.9918, 2], [-17.3215, 6.27585, -10.0787, 2], [6.05935, -5.02583, 23.7282, 6], [-8.18947, 7.04544, 7.23148, 2], [16.674, -12.5117, -11.8926, 6]], "reflectors": [[-5.54387, -10.4878, -10.7365, 4], [0.40537, 18.5278, -9.87705, 4], [3.36184, -14.8789, 7.50439, 5], [-0.768823, -0.773002, 12.9542, 2], [-6.39219, -5.06094, -3.8114, 4]], "reflector_prisms": [], "absorber_prisms": [], "line_of_sight": [[9, 9, 0, 0, 0, 502], [5, 0, 5, 0, 0, 502], [165, 0, 165, 0, 0, 500], [310, 31, 301, 0, 0, 503], [0, 0, 0, 0, 0, 500], [48, 11, 46, 0, 0, 493], [499, 499, 0, 0, 0, 499], [85, 85, 0, 0, 0, 500]]}