{
"time_step": 1e-05,
"number_of_molecules": 500000,
"diff_coef": 150,
"sim_time": 3.6,
"absorbers": [
[9.82193,-2.09767,20.6913,5]
],
"reflectors": [
],
"reflector_prisms": [
[-4.0298,-7.69583,-6.72446,-2.0298,-1.69583,-4.72446],
[-3.6055,4.80178,-8.50478,-0.605504,8.80178,-2.50478],
[-15.1324,0.267056,1.32114,-13.1324,6.26706,6.32114],
[-1.95518,-2.902,-16.9868,1.04482,2.098,-10.9868],
[-1.0584,-5.90106,12.4946,1.9416,-1.90106,17.4946]
],
"absorber_prisms": [
]
}