{"time_step": 1e-05, "number_of_molecules": 500000, "diff_coef": 100, "sim_time": 4.81667, "absorbers": [[-0.00380967, 0.0112835, 14, 2], [-7.40612, -2.52458, 10.3815, 3], [4.62243, 6.65429, -3.91836, 3], [-0.546604, 6.7884, 4.19749, 2], [3.69411, -8.25177, 17.8399, 3], [6.47747, 19.1749, 5.60062, 5], [7.14718, 0.541978, 6.97309, 4]], "reflectors": [[-15.6836, 8.81687, 0.535486, 3], [19.1851, 4.82766, 2.93714, 6], [-3.86334, 5.87848, -22.946, 6], [-3.48221, 13.6604, 14.1869, 4]], "reflector_prisms": [], "absorber_prisms": [], "line_of_sight": [[149, 0, 149, 0, 0, 500], [0, 0, 0, 0, 0, 501], [0, 0, 0, 0, 0, 494], [159, 32, 127, 0, 0, 501], [318, 0, 318, 0, 0, 502], [30, 30, 0, 0, 0, 503], [48, 0, 48, 0, 0, 504]]}