{
"time_step": 1e-05,
"number_of_molecules": 500000,
"diff_coef": 50,
"sim_time": 6.53333,
"absorbers": [
[-17.1958,-3.64376,-3.87632,4],
[5.15122,-5.32649,-3.01554,3],
[-4.75559,-7.94515,-13.0483,2],
[8.53293,-3.01003,4.25779,5]
],
"reflectors": [
],
"reflector_prisms": [
[-1.1062,-3.35697,-18.4917,1.8938,2.64303,-15.4917]
],
"absorber_prisms": [
]
}