{
"time_step": 1e-05,
"number_of_molecules": 500000,
"diff_coef": 50,
"sim_time": 6.53333,
"absorbers": [
[-14.0317,-6.65524,-10.9462,5]
],
"reflectors": [
],
"reflector_prisms": [
[-6.58507,3.15911,1.73425,-2.58507,5.15911,6.73425],
[-0.837157,-15.0705,-15.5315,5.16284,-12.0705,-13.5315],
[-2.17687,-6.54469,8.50607,-0.176874,-4.54469,11.5061]
],
"absorber_prisms": [
]
}