{
"time_step": 1e-05,
"number_of_molecules": 500000,
"diff_coef": 200,
"sim_time": 0.533333,
"absorbers": [
[-1.55613,0.300759,12.903,5]
],
"reflectors": [
],
"reflector_prisms": [
[-4.52579,15.7854,-16.0235,1.47421,18.7854,-11.0235]
],
"absorber_prisms": [
[-13.16,1.19255,-4.58052,-10.16,6.19255,-0.580517]
]
}