{
"time_step": 1e-05,
"number_of_molecules": 500000,
"diff_coef": 300,
"sim_time": 2.00556,
"absorbers": [
[12.1269,-0.291664,-6.98953,3],
[1.88902,2.55463,-13.6347,6],
[-10.912,-7.02367,-0.771491,2],
[-1.7741,-17.0209,-13.8254,3],
[-6.87716,0.288844,-5.79838,2],
[0.51594,0.0924612,11.9885,5],
[-1.57354,11.5221,-5.81087,4]
],
"reflectors": [
[5.75041,1.26258,20.1578,2],
[4.09412,10.4489,16.5547,5],
[14.5311,10.8061,10.6337,2],
[-14.2972,-1.63824,13.889,5]
],
"reflector_prisms": [
],
"absorber_prisms": [
]
}