{
"time_step": 1e-05,
"number_of_molecules": 500000,
"diff_coef": 200,
"sim_time": 3.00833,
"absorbers": [
[-21.4812,-8.06325,9.9269,6],
[16.1821,-5.05533,8.57802,4],
[-5.82729,-1.47972,21.1625,7],
[-17.756,11.1842,-13.5882,6],
[1.37454,13.9095,0.79779,6]
],
"reflectors": [
[-1.16312,2.79196,-22.8003,4]
],
"reflector_prisms": [
],
"absorber_prisms": [
]
}