{
"time_step": 1e-05,
"number_of_molecules": 500000,
"diff_coef": 150,
"sim_time": 0.711111,
"absorbers": [
[2.53519,-9.85607,-4.175,3]
],
"reflectors": [
[-8.32895,-8.68619,-4.91718,6]
],
"reflector_prisms": [
],
"absorber_prisms": [
[7.84434,-16.4688,-10.0691,9.84434,-12.4688,-7.06914]
]
}