{
"time_step": 1e-05,
"number_of_molecules": 500000,
"diff_coef": 200,
"sim_time": 0.408333,
"absorbers": [
[-2.78714,-6.23316,-11.0625,6]
],
"reflectors": [
[1.25893,10.1474,4.05532,3],
[3.91983,-6.5611,15.1851,3],
[-21.0486,7.75597,-8.53236,6],
[14.388,10.3335,3.1944,2]
],
"reflector_prisms": [
],
"absorber_prisms": [
[-3.77129,7.84818,-5.04144,-1.77129,11.8482,-3.04144]
]
}