{"time_step": 1e-05, "number_of_molecules": 500000, "diff_coef": 400, "sim_time": 1.20417, "absorbers": [[-4.29076, -12.6128, 6.89259, 7], [9.58953, 8.73325, -0.878179, 7], [-13.2841, -4.6126, -7.63256, 5], [-0.751014, 0.0956814, -16.9831, 5], [19.0093, -1.78889, -8.74327, 4]], "reflectors": [[3.71827, -1.78706, 10.1971, 4], [-3.00783, 9.17358, 11.4803, 5], [-3.73266, -0.892553, 22.6775, 4], [-1.26135, -9.60745, 19.7511, 5], [8.14693, -12.7086, -9.80398, 7]], "reflector_prisms": [], "absorber_prisms": [], "line_of_sight": [[207, 174, 33, 0, 0, 500], [213, 213, 0, 0, 0, 500], [148, 148, 0, 0, 0, 498], [354, 0, 379, 0, 0, 501], [0, 0, 0, 0, 0, 498]]}