{
"time_step": 1e-05,
"number_of_molecules": 500000,
"diff_coef": 50,
"sim_time": 1.2,
"absorbers": [
[-10.9087,-0.388885,4.98479,6]
],
"reflectors": [
[-2.21044,14.2011,-4.29438,6]
],
"reflector_prisms": [
],
"absorber_prisms": [
[-21.138,-14.1742,-0.391935,-15.138,-10.1742,5.60806],
[7.5172,-3.4518,-11.231,12.5172,1.5482,-5.23102],
[-3.83303,5.16314,-10.8064,2.16697,9.16314,-5.80635]
]
}