{
"time_step": 1e-05,
"number_of_molecules": 500000,
"diff_coef": 350,
"sim_time": 1.37619,
"absorbers": [
[-8.82813,6.41091,1.40157,6],
[0.114877,0.150592,15.9989,6],
[1.52117,-11.5975,-17.4409,4],
[10.3631,7.41003,-14.096,4],
[8.54367,-5.68975,3.95378,6],
[-15.7611,-5.48511,3.24072,6]
],
"reflectors": [
[19.9717,14.9971,1.10404,7]
],
"reflector_prisms": [
],
"absorber_prisms": [
]
}