{
"time_step": 1e-05,
"number_of_molecules": 500000,
"diff_coef": 400,
"sim_time": 0.204167,
"absorbers": [
[7.87027,2.17481,3.78536,2]
],
"reflectors": [
],
"reflector_prisms": [
[-4.74663,8.41129,-0.563154,-1.74663,12.4113,3.43685],
[-1.51039,8.98711,-11.1974,4.48961,10.9871,-8.19735],
[-4.56771,-9.89567,-6.48918,0.432294,-3.89567,-0.48918]
],
"absorber_prisms": [
[-8.38674,16.3303,-9.40488,-2.38674,18.3303,-7.40488]
]
}