{"time_step": 1e-05, "number_of_molecules": 500000, "diff_coef": 100, "sim_time": 6.01667, "absorbers": [[1.54822, -7.07112, 8.28265, 5], [0.228656, -0.307136, -10.9933, 2], [5.71848, 1.33395, -5.43319, 3], [0.275418, 4.50789, 20.5086, 6], [-18.5818, -4.77182, 5.6521, 3], [14.8748, -17.6023, -6.70077, 5], [0.655026, 9.8795, -4.79233, 4]], "reflectors": [[2.61749, -14.4248, -19.0019, 6], [-2.77905, 7.32989, 7.71683, 3], [-11.7894, -6.3579, -17.4524, 5]], "reflector_prisms": [], "absorber_prisms": [], "line_of_sight": [[138, 138, 0, 0, 0, 499], [331, 331, 0, 0, 0, 501], [37, 37, 0, 0, 0, 501], [197, 127, 70, 0, 0, 499], [117, 117, 0, 0, 0, 500], [0, 0, 0, 0, 0, 496], [204, 204, 0, 0, 0, 500]]}