{"time_step": 1e-05, "number_of_molecules": 500000, "diff_coef": 250, "sim_time": 2.40667, "absorbers": [[0.43507, 2.00853, -12.8365, 6], [-1.63771, -4.03633, 15.3956, 5], [15.4958, 3.33061, 6.14711, 4], [9.41193, -8.90328, -1.07106, 5], [10.7456, 18.809, -7.73008, 4], [8.19807, 3.26309, 16.8269, 4]], "reflectors": [[-3.59201, -14.7647, -5.01006, 6], [-18.5246, -15.3006, 6.90886, 6], [12.4079, -4.42529, 13.6917, 5], [-15.1174, 11.3995, 11.2033, 4]], "reflector_prisms": [], "absorber_prisms": [], "line_of_sight": [[100, 100, 0, 0, 0, 502], [500, 500, 0, 0, 0, 500], [0, 0, 0, 0, 0, 500], [53, 0, 53, 0, 0, 502], [86, 0, 86, 0, 0, 500], [122, 122, 0, 0, 0, 500]]}