{"time_step": 1e-05, "number_of_molecules": 500000, "diff_coef": 50, "sim_time": 7.5, "absorbers": [[-9.27894, -4.75194, 7.76661, 5], [2.90602, 11.9549, 6.68096, 6], [2.61789, 3.23205, -18.5392, 4]], "reflectors": [[10.9363, -0.938562, 19.0661, 6]], "reflector_prisms": [], "absorber_prisms": [], "line_of_sight": [[0, 0, 0, 0, 0, 497], [0, 0, 0, 0, 0, 503], [0, 0, 0, 0, 0, 500]]}