{"time_step": 1e-05, "number_of_molecules": 500000, "diff_coef": 200, "sim_time": 1.875, "absorbers": [[1.80819, 0.676047, 15.8831, 7], [12.8469, -13.7954, -6.68168, 5], [6.89931, 8.73086, 4.49129, 7], [6.77546, -9.52311, -17.4472, 7]], "reflectors": [[-8.04583, 11.9728, 4.11311, 7], [-10.4312, -7.17719, 15.4816, 4]], "reflector_prisms": [], "absorber_prisms": [], "line_of_sight": [[76, 76, 0, 0, 0, 499], [501, 0, 501, 0, 0, 501], [0, 0, 0, 0, 0, 495], [201, 109, 92, 0, 0, 499]]}