{"time_step": 1e-05, "number_of_molecules": 500000, "diff_coef": 250, "sim_time": 2.40667, "absorbers": [[-14.7693, 2.40943, 18.7633, 5], [-5.51549, 7.69331, -10.3147, 7], [14.8439, 5.44614, -2.44908, 6], [5.56884, -4.02289, -7.26666, 5], [1.15341, 3.8065, 12.3766, 5], [-7.8596, -9.59887, 6.48756, 5], [10.6053, 7.49664, 20.1824, 7]], "reflectors": [], "reflector_prisms": [], "absorber_prisms": [], "line_of_sight": [[499, 499, 0, 0, 0, 499], [0, 0, 0, 0, 0, 502], [87, 87, 0, 0, 0, 498], [133, 133, 0, 0, 0, 503], [252, 252, 0, 0, 0, 497], [92, 92, 0, 0, 0, 499], [215, 215, 0, 0, 0, 500]]}