{"time_step": 1e-05, "number_of_molecules": 500000, "diff_coef": 150, "sim_time": 1.34444, "absorbers": [[-7.64763, -6.76407, 9.57921, 3]], "reflectors": [], "reflector_prisms": [[4.29925, -10.1857, 4.75843, 8.29925, -4.18572, 9.75843], [-1.34355, -3.15728, -22.4789, 2.65645, 1.84272, -18.4789], [3.81678, -7.16337, -13.8259, 7.81678, -3.16337, -11.8259], [2.23189, -3.00782, 10.5013, 4.23189, -0.0078182, 14.5013], [10.6608, 8.9396, -14.0146, 12.6608, 12.9396, -10.0146]], "absorber_prisms": [], "line_of_sight": [[0, 0, 0, 0, 0, 499]]}