{
"time_step": 1e-05,
"number_of_molecules": 500000,
"diff_coef": 250,
"sim_time": 0.24,
"absorbers": [
[6.82073,4.86817,3.28308,3]
],
"reflectors": [
[5.88824,0.854046,12.6728,5]
],
"reflector_prisms": [
],
"absorber_prisms": [
[-2.2012,-4.47805,7.47039,-0.201197,-1.47805,11.4704],
[-10.641,-20.5894,-10.5573,-4.641,-14.5894,-6.55728],
[-19.2274,-10.8093,-6.21242,-14.2274,-7.80928,-1.21242],
[-4.85635,7.53691,7.91255,0.143649,13.5369,12.9125]
]
}