{
"time_step": 1e-05,
"number_of_molecules": 500000,
"diff_coef": 50,
"sim_time": 1.63333,
"absorbers": [
[5.05252,8.34361,-5.08491,4]
],
"reflectors": [
[0.157497,-8.45894,20.3082,4]
],
"reflector_prisms": [
[-1.95644,-1.5172,-21.9999,2.04356,1.4828,-19.9999]
],
"absorber_prisms": [
[-5.08082,2.56796,-9.14045,0.919181,7.56796,-5.14045]
]
}