{
"time_step": 1e-05,
"number_of_molecules": 500000,
"diff_coef": 400,
"sim_time": 0.104167,
"absorbers": [
[4.5487,2.81665,-9.61124,6]
],
"reflectors": [
[-7.64982,0.516669,-2.28328,3]
],
"reflector_prisms": [
],
"absorber_prisms": [
[-2.15296,-0.286966,15.482,2.84704,1.71303,19.482],
[-2.22206,-4.06867,-15.6811,1.77794,-2.06867,-13.6811],
[-1.64905,-1.86569,4.98285,2.35095,1.13431,9.98285],
[-10.687,-2.79249,-10.1806,-4.68696,1.20751,-8.18056]
]
}