{
"time_step": 1e-05,
"number_of_molecules": 500000,
"diff_coef": 50,
"sim_time": 2.13333,
"absorbers": [
[1.42339,-6.31895,8.89072,3]
],
"reflectors": [
[-8.89887,2.92198,10.4054,2]
],
"reflector_prisms": [
[-1.28136,8.92102,-10.574,3.71864,10.921,-7.57404],
[11.2931,7.93058,0.183959,16.2931,12.9306,5.18396]
],
"absorber_prisms": [
]
}