{
"time_step": 1e-05,
"number_of_molecules": 500000,
"diff_coef": 100,
"sim_time": 3.26667,
"absorbers": [
[0.769689,2.17153,16.8432,3]
],
"reflectors": [
[3.09463,-1.25206,-18.7044,6]
],
"reflector_prisms": [
[10.7581,-7.67537,0.872062,16.7581,-3.67537,2.87206],
[-4.29222,-11.0664,14.3974,0.707783,-8.06637,19.3974],
[-17.9618,-2.89551,4.28103,-13.9618,1.10449,7.28103]
],
"absorber_prisms": [
]
}