{"time_step": 1e-05, "number_of_molecules": 500000, "diff_coef": 400, "sim_time": 1.20417, "absorbers": [[-2.47357, 1.69668, -18.7617, 2]], "reflectors": [[7.99981, 7.86825, 4.25367, 6], [0.833249, 18.6691, -16.6063, 6]], "reflector_prisms": [], "absorber_prisms": [[-0.451089, 8.84376, -14.718, 2.54891, 12.8438, -8.71805]], "line_of_sight": [[0, 0, 0, 0, 0, 500]]}