{
"time_step": 1e-05,
"number_of_molecules": 500000,
"diff_coef": 400,
"sim_time": 0.704167,
"absorbers": [
[15.9721,10.2071,1.30678,6]
],
"reflectors": [
[4.28238,9.83134,2.45072,2],
[-9.26364,-9.75865,-14.7971,4],
[-17.4416,-3.06466,3.2248,3],
[-5.22106,-2.60534,-5.47291,2]
],
"reflector_prisms": [
],
"absorber_prisms": [
]
}