{
"time_step": 1e-05,
"number_of_molecules": 500000,
"diff_coef": 50,
"sim_time": 8.53333,
"absorbers": [
[-0.100016,-7.23949,-13.137,6],
[-1.82854,14.4616,-15.1169,5],
[-4.47111,11.3737,11.8173,7],
[13.0092,-0.0428491,17.7415,7]
],
"reflectors": [
[5.99293,10.7022,4.30676,4]
],
"reflector_prisms": [
],
"absorber_prisms": [
]
}