{
"time_step": 1e-05,
"number_of_molecules": 500000,
"diff_coef": 150,
"sim_time": 2.5,
"absorbers": [
[-14.2559,0.707064,4.61173,6],
[-5.80951,-4.07946,-5.53242,4],
[5.7197,0.0832678,12.778,4],
[12.691,8.67169,-11.1687,5],
[0.502257,-11.383,15.2044,4]
],
"reflectors": [
[13.4362,7.8309,9.06341,4],
[1.42098,9.88485,-18.4735,5],
[-18.8842,-14.7523,1.32614,6],
[-12.3133,9.74083,-3.08214,4],
[-13.446,-17.5593,13.6703,7]
],
"reflector_prisms": [
],
"absorber_prisms": [
]
}