{
"time_step": 1e-05,
"number_of_molecules": 500000,
"diff_coef": 50,
"sim_time": 5.63333,
"absorbers": [
[-7.10237,6.79245,4.94156,6],
[-3.24039,-10.8678,-11.2868,3]
],
"reflectors": [
],
"reflector_prisms": [
[2.47518,-8.30918,5.39555,6.47518,-6.30918,8.39555],
[3.7979,6.96309,17.1321,6.7979,8.96309,19.1321]
],
"absorber_prisms": [
[-14.2815,-8.16031,-9.10483,-8.28152,-3.16031,-7.10483],
[-10.4087,-11.3212,-0.644264,-6.4087,-8.32119,3.35574]
]
}