{"time_step": 1e-05, "number_of_molecules": 500000, "diff_coef": 350, "sim_time": 1.21905, "absorbers": [[0.204895, 18.6172, 9.71388, 5]], "reflectors": [[11.8575, -1.27068, -1.33647, 5], [0.0655718, 0.422619, 21.9958, 4]], "reflector_prisms": [[-2.53872, -15.5056, 2.50992, 1.46128, -9.50561, 4.50992], [-15.5124, -4.36601, 10.7924, -13.5124, -2.36601, 12.7924]], "absorber_prisms": [], "line_of_sight": [[0, 0, 0, 0, 0, 503]]}