{
"time_step": 1e-05,
"number_of_molecules": 500000,
"diff_coef": 400,
"sim_time": 1.50417,
"absorbers": [
[-5.15959,-1.26234,19.2817,4],
[1.25587,5.96574,25.2751,7],
[5.72148,9.3201,4.93968,5],
[4.02573,-4.33415,8.0628,5],
[12.343,-6.22492,17.1143,7]
],
"reflectors": [
[-0.0821193,2.44517,-17.833,4],
[2.56851,6.05853,-7.52973,4],
[-14.584,12.1932,-16.2368,7],
[22.1047,5.42303,-7.61401,7]
],
"reflector_prisms": [
],
"absorber_prisms": [
]
}