{"time_step": 1e-05, "number_of_molecules": 500000, "diff_coef": 200, "sim_time": 0.408333, "absorbers": [[-4.94723, 8.10928, -5.54658, 4]], "reflectors": [], "reflector_prisms": [[-13.5136, -7.82443, -5.95391, -7.51355, -3.82443, -3.95391], [0.37413, -0.0794971, 7.43831, 3.37413, 5.9205, 13.4383]], "absorber_prisms": [[10.6935, -8.86376, -3.73912, 12.6935, -3.86376, -0.739116]], "line_of_sight": [[0, 0, 0, 0, 0, 502]]}