{"time_step": 1e-05, "number_of_molecules": 500000, "diff_coef": 350, "sim_time": 1.21905, "absorbers": [[9.83336, 14.9784, 10.9522, 6], [10.3194, -2.78029, -19.2297, 7], [-17.9276, 2.7608, -8.42486, 4], [3.88736, 2.29229, 14.305, 6], [-1.2787, -1.78517, -18.8727, 4], [16.8288, -6.02982, -2.10534, 7]], "reflectors": [[-14.6509, -6.79373, 17.7538, 7]], "reflector_prisms": [], "absorber_prisms": [], "line_of_sight": [[0, 0, 0, 0, 0, 499], [108, 0, 108, 0, 0, 503], [28, 28, 0, 0, 0, 500], [71, 71, 0, 0, 0, 500], [481, 481, 0, 0, 0, 499], [14, 14, 0, 0, 0, 499]]}