{"time_step": 1e-05, "number_of_molecules": 500000, "diff_coef": 50, "sim_time": 2.13333, "absorbers": [[-12.6704, 2.36229, 1.69747, 5]], "reflectors": [[7.47902, -11.0777, 14.8778, 6]], "reflector_prisms": [[-2.18698, 1.11978, -10.7077, 2.81302, 3.11978, -4.70769], [-6.72199, -15.1429, -2.93025, -1.72199, -9.14286, -0.930249]], "absorber_prisms": [], "line_of_sight": [[0, 0, 0, 0, 0, 500]]}