{
"time_step": 1e-05,
"number_of_molecules": 500000,
"diff_coef": 100,
"sim_time": 5.4,
"absorbers": [
[-0.927409,1.79356,-23.9149,6],
[-13.2085,1.40144,-8.92034,5],
[0.132725,2.57741,-7.57228,3],
[-7.64093,-11.2057,-10.2493,3],
[2.46692,6.95118,9.46549,4],
[-18.4493,-11.0454,-4.64989,6],
[3.25342,0.04815,11.5505,2],
[0.574112,-2.78745,12.6847,2]
],
"reflectors": [
[2.70017,-2.64901,7.04924,2],
[-4.27287,0.880426,6.70578,3],
[14.1548,14.0322,9.31331,5],
[1.58381,-5.59003,-3.90424,2],
[-0.25199,16.9227,6.12865,4],
[8.12006,0.730266,-11.3812,3],
[-4.85446,-4.60692,20.9574,6]
],
"reflector_prisms": [
],
"absorber_prisms": [
]
}