{
"time_step": 1e-05,
"number_of_molecules": 500000,
"diff_coef": 250,
"sim_time": 2.40667,
"absorbers": [
[-9.1954,8.4348,-18.119,7],
[-3.0946,12.3614,-5.79812,6],
[16.7867,-2.96869,-15.44,4],
[-0.381289,-0.298784,12.991,7],
[-15.0606,-3.86275,-16.9487,6]
],
"reflectors": [
[14.3977,10.4318,-2.80807,5],
[-17.5466,5.02277,-5.28104,5]
],
"reflector_prisms": [
],
"absorber_prisms": [
]
}