{
"time_step": 1e-05,
"number_of_molecules": 500000,
"diff_coef": 100,
"sim_time": 2.81667,
"absorbers": [
[-4.8616,6.27884,15.0313,4]
],
"reflectors": [
],
"reflector_prisms": [
[11.3746,3.75249,-4.44131,16.3746,8.75249,-1.44131],
[4.11855,-3.07006,5.02291,10.1186,2.92994,9.02291],
[-10.4935,-14.6188,-8.17406,-8.49351,-11.6188,-2.17406]
],
"absorber_prisms": [
[-11.1072,4.1791,-11.068,-5.10716,8.1791,-5.068]
]
}