{"time_step": 1e-05, "number_of_molecules": 500000, "diff_coef": 200, "sim_time": 2.13333, "absorbers": [[-9.69117, -2.36843, -19.608, 6], [-1.01938, -6.50341, 14.5831, 5], [-7.94171, -7.74098, -6.78281, 5]], "reflectors": [], "reflector_prisms": [[5.62591, -5.80074, 1.33572, 9.62591, -3.80074, 7.33572]], "absorber_prisms": [[4.93402, 8.66919, -4.92772, 8.93402, 14.6692, -1.92772]], "line_of_sight": [[27, 27, 0, 0, 0, 500], [0, 0, 0, 0, 0, 501], [18, 18, 0, 0, 0, 501]]}