{"time_step": 1e-05, "number_of_molecules": 500000, "diff_coef": 100, "sim_time": 6.01667, "absorbers": [[21.5966, 11.8933, 4.13934, 6]], "reflectors": [[0.0846808, -15.5951, -3.57578, 5]], "reflector_prisms": [[-1.16267, -7.13921, 10.6095, 2.83733, -5.13921, 15.6095], [-8.09981, -0.975133, -16.7382, -4.09981, 5.02487, -14.7382]], "absorber_prisms": [], "line_of_sight": [[0, 0, 0, 0, 0, 500]]}