{"time_step": 1e-05, "number_of_molecules": 500000, "diff_coef": 400, "sim_time": 0.9375, "absorbers": [[-10.3689, -1.46262, 10.74, 6], [8.62969, -1.81433, 16.8296, 4], [-11.3519, 14.0416, -5.91348, 5], [-1.6565, -4.72011, -13.0758, 6]], "reflectors": [[1.24651, 23.8814, -2.03106, 7]], "reflector_prisms": [], "absorber_prisms": [], "line_of_sight": [[0, 0, 0, 0, 0, 497], [108, 108, 0, 0, 0, 499], [0, 0, 0, 0, 0, 504], [47, 47, 0, 0, 0, 502]]}