{
"time_step": 1e-05,
"number_of_molecules": 500000,
"diff_coef": 150,
"sim_time": 1.34444,
"absorbers": [
[6.55111,-0.327042,16.7623,7]
],
"reflectors": [
[-16.0092,9.15283,-11.9972,5]
],
"reflector_prisms": [
],
"absorber_prisms": [
]
}