{"time_step": 1e-05, "number_of_molecules": 500000, "diff_coef": 350, "sim_time": 0.171429, "absorbers": [[-0.800544, -0.0303263, 7.95979, 2]], "reflectors": [[13.1063, 11.162, -5.25685, 3]], "reflector_prisms": [[17.1598, -5.34062, 8.03614, 20.1598, -1.34062, 10.0361]], "absorber_prisms": [[-19.591, 5.93123, 0.875159, -15.591, 7.93123, 2.87516]], "line_of_sight": [[0, 0, 0, 0, 0, 502]]}