{"time_step": 1e-05, "number_of_molecules": 500000, "diff_coef": 200, "sim_time": 1.40833, "absorbers": [[7.34196, -4.64837, -6.74451, 5], [-2.3151, 1.3781, 17.7972, 5]], "reflectors": [], "reflector_prisms": [[17.0733, -13.3919, -4.49527, 21.0733, -7.39191, -2.49527]], "absorber_prisms": [[5.29188, 10.8553, 12.913, 8.29188, 12.8553, 14.913], [13.5967, 4.58886, -4.98871, 18.5967, 6.58886, -2.98871], [-12.8737, -4.72975, 3.31485, -10.8737, -0.729753, 8.31485]], "line_of_sight": [[0, 0, 0, 0, 0, 499], [0, 0, 0, 0, 0, 500]]}