{"time_step": 1e-05, "number_of_molecules": 500000, "diff_coef": 350, "sim_time": 0.804762, "absorbers": [[14.6086, -4.06278, -5.10702, 3]], "reflectors": [[-0.253055, -0.732387, -7.96238, 2], [-19.2985, 5.25033, -0.00872665, 6], [6.75108, 4.05112, -1.4182, 3], [10.7039, -15.8228, 8.72153, 6]], "reflector_prisms": [], "absorber_prisms": [[-11.5334, -0.224635, 12.2485, -6.53338, 2.77536, 15.2485]], "line_of_sight": [[186, 0, 186, 0, 0, 497]]}