{"time_step": 1e-05, "number_of_molecules": 500000, "diff_coef": 50, "sim_time": 12.0333, "absorbers": [[5.64363, 2.58999, -6.51471, 2], [-2.57673, -3.74607, -21.525, 4], [-1.14833, 6.25041, -8.97852, 2], [-14.057, 10.8879, -6.69725, 5], [-9.03577, 2.12419, -18.8373, 2], [7.47493, 6.18365, -2.42648, 2], [16.6218, -5.90665, 3.58139, 3]], "reflectors": [[7.20911, -1.23581, 8.21593, 4], [-3.00453, -12.1809, -11.4716, 6]], "reflector_prisms": [], "absorber_prisms": [], "line_of_sight": [[0, 0, 0, 0, 0, 502], [0, 0, 0, 0, 0, 501], [0, 0, 0, 0, 0, 504], [84, 63, 21, 0, 0, 501], [503, 0, 503, 0, 0, 503], [0, 0, 0, 0, 0, 499], [117, 117, 0, 0, 0, 500]]}