{
"time_step": 1e-05,
"number_of_molecules": 500000,
"diff_coef": 200,
"sim_time": 2.40833,
"absorbers": [
[3.9196,4.87097,10.2426,4],
[0.343197,-12.913,-5.39779,5],
[-6.94742,-11.3222,16.2648,4],
[-2.37879,-3.23045,-20.6132,6]
],
"reflectors": [
[13.4462,-9.21154,-16.228,7],
[5.37733,10.5536,19.7156,4],
[-1.98864,1.18366,-8.69737,4],
[4.25807,19.5392,0.296515,6]
],
"reflector_prisms": [
],
"absorber_prisms": [
]
}