{"time_step": 1e-05, "number_of_molecules": 500000, "diff_coef": 400, "sim_time": 0.104167, "absorbers": [[1.74178, 0.294252, -6.77345, 2]], "reflectors": [[3.16445, 7.50348, -19.3568, 6]], "reflector_prisms": [[-4.75927, 3.6956, -22.074, -2.75927, 5.6956, -16.074]], "absorber_prisms": [[13.4704, -5.89947, -8.79599, 18.4704, -0.899472, -3.79599], [-12.5489, -3.88546, 10.7197, -7.54888, 1.11454, 12.7197]], "line_of_sight": [[156, 0, 156, 0, 0, 502]]}