{"time_step": 1e-05, "number_of_molecules": 500000, "diff_coef": 350, "sim_time": 1.07143, "absorbers": [[-10.3983, -10.8717, 11.6052, 4], [-6.08785, -10.2237, -14.8126, 5]], "reflectors": [], "reflector_prisms": [], "absorber_prisms": [[7.63817, 8.09032, -14.3223, 13.6382, 10.0903, -8.32234], [-0.319384, -7.38846, 1.0515, 3.68062, -5.38846, 6.0515]], "line_of_sight": [[0, 0, 0, 0, 0, 499], [0, 0, 0, 0, 0, 501]]}