{
"time_step": 1e-05,
"number_of_molecules": 500000,
"diff_coef": 200,
"sim_time": 1.2,
"absorbers": [
[-7.13852,-5.75901,11.8691,3]
],
"reflectors": [
[8.2669,-7.54246,-12.7972,4],
[-1.52465,-1.06655,-14.8841,6],
[6.10089,3.08876,8.61618,4],
[-8.02754,4.63999,3.74554,4]
],
"reflector_prisms": [
],
"absorber_prisms": [
]
}