{
"time_step": 1e-05,
"number_of_molecules": 500000,
"diff_coef": 250,
"sim_time": 2.16,
"absorbers": [
[1.28833,-12.0409,-10.4574,6],
[-5.63167,6.49247,22.4083,7],
[7.57715,7.0034,-10.8876,6],
[-1.84916,-2.83749,-13.5842,4],
[1.5904,0.878685,13.8816,4],
[16.4243,-15.049,-5.72463,5]
],
"reflectors": [
[12.3994,-8.36246,8.08235,7],
[1.21022,-6.83837,10.9896,4],
[-5.83172,11.373,2.37609,6]
],
"reflector_prisms": [
],
"absorber_prisms": [
]
}