{
"time_step": 1e-05,
"number_of_molecules": 500000,
"diff_coef": 100,
"sim_time": 2.01667,
"absorbers": [
[-3.7455,-7.99075,-1.76608,4],
[-3.7037,-1.72641,-14.4327,4],
[4.88727,8.10528,7.37693,4]
],
"reflectors": [
],
"reflector_prisms": [
[-17.6235,-5.69162,-0.340848,-13.6235,0.308376,4.65915]
],
"absorber_prisms": [
[-6.85651,12.9895,10.613,-1.85651,14.9895,16.613]
]
}