{
"time_step": 1e-05,
"number_of_molecules": 500000,
"diff_coef": 50,
"sim_time": 12.0333,
"absorbers": [
[1.57597,4.40487,-22.5192,4]
],
"reflectors": [
[12.1029,10.1296,-13.8531,2],
[-9.19069,6.26294,14.153,5]
],
"reflector_prisms": [
[-1.95762,-1.92841,-12.9997,2.04238,2.07159,-8.99969]
],
"absorber_prisms": [
[-9.51052,-3.63198,-0.581339,-4.51052,-1.63198,1.41866]
]
}