{
"time_step": 1e-05,
"number_of_molecules": 500000,
"diff_coef": 350,
"sim_time": 1.21905,
"absorbers": [
[0.228825,-11.5103,-13.8369,2]
],
"reflectors": [
],
"reflector_prisms": [
[-0.630741,7.3021,14.4603,1.36926,13.3021,17.4603],
[7.2225,1.91243,-17.9198,10.2225,5.91243,-14.9198],
[-1.38422,-2.97329,15.9888,2.61578,3.02671,17.9888]
],
"absorber_prisms": [
[-7.52104,4.52035,5.87173,-1.52104,6.52035,10.8717]
]
}