{
"time_step": 1e-05,
"number_of_molecules": 500000,
"diff_coef": 300,
"sim_time": 1.60556,
"absorbers": [
[20.5263,4.10026,-6.77198,5],
[2.31591,-1.87971,20.7871,7],
[-14.0621,0.438844,-11.2279,5],
[9.38523,-0.586572,-17.6514,6]
],
"reflectors": [
[-3.34015,20.8741,-6.0922,7]
],
"reflector_prisms": [
],
"absorber_prisms": [
]
}