{
"time_step": 1e-05,
"number_of_molecules": 500000,
"diff_coef": 150,
"sim_time": 4.01111,
"absorbers": [
[7.44637,-9.78703,-4.21493,6],
[-5.11137,-0.056321,22.4248,6],
[-4.1624,-13.8256,19.171,5],
[-4.43332,7.04196,5.54585,2],
[-0.283108,-3.56939,10.4009,6],
[7.95438,-0.279094,-15.0216,5],
[-2.21289,10.7233,-1.05522,5],
[-14.5918,-3.47999,5.56487,2]
],
"reflectors": [
[6.41089,-10.3378,-15.8755,4],
[1.05233,-15.9347,-13.6373,4],
[0.608179,-3.42465,-7.2043,2],
[16.0096,-10.4049,-14.5406,5],
[5.89689,10.0802,10.9369,5]
],
"reflector_prisms": [
],
"absorber_prisms": [
]
}