{"time_step": 1e-05, "number_of_molecules": 500000, "diff_coef": 350, "sim_time": 0.119048, "absorbers": [[3.13636, -5.32685, 3.2845, 2]], "reflectors": [[-7.34701, 1.92174, 11.7613, 3], [9.05763, 6.50258, 16.6035, 6], [1.67087, -4.24899, -21.521, 5]], "reflector_prisms": [[-4.25625, -5.75305, 15.6232, -0.256246, 0.246948, 17.6232], [-7.37978, -17.2761, -8.24547, -1.37978, -11.2761, -3.24547]], "absorber_prisms": [], "line_of_sight": [[0, 0, 0, 0, 0, 497]]}