{
"time_step": 1e-05,
"number_of_molecules": 500000,
"diff_coef": 400,
"sim_time": 1.35,
"absorbers": [
[9.40011,-0.365224,15.3462,6],
[-8.51699,7.25066,12.8019,5],
[-1.38975,-7.4661,-22.7668,6],
[13.4413,-10.7846,-5.1984,2]
],
"reflectors": [
],
"reflector_prisms": [
[-14.9223,-9.07554,-2.1652,-10.9223,-4.07554,1.8348]
],
"absorber_prisms": [
]
}