{
"time_step": 1e-05,
"number_of_molecules": 500000,
"diff_coef": 350,
"sim_time": 1.71905,
"absorbers": [
[-8.68618,3.85294,12.8726,5],
[-5.37544,-9.50401,1.3336,4],
[0.0377556,6.92582,-7.21329,4],
[-10.7286,9.47481,-9.172,4],
[9.66336,20.2719,-8.46572,5],
[15.4856,4.00853,-0.355486,7]
],
"reflectors": [
[5.05992,-2.59422,12.7932,5],
[-11.8284,-7.85249,-14.0864,6]
],
"reflector_prisms": [
],
"absorber_prisms": [
]
}