{
"time_step": 1e-05,
"number_of_molecules": 500000,
"diff_coef": 200,
"sim_time": 2.13333,
"absorbers": [
[1.40134,-7.56709,-18.4601,4]
],
"reflectors": [
[-1.33354,0.740799,-13.9166,2]
],
"reflector_prisms": [
[-14.4996,-4.43355,14.4648,-8.49963,0.566451,20.4648],
[0.817847,-2.5966,-16.7864,3.81785,0.403396,-13.7864]
],
"absorber_prisms": [
[11.4672,0.378437,-15.5061,17.4672,5.37844,-11.5061]
]
}