{"time_step": 1e-05, "number_of_molecules": 500000, "diff_coef": 350, "sim_time": 1.54286, "absorbers": [[4.63943, 1.91096, -23.4696, 6], [9.42699, 13.7712, 15.8267, 7], [-11.646, -1.26143, -19.7934, 5], [-8.11358, 19.6145, -5.78278, 4], [-0.549691, 1.22142, 17.9501, 5], [13.6576, 4.00282, -4.73789, 6]], "reflectors": [[-0.153904, 0.668933, -11.9804, 4], [-3.49118, 11.7775, 8.60821, 6], [-18.1801, -2.17045, 5.07657, 5], [1.53825, -9.96647, 9.71099, 6], [-9.18612, -0.586985, 3.90777, 4]], "reflector_prisms": [], "absorber_prisms": [], "line_of_sight": [[320, 227, 306, 0, 0, 500], [32, 0, 32, 0, 0, 501], [37, 0, 37, 0, 0, 500], [113, 0, 113, 0, 0, 499], [375, 190, 359, 0, 0, 503], [247, 0, 361, 0, 0, 496]]}