{"time_step": 1e-05, "number_of_molecules": 500000, "diff_coef": 400, "sim_time": 1.06667, "absorbers": [[9.38061, -0.607072, -16.5117, 4], [4.15018, 11.9116, -6.07363, 4], [12.5528, -15.4717, 11.4914, 7], [2.83209, 0.56385, 17.7669, 5], [-12.1111, 4.70592, 0.417572, 6], [-9.72866, -9.49774, -3.33859, 7]], "reflectors": [[-3.42932, -13.7981, 7.33842, 6], [-24.5628, -4.11565, -7.46532, 7], [-0.740755, 8.7455, 6.6308, 5], [17.0084, -7.58798, -7.2894, 6], [-3.59692, -3.86415, -14.0403, 5], [-16.7884, -8.74019, 13.0675, 7]], "reflector_prisms": [], "absorber_prisms": [], "line_of_sight": [[0, 0, 0, 0, 0, 502], [502, 0, 502, 0, 0, 502], [44, 44, 0, 0, 0, 500], [254, 0, 254, 0, 0, 499], [210, 28, 182, 0, 0, 502], [145, 0, 145, 0, 0, 498]]}