{"time_step": 1e-05, "number_of_molecules": 500000, "diff_coef": 300, "sim_time": 2.00556, "absorbers": [[0.409352, -7.60152, -10.538, 4], [-0.14734, 14.3573, 4.34123, 6], [-16.0437, -13.7365, 6.1568, 3], [4.05912, 10.5761, -18.8592, 3], [-15.3939, 6.41564, 3.29671, 6], [9.65423, 7.12549, -0.152011, 4], [7.16226, 13.6302, 9.32314, 2], [-2.6717, 13.6696, -15.7163, 5]], "reflectors": [[-5.39271, -2.49402, -6.76007, 4], [16.4063, -3.57053, 2.66156, 6], [-4.7527, -7.3886, -22.3343, 5]], "reflector_prisms": [], "absorber_prisms": [], "line_of_sight": [[168, 62, 130, 0, 0, 499], [50, 50, 0, 0, 0, 503], [326, 326, 0, 0, 0, 498], [9, 9, 0, 0, 0, 497], [164, 0, 164, 0, 0, 495], [66, 66, 0, 0, 0, 499], [23, 23, 0, 0, 0, 499], [4, 4, 0, 0, 0, 501]]}