{"time_step": 1e-05, "number_of_molecules": 500000, "diff_coef": 250, "sim_time": 2.40667, "absorbers": [[3.28215, 10.1315, -15.7347, 5], [-2.96345, 24.6489, -2.94084, 6]], "reflectors": [[14.1615, -6.22629, 11.0311, 3]], "reflector_prisms": [], "absorber_prisms": [[9.68691, -14.85, -9.20022, 13.6869, -10.85, -6.20022], [-3.63911, 1.29069, 5.20688, 0.360892, 4.29069, 7.20688]], "line_of_sight": [[0, 0, 0, 0, 0, 501], [0, 0, 0, 0, 0, 500]]}