{
"time_step": 1e-05,
"number_of_molecules": 500000,
"diff_coef": 150,
"sim_time": 4.01111,
"absorbers": [
[19.2073,7.24391,-7.91233,6],
[-5.85988,-18.3616,8.33752,2],
[2.03802,8.57352,-17.9539,3],
[-3.13893,-11.4155,12.1997,6],
[0.681502,11.1549,15.3657,6],
[-2.83484,10.2805,-2.69741,3],
[-0.35848,1.77623,-7.79208,2]
],
"reflectors": [
[18.4046,1.35944,4.51913,4],
[9.61253,-7.24165,15.9737,3],
[0.328864,-13.8539,-1.98999,2],
[10.9802,-4.38856,-5.40141,5],
[-11.3364,1.68454,-3.55636,5],
[3.58656,10.2863,-8.79364,2]
],
"reflector_prisms": [
],
"absorber_prisms": [
]
}