{"time_step": 1e-05, "number_of_molecules": 500000, "diff_coef": 400, "sim_time": 0.104167, "absorbers": [[3.96637, -1.31218, -7.97158, 4]], "reflectors": [[13.9865, 6.14529, -7.45749, 6]], "reflector_prisms": [[0.808089, 2.92451, 17.9779, 6.80809, 7.92451, 23.9779]], "absorber_prisms": [[-2.01606, -3.69621, 11.9148, -0.016055, 1.30379, 16.9148], [-10.6231, 1.98949, -2.92322, -7.62314, 5.98949, 1.07678], [-6.91442, -8.38986, -19.7832, -3.91442, -3.38986, -15.7832]], "line_of_sight": [[16, 0, 16, 0, 0, 501]]}