{"time_step": 1e-05, "number_of_molecules": 500000, "diff_coef": 200, "sim_time": 2.7, "absorbers": [[-9.75015, 17.2752, -13.5093, 6], [-0.133001, 3.18671, 9.47772, 4], [0.00701684, -9.59546, -10.1945, 7], [-19.5841, -1.04487, -3.92049, 6], [-5.88314, -8.3788, 6.25975, 6]], "reflectors": [], "reflector_prisms": [], "absorber_prisms": [], "line_of_sight": [[0, 0, 0, 0, 0, 499], [235, 235, 0, 0, 0, 499], [154, 154, 0, 0, 0, 501], [0, 0, 0, 0, 0, 499], [0, 0, 0, 0, 0, 500]]}