{"time_step": 1e-05, "number_of_molecules": 500000, "diff_coef": 400, "sim_time": 1.20417, "absorbers": [[-16.9868, -7.16096, 4.60098, 2]], "reflectors": [[-4.18216, 3.87197, 18.125, 4], [-10.3672, -6.20397, 4.79909, 3], [-10.5803, -6.13182, -10.3178, 5]], "reflector_prisms": [], "absorber_prisms": [[3.04093, 11.8269, 5.27739, 7.04093, 15.8269, 7.27739]], "line_of_sight": [[322, 0, 322, 0, 0, 504]]}