{
"time_step": 1e-05,
"number_of_molecules": 500000,
"diff_coef": 350,
"sim_time": 0.933333,
"absorbers": [
[10.7995,-7.93143,13.4708,5]
],
"reflectors": [
[0.63685,11.8549,5.29679,4],
[16.0048,-4.81774,-12.7136,4],
[-1.22287,-0.788172,-8.88163,4]
],
"reflector_prisms": [
],
"absorber_prisms": [
[-13.3811,-2.26748,2.40984,-7.38106,-0.267483,4.40984]
]
}