{"time_step": 1e-05, "number_of_molecules": 500000, "diff_coef": 100, "sim_time": 4.81667, "absorbers": [[5.51859, 10.9416, 17.0536, 6], [1.83937, -15.5763, 16.8225, 6], [-13.9635, -0.965518, -0.295309, 7]], "reflectors": [[-0.411106, -8.72356, -13.4064, 4], [-0.714504, 10.4543, 5.84784, 5], [-4.89491, -0.610498, 16.2686, 5]], "reflector_prisms": [], "absorber_prisms": [], "line_of_sight": [[222, 0, 280, 0, 0, 500], [0, 0, 0, 0, 0, 500], [0, 0, 0, 0, 0, 502]]}