{
"time_step": 1e-05,
"number_of_molecules": 500000,
"diff_coef": 250,
"sim_time": 2.16,
"absorbers": [
[-0.984003,-3.49512,20.6837,6],
[-11.4172,0.500999,-8.08684,2],
[-3.74954,20.3791,7.39146,4],
[-12.7067,0.75594,-15.4263,2],
[0.864719,1.76458,-13.8614,6],
[13.1005,3.05087,6.63842,5],
[-2.64302,2.76244,10.3142,6],
[5.78322,17.7114,3.72292,2]
],
"reflectors": [
[7.44843,-3.31381,-3.81307,2]
],
"reflector_prisms": [
],
"absorber_prisms": [
]
}