{
"time_step": 1e-05,
"number_of_molecules": 500000,
"diff_coef": 350,
"sim_time": 1.71905,
"absorbers": [
[2.29544,-4.06452,21.4991,3]
],
"reflectors": [
[-1.19322,-0.503831,-20.96,4]
],
"reflector_prisms": [
],
"absorber_prisms": [
[-2.55804,-22.0768,5.11921,0.441963,-18.0768,10.1192],
[-1.75175,-7.64217,-9.98414,2.24825,-2.64217,-5.98414]
]
}