{
"time_step": 1e-05,
"number_of_molecules": 500000,
"diff_coef": 150,
"sim_time": 2.5,
"absorbers": [
[9.06509,-1.82921,-14.2646,2]
],
"reflectors": [
[-0.244492,0.111636,-20.9983,6],
[6.81142,-1.86233,-9.70239,3]
],
"reflector_prisms": [
[-8.58432,8.97815,1.23771,-6.58432,12.9782,7.23771],
[-3.93049,14.5353,5.29178,1.06951,19.5353,11.2918]
],
"absorber_prisms": [
]
}