{
"time_step": 1e-05,
"number_of_molecules": 500000,
"diff_coef": 400,
"sim_time": 1.06667,
"absorbers": [
[-0.201087,0.692647,19.987,4],
[-15.5724,3.04186,2.06073,4]
],
"reflectors": [
[-1.13981,8.09028,-3.77467,4]
],
"reflector_prisms": [
],
"absorber_prisms": [
[-11.0057,11.5754,9.77609,-8.00565,14.5754,13.7761]
]
}