{"time_step": 1e-05, "number_of_molecules": 500000, "diff_coef": 100, "sim_time": 5.4, "absorbers": [[-2.87379, 6.77387, -21.7912, 5]], "reflectors": [[-7.66571, -1.60261, -15.0887, 2], [-5.85871, 15.6006, -9.12667, 5], [-0.0411122, 0.0657791, 19.9998, 2], [6.89206, 15.2603, 2.9366, 5]], "reflector_prisms": [], "absorber_prisms": [[4.64937, 2.18659, -5.81922, 10.6494, 8.18659, -1.81922]], "line_of_sight": [[0, 0, 0, 0, 0, 501]]}