{"time_step": 1e-05, "number_of_molecules": 500000, "diff_coef": 250, "sim_time": 2.40667, "absorbers": [[13.1821, 2.69923, -16.1229, 2]], "reflectors": [[8.50708, -1.85441, -21.2883, 6], [2.40503, -1.09013, 12.729, 3], [-7.06592, 12.5499, 4.19185, 4], [-10.2171, -3.23778, 2.4755, 2]], "reflector_prisms": [], "absorber_prisms": [[-0.932902, -16.7027, 1.36892, 1.0671, -10.7027, 4.36892]], "line_of_sight": [[0, 0, 0, 0, 0, 496]]}