{
"time_step": 1e-05,
"number_of_molecules": 500000,
"diff_coef": 200,
"sim_time": 0.533333,
"absorbers": [
[-1.67313,-5.0872,-9.60838,3]
],
"reflectors": [
],
"reflector_prisms": [
[2.81041,1.16918,6.5777,6.81041,3.16918,11.5777],
[11.7106,9.03477,0.400953,16.7106,11.0348,3.40095]
],
"absorber_prisms": [
[1.52658,7.24357,-20.9896,5.52658,9.24357,-16.9896],
[5.25735,-9.46457,7.05613,7.25735,-5.46457,13.0561],
[-20.938,6.3943,4.98307,-14.938,10.3943,8.98307]
]
}