{"time_step": 1e-05, "number_of_molecules": 500000, "diff_coef": 300, "sim_time": 2.00556, "absorbers": [[-15.4867, -2.48982, -18.1648, 5]], "reflectors": [[13.3038, -8.14728, 3.55385, 6], [7.6323, 17.212, 2.54848, 2], [-6.22102, 9.66341, 11.1318, 5]], "reflector_prisms": [[-0.919257, 8.98137, -0.336532, 1.08074, 14.9814, 1.66347], [-8.58515, -12.1811, -17.9816, -3.58515, -6.18109, -12.9816]], "absorber_prisms": [], "line_of_sight": [[0, 0, 0, 0, 0, 502]]}