{
"time_step": 1e-05,
"number_of_molecules": 500000,
"diff_coef": 350,
"sim_time": 0.385714,
"absorbers": [
[6.69845,4.93421,-7.19614,2]
],
"reflectors": [
[7.76575,-8.76431,-13.6704,6],
[16.8664,-6.15578,-1.27743,5],
[11.1005,3.29887,-19.872,6],
[3.328,1.78755,-8.16879,2]
],
"reflector_prisms": [
],
"absorber_prisms": [
]
}