{
"time_step": 1e-05,
"number_of_molecules": 500000,
"diff_coef": 300,
"sim_time": 0.8,
"absorbers": [
[0.148041,-5.55062,-12.8518,2],
[0.346158,0.0959618,-14.9957,3]
],
"reflectors": [
[-14.4395,8.48289,-6.59865,6]
],
"reflector_prisms": [
[-8.02906,-0.431791,4.1257,-5.02906,5.56821,10.1257]
],
"absorber_prisms": [
[-7.81345,4.1119,-11.4498,-5.81345,10.1119,-8.44976]
]
}