{
"time_step": 1e-05,
"number_of_molecules": 500000,
"diff_coef": 300,
"sim_time": 0.8,
"absorbers": [
[-10.3558,7.54469,-5.64218,2]
],
"reflectors": [
[14.0056,10.1228,7.89761,5]
],
"reflector_prisms": [
],
"absorber_prisms": [
[-1.33688,-2.69849,14.9839,1.66312,1.30151,16.9839],
[-13.1024,10.5029,-8.79392,-7.10245,16.5029,-3.79392]
]
}