{
"time_step": 1e-05,
"number_of_molecules": 500000,
"diff_coef": 100,
"sim_time": 2.01667,
"absorbers": [
[7.62837,-0.510391,-11.7281,3]
],
"reflectors": [
],
"reflector_prisms": [
],
"absorber_prisms": [
[-1.24721,-3.88084,5.86875,3.75279,2.11916,11.8687],
[-5.68282,1.27147,3.07432,-2.68282,4.27147,8.07432],
[-3.66169,-12.871,-15.482,0.338312,-6.87105,-9.48204],
[-14.1875,-0.260703,-8.52787,-8.18754,5.7393,-3.52787],
[-10.2375,-7.17617,5.62761,-6.23747,-4.17617,7.62761]
]
}