{
"time_step": 1e-05,
"number_of_molecules": 500000,
"diff_coef": 100,
"sim_time": 3.75,
"absorbers": [
[-14.2026,-0.0778084,-9.34234,2]
],
"reflectors": [
[-0.0912869,-1.24392,7.90217,3],
[7.97585,9.29919,11.786,3]
],
"reflector_prisms": [
[-5.03304,2.09337,-9.70353,0.966965,4.09337,-6.70353]
],
"absorber_prisms": [
[7.33548,-8.12689,2.09626,11.3355,-5.12689,5.09626],
[-9.65033,-17.5783,-11.9561,-3.65033,-12.5783,-6.95609]
]
}