{
"time_step": 1e-05,
"number_of_molecules": 500000,
"diff_coef": 250,
"sim_time": 1.70667,
"absorbers": [
[-2.03548,3.11572,-19.6507,4],
[-8.78257,6.18948,2.3573,6],
[4.90652,11.9701,-1.28186,7]
],
"reflectors": [
[-8.1598,-6.9351,-13.2031,5]
],
"reflector_prisms": [
],
"absorber_prisms": [
]
}