{"time_step": 1e-05, "number_of_molecules": 500000, "diff_coef": 300, "sim_time": 1.60556, "absorbers": [[12.1613, -6.38218, -2.71494, 3], [-5.50809, -0.105274, 10.6607, 4], [-9.00704, -5.43974, -12.0533, 4], [9.37643, -0.627077, 11.6914, 4], [0.97253, -0.914326, 7.88785, 3], [11.359, -14.3759, -5.03062, 3], [16.8552, -8.4166, 9.27704, 4], [-11.8462, 8.75134, 2.8429, 5]], "reflectors": [[-0.698378, -15.9716, 0.648401, 4], [-2.13084, 8.91914, 6.07523, 3]], "reflector_prisms": [], "absorber_prisms": [], "line_of_sight": [[436, 436, 0, 0, 0, 505], [82, 82, 0, 0, 0, 499], [106, 106, 0, 0, 0, 494], [184, 184, 0, 0, 0, 499], [128, 128, 0, 0, 0, 500], [320, 320, 0, 0, 0, 495], [0, 0, 0, 0, 0, 497], [201, 201, 0, 0, 0, 501]]}