{
"time_step": 1e-05,
"number_of_molecules": 500000,
"diff_coef": 350,
"sim_time": 1.07143,
"absorbers": [
[18.3245,-7.20488,-3.50733,5]
],
"reflectors": [
],
"reflector_prisms": [
[-14.0978,3.95959,-7.69108,-11.0978,5.95959,-2.69108],
[-11.8931,-2.60001,-8.06973,-9.89307,1.39999,-6.06973],
[0.559709,-2.60413,6.35503,2.55971,2.39587,10.355],
[0.145149,-5.57132,-7.20495,4.14515,-3.57132,-5.20495]
],
"absorber_prisms": [
]
}