{
"time_step": 1e-05,
"number_of_molecules": 500000,
"diff_coef": 50,
"sim_time": 8.53333,
"absorbers": [
[1.87905,1.68526,19.8401,5],
[-5.09734,-5.04084,-17.5957,5],
[12.5085,-9.0928,-14.2077,5]
],
"reflectors": [
],
"reflector_prisms": [
],
"absorber_prisms": [
]
}