{"time_step": 1e-05, "number_of_molecules": 500000, "diff_coef": 350, "sim_time": 0.47619, "absorbers": [[-0.987827, 12.7011, -5.80571, 4], [-4.4468, -8.24136, 3.50798, 2]], "reflectors": [], "reflector_prisms": [[-14.6951, -12.6912, -0.390313, -10.6951, -9.69118, 3.60969], [-1.89221, -3.9468, 9.72024, 3.10779, -0.946802, 12.7202]], "absorber_prisms": [], "line_of_sight": [[0, 0, 0, 0, 0, 496], [0, 0, 0, 0, 0, 501]]}