{"time_step": 1e-05, "number_of_molecules": 500000, "diff_coef": 150, "sim_time": 3.6, "absorbers": [[-1.98874, 6.3054, -15.6616, 2], [15.2194, 11.0192, 11.4431, 6], [-2.78869, 4.95265, 8.22766, 3], [-5.26287, -0.209923, -10.7823, 6], [-12.6003, 8.52383, 9.62174, 6], [4.06336, -1.49325, -16.4396, 3], [15.2337, -10.3975, 13.7414, 5]], "reflectors": [[16.9511, 0.454476, -1.20545, 2], [17.9068, -4.6585, -4.31788, 2], [15.8362, -5.15986, 3.40446, 2], [6.95876, 11.3119, 14.9538, 2], [0.705092, 12.0007, 7.1754, 4], [2.67465, -10.8473, -6.64702, 6]], "reflector_prisms": [], "absorber_prisms": [], "line_of_sight": [[266, 266, 0, 0, 0, 502], [109, 109, 0, 0, 0, 497], [303, 126, 225, 0, 0, 500], [151, 139, 12, 0, 0, 501], [169, 80, 129, 0, 0, 499], [66, 66, 0, 0, 0, 495], [141, 141, 0, 0, 0, 496]]}