{
"time_step": 1e-05,
"number_of_molecules": 500000,
"diff_coef": 250,
"sim_time": 1.92667,
"absorbers": [
[18.7085,4.25434,5.64727,4],
[2.2701,-1.81392,8.518,4],
[-12.5137,14.0007,-14.9462,7]
],
"reflectors": [
[23.0141,-5.96077,3.2891,5],
[11.9865,0.460811,-9.00613,5]
],
"reflector_prisms": [
],
"absorber_prisms": [
]
}