{"time_step": 1e-05, "number_of_molecules": 500000, "diff_coef": 250, "sim_time": 0.426667, "absorbers": [[-8.12745, -0.968341, 7.34894, 3], [-0.0803666, 0.619494, -10.9822, 4]], "reflectors": [], "reflector_prisms": [[7.65804, 11.4156, -15.2639, 12.658, 13.4156, -10.2639], [-1.19122, -7.2156, -8.29648, 0.808776, -1.2156, -5.29648]], "absorber_prisms": [[-15.8108, 0.168984, 3.41553, -12.8108, 6.16898, 9.41553]], "line_of_sight": [[0, 0, 0, 0, 0, 500], [80, 0, 0, 0, 80, 501]]}