{"time_step": 1e-05, "number_of_molecules": 500000, "diff_coef": 300, "sim_time": 1.42222, "absorbers": [[-2.5886, -1.2681, -8.52591, 4], [-4.46204, 1.17606, 21.5106, 6]], "reflectors": [[15.3372, 4.91107, 13.4778, 6], [8.23137, -17.6227, -10.2804, 4]], "reflector_prisms": [], "absorber_prisms": [], "line_of_sight": [[171, 89, 82, 0, 0, 499], [185, 185, 0, 0, 0, 504]]}