{
"time_step": 1e-05,
"number_of_molecules": 500000,
"diff_coef": 300,
"sim_time": 0.272222,
"absorbers": [
[5.48472,-1.92162,-10.4988,5]
],
"reflectors": [
],
"reflector_prisms": [
[-1.46178,-4.67094,6.32499,2.53822,-1.67094,8.32499]
],
"absorber_prisms": [
[-2.4668,-2.86065,-9.26546,2.5332,-0.860651,-5.26546],
[-6.24907,-11.6315,-1.54587,-2.24907,-8.63151,0.45413],
[14.4117,2.1538,-11.0393,18.4117,4.1538,-7.03929]
]
}