{
"time_step": 1e-05,
"number_of_molecules": 500000,
"diff_coef": 200,
"sim_time": 0.408333,
"absorbers": [
[7.89643,-3.24347,5.20829,3]
],
"reflectors": [
[-6.60441,3.85836,4.74287,4],
[-1.29596,10.9528,12.9367,4],
[-7.0194,4.22177,-12.566,2],
[-11.6548,-12.1802,-10.7615,3],
[17.5436,-4.39142,-10.6741,4]
],
"reflector_prisms": [
],
"absorber_prisms": [
]
}