{
"time_step": 1e-05,
"number_of_molecules": 500000,
"diff_coef": 200,
"sim_time": 2.40833,
"absorbers": [
[-15.9618,1.25934,-13.588,4]
],
"reflectors": [
[-0.209194,9.65157,2.60832,5]
],
"reflector_prisms": [
[-22.6642,0.000637985,4.12316,-18.6642,5.00064,10.1232],
[-9.16944,4.62621,-11.3291,-3.16944,8.62621,-7.32906],
[-7.32733,1.11671,-16.9378,-3.32733,3.11671,-12.9378]
],
"absorber_prisms": [
[-9.59338,-7.961,-5.67985,-4.59338,-2.961,-0.679847]
]
}