{"time_step": 1e-05, "number_of_molecules": 500000, "diff_coef": 250, "sim_time": 2.40667, "absorbers": [[-5.78826, 22.2292, -1.16601, 6], [5.33571, -2.93289, -10.3406, 4], [-0.126771, 0.0549802, -25.9996, 7], [8.79327, -1.92762, 4.35462, 5]], "reflectors": [[10.7125, 16.2836, 12.2102, 7], [-23.5701, -4.35285, 1.226, 6]], "reflector_prisms": [], "absorber_prisms": [], "line_of_sight": [[0, 0, 0, 0, 0, 503], [51, 51, 0, 0, 0, 502], [68, 68, 0, 0, 0, 501], [56, 0, 56, 0, 0, 499]]}