{"time_step": 1e-05, "number_of_molecules": 500000, "diff_coef": 100, "sim_time": 4.81667, "absorbers": [[-11.3982, -8.32441, -16.8756, 5], [4.41012, 2.08753, -12.0496, 4]], "reflectors": [], "reflector_prisms": [], "absorber_prisms": [[-0.166635, -7.83865, -14.1108, 1.83337, -1.83865, -12.1108], [-2.29567, -10.5033, -14.9237, -0.295667, -4.50328, -10.9237]], "line_of_sight": [[0, 0, 0, 0, 0, 504], [0, 0, 0, 0, 0, 499]]}