{
"time_step": 1e-05,
"number_of_molecules": 500000,
"diff_coef": 350,
"sim_time": 1.21905,
"absorbers": [
[-17.8969,5.60951,-3.03865,3]
],
"reflectors": [
[2.20847,-15.1539,-12.8639,5],
[2.89207,-4.02928,-6.27701,2]
],
"reflector_prisms": [
],
"absorber_prisms": [
[-10.6471,-16.1077,-5.39881,-6.64709,-12.1077,-2.39881]
]
}