{"time_step": 1e-05, "number_of_molecules": 500000, "diff_coef": 350, "sim_time": 1.54286, "absorbers": [[-11.7536, 1.70024, 1.72117, 5], [-8.10065, -8.41371, -2.75482, 5], [-9.84833, -6.54863, -19.7263, 6], [0.517101, -0.507393, 10.9761, 4], [6.48294, 4.67083, 18.3345, 4], [11.6801, -0.134479, 13.6952, 3], [1.8154, -9.49602, -2.55535, 3], [-12.63, 10.3309, 16.2098, 5]], "reflectors": [[3.95662, 16.0281, -4.05523, 2], [-12.6181, -0.517073, 16.7785, 2], [8.6293, 11.6568, 10.6609, 3], [-0.601068, -8.29796, 3.43258, 2], [-0.806569, 10.0318, 16.1156, 2], [13.3201, -1.95678, -11.9476, 3], [-3.11962, 19.7241, 1.10748, 5]], "reflector_prisms": [], "absorber_prisms": [], "line_of_sight": [[7, 0, 7, 0, 0, 494], [60, 0, 60, 0, 0, 502], [221, 308, 0, 0, 0, 500], [76, 136, 0, 0, 0, 497], [481, 530, 0, 0, 0, 500], [72, 72, 0, 0, 0, 500], [179, 0, 179, 0, 0, 499], [0, 0, 0, 0, 0, 501]]}