{
"time_step": 1e-05,
"number_of_molecules": 500000,
"diff_coef": 300,
"sim_time": 1.8,
"absorbers": [
[-1.38699,19.2188,8.34945,3]
],
"reflectors": [
],
"reflector_prisms": [
[2.46474,-3.92749,-16.3948,5.46474,2.07251,-10.3948],
[-1.47759,1.98776,-6.96419,0.522408,4.98776,-3.96419],
[17.2693,-6.09718,3.29159,19.2693,-1.09718,8.29159],
[-9.39154,11.4684,-0.500113,-5.39154,16.4684,5.49989]
],
"absorber_prisms": [
[2.26901,4.35173,-4.02688,7.26901,8.35173,-2.02688]
]
}