{"time_step": 1e-05, "number_of_molecules": 500000, "diff_coef": 200, "sim_time": 3.00833, "absorbers": [[-19.3934, -2.90223, -17.0726, 7], [-0.163571, 0.141349, -8.9974, 4], [3.19281, 12.1424, 22.7677, 7], [-6.83309, -13.0337, 2.90382, 5], [2.60209, 11.2528, 5.9669, 5], [4.00813, -1.66612, 11.1874, 5]], "reflectors": [], "reflector_prisms": [], "absorber_prisms": [], "line_of_sight": [[120, 120, 0, 0, 0, 501], [279, 281, 0, 0, 0, 499], [245, 296, 0, 0, 0, 499], [18, 18, 0, 0, 0, 502], [61, 61, 0, 0, 0, 497], [294, 325, 0, 0, 0, 501]]}