{
"time_step": 1e-05,
"number_of_molecules": 500000,
"diff_coef": 400,
"sim_time": 1.35,
"absorbers": [
[-0.0721639,-0.139577,12.9991,7],
[-10.3708,7.62139,1.83357,6],
[-3.71933,3.32053,-14.1471,4],
[5.94495,-10.3897,-9.03944,6],
[-18.065,-9.79086,14.2407,7]
],
"reflectors": [
[17.5422,5.05757,8.16652,5],
[5.84854,-8.11572,-22.9113,6],
[1.34374,-9.48808,2.85845,5]
],
"reflector_prisms": [
],
"absorber_prisms": [
]
}