{
"time_step": 1e-05,
"number_of_molecules": 500000,
"diff_coef": 200,
"sim_time": 2.7,
"absorbers": [
[-12.9907,-0.681447,12.4409,4],
[-9.57264,4.30156,-18.1896,3],
[7.82448,-18.5382,-8.89458,5]
],
"reflectors": [
[2.08011,1.18087,-9.70972,4]
],
"reflector_prisms": [
[14.9479,-1.23584,-0.731509,16.9479,0.764164,3.26849]
],
"absorber_prisms": [
]
}