{"time_step": 1e-05, "number_of_molecules": 500000, "diff_coef": 300, "sim_time": 1.8, "absorbers": [[-19.5268, -2.50651, -3.52466, 2], [-2.87109, -7.0845, -10.5151, 5], [12.5639, -14.1839, 1.40156, 2], [0.338415, -4.42539, 13.2779, 2], [-2.85188, 4.4768, -10.7622, 5], [2.09944, 6.73963, -5.58299, 2], [1.33793, 3.3285, 16.6172, 4], [6.77733, -7.2992, 4.66792, 5]], "reflectors": [[1.09955, -0.895206, -14.9328, 2], [1.88879, -0.176181, -6.73806, 2]], "reflector_prisms": [], "absorber_prisms": [], "line_of_sight": [[0, 0, 0, 0, 0, 501], [93, 93, 0, 0, 0, 499], [500, 500, 0, 0, 0, 500], [502, 502, 0, 0, 0, 502], [199, 163, 43, 0, 0, 501], [0, 0, 0, 0, 0, 503], [397, 265, 223, 0, 0, 503], [119, 119, 0, 0, 0, 500]]}