{"time_step": 1e-05, "number_of_molecules": 500000, "diff_coef": 350, "sim_time": 1.37619, "absorbers": [[-4.62818, 0.965238, -7.65822, 4], [8.01745, 9.34953, -14.4674, 2]], "reflectors": [], "reflector_prisms": [[3.47152, 12.6392, -9.81608, 9.47152, 14.6392, -5.81608], [-10.0428, -12.0059, 12.9745, -6.0428, -10.0059, 18.9745]], "absorber_prisms": [[-12.7266, -1.72757, -8.64636, -7.72658, 3.27243, -5.64636], [0.480967, -16.8324, 9.42245, 2.48097, -10.8324, 13.4225]], "line_of_sight": [[2, 0, 0, 2, 0, 500], [0, 0, 0, 0, 0, 499]]}