{
"time_step": 1e-05,
"number_of_molecules": 500000,
"diff_coef": 250,
"sim_time": 2.40667,
"absorbers": [
[-8.46238,-10.4222,18.6753,6],
[-12.6708,-7.71077,2.23479,5],
[3.67899,-7.93193,6.67455,5],
[0.785295,-0.699577,-11.9538,5],
[-18.4831,11.911,-11.8955,6]
],
"reflectors": [
[23.7766,1.40078,7.59682,7],
[4.55132,0.730811,17.3998,5]
],
"reflector_prisms": [
],
"absorber_prisms": [
]
}