{"time_step": 1e-05, "number_of_molecules": 500000, "diff_coef": 250, "sim_time": 0.166667, "absorbers": [[1.17657, 2.4011, 8.59363, 4]], "reflectors": [[7.36096, -2.19362, -9.21977, 2], [-4.28139, -14.3743, 5.57206, 3]], "reflector_prisms": [], "absorber_prisms": [[-7.43887, -20.5211, -11.221, -2.43887, -17.5211, -6.22103], [-4.28854, 3.75839, -10.8256, -1.28854, 7.75839, -5.82556]], "line_of_sight": [[0, 0, 0, 0, 0, 502]]}