{
"time_step": 1e-05,
"number_of_molecules": 500000,
"diff_coef": 150,
"sim_time": 0.711111,
"absorbers": [
[5.19282,-8.78156,4.11325,3]
],
"reflectors": [
[4.96684,-10.7274,-2.06258,3]
],
"reflector_prisms": [
],
"absorber_prisms": [
[10.0716,-9.61145,-19.2518,14.0716,-7.61145,-13.2518],
[-3.94445,-9.37232,-10.5447,2.05555,-7.37232,-6.54472],
[9.62931,2.95985,-13.885,12.6293,8.95985,-8.88502],
[-10.3458,7.1408,-4.91236,-8.34584,13.1408,0.0876437]
]
}