{"time_step": 1e-05, "number_of_molecules": 500000, "diff_coef": 400, "sim_time": 1.20417, "absorbers": [[12.8725, 15.1191, -2.38978, 6], [-0.371415, -0.959671, 13.9621, 5], [-2.4955, 19.8296, -9.19554, 5], [-10.8484, -4.92589, 1.43083, 7], [3.55263, 11.5278, 7.10561, 5]], "reflectors": [[-13.1106, 7.85956, 12.8973, 5]], "reflector_prisms": [], "absorber_prisms": [], "line_of_sight": [[350, 350, 0, 0, 0, 499], [0, 0, 0, 0, 0, 499], [0, 0, 0, 0, 0, 498], [89, 89, 0, 0, 0, 501], [0, 0, 0, 0, 0, 498]]}