{"time_step": 1e-05, "number_of_molecules": 500000, "diff_coef": 300, "sim_time": 0.2, "absorbers": [[-2.08115, 9.60541, 1.84523, 4]], "reflectors": [[13.1136, 9.09255, 5.86156, 4]], "reflector_prisms": [[-13.5005, -10.5938, -20.5565, -7.5005, -5.59377, -14.5565], [-6.76872, -2.27684, 0.0447536, -4.76872, -0.276841, 2.04475], [-2.91775, -13.0559, -10.143, 0.082253, -10.0559, -7.143]], "absorber_prisms": [[-7.5334, -0.328707, 4.07806, -5.5334, 2.67129, 8.07806]], "line_of_sight": [[0, 0, 0, 0, 0, 501]]}