{"time_step": 1e-05, "number_of_molecules": 500000, "diff_coef": 100, "sim_time": 4.81667, "absorbers": [[5.75518, 5.74158, -19.3627, 4], [-13.2806, -13.2868, -2.84376, 6], [-4.12733, -0.685813, -22.6163, 7], [-15.1591, -4.25548, 16.7658, 7], [13.248, -18.595, -2.77827, 6]], "reflectors": [[0.0720627, -17.3922, 4.63745, 7]], "reflector_prisms": [], "absorber_prisms": [], "line_of_sight": [[72, 72, 0, 0, 0, 499], [0, 0, 0, 0, 0, 498], [0, 0, 0, 0, 0, 499], [40, 40, 0, 0, 0, 497], [0, 0, 0, 0, 0, 499]]}