{"time_step": 1e-05, "number_of_molecules": 500000, "diff_coef": 350, "sim_time": 1.54286, "absorbers": [[-1.84686, -12.6383, 19.1275, 5], [11.3913, -5.87321, 5.6341, 4], [8.48592, 7.38031, -8.33788, 2]], "reflectors": [], "reflector_prisms": [[-2.61346, -20.2194, 6.83071, 0.386538, -16.2194, 11.8307], [-4.35256, -19.9235, -11.2259, 1.64744, -14.9235, -8.22586]], "absorber_prisms": [], "line_of_sight": [[0, 0, 0, 0, 0, 498], [0, 0, 0, 0, 0, 500], [0, 0, 0, 0, 0, 498]]}