{
"time_step": 1e-05,
"number_of_molecules": 500000,
"diff_coef": 250,
"sim_time": 2.40667,
"absorbers": [
[-1.30111,2.16325,-17.8221,3],
[-14.1138,14.3119,-14.865,6],
[15.6355,11.5388,10.3144,4],
[-2.57671,10.593,-8.78344,5],
[-9.63831,-20.6049,7.65111,5],
[16.1321,-5.62409,5.66794,4],
[2.00124,-2.83173,9.37957,2],
[-4.51289,-17.6058,-12.3963,5]
],
"reflectors": [
[7.56366,-4.39265,-19.0918,6],
[-6.7082,-3.70335,16.2876,3]
],
"reflector_prisms": [
],
"absorber_prisms": [
]
}