{"time_step": 1e-05, "number_of_molecules": 500000, "diff_coef": 150, "sim_time": 2.84444, "absorbers": [[-11.4595, -5.80046, -15.3309, 4]], "reflectors": [[4.10726, -3.82933, -12.8245, 4]], "reflector_prisms": [], "absorber_prisms": [[2.68396, -10.9452, -0.607045, 6.68396, -8.94516, 1.39295]], "line_of_sight": [[0, 0, 0, 0, 0, 502]]}