{"time_step": 1e-05, "number_of_molecules": 500000, "diff_coef": 200, "sim_time": 1.63333, "absorbers": [[-1.51754, -16.0706, 11.8082, 6]], "reflectors": [], "reflector_prisms": [[9.01647, -3.33854, 1.19126, 13.0165, 1.66146, 5.19126], [-3.81392, 3.42627, 4.9103, 1.18608, 5.42627, 6.9103], [-12.9359, 1.6633, 16.3107, -8.93589, 7.6633, 18.3107]], "absorber_prisms": [[-18.4187, -9.31754, 9.56137, -12.4187, -3.31754, 12.5614]], "line_of_sight": [[0, 0, 0, 0, 0, 502]]}