{
"time_step": 1e-05,
"number_of_molecules": 500000,
"diff_coef": 200,
"sim_time": 0.675,
"absorbers": [
[-0.778882,5.93398,-10.401,3]
],
"reflectors": [
[3.90233,10.7638,3.59349,3]
],
"reflector_prisms": [
[-4.17234,-0.205326,11.8906,1.82766,2.79467,15.8906]
],
"absorber_prisms": [
[-4.35415,-11.9478,13.3155,-0.354153,-6.94785,19.3155]
]
}