{"time_step": 1e-05, "number_of_molecules": 500000, "diff_coef": 350, "sim_time": 1.71905, "absorbers": [[1.50778, -4.93753, 25.4823, 7], [-4.64599, 11.854, 5.82209, 4], [0.0445703, -0.0599559, -12.9998, 5]], "reflectors": [[5.85696, 6.75511, -6.40816, 5], [9.82488, -1.52137, 6.71991, 4]], "reflector_prisms": [], "absorber_prisms": [], "line_of_sight": [[359, 359, 0, 0, 0, 502], [0, 0, 0, 0, 0, 502], [146, 146, 0, 0, 0, 501]]}