{
"time_step": 1e-05,
"number_of_molecules": 500000,
"diff_coef": 350,
"sim_time": 1.71905,
"absorbers": [
[4.62486,-9.70427,-14.4374,5],
[-11.4208,-19.3735,4.82024,6],
[-0.000283546,-8.9407,23.3466,6],
[-6.30173,-1.86356,12.3619,4],
[6.69689,-0.0280482,14.531,6],
[20.4821,-4.14225,-2.07997,5],
[-11.2974,-14.208,-8.39645,6]
],
"reflectors": [
],
"reflector_prisms": [
],
"absorber_prisms": [
]
}