{
"time_step": 1e-05,
"number_of_molecules": 500000,
"diff_coef": 300,
"sim_time": 0.938889,
"absorbers": [
[5.47289,-16.9923,-2.30447,5]
],
"reflectors": [
[-0.112818,11.9331,-12.1073,2],
[-5.16337,-12.9166,-7.90577,6]
],
"reflector_prisms": [
],
"absorber_prisms": [
[-16.6225,-3.3043,2.16359,-13.6225,1.6957,8.16359],
[15.9908,-8.3053,4.99777,19.9908,-6.3053,10.9978],
[-9.00314,-2.53762,17.5157,-3.00314,-0.537623,20.5157]
]
}