{
"time_step": 1e-05,
"number_of_molecules": 500000,
"diff_coef": 350,
"sim_time": 0.385714,
"absorbers": [
[2.35128,-8.44981,-6.63869,2]
],
"reflectors": [
[-5.46494,-12.7285,-2.02972,6],
[22.6248,1.20552,3.95766,5],
[-0.428691,-2.51014,-9.67034,4]
],
"reflector_prisms": [
[-7.80325,-2.93782,8.99659,-1.80325,3.06218,12.9966]
],
"absorber_prisms": [
[-6.68233,6.0111,-1.36932,-2.68233,9.0111,4.63068]
]
}