{"time_step": 1e-05, "number_of_molecules": 500000, "diff_coef": 100, "sim_time": 5.4, "absorbers": [[0.0139024, 0.0116402, 22, 4]], "reflectors": [[-4.27303, 6.2902, -12.9296, 6]], "reflector_prisms": [[9.00429, -1.3243, 5.21547, 13.0043, 4.6757, 8.21547], [-12.2664, -10.3312, 3.1695, -6.26645, -7.33118, 8.1695], [-13.1084, -0.153841, 2.53783, -8.10838, 3.84616, 5.53783]], "absorber_prisms": [[7.25023, -1.3766, -8.79707, 12.2502, 2.6234, -6.79707]], "line_of_sight": [[82, 0, 82, 0, 0, 499]]}