{
"time_step": 1e-05,
"number_of_molecules": 500000,
"diff_coef": 200,
"sim_time": 1.63333,
"absorbers": [
[-1.92972,0.292705,-17.8939,4],
[3.69328,7.46913,17.0755,5]
],
"reflectors": [
[-4.28378,-4.03644,-5.41815,3]
],
"reflector_prisms": [
],
"absorber_prisms": [
[9.07462,-7.58223,-3.09666,13.0746,-1.58223,1.90334]
]
}