{"time_step": 1e-05, "number_of_molecules": 500000, "diff_coef": 150, "sim_time": 3.21111, "absorbers": [[-11.7847, 0.390696, 12.2461, 5], [13.6182, 9.76827, 8.95125, 4], [-10.4866, -12.595, 4.51633, 3], [-0.824632, 3.3739, -22.7362, 6], [1.05485, 9.82457, 8.44779, 5], [-15.9618, -8.9198, -10.3275, 4], [0.401732, 0.390844, -11.9869, 3]], "reflectors": [[6.57039, -4.87064, -8.78105, 3], [-2.55075, 9.61386, -9.85228, 3], [8.90418, 8.0393, -0.291844, 4], [8.27799, 0.33131, 5.60046, 4], [1.39413, -5.05713, 6.04002, 2], [-0.89009, 3.377, 22.7333, 6]], "reflector_prisms": [], "absorber_prisms": [], "line_of_sight": [[90, 0, 90, 0, 0, 500], [266, 233, 158, 0, 0, 501], [289, 0, 289, 0, 0, 498], [247, 247, 158, 0, 0, 500], [0, 0, 0, 0, 0, 502], [485, 304, 227, 0, 0, 503], [449, 275, 241, 0, 0, 500]]}