{
"time_step": 1e-05,
"number_of_molecules": 500000,
"diff_coef": 150,
"sim_time": 2.5,
"absorbers": [
[4.76568,-14.6936,-12.7038,5],
[-3.89432,-8.95261,11.3879,6],
[1.70058,0.313685,15.9063,5],
[-16.7675,-12.0957,-3.68007,6],
[-2.59144,-8.09291,-6.98493,5],
[0.0653578,-0.094721,-20.9997,6],
[-19.8475,0.561568,-2.40004,5]
],
"reflectors": [
[9.54275,10.3566,-16.902,7]
],
"reflector_prisms": [
],
"absorber_prisms": [
]
}