{"time_step": 1e-05, "number_of_molecules": 500000, "diff_coef": 200, "sim_time": 1.875, "absorbers": [[18.8646, -1.68454, 1.51276, 4], [-5.90881, 1.72319, -5.11044, 2]], "reflectors": [[7.73648, -0.393793, -22.7155, 5]], "reflector_prisms": [], "absorber_prisms": [[-13.6212, 8.49509, -2.92736, -8.62116, 14.4951, 2.07264], [7.5081, 7.29204, 0.229683, 10.5081, 11.292, 2.22968], [-1.09178, -0.639241, 11.975, 0.908222, 2.36076, 17.975]], "line_of_sight": [[0, 0, 0, 0, 0, 499], [0, 0, 0, 0, 0, 497]]}