{"time_step": 1e-05, "number_of_molecules": 500000, "diff_coef": 350, "sim_time": 1.07143, "absorbers": [[-13.4676, -5.04797, 4.25919, 4], [0.422455, 3.71468, -21.68, 7], [14.1423, -0.250615, -7.4788, 6], [1.35639, -0.571789, 17.9397, 5], [-10.0068, -6.06197, -12.3336, 7]], "reflectors": [], "reflector_prisms": [], "absorber_prisms": [], "line_of_sight": [[192, 192, 0, 0, 0, 499], [206, 206, 0, 0, 0, 501], [113, 113, 0, 0, 0, 499], [298, 298, 0, 0, 0, 501], [0, 0, 0, 0, 0, 499]]}