{
"time_step": 1e-05,
"number_of_molecules": 500000,
"diff_coef": 400,
"sim_time": 0.504167,
"absorbers": [
[-1.14334,0.490496,12.9403,2]
],
"reflectors": [
[0.388109,-2.32202,8.68663,3]
],
"reflector_prisms": [
[-9.8843,-11.2806,-12.0845,-4.8843,-9.28055,-9.08453]
],
"absorber_prisms": [
[-14.6126,-7.96802,0.350169,-11.6126,-4.96802,6.35017],
[-3.24521,-7.62354,-3.39159,0.754786,-5.62354,-0.391589]
]
}