{"time_step": 1e-05, "number_of_molecules": 500000, "diff_coef": 350, "sim_time": 1.07143, "absorbers": [[-18.7326, -6.76879, 6.65374, 6]], "reflectors": [[-6.39731, -7.98912, -8.01551, 3]], "reflector_prisms": [], "absorber_prisms": [[0.909652, -6.47812, 4.83775, 5.90965, -3.47812, 9.83775]], "line_of_sight": [[0, 0, 0, 0, 0, 498]]}