{
"time_step": 1e-05,
"number_of_molecules": 500000,
"diff_coef": 150,
"sim_time": 2.17778,
"absorbers": [
[-5.32345,-13.5579,6.62153,6],
[0.159763,-10.6975,-10.5137,6],
[12.7391,2.3439,1.10569,7],
[-1.16216,3.23119,16.6496,6],
[-17.7143,6.45678,-2.34843,5]
],
"reflectors": [
[-4.59636,0.0172997,-13.224,4],
[17.2185,17.3826,-5.13503,6]
],
"reflector_prisms": [
],
"absorber_prisms": [
]
}