{"time_step": 1e-05, "number_of_molecules": 500000, "diff_coef": 200, "sim_time": 2.40833, "absorbers": [[-0.868801, 1.90081, -13.8431, 5], [15.3485, -11.5346, -14.4006, 7], [-1.27346, 3.07577, 9.42963, 5]], "reflectors": [[13.8841, 8.76911, 4.39714, 6], [2.24568, -7.76281, 11.4322, 6]], "reflector_prisms": [], "absorber_prisms": [], "line_of_sight": [[409, 223, 186, 0, 0, 503], [132, 132, 0, 0, 0, 502], [193, 193, 7, 0, 0, 497]]}