{"time_step": 1e-05, "number_of_molecules": 500000, "diff_coef": 50, "sim_time": 8.53333, "absorbers": [[0.0652034, -5.65066, 17.0899, 2]], "reflectors": [], "reflector_prisms": [[-10.8245, 9.69084, 14.0239, -5.82453, 12.6908, 16.0239], [-10.5555, -20.3257, -9.44388, -6.55551, -15.3257, -7.44388], [-12.8181, 2.70485, -6.33176, -9.81814, 6.70485, -2.33176]], "absorber_prisms": [[-15.0338, -15.9022, -7.85443, -12.0338, -11.9022, -1.85443], [2.24514, -10.6072, -12.4698, 5.24514, -8.60716, -6.46977]], "line_of_sight": [[0, 0, 0, 0, 0, 501]]}