{
"time_step": 1e-05,
"number_of_molecules": 500000,
"diff_coef": 200,
"sim_time": 0.675,
"absorbers": [
[-9.856,-6.43594,2.33195,3]
],
"reflectors": [
],
"reflector_prisms": [
[4.8404,-6.75472,6.67675,7.8404,-4.75472,8.67675]
],
"absorber_prisms": [
[16.6638,-9.14283,-10.3537,20.6638,-4.14283,-6.35368]
]
}