{
"time_step": 1e-05,
"number_of_molecules": 500000,
"diff_coef": 50,
"sim_time": 6.53333,
"absorbers": [
[-7.77645,-3.6833,13.4893,2]
],
"reflectors": [
],
"reflector_prisms": [
[6.22777,5.62634,-1.67105,12.2278,9.62634,3.32895]
],
"absorber_prisms": [
]
}