{
"time_step": 1e-05,
"number_of_molecules": 500000,
"diff_coef": 150,
"sim_time": 1.34444,
"absorbers": [
[-4.7887,-9.69866,5.19657,5],
[-6.9151,-1.61096,14.3383,5]
],
"reflectors": [
[-2.13345,4.09735,-13.2159,4]
],
"reflector_prisms": [
[-16.4015,-14.2303,-11.1533,-12.4015,-8.23033,-5.15333],
[-18.7138,3.47354,4.30411,-14.7138,9.47354,8.30411]
],
"absorber_prisms": [
]
}