{"time_step": 1e-05, "number_of_molecules": 500000, "diff_coef": 100, "sim_time": 6.01667, "absorbers": [[-0.282918, -0.249081, 15.9956, 5], [-13.7758, 1.55194, 1.95432, 7], [2.59654, -12.3431, -6.07505, 5], [13.8665, -18.196, -2.37233, 5], [0.269398, -3.37012, -22.7502, 4], [-0.0818128, 10.9413, 8.73396, 4]], "reflectors": [[-0.177666, -0.262535, -10.9954, 6], [3.64665, 6.73416, -19.5539, 5], [-18.6063, -14.8634, 2.98114, 6], [-10.1374, -10.4004, 17.8344, 4], [1.03484, -15.7264, 8.69529, 5]], "reflector_prisms": [], "absorber_prisms": [], "line_of_sight": [[498, 93, 611, 0, 0, 498], [0, 0, 0, 0, 0, 501], [185, 185, 0, 0, 0, 502], [46, 46, 0, 0, 0, 502], [504, 449, 504, 0, 0, 504], [252, 252, 0, 0, 0, 501]]}