{"time_step": 1e-05, "number_of_molecules": 500000, "diff_coef": 250, "sim_time": 1.12667, "absorbers": [[-11.3953, 2.46452, -12.3723, 4]], "reflectors": [[0.103005, 10.3289, 18.284, 2], [-2.10353, 2.2838, 8.44745, 2], [6.77301, 10.616, -6.11769, 6], [6.95152, -13.0643, 2.44966, 5]], "reflector_prisms": [], "absorber_prisms": [], "line_of_sight": [[0, 0, 0, 0, 0, 501]]}