{"time_step": 1e-05, "number_of_molecules": 500000, "diff_coef": 150, "sim_time": 3.6, "absorbers": [[-18.1198, 10.5513, 1.15966, 4], [-6.01058, 6.15053, 13.4924, 4], [-15.1055, -5.41898, -16.476, 5], [-8.13265, 2.96562, -2.46275, 4], [2.41934, 16.8784, 10.453, 6], [0.446535, 0.018375, 14.9933, 4], [9.20499, 0.622546, 7.67337, 5]], "reflectors": [[-12.7019, -7.15712, 16.4754, 4]], "reflector_prisms": [], "absorber_prisms": [], "line_of_sight": [[323, 323, 0, 0, 0, 498], [0, 0, 0, 0, 0, 502], [456, 456, 0, 0, 0, 499], [213, 213, 0, 0, 0, 503], [0, 0, 0, 0, 0, 499], [0, 0, 0, 0, 0, 500], [236, 236, 0, 0, 0, 497]]}