{"time_step": 1e-05, "number_of_molecules": 500000, "diff_coef": 350, "sim_time": 1.54286, "absorbers": [[15.3584, -4.16319, -15.1917, 4]], "reflectors": [], "reflector_prisms": [[6.19782, -9.68965, 2.62216, 9.19782, -3.68965, 5.62216], [-8.82302, -6.75013, -3.83927, -4.82302, -0.750127, 0.160734]], "absorber_prisms": [[1.49492, 8.78184, 2.61955, 5.49492, 10.7818, 4.61955], [2.58255, -2.68604, 4.1461, 4.58255, 3.31396, 10.1461]], "line_of_sight": [[0, 0, 0, 0, 0, 503]]}