{"time_step": 1e-05, "number_of_molecules": 500000, "diff_coef": 250, "sim_time": 1.5, "absorbers": [[2.81374, -8.50134, -6.38827, 5], [1.61113, 6.68036, 8.58936, 5], [-0.897652, -0.3076, -18.9763, 4], [6.95611, -9.89408, 4.76651, 2]], "reflectors": [[4.30868, -4.34864, -13.694, 2], [0.0659214, -1.86037, 9.82521, 2], [-4.15811, -10.5565, -17.6712, 6], [16.8144, -1.75503, 8.67147, 5], [-14.9226, 10.1481, 5.94403, 5]], "reflector_prisms": [], "absorber_prisms": [], "line_of_sight": [[225, 178, 118, 0, 0, 495], [252, 194, 63, 0, 0, 502], [221, 48, 173, 0, 0, 500], [0, 0, 0, 0, 0, 503]]}