{"time_step": 1e-05, "number_of_molecules": 500000, "diff_coef": 200, "sim_time": 0.408333, "absorbers": [[2.17337, -1.85568, -9.58295, 3]], "reflectors": [], "reflector_prisms": [], "absorber_prisms": [[-2.12388, -11.5399, 8.55863, 0.876118, -7.53986, 14.5586], [-16.7165, -8.27712, -1.14816, -12.7165, -4.27712, 0.851843], [-11.8441, -0.164268, 1.70693, -5.84406, 5.83573, 5.70693], [-7.83138, 5.79694, -16.8308, -4.83138, 9.79694, -11.8308], [-14.9021, 10.2789, -3.79098, -9.90212, 14.2789, 1.20902]], "line_of_sight": [[0, 0, 0, 0, 0, 501]]}