{"time_step": 1e-05, "number_of_molecules": 500000, "diff_coef": 350, "sim_time": 0.304762, "absorbers": [[4.03705, -4.6532, -12.5718, 6]], "reflectors": [], "reflector_prisms": [[-5.52769, 0.0329204, -10.9593, 0.47231, 4.03292, -7.95928], [-2.08071, -3.14258, -17.4939, 2.91929, 2.85742, -14.4939], [-20.6411, 2.58408, 0.0111101, -17.6411, 4.58408, 2.01111]], "absorber_prisms": [[-12.1546, 0.408924, 13.6349, -10.1546, 3.40892, 15.6349], [-1.03371, -13.673, -15.5188, 4.96629, -11.673, -12.5188]], "line_of_sight": [[11, 0, 0, 0, 11, 499]]}