{
"time_step": 1e-05,
"number_of_molecules": 500000,
"diff_coef": 200,
"sim_time": 3.00833,
"absorbers": [
[13.5299,5.10052,13.8176,3],
[-11.7021,-12.7099,-11.9381,2]
],
"reflectors": [
[-7.19921,3.34728,0.983423,3],
[-5.42186,15.3061,-9.86535,6]
],
"reflector_prisms": [
[9.25321,2.28842,-7.10251,14.2532,7.28842,-2.10251]
],
"absorber_prisms": [
]
}