{
"time_step": 1e-05,
"number_of_molecules": 500000,
"diff_coef": 50,
"sim_time": 7.5,
"absorbers": [
[15.7776,-8.08538,-3.11363,3]
],
"reflectors": [
[-4.69063,16.8283,-9.73687,6],
[-0.30997,-0.402141,-11.9893,4],
[11.1444,4.42865,14.7373,3],
[1.52431,-13.9372,-14.263,6]
],
"reflector_prisms": [
[-11.5057,-15.9307,-0.226213,-6.50569,-9.93072,5.77379]
],
"absorber_prisms": [
]
}