{"time_step": 1e-05, "number_of_molecules": 500000, "diff_coef": 350, "sim_time": 0.57619, "absorbers": [[5.42654, -3.83394, -11.1738, 5], [-1.91085, -1.38542, 14.8131, 4]], "reflectors": [[7.77581, -12.4322, 13.6006, 7], [-6.6037, -1.73205, -12.2226, 6]], "reflector_prisms": [], "absorber_prisms": [], "line_of_sight": [[79, 79, 0, 0, 0, 500], [186, 132, 54, 0, 0, 499]]}