{"time_step": 1e-05, "number_of_molecules": 500000, "diff_coef": 250, "sim_time": 1.5, "absorbers": [[2.30495, -2.49484, 21.7362, 7], [0.737175, 17.2254, 5.17131, 4], [-4.89124, -13.931, 6.16464, 4], [9.48109, -2.59124, -1.84238, 4], [-6.40328, 0.129317, -11.3129, 5]], "reflectors": [[12.5755, -6.85022, -19.2596, 5]], "reflector_prisms": [], "absorber_prisms": [], "line_of_sight": [[181, 181, 0, 0, 0, 501], [0, 0, 0, 0, 0, 497], [0, 0, 0, 0, 0, 502], [0, 0, 0, 0, 0, 499], [131, 131, 0, 0, 0, 500]]}