{
"time_step": 1e-05,
"number_of_molecules": 500000,
"diff_coef": 50,
"sim_time": 5.63333,
"absorbers": [
[-5.84566,-9.82351,3.65061,4],
[-2.64566,-4.41378,-15.1499,3]
],
"reflectors": [
],
"reflector_prisms": [
],
"absorber_prisms": [
[17.4886,-5.22732,0.906476,20.4886,-2.22732,3.90648],
[-8.18657,-1.96885,-20.047,-3.18657,4.03115,-14.047],
[12.7727,0.794738,11.1732,18.7727,3.79474,16.1732]
]
}