{"time_step": 1e-05, "number_of_molecules": 500000, "diff_coef": 150, "sim_time": 1.87778, "absorbers": [[6.06196, 3.054, 15.5861, 4], [-14.8239, -11.7762, -1.60365, 6]], "reflectors": [[2.09224, -15.9759, 8.02453, 4]], "reflector_prisms": [], "absorber_prisms": [[-2.63599, -0.0433257, 6.49939, 2.36401, 5.95667, 10.4994]], "line_of_sight": [[204, 0, 0, 204, 0, 498], [0, 0, 0, 0, 0, 503]]}