{"time_step": 1e-05, "number_of_molecules": 500000, "diff_coef": 150, "sim_time": 3.6, "absorbers": [[-9.32357, -5.60524, -19.122, 4], [-3.15669, 10.0559, 15.8087, 2]], "reflectors": [], "reflector_prisms": [], "absorber_prisms": [[3.3294, 4.93158, -9.47609, 9.3294, 8.93158, -5.47609], [2.0544, 3.52102, -5.03133, 4.0544, 7.52102, -1.03133], [-9.53134, 5.11244, 7.98602, -4.53134, 11.1124, 9.98602], [-0.9168, -8.8953, -12.8697, 3.0832, -4.8953, -7.86974]], "line_of_sight": [[0, 0, 0, 0, 0, 500], [0, 0, 0, 0, 0, 501]]}