{
"time_step": 1e-05,
"number_of_molecules": 500000,
"diff_coef": 250,
"sim_time": 2.16,
"absorbers": [
[-15.2941,2.29452,17.0242,5]
],
"reflectors": [
[-2.11912,-8.10362,-11.2179,6]
],
"reflector_prisms": [
],
"absorber_prisms": [
]
}