{"time_step": 1e-05, "number_of_molecules": 500000, "diff_coef": 50, "sim_time": 6.53333, "absorbers": [[2.06512, -7.15217, 14.1627, 2], [0.346459, 10.1325, -13.6459, 3]], "reflectors": [[14.2424, -6.6531, 10.672, 2]], "reflector_prisms": [], "absorber_prisms": [[-11.4055, -7.1284, 9.80333, -5.40551, -2.1284, 15.8033], [-7.53612, 4.51969, 13.6544, -4.53612, 8.51969, 17.6544], [-1.31146, 0.362592, -13.8935, 2.68854, 2.36259, -7.89354]], "line_of_sight": [[121, 121, 0, 0, 0, 499], [77, 77, 0, 0, 0, 500]]}