{
"time_step": 1e-05,
"number_of_molecules": 500000,
"diff_coef": 50,
"sim_time": 0.833333,
"absorbers": [
[1.11193,-3.01088,6.22079,2]
],
"reflectors": [
[14.2678,-10.8812,1.42531,3]
],
"reflector_prisms": [
[-7.27569,9.20973,-3.97223,-5.27569,12.2097,1.02777]
],
"absorber_prisms": [
[-14.4107,-13.3739,-0.982222,-11.4107,-8.37395,5.01778],
[-12.1579,2.23949,-21.035,-7.1579,7.23949,-15.035]
]
}