{"time_step": 1e-05, "number_of_molecules": 500000, "diff_coef": 100, "sim_time": 5.4, "absorbers": [[-9.19236, -10.5422, 0.602822, 6], [-6.27153, 1.47964, 17.874, 4], [0.200983, 9.55672, -19.8149, 4], [9.11677, 1.88394, 15.4057, 6]], "reflectors": [[2.46311, -14.21, -15.2646, 5]], "reflector_prisms": [], "absorber_prisms": [], "line_of_sight": [[0, 0, 0, 0, 0, 499], [0, 0, 0, 0, 0, 501], [0, 0, 0, 0, 0, 500], [0, 0, 0, 0, 0, 499]]}