{
"time_step": 1e-05,
"number_of_molecules": 500000,
"diff_coef": 100,
"sim_time": 2.81667,
"absorbers": [
[2.09243,5.00075,7.1843,4],
[-1.77786,13.9968,-9.48303,4],
[2.73174,1.24029,-9.53935,5]
],
"reflectors": [
],
"reflector_prisms": [
],
"absorber_prisms": [
[8.90397,-8.42186,5.47511,10.904,-6.42186,11.4751],
[10.4718,3.06857,14.3437,15.4718,5.06857,16.3437]
]
}