{"time_step": 1e-05, "number_of_molecules": 500000, "diff_coef": 300, "sim_time": 0.938889, "absorbers": [[13.5429, 9.25666, 7.40964, 5]], "reflectors": [], "reflector_prisms": [[-1.41746, 2.71281, -20.1206, 1.58254, 8.71281, -16.1206]], "absorber_prisms": [[-6.77439, 3.81706, 1.76118, -4.77439, 6.81706, 4.76118], [5.5383, 0.300442, -13.4742, 7.5383, 5.30044, -9.47424], [5.97027, -16.3113, -10.6639, 10.9703, -10.3113, -6.66392], [6.37625, 4.33065, -6.85354, 9.37625, 9.33065, -2.85354]], "line_of_sight": [[0, 0, 0, 0, 0, 498]]}