{"time_step": 1e-05, "number_of_molecules": 500000, "diff_coef": 250, "sim_time": 1.12667, "absorbers": [[-6.47157, 18.807, -2.10089, 7], [3.45494, 1.28726, -10.3637, 5], [5.53236, -11.8862, -7.28783, 4], [-16.6496, -3.39605, 0.508869, 5]], "reflectors": [[-8.20802, -18.2266, -0.647696, 5]], "reflector_prisms": [], "absorber_prisms": [], "line_of_sight": [[6, 6, 0, 0, 0, 498], [0, 0, 0, 0, 0, 501], [9, 9, 0, 0, 0, 500], [0, 0, 0, 0, 0, 504]]}