{
"time_step": 1e-05,
"number_of_molecules": 500000,
"diff_coef": 150,
"sim_time": 3.6,
"absorbers": [
[7.11302,-11.1903,14.9727,2],
[-8.87888,0.569417,-19.0221,3]
],
"reflectors": [
],
"reflector_prisms": [
[-2.71573,-2.60087,-17.9973,3.28427,2.39913,-15.9973],
[-4.21479,-10.2086,12.9679,1.78521,-5.20859,14.9679]
],
"absorber_prisms": [
[5.53354,11.5629,3.11626,9.53354,15.5629,8.11626],
[-1.34169,2.85285,9.1633,2.65831,5.85285,13.1633]
]
}