{
"time_step": 1e-05,
"number_of_molecules": 500000,
"diff_coef": 150,
"sim_time": 0.9,
"absorbers": [
[1.08854,-2.04628,-10.753,2]
],
"reflectors": [
[16.9123,4.2411,11.7042,6]
],
"reflector_prisms": [
],
"absorber_prisms": [
[4.95314,-1.40122,-2.30254,8.95314,1.59878,0.697463],
[-9.20717,-1.72655,-21.2364,-7.20717,2.27345,-15.2364],
[-3.58923,2.78623,-19.9919,1.41077,5.78623,-17.9919]
]
}