{"time_step": 1e-05, "number_of_molecules": 500000, "diff_coef": 100, "sim_time": 2.4, "absorbers": [[-2.37775, 1.95503, -11.5985, 3], [-11.5193, 6.46801, 4.63361, 2]], "reflectors": [], "reflector_prisms": [], "absorber_prisms": [[1.13864, 5.73118, -18.5806, 5.13864, 11.7312, -14.5806], [-7.34068, -5.00669, -9.95434, -3.34068, -2.00669, -7.95434], [9.18213, 3.96179, 11.246, 13.1821, 8.96179, 15.246]], "line_of_sight": [[0, 0, 0, 0, 0, 499], [0, 0, 0, 0, 0, 502]]}