{"time_step": 1e-05, "number_of_molecules": 500000, "diff_coef": 300, "sim_time": 0.355556, "absorbers": [[-12.5274, -2.56011, 2.34737, 5]], "reflectors": [], "reflector_prisms": [[-1.98967, -1.57375, -18.9998, 2.01033, 1.42625, -12.9998], [-2.11986, -7.4737, 4.00075, -0.119858, -2.4737, 7.00075], [3.21271, 5.14337, -4.61342, 7.21271, 8.14337, -1.61342], [-2.48178, -1.9567, -9.99987, 2.51822, 2.0433, -6.99987]], "absorber_prisms": [[5.05789, 1.71285, -23.1317, 11.0579, 5.71285, -17.1317]], "line_of_sight": [[0, 0, 0, 0, 0, 501]]}