{"time_step": 1e-05, "number_of_molecules": 500000, "diff_coef": 250, "sim_time": 1.70667, "absorbers": [[1.01621, 0.380002, 17.9673, 2]], "reflectors": [[3.18237, 5.95102, 1.85955, 2], [-1.33818, 5.25307, 9.57155, 6]], "reflector_prisms": [], "absorber_prisms": [[-1.41918, -5.5457, -18.0257, 1.58082, -2.5457, -16.0257], [-7.36325, 3.28857, -22.459, -4.36325, 7.28857, -16.459], [-1.43968, -0.872569, 7.98011, 1.56032, 2.12743, 11.9801]], "line_of_sight": [[500, 0, 379, 500, 0, 500]]}