{"time_step": 1e-05, "number_of_molecules": 500000, "diff_coef": 400, "sim_time": 0.704167, "absorbers": [[2.76682, 3.78665, 18.4121, 6], [2.12214, -0.342049, -18.878, 6]], "reflectors": [[-4.31161, 3.8825, 9.34539, 3], [-1.13312, -16.3596, -7.42159, 3], [1.84857, -4.45891, -6.37973, 2]], "reflector_prisms": [], "absorber_prisms": [], "line_of_sight": [[203, 182, 34, 0, 0, 497], [264, 180, 88, 0, 0, 501]]}