{
"time_step": 1e-05,
"number_of_molecules": 500000,
"diff_coef": 50,
"sim_time": 5.63333,
"absorbers": [
[-6.22582,-16.4924,-3.6387,5],
[16.642,-2.79954,2.05121,4]
],
"reflectors": [
[15.5162,15.5315,-1.42229,5]
],
"reflector_prisms": [
],
"absorber_prisms": [
]
}