{"time_step": 1e-05, "number_of_molecules": 500000, "diff_coef": 50, "sim_time": 9.63333, "absorbers": [[6.50737, -6.00967, -9.51515, 5], [6.44334, -19.8503, -2.33428, 4], [-6.95047, 5.79979, -16.7049, 6], [6.21259, 6.28233, -15.6824, 7], [-12.6963, -6.69998, 10.8588, 6], [2.71552, 3.3493, 15.4081, 4]], "reflectors": [[14.7467, 3.51634, 15.9427, 4], [-4.78695, 23.3113, 3.10966, 5]], "reflector_prisms": [], "absorber_prisms": [], "line_of_sight": [[0, 0, 0, 0, 0, 501], [291, 0, 291, 0, 0, 500], [10, 10, 0, 0, 0, 497], [128, 128, 0, 0, 0, 494], [167, 167, 0, 0, 0, 497], [12, 12, 0, 0, 0, 498]]}