{
"time_step": 1e-05,
"number_of_molecules": 500000,
"diff_coef": 200,
"sim_time": 1.875,
"absorbers": [
[6.22082,-16.7745,8.93957,5],
[8.12797,-16.671,-4.12494,4]
],
"reflectors": [
[-6.19801,-9.07649,-0.449443,5]
],
"reflector_prisms": [
],
"absorber_prisms": [
[-12.3926,4.66881,-10.4565,-6.3926,8.66881,-5.45652]
]
}