{"time_step": 1e-05, "number_of_molecules": 500000, "diff_coef": 400, "sim_time": 1.50417, "absorbers": [[1.69762, -10.1099, -9.53453, 6], [-15.2384, -11.1911, -1.88471, 6], [-24.4456, 8.76309, -1.27303, 7], [-15.2294, 10.9886, 11.4594, 4], [2.93931, -7.4604, 19.4088, 7], [20.8314, 3.99867, -5.83645, 4]], "reflectors": [[13.285, 4.98574, -12.6353, 5]], "reflector_prisms": [], "absorber_prisms": [], "line_of_sight": [[0, 0, 0, 0, 0, 500], [0, 0, 0, 0, 0, 499], [0, 0, 0, 0, 0, 502], [0, 0, 0, 0, 0, 498], [0, 0, 0, 0, 0, 501], [0, 0, 0, 0, 0, 504]]}