{
"time_step": 1e-05,
"number_of_molecules": 500000,
"diff_coef": 100,
"sim_time": 6.01667,
"absorbers": [
[11.9121,18.3313,2.46292,5],
[0.944321,0.989231,-23.961,5]
],
"reflectors": [
],
"reflector_prisms": [
[10.3398,-9.30951,-1.2265,12.3398,-3.30951,2.7735],
[-9.64301,-4.14076,-0.499258,-5.64301,-0.14076,2.50074]
],
"absorber_prisms": [
[-11.9446,-1.53232,-19.669,-6.9446,3.46768,-16.669]
]
}