{"time_step": 1e-05, "number_of_molecules": 500000, "diff_coef": 100, "sim_time": 0.816667, "absorbers": [[-8.30767, 2.32779, -8.3405, 5]], "reflectors": [[-2.43826, -8.84034, -22.1789, 5], [7.25572, 1.72112, 18.5578, 2]], "reflector_prisms": [[3.54302, -4.6583, -9.89384, 7.54302, 1.3417, -3.89384]], "absorber_prisms": [[4.36067, 6.50263, -6.24515, 10.3607, 8.50263, -0.245146]], "line_of_sight": [[17, 0, 17, 0, 0, 498]]}