{"time_step": 1e-05, "number_of_molecules": 500000, "diff_coef": 150, "sim_time": 4.01111, "absorbers": [[-13.1674, 1.10014, 12.2233, 5], [4.63138, -24.551, -0.893318, 6], [11.0493, 8.29063, 15.8171, 7], [-1.85224, 10.7114, -1.68372, 4]], "reflectors": [[-3.64421, 14.8127, 14.4328, 6], [-2.81768, 1.9965, -19.6996, 6], [3.09181, 20.4756, 3.4914, 7]], "reflector_prisms": [], "absorber_prisms": [], "line_of_sight": [[0, 0, 0, 0, 0, 501], [438, 386, 188, 0, 0, 500], [0, 0, 0, 0, 0, 497], [199, 128, 130, 0, 0, 499]]}