{"time_step": 1e-05, "number_of_molecules": 500000, "diff_coef": 350, "sim_time": 1.71905, "absorbers": [[0.0954307, -0.206966, 8.99711, 4], [11.9836, 8.57315, 10.3389, 4], [0.86639, 14.0673, 5.13436, 4], [-1.29718, 2.28973, -21.842, 3], [-15.5018, 4.71356, -7.84064, 6], [-2.54688, -4.01071, 14.2277, 2], [14.1184, -0.499273, -12.7052, 4]], "reflectors": [[-16.9406, 10.9573, 5.82695, 5], [2.4846, -9.49883, -18.5634, 4], [7.81948, -9.56024, -4.0568, 3], [13.1224, -10.3263, -9.06468, 3], [11.7441, 15.9927, 6.8782, 4], [-3.86175, -5.01734, -7.74036, 4], [-7.42142, -10.795, 10.8347, 6]], "reflector_prisms": [], "absorber_prisms": [], "line_of_sight": [[158, 26, 139, 0, 0, 498], [294, 0, 301, 0, 0, 499], [0, 0, 0, 0, 0, 495], [500, 500, 0, 0, 0, 500], [0, 0, 0, 0, 0, 500], [499, 499, 0, 0, 0, 499], [0, 0, 0, 0, 0, 498]]}