{"time_step": 1e-05, "number_of_molecules": 500000, "diff_coef": 150, "sim_time": 4.01111, "absorbers": [[-0.177308, 4.91361, -10.9465, 2], [5.87813, 3.38431, 17.7481, 6], [2.00016, 4.35214, -21.4723, 3], [-8.78615, -6.61919, -20.1988, 5], [-3.59686, 2.02452, 12.3274, 2], [1.55497, -2.72065, -7.36072, 2], [-7.87408, -6.34619, -6.45946, 6]], "reflectors": [[15.2879, 1.10623, 11.2275, 2], [0.39619, -1.45433, 8.87288, 4]], "reflector_prisms": [], "absorber_prisms": [], "line_of_sight": [[502, 68, 502, 0, 0, 502], [396, 319, 214, 0, 0, 499], [501, 89, 501, 0, 0, 501], [502, 649, 112, 0, 0, 502], [411, 276, 235, 0, 0, 497], [207, 157, 132, 0, 0, 504], [111, 147, 31, 0, 0, 500]]}