{"time_step": 1e-05, "number_of_molecules": 500000, "diff_coef": 100, "sim_time": 1.06667, "absorbers": [[-0.0335405, 0.571141, 9.98362, 2]], "reflectors": [[10.2061, 2.83473, -9.15426, 6], [0.492264, 16.6473, 3.40955, 2], [-11.8309, 6.04598, 4.41328, 3], [4.7915, 8.75982, -0.55417, 3]], "reflector_prisms": [], "absorber_prisms": [], "line_of_sight": [[0, 0, 0, 0, 0, 500]]}