{"time_step": 1e-05, "number_of_molecules": 500000, "diff_coef": 100, "sim_time": 5.4, "absorbers": [[7.67548, -0.230293, -11.7062, 5], [21.9481, -5.36251, 8.09472, 6], [-1.1721, 4.89169, 11.9874, 4], [-10.4773, -6.06385, -4.73887, 6], [8.73311, -14.2331, 3.18638, 5], [-2.59957, -13.6865, -7.86902, 4], [5.33393, 9.21916, 7.4536, 4]], "reflectors": [], "reflector_prisms": [], "absorber_prisms": [], "line_of_sight": [[53, 53, 0, 0, 0, 498], [26, 26, 0, 0, 0, 501], [65, 65, 0, 0, 0, 499], [110, 110, 0, 0, 0, 499], [0, 0, 0, 0, 0, 500], [203, 203, 0, 0, 0, 503], [327, 327, 0, 0, 0, 498]]}