{
"time_step": 1e-05,
"number_of_molecules": 500000,
"diff_coef": 200,
"sim_time": 2.40833,
"absorbers": [
[-3.61663,11.0778,-15.0067,2]
],
"reflectors": [
],
"reflector_prisms": [
[-12.7546,11.4728,-8.3441,-10.7546,16.4728,-5.3441],
[-7.77529,5.69237,3.8217,-2.77529,9.69237,5.8217],
[3.16487,-1.90099,10.7393,8.16487,3.09901,13.7393],
[-6.98661,2.18722,-21.3703,-0.986615,4.18722,-19.3703]
],
"absorber_prisms": [
]
}