{
"time_step": 1e-05,
"number_of_molecules": 500000,
"diff_coef": 150,
"sim_time": 4.01111,
"absorbers": [
[18.4079,7.96703,-11.2551,6],
[0.660189,1.86727,11.8354,4],
[-13.3758,6.85781,18.7099,5],
[4.88687,10.7274,2.24536,2],
[-0.3834,-0.834134,-17.9766,2],
[3.86533,-17.5023,1.6515,5],
[11.9648,0.311127,0.863603,2],
[-13.5545,-8.94605,5.02418,2]
],
"reflectors": [
],
"reflector_prisms": [
],
"absorber_prisms": [
]
}