{"time_step": 1e-05, "number_of_molecules": 500000, "diff_coef": 50, "sim_time": 8.53333, "absorbers": [[-11.01, -3.341, -6.05132, 5], [1.41738, 9.22375, -17.6894, 4], [-0.700923, 0.383921, -8.96445, 3]], "reflectors": [], "reflector_prisms": [], "absorber_prisms": [[-1.1638, 4.75345, 8.88391, 2.8362, 8.75345, 10.8839]], "line_of_sight": [[0, 0, 0, 0, 0, 501], [93, 93, 0, 0, 0, 503], [48, 48, 0, 0, 0, 498]]}