{
"time_step": 1e-05,
"number_of_molecules": 500000,
"diff_coef": 150,
"sim_time": 2.5,
"absorbers": [
[-0.437172,-13.8682,-5.69924,6],
[-4.53707,13.3807,7.50812,4],
[-9.99996,5.74185,-17.5508,6],
[-8.55059,-4.93116,-13.8409,3]
],
"reflectors": [
],
"reflector_prisms": [
[6.90988,-5.1981,-16.9849,10.9099,0.801903,-13.9849]
],
"absorber_prisms": [
]
}