{
"time_step": 1e-05,
"number_of_molecules": 500000,
"diff_coef": 100,
"sim_time": 2.81667,
"absorbers": [
[8.05182,8.88252,-0.518783,5],
[-12.8095,1.69272,-13.9302,6],
[-3.53592,-4.6397,12.7268,4]
],
"reflectors": [
],
"reflector_prisms": [
],
"absorber_prisms": [
[1.0575,-2.71998,19.5541,7.0575,-0.719984,23.5541]
]
}