{"time_step": 1e-05, "number_of_molecules": 500000, "diff_coef": 250, "sim_time": 1.92667, "absorbers": [[18.5812, 2.88021, 11.4212, 5], [-12.2131, -7.29412, 11.0289, 6], [-11.7663, 12.2889, -8.45797, 4]], "reflectors": [], "reflector_prisms": [], "absorber_prisms": [[4.11914, 11.7863, 6.21471, 6.11914, 16.7863, 11.2147], [-2.99281, 1.72199, 10.0594, 3.00719, 4.72199, 13.0594]], "line_of_sight": [[0, 0, 0, 0, 0, 500], [0, 0, 0, 0, 0, 502], [0, 0, 0, 0, 0, 497]]}