{"time_step": 1e-05, "number_of_molecules": 500000, "diff_coef": 50, "sim_time": 12.0333, "absorbers": [[-8.79759, -7.8844, 5.42575, 5], [10.4536, -5.212, 5.70585, 7], [-22.8795, -9.58317, 7.79034, 7], [-20.9818, -0.76426, -11.6267, 6], [11.5652, 1.33703, -17.4774, 4], [-0.0203366, -0.0417722, 14.9999, 7]], "reflectors": [[-2.74862, 22.7691, 7.0719, 6]], "reflector_prisms": [], "absorber_prisms": [], "line_of_sight": [[128, 128, 0, 0, 0, 501], [79, 79, 0, 0, 0, 498], [248, 248, 0, 0, 0, 500], [331, 331, 0, 0, 0, 502], [114, 114, 0, 0, 0, 500], [37, 37, 0, 0, 0, 499]]}