{"time_step": 1e-05, "number_of_molecules": 500000, "diff_coef": 100, "sim_time": 4.81667, "absorbers": [[6.01884, 14.819, 0.411793, 5], [-6.07055, -7.45738, 7.17886, 6], [-0.849444, 2.42333, 9.66467, 5], [-19.1043, -1.02934, -14.4902, 7], [2.96681, 13.323, 13.2172, 6]], "reflectors": [[1.0823, 0.726016, -13.9392, 7], [10.2507, 1.50368, 12.1927, 6], [-20.856, 4.77696, 8.43843, 4], [2.40139, 5.78085, 23.1693, 6], [-10.177, -9.83098, -11.1257, 5]], "reflector_prisms": [], "absorber_prisms": [], "line_of_sight": [[95, 95, 0, 0, 0, 498], [146, 53, 93, 0, 0, 501], [357, 88, 315, 0, 0, 499], [303, 0, 322, 0, 0, 501], [266, 169, 125, 0, 0, 502]]}