{
"time_step": 1e-05,
"number_of_molecules": 500000,
"diff_coef": 50,
"sim_time": 3.33333,
"absorbers": [
[8.92324,-9.43515,0.594756,3],
[-0.334349,-4.72219,12.1074,6],
[11.1212,6.17795,-2.67449,4]
],
"reflectors": [
],
"reflector_prisms": [
[-7.81046,-0.926076,8.29622,-1.81046,5.07392,13.2962]
],
"absorber_prisms": [
[-2.34442,8.07022,16.6894,1.65558,11.0702,20.6894]
]
}