{
"time_step": 1e-05,
"number_of_molecules": 500000,
"diff_coef": 100,
"sim_time": 1.35,
"absorbers": [
[4.41686,5.11096,4.28596,3],
[7.51471,-8.98218,-2.61715,3]
],
"reflectors": [
[-0.609941,-8.0753,-3.92651,4]
],
"reflector_prisms": [
],
"absorber_prisms": [
[-5.4992,-14.3448,-19.8453,-0.499195,-10.3448,-14.8453]
]
}