{"time_step": 1e-05, "number_of_molecules": 500000, "diff_coef": 200, "sim_time": 0.833333, "absorbers": [[3.2077, -11.4245, 1.78637, 2]], "reflectors": [[4.12027, -4.09398, -3.90675, 2], [-11.5337, -2.57046, -5.4191, 5]], "reflector_prisms": [], "absorber_prisms": [[-14.1704, 6.26067, 15.0582, -8.17044, 10.2607, 19.0582], [8.06034, -17.9358, 0.165984, 12.0603, -12.9358, 3.16598], [2.36499, -8.84838, 0.305761, 8.36499, -4.84838, 4.30576]], "line_of_sight": [[216, 0, 0, 216, 0, 497]]}