{
"time_step": 1e-05,
"number_of_molecules": 500000,
"diff_coef": 250,
"sim_time": 0.426667,
"absorbers": [
[7.96579,-7.43255,-5.03026,4]
],
"reflectors": [
],
"reflector_prisms": [
[-16.3998,-6.96496,6.6883,-11.3998,-1.96496,8.6883],
[-1.26454,16.5073,-14.2092,4.73546,18.5073,-12.2092],
[-6.56025,-3.12561,-20.542,-0.560252,-1.12561,-16.542],
[-6.57991,-6.41109,5.28877,-0.579914,-0.411092,7.28877]
],
"absorber_prisms": [
]
}