{"time_step": 1e-05, "number_of_molecules": 500000, "diff_coef": 200, "sim_time": 0.3, "absorbers": [[-6.08329, 3.99344, -3.32354, 2]], "reflectors": [], "reflector_prisms": [[12.8472, 13.3815, -6.37728, 18.8472, 16.3815, -0.377282], [6.33929, -4.25996, 10.5966, 10.3393, 1.74004, 16.5966], [-19.9509, -0.916012, -1.32751, -14.9509, 2.08399, 3.67249]], "absorber_prisms": [[-2.10394, 9.98117, -6.43774, 0.896065, 12.9812, -0.437737], [-17.0148, -5.95568, -6.19865, -12.0148, -0.955684, -2.19865]], "line_of_sight": [[0, 0, 0, 0, 0, 498]]}