{
"time_step": 1e-05,
"number_of_molecules": 500000,
"diff_coef": 250,
"sim_time": 2.16,
"absorbers": [
[4.21901,-5.56636,-9.75785,4],
[13.5045,0.266948,-3.68192,5],
[8.19632,8.82679,-4.88958,3],
[-5.6669,3.13729,-8.89065,3],
[-17.7302,1.41084,-9.14597,2],
[0.821909,-5.1759,4.64053,2],
[-9.29041,2.1246,3.02892,5],
[3.8195,10.2112,1.46352,2]
],
"reflectors": [
[0.120158,3.31324,-7.28066,3],
[8.74274,10.2189,10.3989,3],
[3.89891,-10.1729,1.51978,4],
[-1.14613,1.04446,18.9366,4]
],
"reflector_prisms": [
],
"absorber_prisms": [
]
}