{
"time_step": 1e-05,
"number_of_molecules": 500000,
"diff_coef": 100,
"sim_time": 4.26667,
"absorbers": [
[11.9724,-8.96371,14.7416,5],
[-5.19648,-6.97091,19.1155,6]
],
"reflectors": [
],
"reflector_prisms": [
[3.39412,6.35074,-11.178,5.39412,9.35074,-6.178],
[5.10688,4.564,2.62896,10.1069,6.564,6.62896],
[-8.08721,5.56218,12.559,-3.08721,9.56218,14.559]
],
"absorber_prisms": [
[5.68608,-2.28696,-9.02088,7.68608,2.71304,-3.02088]
]
}