{
"time_step": 1e-05,
"number_of_molecules": 500000,
"diff_coef": 200,
"sim_time": 3.00833,
"absorbers": [
[1.38723,-7.70024,15.0924,4],
[21.1591,-10.2866,8.45443,6],
[-5.09033,-12.0646,-7.31666,6]
],
"reflectors": [
],
"reflector_prisms": [
],
"absorber_prisms": [
]
}