{"time_step": 1e-05, "number_of_molecules": 500000, "diff_coef": 50, "sim_time": 3.33333, "absorbers": [[9.30281, -1.25733, 5.73384, 3], [2.74062, 10.165, -9.22829, 5], [-3.33142, 2.87166, -15.3836, 6]], "reflectors": [], "reflector_prisms": [], "absorber_prisms": [[-4.62399, 18.1146, 6.28973, 0.376007, 22.1146, 8.28973]], "line_of_sight": [[0, 0, 0, 0, 0, 500], [0, 0, 0, 0, 0, 499], [0, 0, 0, 0, 0, 500]]}