{
"time_step": 1e-05,
"number_of_molecules": 500000,
"diff_coef": 300,
"sim_time": 0.2,
"absorbers": [
[3.41238,2.39777,-10.1787,5]
],
"reflectors": [
[-8.21437,-1.24638,3.45987,4],
[-10.617,-0.247629,11.9673,3],
[-0.100229,-0.107785,10.999,2],
[7.3061,-14.8461,7.08614,3]
],
"reflector_prisms": [
],
"absorber_prisms": [
[-18.2911,-14.8886,5.09242,-13.2911,-8.88863,9.09242]
]
}