{
"time_step": 1e-05,
"number_of_molecules": 500000,
"diff_coef": 300,
"sim_time": 1.8,
"absorbers": [
[-6.54897,-5.69816,-2.37528,4],
[-2.07137,2.84142,-22.7296,5],
[-4.11937,11.6643,-8.48377,5],
[-3.99306,-1.55819,17.4822,3],
[0.763821,-2.99306,-12.6277,6],
[0.406355,-7.12248,3.6201,2],
[9.78464,-8.59772,7.43909,5],
[17.6476,1.59719,-3.16419,2]
],
"reflectors": [
[-7.8263,-9.97638,5.93472,3],
[-21.8653,-1.77849,1.65746,3],
[2.36811,-2.20603,16.6891,3],
[-9.04692,8.56795,-3.70722,2],
[-16.7659,-4.36417,7.80112,3],
[8.38243,-16.9391,13.1073,4],
[0.724226,6.14162,-14.7566,3]
],
"reflector_prisms": [
],
"absorber_prisms": [
]
}