{
"time_step": 1e-05,
"number_of_molecules": 500000,
"diff_coef": 100,
"sim_time": 2.81667,
"absorbers": [
[-4.35835,0.567555,-16.422,4],
[-4.5284,1.61373,-8.76867,3]
],
"reflectors": [
[-4.67587,-13.4883,-7.22512,5]
],
"reflector_prisms": [
[1.75422,-3.6339,-10.1234,5.75422,0.366101,-8.12339]
],
"absorber_prisms": [
]
}