{"time_step": 1e-05, "number_of_molecules": 500000, "diff_coef": 300, "sim_time": 0.938889, "absorbers": [[8.71709, 6.92907, -8.4853, 4], [9.56129, -4.26715, -15.8548, 6], [5.80279, -0.400221, 8.13434, 5]], "reflectors": [[19.2545, 8.16633, -1.8912, 5]], "reflector_prisms": [], "absorber_prisms": [], "line_of_sight": [[0, 0, 0, 0, 0, 500], [0, 0, 0, 0, 0, 500], [0, 0, 0, 0, 0, 498]]}