{
"time_step": 1e-05,
"number_of_molecules": 500000,
"diff_coef": 150,
"sim_time": 1.34444,
"absorbers": [
[-4.36663,11.9324,-2.74784,6],
[6.96832,-13.7949,-4.14036,5]
],
"reflectors": [
[0.763314,0.04082,8.96748,2]
],
"reflector_prisms": [
],
"absorber_prisms": [
[-11.7068,6.03159,-2.07806,-7.70683,8.03159,0.921938],
[-13.7001,8.60746,-14.7745,-10.7001,12.6075,-8.77452]
]
}