{
"time_step": 1e-05,
"number_of_molecules": 500000,
"diff_coef": 250,
"sim_time": 0.24,
"absorbers": [
[4.47736,7.98854,-6.09397,5],
[5.66851,6.70382,4.7882,4]
],
"reflectors": [
[12.8812,-3.86931,10.3973,2]
],
"reflector_prisms": [
],
"absorber_prisms": [
[-14.1115,-7.8348,-0.381796,-11.1115,-5.8348,4.6182],
[-5.74299,-5.40951,-9.44078,-1.74299,-1.40951,-5.44078],
[-15.0771,-3.74984,-4.33156,-12.0771,2.25016,-2.33156]
]
}