{
"time_step": 1e-05,
"number_of_molecules": 500000,
"diff_coef": 150,
"sim_time": 2.84444,
"absorbers": [
[-3.15342,11.5292,-1.06499,5],
[1.31198,-1.41777,-20.911,5]
],
"reflectors": [
],
"reflector_prisms": [
],
"absorber_prisms": [
[-13.3939,-12.9569,-0.460008,-9.39394,-7.95689,2.53999],
[-5.0088,-11.9058,-4.73773,0.991196,-6.90583,-0.737727],
[-4.97079,-5.46597,5.0183,-2.97079,-1.46597,7.0183],
[7.01687,-14.6651,-10.8588,13.0169,-8.66512,-7.8588]
]
}