{"time_step": 1e-05, "number_of_molecules": 500000, "diff_coef": 50, "sim_time": 9.63333, "absorbers": [[0.253067, -9.34593, 17.6802, 5], [-19.3037, -5.22487, 0.25989, 6], [-12.6768, 1.81516, -19.105, 6], [9.52762, -2.59478, -6.81847, 6]], "reflectors": [[-2.35478, 0.135974, -10.7441, 5], [-12.4755, 6.1668, 1.52717, 7], [-6.04753, -8.92126, -7.26901, 4]], "reflector_prisms": [], "absorber_prisms": [], "line_of_sight": [[181, 0, 181, 0, 0, 498], [120, 55, 84, 0, 0, 501], [291, 0, 291, 0, 0, 503], [203, 32, 181, 0, 0, 504]]}