{"time_step": 1e-05, "number_of_molecules": 500000, "diff_coef": 350, "sim_time": 1.71905, "absorbers": [[0.93533, 0.399499, 10.9529, 5], [-0.911642, 18.8465, -6.63173, 5], [5.23669, -8.6148, -6.50864, 4], [-21.2239, -8.5888, 7.19579, 5], [-10.0623, 7.67774, 2.96694, 5]], "reflectors": [[0.575063, -1.55825, -21.9372, 6]], "reflector_prisms": [], "absorber_prisms": [], "line_of_sight": [[36, 0, 36, 0, 0, 500], [0, 0, 0, 0, 0, 502], [149, 149, 0, 0, 0, 504], [0, 0, 0, 0, 0, 499], [122, 122, 0, 0, 0, 500]]}