{"time_step": 1e-05, "number_of_molecules": 500000, "diff_coef": 250, "sim_time": 2.16, "absorbers": [[-1.85381, 4.58867, 12.0211, 2], [-0.816479, -0.15113, 19.9828, 6], [-3.93523, -3.65368, -7.22251, 2], [-12.1773, -6.3914, 5.98868, 4], [-0.946405, -2.11439, -14.82, 6], [-9.5448, -6.86845, -7.59745, 3], [-15.1648, 12.161, 4.70513, 2], [11.9897, -5.28097, 4.93533, 6]], "reflectors": [[9.56549, -4.92558, 16.8594, 4], [-20.3315, 1.45226, -5.05193, 5], [0.680079, -14.9717, 0.621074, 6], [-9.87662, -0.985942, 4.74134, 2], [5.82221, 5.31775, -7.66964, 4], [5.97665, 20.0099, 13.7434, 6]], "reflector_prisms": [], "absorber_prisms": [], "line_of_sight": [[401, 516, 0, 0, 0, 506], [368, 414, 0, 0, 0, 499], [201, 201, 0, 0, 0, 498], [244, 0, 244, 0, 0, 498], [290, 280, 12, 0, 0, 504], [69, 69, 0, 0, 0, 501], [0, 0, 0, 0, 0, 502], [101, 0, 101, 0, 0, 497]]}