{
"time_step": 1e-05,
"number_of_molecules": 500000,
"diff_coef": 350,
"sim_time": 0.685714,
"absorbers": [
[-5.41187,7.47926,-14.2749,5]
],
"reflectors": [
[-7.33989,-2.95434,9.02208,6]
],
"reflector_prisms": [
[2.10506,-3.65969,-17.6314,4.10506,0.34031,-15.6314],
[3.04273,5.05384,-4.60093,8.04273,11.0538,0.399074],
[12.5897,4.13784,-13.7868,16.5897,7.13784,-7.78676],
[2.0555,-5.69577,-11.9592,5.0555,-0.69577,-8.95923]
],
"absorber_prisms": [
]
}