{
"time_step": 1e-05,
"number_of_molecules": 500000,
"diff_coef": 300,
"sim_time": 0.8,
"absorbers": [
[0.417372,16.3012,7.62215,6]
],
"reflectors": [
[2.72833,-3.08171,13.3813,5],
[-1.63464,3.55669,13.4416,2]
],
"reflector_prisms": [
[-9.49762,-1.15368,-8.669,-6.49762,3.84632,-4.669]
],
"absorber_prisms": [
]
}