{"time_step": 1e-05, "number_of_molecules": 500000, "diff_coef": 150, "sim_time": 1.6, "absorbers": [[-1.90677, -1.18686, -15.8416, 4]], "reflectors": [], "reflector_prisms": [[8.89421, -16.5086, 6.71608, 11.8942, -11.5086, 10.7161], [2.20383, -9.80187, 8.35778, 8.20383, -6.80187, 14.3578], [10.0482, -8.73838, 13.6528, 12.0482, -2.73838, 17.6528], [5.0149, 6.251, 6.04624, 7.0149, 10.251, 10.0462], [-4.36469, -13.7428, -1.50267, -0.364693, -7.74282, 1.49733]], "absorber_prisms": [], "line_of_sight": [[0, 0, 0, 0, 0, 498]]}