{"time_step": 1e-05, "number_of_molecules": 500000, "diff_coef": 50, "sim_time": 12.0333, "absorbers": [[23.3759, 2.38777, -8.53608, 6], [5.71098, 10.4386, -1.55554, 2], [2.08065, 11.1696, 6.31747, 6], [-7.15808, -12.8969, -2.72622, 2], [11.7696, 7.37459, -1.75813, 2], [12.1587, -3.24008, -18.0463, 6], [-9.87209, -15.0431, 0.496588, 2]], "reflectors": [[-7.71054, -0.814, -4.57001, 3], [-4.06868, -6.93249, 16.1055, 2], [-5.62284, -7.46301, -14.2017, 4], [3.60652, 4.21411, -8.32072, 2], [2.67658, -11.226, 9.58191, 4], [1.90393, -3.56132, 13.4049, 4]], "reflector_prisms": [], "absorber_prisms": [], "line_of_sight": [[0, 0, 0, 0, 0, 501], [129, 129, 0, 0, 0, 500], [102, 43, 59, 0, 0, 499], [331, 331, 0, 0, 0, 502], [0, 0, 0, 0, 0, 498], [0, 0, 0, 0, 0, 501], [325, 325, 0, 0, 0, 499]]}