{
"time_step": 1e-05,
"number_of_molecules": 500000,
"diff_coef": 200,
"sim_time": 3.00833,
"absorbers": [
[-3.7449,-0.997388,-8.12286,2],
[5.76395,6.49172,-4.96332,2],
[-2.54895,-9.01199,11.7169,6],
[-1.92617,4.07275,-15.3526,5],
[0.14704,-0.729756,20.9868,4],
[-5.55114,4.51341,-5.46022,3],
[-16.7491,-6.5164,14.3528,4],
[-7.6376,-3.70575,-2.98906,3]
],
"reflectors": [
[2.30727,6.41134,11.0712,5],
[8.21591,11.9869,-3.71657,3],
[-3.5564,8.96225,21.9779,5],
[-7.88501,1.45166,5.97656,5],
[8.08827,2.64442,2.93035,2]
],
"reflector_prisms": [
],
"absorber_prisms": [
]
}