{"time_step": 1e-05, "number_of_molecules": 500000, "diff_coef": 200, "sim_time": 0.3, "absorbers": [[-0.0814398, -1.17015, -8.92324, 3]], "reflectors": [[-9.68272, 3.3357, 4.01472, 2], [-17.3843, -3.94438, -6.5749, 3], [4.25391, 6.59185, 1.5658, 3], [8.89716, 13.6708, 13.2268, 4], [-0.549748, 14.9444, -11.7202, 3]], "reflector_prisms": [], "absorber_prisms": [], "line_of_sight": [[0, 0, 0, 0, 0, 499]]}