{
"time_step": 1e-05,
"number_of_molecules": 500000,
"diff_coef": 250,
"sim_time": 2.16,
"absorbers": [
[-1.3857,-1.44495,-12.8449,7],
[8.3001,10.0026,0.236237,4],
[-0.0422758,0.827664,13.9754,6],
[-12.3404,-17.8842,3.44511,4],
[5.77386,-17.7412,3.59322,6],
[-8.50424,-8.58631,17.1742,6]
],
"reflectors": [
],
"reflector_prisms": [
],
"absorber_prisms": [
]
}