{
"time_step": 1e-05,
"number_of_molecules": 500000,
"diff_coef": 200,
"sim_time": 1.40833,
"absorbers": [
[16.9163,-0.76077,-1.50299,4]
],
"reflectors": [
[-0.961872,10.2125,6.22727,6]
],
"reflector_prisms": [
],
"absorber_prisms": [
[-1.85751,-9.92459,-12.88,3.14249,-6.92459,-6.87995],
[-2.18266,-3.18329,10.8673,0.817344,-0.183286,13.8673],
[-0.974694,-10.2497,4.38776,1.02531,-4.24969,9.38776]
]
}