{"time_step": 1e-05, "number_of_molecules": 500000, "diff_coef": 350, "sim_time": 0.385714, "absorbers": [[-3.85841, -8.31012, -7.74949, 3]], "reflectors": [[0.635858, -2.49003, 21.8494, 4]], "reflector_prisms": [], "absorber_prisms": [[-13.7301, -9.45365, 13.2904, -7.73007, -3.45365, 15.2904], [6.16214, 1.07296, 17.2199, 12.1621, 4.07296, 20.2199], [-4.2137, -21.4019, -10.349, -1.2137, -15.4019, -4.34897], [7.83204, -4.40919, 10.1352, 12.832, 1.59081, 14.1352]], "line_of_sight": [[0, 0, 0, 0, 0, 499]]}