{
"time_step": 1e-05,
"number_of_molecules": 500000,
"diff_coef": 150,
"sim_time": 1.6,
"absorbers": [
[-6.41898,3.98856,12.9572,3]
],
"reflectors": [
],
"reflector_prisms": [
[8.34589,-15.4162,-16.5722,10.3459,-9.41618,-14.5722],
[3.5072,-22.0427,3.50291,8.5072,-16.0427,9.50291],
[0.358253,-2.74655,-13.8389,3.35825,3.25345,-7.83894],
[-1.95027,0.598971,-19.7385,2.04973,5.59897,-16.7385]
],
"absorber_prisms": [
[-22.4999,4.05525,-6.55859,-17.4999,8.05525,-3.55859]
]
}