{"time_step": 1e-05, "number_of_molecules": 500000, "diff_coef": 150, "sim_time": 3.6, "absorbers": [[16.8267, -6.34853, 17.3654, 7], [-4.43315, 4.70674, -18.926, 6], [6.62318, -8.13793, -14.6256, 7]], "reflectors": [[-2.36064, -7.45011, 6.23885, 4], [-0.338754, 0.265165, 16.9946, 5]], "reflector_prisms": [], "absorber_prisms": [], "line_of_sight": [[55, 55, 0, 0, 0, 501], [203, 51, 152, 0, 0, 500], [60, 0, 60, 0, 0, 503]]}