{"time_step": 1e-05, "number_of_molecules": 500000, "diff_coef": 50, "sim_time": 10.8, "absorbers": [[-3.73251, -15.6438, -11.8886, 5], [0.680958, 8.80131, 1.75305, 4], [4.23272, 3.68181, 24.3624, 7], [-2.00109, -0.817215, 9.76359, 4], [14.1515, -5.16795, -17.3789, 7], [-5.44915, -10.4471, 7.56079, 5]], "reflectors": [], "reflector_prisms": [], "absorber_prisms": [], "line_of_sight": [[212, 212, 0, 0, 0, 501], [86, 86, 0, 0, 0, 500], [191, 191, 0, 0, 0, 502], [186, 186, 0, 0, 0, 500], [107, 107, 0, 0, 0, 497], [0, 0, 0, 0, 0, 501]]}