{"time_step": 1e-05, "number_of_molecules": 500000, "diff_coef": 350, "sim_time": 1.71905, "absorbers": [[-7.93259, 0.157164, -22.6506, 7], [7.7299, -1.62359, 9.03397, 6], [-2.53355, -12.5279, 21.4856, 6], [12.4508, -16.0717, 8.40707, 5], [-9.68255, 5.52515, -4.44082, 6]], "reflectors": [], "reflector_prisms": [], "absorber_prisms": [], "line_of_sight": [[305, 305, 0, 0, 0, 500], [285, 298, 0, 0, 0, 502], [0, 0, 0, 0, 0, 499], [390, 435, 0, 0, 0, 504], [254, 255, 0, 0, 0, 500]]}