{
"time_step": 1e-05,
"number_of_molecules": 500000,
"diff_coef": 300,
"sim_time": 2.00556,
"absorbers": [
[-8.05626,6.15993,-4.2605,3],
[-17.5879,-0.770072,11.4487,2],
[6.21176,-4.7362,-1.72695,3]
],
"reflectors": [
[-1.66375,19.6115,13.7339,6],
[2.77663,6.29586,-16.6329,3],
[-14.8024,-5.03817,3.39181,3],
[10.2892,-3.28572,2.08244,2]
],
"reflector_prisms": [
],
"absorber_prisms": [
]
}