{
"time_step": 1e-05,
"number_of_molecules": 500000,
"diff_coef": 200,
"sim_time": 3.00833,
"absorbers": [
[5.13653,3.19755,-14.8119,4],
[7.58504,11.132,-3.81388,2],
[-2.15234,18.9973,10.8843,3]
],
"reflectors": [
],
"reflector_prisms": [
],
"absorber_prisms": [
[-3.0557,-7.31923,-6.97517,2.9443,-3.31923,-4.97517]
]
}