{"time_step": 1e-05, "number_of_molecules": 500000, "diff_coef": 150, "sim_time": 0.9, "absorbers": [[13.0055, 0.232058, -5.17709, 5]], "reflectors": [], "reflector_prisms": [[-9.74993, 11.5516, -1.11903, -4.74993, 13.5516, 1.88097], [-1.51175, 8.44981, 2.93011, 4.48825, 10.4498, 7.93011], [-0.856513, 5.86769, 8.78552, 3.14349, 9.86769, 11.7855], [-0.849725, -9.8015, -0.229162, 3.15028, -4.8015, 2.77084]], "absorber_prisms": [[0.358414, 0.962442, -19.2343, 6.35841, 6.96244, -15.2343]], "line_of_sight": [[0, 0, 0, 0, 0, 499]]}