{"time_step": 1e-05, "number_of_molecules": 500000, "diff_coef": 400, "sim_time": 1.50417, "absorbers": [[4.92142, -15.5203, 9.79289, 2], [12.8032, -18.8486, -10.2862, 6], [3.99649, 1.74885, 12.2462, 3], [-9.94847, -8.99072, -10.4496, 4], [-4.17954, 2.03302, 6.5114, 3], [-3.75807, -14.306, -11.9254, 4], [-4.54842, 15.8106, -18.8239, 6], [-1.17267, 2.09482, 19.8554, 6]], "reflectors": [[9.26519, -3.15829, 13.899, 4], [11.8833, 0.108249, -1.66611, 2]], "reflector_prisms": [], "absorber_prisms": [], "line_of_sight": [[77, 77, 0, 0, 0, 498], [0, 0, 0, 0, 0, 499], [196, 147, 49, 0, 0, 500], [0, 0, 0, 0, 0, 500], [86, 86, 0, 0, 0, 499], [0, 0, 0, 0, 0, 497], [29, 29, 0, 0, 0, 501], [215, 215, 0, 0, 0, 497]]}