{"time_step": 1e-05, "number_of_molecules": 500000, "diff_coef": 400, "sim_time": 1.50417, "absorbers": [[-6.33958, -17.9328, 8.90081, 2]], "reflectors": [[-0.278273, -0.113624, 8.99498, 3]], "reflector_prisms": [[-18.2787, 6.17309, 1.01935, -13.2787, 9.17309, 7.01935], [-0.718577, 11.3989, 7.85998, 4.28142, 17.3989, 9.85998], [-14.4725, -4.10843, 1.07436, -11.4725, -2.10843, 3.07436]], "absorber_prisms": [[4.12613, 1.52752, -15.7817, 8.12613, 6.52752, -13.7817]], "line_of_sight": [[0, 0, 0, 0, 0, 500]]}