{"time_step": 1e-05, "number_of_molecules": 500000, "diff_coef": 200, "sim_time": 0.675, "absorbers": [[8.57177, -1.83111, -4.81371, 3], [-12.8293, 1.11991, -1.77617, 4]], "reflectors": [[10.6405, 11.1769, 12.7223, 4]], "reflector_prisms": [[-2.44972, -9.10446, 5.42902, 3.55028, -6.10446, 10.429]], "absorber_prisms": [], "line_of_sight": [[0, 0, 0, 0, 0, 500], [0, 0, 0, 0, 0, 500]]}