{"time_step": 1e-05, "number_of_molecules": 500000, "diff_coef": 250, "sim_time": 1.92667, "absorbers": [[9.77795, -0.174942, 6.95422, 4], [-19.7029, 3.94101, -8.95892, 5]], "reflectors": [[1.24602, -0.840627, -8.8736, 2]], "reflector_prisms": [[4.72024, 2.03228, -17.3882, 6.72024, 6.03228, -11.3882]], "absorber_prisms": [], "line_of_sight": [[131, 131, 0, 0, 0, 501], [283, 283, 0, 0, 0, 500]]}