{
"time_step": 1e-05,
"number_of_molecules": 500000,
"diff_coef": 150,
"sim_time": 3.21111,
"absorbers": [
[-14.0582,-7.76829,17.8331,7],
[10.6621,-8.53815,3.06911,6],
[-3.64468,-5.19659,-6.38058,4],
[-6.32219,5.25107,8.74392,7]
],
"reflectors": [
[8.86815,-0.472795,10.8228,4],
[-20.695,-1.06232,-3.40416,6],
[2.59123,13.3757,-18.5304,4],
[-14.2555,3.24601,-16.4391,4]
],
"reflector_prisms": [
],
"absorber_prisms": [
]
}