{"time_step": 1e-05, "number_of_molecules": 500000, "diff_coef": 350, "sim_time": 1.71905, "absorbers": [[13.9197, 9.71039, -16.9691, 5], [19.9465, -5.4977, -12.1619, 7], [-10.624, 7.49608, -10.9517, 6], [2.80249, -2.23561, 12.4959, 4], [-16.4845, -12.8623, -9.58253, 4], [-3.43273, -16.1373, 4.09927, 7]], "reflectors": [[-2.59969, 13.341, 6.34511, 7], [-0.0397015, 19.5829, -4.06322, 5], [2.62938, 3.66919, -15.35, 5], [-9.84291, -12.4584, -17.9974, 6]], "reflector_prisms": [], "absorber_prisms": [], "line_of_sight": [[10, 0, 10, 0, 0, 498], [0, 0, 0, 0, 0, 501], [57, 57, 0, 0, 0, 501], [215, 66, 149, 0, 0, 501], [0, 0, 0, 0, 0, 500], [166, 0, 184, 0, 0, 499]]}