{
"time_step": 1e-05,
"number_of_molecules": 500000,
"diff_coef": 300,
"sim_time": 2.00556,
"absorbers": [
[3.89735,-10.3325,6.85924,6],
[-20.1598,-12.9913,0.898584,5],
[-16.2788,13.6223,5.78211,5],
[-6.3613,2.58632,9.84097,5],
[18.9018,-5.88956,-15.2655,7],
[2.31643,-20.5767,-3.49766,6]
],
"reflectors": [
[-8.2123,1.0727,-11.2875,4],
[-9.4477,-7.51328,4.82615,4],
[21.921,-1.53081,-1.06093,5],
[0.121625,-13.6078,-19.769,5]
],
"reflector_prisms": [
],
"absorber_prisms": [
]
}