{
"time_step": 1e-05,
"number_of_molecules": 500000,
"diff_coef": 400,
"sim_time": 1.20417,
"absorbers": [
[5.85641,-2.18422,-9.05161,4],
[0.302009,0.906724,-19.9772,6],
[-10.5824,6.61919,16.8878,4],
[-0.947032,13.0318,15.1419,4],
[5.7692,2.40947,12.5264,7]
],
"reflectors": [
[13.1232,11.4323,-13.4568,6]
],
"reflector_prisms": [
],
"absorber_prisms": [
]
}