{
"time_step": 1e-05,
"number_of_molecules": 500000,
"diff_coef": 250,
"sim_time": 1.5,
"absorbers": [
[0.0551922,-1.93934,20.9102,6],
[-3.18179,9.39365,-9.88107,4],
[3.90697,12.9632,8.52597,5],
[-3.22302,-4.36668,-17.1623,7]
],
"reflectors": [
[5.16014,-15.154,-13.5915,5],
[-0.824545,-0.174913,10.9677,4]
],
"reflector_prisms": [
],
"absorber_prisms": [
]
}