{
"time_step": 1e-05,
"number_of_molecules": 500000,
"diff_coef": 300,
"sim_time": 1.8,
"absorbers": [
[-7.61945,2.10352,-19.4556,3]
],
"reflectors": [
],
"reflector_prisms": [
],
"absorber_prisms": [
[-2.45531,-3.04089,-8.67141,-0.455311,-0.0408928,-4.67141],
[-11.083,-6.80587,2.24747,-6.08303,-1.80587,6.24747],
[-0.144898,-0.864618,-9.88643,5.8551,3.13538,-4.88643]
]
}