{
"time_step": 1e-05,
"number_of_molecules": 500000,
"diff_coef": 150,
"sim_time": 3.6,
"absorbers": [
[-0.567556,6.85448,21.9475,5],
[10.6539,1.81313,18.0058,5]
],
"reflectors": [
[14.5861,-3.28117,-1.21676,5]
],
"reflector_prisms": [
[-1.97893,-3.19807,8.45998,3.02107,1.80193,10.46]
],
"absorber_prisms": [
[-1.13034,-10.7692,-6.04113,0.869662,-4.76925,-3.04113]
]
}