{"time_step": 1e-05, "number_of_molecules": 500000, "diff_coef": 100, "sim_time": 5.4, "absorbers": [[-1.35186, 0.637614, 11.9065, 4], [-2.56841, 3.17897, -23.6495, 6], [-4.25901, 15.2849, -8.49896, 5], [-7.62273, 6.7, 18.3849, 3], [1.28542, 0.959186, -10.8824, 4], [-5.05069, -8.0834, 7.29035, 5], [1.08632, -8.44984, -2.90174, 2]], "reflectors": [[-17.4595, -5.08588, -12.3815, 3], [8.55028, -7.34138, 6.4805, 5], [-11.7681, 0.768526, -5.47009, 4]], "reflector_prisms": [], "absorber_prisms": [], "line_of_sight": [[365, 504, 0, 0, 0, 502], [332, 568, 0, 0, 0, 501], [128, 4, 124, 0, 0, 497], [160, 200, 0, 0, 0, 502], [351, 417, 0, 0, 0, 501], [16, 16, 0, 0, 0, 501], [0, 0, 0, 0, 0, 501]]}