{
"time_step": 1e-05,
"number_of_molecules": 500000,
"diff_coef": 250,
"sim_time": 1.70667,
"absorbers": [
[-3.00811,-4.66966,-19.2132,4],
[-0.289959,-6.8468,-4.12762,3]
],
"reflectors": [
],
"reflector_prisms": [
[-10.551,4.07244,-17.3615,-4.55097,6.07244,-11.3615],
[-9.35566,-5.41271,-5.31374,-4.35566,-1.41271,0.68626]
],
"absorber_prisms": [
[-9.70207,17.1881,-3.71224,-6.70207,22.1881,-1.71224],
[-8.16724,8.0373,-13.799,-2.16724,13.0373,-10.799]
]
}