{"time_step": 1e-05, "number_of_molecules": 500000, "diff_coef": 400, "sim_time": 1.06667, "absorbers": [[-16.5411, -2.03913, 6.79952, 2]], "reflectors": [], "reflector_prisms": [[4.76393, -0.878335, -11.809, 6.76393, 5.12167, -8.80901]], "absorber_prisms": [[0.406006, -3.57163, -10.8, 3.40601, 2.42837, -8.80002], [-0.994887, -4.95012, -22.0804, 4.00511, -2.95012, -20.0804]], "line_of_sight": [[0, 0, 0, 0, 0, 502]]}