{
"time_step": 1e-05,
"number_of_molecules": 500000,
"diff_coef": 250,
"sim_time": 0.54,
"absorbers": [
[-4.78502,-3.80807,11.4718,4]
],
"reflectors": [
],
"reflector_prisms": [
[-11.4301,3.98421,9.07777,-5.43006,8.98421,12.0778],
[3.2629,-3.19247,6.89117,6.2629,1.80753,12.8912],
[-13.2588,-7.45925,-7.00081,-10.2588,-5.45925,-4.00081],
[3.68491,-0.982057,16.4133,5.68491,1.01794,20.4133],
[-0.405726,-5.39214,17.5151,1.59427,-3.39214,22.5151]
],
"absorber_prisms": [
]
}