{"time_step": 1e-05, "number_of_molecules": 500000, "diff_coef": 400, "sim_time": 1.50417, "absorbers": [[-4.05, -18.4125, 2.36143, 7], [16.493, -3.66956, -1.87522, 5], [-17.0418, 12.9248, -5.15039, 6], [-4.61178, 14.7609, 19.643, 6], [-6.25073, 17.9056, -11.1497, 5], [-21.0165, -6.70001, 11.7651, 6]], "reflectors": [[-6.4871, 1.68183, -15.6233, 4]], "reflector_prisms": [], "absorber_prisms": [], "line_of_sight": [[0, 0, 0, 0, 0, 499], [25, 25, 0, 0, 0, 500], [27, 27, 0, 0, 0, 501], [0, 0, 0, 0, 0, 499], [0, 0, 0, 0, 0, 500], [0, 0, 0, 0, 0, 501]]}