{
"time_step": 1e-05,
"number_of_molecules": 500000,
"diff_coef": 200,
"sim_time": 0.675,
"absorbers": [
[2.91257,-7.27479,-10.3728,4]
],
"reflectors": [
],
"reflector_prisms": [
],
"absorber_prisms": [
[-5.69441,-0.154279,6.26111,-0.694406,2.84572,9.26111],
[-15.3431,-0.821157,-6.90617,-9.3431,3.17884,-0.90617],
[-10.7958,0.866991,9.76972,-4.79575,4.86699,12.7697],
[-0.481492,5.70792,2.85194,5.51851,9.70792,8.85194]
]
}