{
"time_step": 1e-05,
"number_of_molecules": 500000,
"diff_coef": 300,
"sim_time": 0.272222,
"absorbers": [
[3.38932,-7.05912,-4.43637,4],
[-2.26708,2.19142,-8.42959,2]
],
"reflectors": [
],
"reflector_prisms": [
[-18.4192,3.03311,-11.9613,-16.4192,5.03311,-5.96125],
[8.70402,-2.56572,1.4249,14.704,0.434279,3.4249],
[12.1857,-2.74706,-12.3403,14.1857,0.252936,-7.34028],
[-5.61606,-15.5617,-11.6882,0.383938,-12.5617,-6.68825]
],
"absorber_prisms": [
]
}