{
"time_step": 1e-05,
"number_of_molecules": 500000,
"diff_coef": 400,
"sim_time": 1.20417,
"absorbers": [
[3.04555,20.7988,9.33457,6]
],
"reflectors": [
[8.63417,-10.2474,14.8473,2]
],
"reflector_prisms": [
[-12.1565,-5.27586,-5.00411,-7.15651,-1.27586,-0.00410694],
[2.20748,-0.589928,4.1658,7.20748,3.41007,7.1658]
],
"absorber_prisms": [
]
}