{
"time_step": 1e-05,
"number_of_molecules": 500000,
"diff_coef": 200,
"sim_time": 2.40833,
"absorbers": [
[3.62691,-17.7871,12.4284,5],
[-10.1066,1.55655,10.9743,2],
[-1.89034,-9.83696,11.1652,4]
],
"reflectors": [
[11.543,-0.170696,-3.27576,6]
],
"reflector_prisms": [
[-7.35526,3.56744,12.6318,-1.35526,6.56744,18.6318]
],
"absorber_prisms": [
]
}