{"time_step": 1e-05, "number_of_molecules": 500000, "diff_coef": 150, "sim_time": 4.01111, "absorbers": [[23.1001, -5.46183, -3.54282, 5], [9.71251, -10.082, 0.140497, 3]], "reflectors": [[-0.166866, 0.081426, 9.99828, 3]], "reflector_prisms": [], "absorber_prisms": [[3.49946, -8.29332, 0.265771, 6.49946, -4.29332, 5.26577]], "line_of_sight": [[0, 0, 0, 0, 0, 501], [228, 0, 0, 228, 0, 501]]}