{"time_step": 1e-05, "number_of_molecules": 500000, "diff_coef": 250, "sim_time": 1.12667, "absorbers": [[-6.7625, 13.6929, -4.77207, 3]], "reflectors": [[0.164101, 6.96336, -12.1443, 4], [-8.90914, 3.06911, 18.7672, 4]], "reflector_prisms": [[-18.0477, -4.5781, -5.36247, -16.0477, 0.421901, -1.36247]], "absorber_prisms": [], "line_of_sight": [[0, 0, 0, 0, 0, 500]]}