{
"time_step": 1e-05,
"number_of_molecules": 500000,
"diff_coef": 300,
"sim_time": 1.8,
"absorbers": [
[-2.58604,-9.83951,-12.3489,7],
[-0.661412,13.7268,-17.1795,6],
[-9.42561,-13.0915,16.3942,7],
[-1.60947,3.87547,16.4739,5],
[-3.07139,5.57307,7.71411,4],
[5.52291,20.9771,7.64577,5]
],
"reflectors": [
[13.6841,12.1407,10.3126,5],
[8.26266,-13.642,1.27407,5],
[-12.3312,-5.10439,-6.84739,5],
[-12.0549,4.20458,2.44947,4],
[-7.82754,-4.67285,6.15582,6]
],
"reflector_prisms": [
],
"absorber_prisms": [
]
}