{"time_step": 1e-05, "number_of_molecules": 500000, "diff_coef": 150, "sim_time": 3.21111, "absorbers": [[-12.1665, -8.4131, -18.8996, 7], [4.6825, 5.06321, 8.5696, 5], [-4.31549, -1.85862, -7.67607, 4]], "reflectors": [[-4.9523, -9.73263, -1.32311, 4], [13.6252, -0.790279, 3.1193, 4]], "reflector_prisms": [], "absorber_prisms": [], "line_of_sight": [[499, 998, 0, 0, 0, 499], [252, 278, 24, 0, 0, 497], [247, 327, 0, 0, 0, 501]]}