{
"time_step": 1e-05,
"number_of_molecules": 500000,
"diff_coef": 50,
"sim_time": 8.53333,
"absorbers": [
[2.39992,7.09435,14.139,4],
[10.6495,15.6794,6.38315,4],
[2.30757,-6.00169,15.7371,5],
[0.938753,2.44537,-11.7106,7],
[-16.0464,-8.13096,0.633957,4]
],
"reflectors": [
[-5.72421,-12.3206,-6.35894,4],
[-6.12883,20.0728,0.721071,5],
[-19.4373,1.49953,13.9979,7],
[15.5349,-3.48997,-17.9579,7],
[14.8764,-19.7906,-3.46753,6]
],
"reflector_prisms": [
],
"absorber_prisms": [
]
}