{
"time_step": 1e-05,
"number_of_molecules": 500000,
"diff_coef": 100,
"sim_time": 4.26667,
"absorbers": [
[8.82253,1.63516,15.6041,2],
[7.27627,2.66554,-6.32067,3]
],
"reflectors": [
],
"reflector_prisms": [
[2.4214,-8.64439,9.00063,6.4214,-6.64439,14.0006],
[-1.96663,0.375112,-20.9119,2.03337,3.37511,-18.9119],
[-9.21575,6.29068,-18.34,-5.21575,11.2907,-13.34]
],
"absorber_prisms": [
]
}