{
"time_step": 1e-05,
"number_of_molecules": 500000,
"diff_coef": 100,
"sim_time": 6.01667,
"absorbers": [
[-12.0656,10.609,10.1425,5],
[12.8375,-9.16097,2.69733,3],
[18.4232,6.76824,7.46826,2],
[-3.18545,-9.41015,-8.38462,3],
[-3.82924,5.31912,4.58737,3],
[5.8772,-16.3264,-4.78611,2],
[4.0306,-0.507001,17.5356,2]
],
"reflectors": [
[-4.2444,12.1742,-5.45646,3],
[2.002,5.37391,-8.19226,2],
[2.80813,-11.1299,3.49853,6],
[10.0906,10.1251,4.54563,4],
[-6.89306,3.21422,-4.81192,4],
[-0.612725,-5.84604,22.2362,4],
[14.1519,-7.47739,-11.9922,5]
],
"reflector_prisms": [
],
"absorber_prisms": [
]
}