{
"time_step": 1e-05,
"number_of_molecules": 500000,
"diff_coef": 150,
"sim_time": 2.84444,
"absorbers": [
[-2.14959,-3.67859,18.5161,3]
],
"reflectors": [
[-6.18332,-17.1592,-10.4082,3],
[2.35207,-11.4107,2.87483,4],
[6.92927,-3.16638,-17.4057,3]
],
"reflector_prisms": [
],
"absorber_prisms": [
[-12.8784,-8.52799,6.54215,-10.8784,-5.52799,11.5422]
]
}