{
"time_step": 1e-05,
"number_of_molecules": 500000,
"diff_coef": 150,
"sim_time": 1.6,
"absorbers": [
[15.6031,3.32128,-1.22982,4]
],
"reflectors": [
],
"reflector_prisms": [
[5.59543,15.9526,-10.6266,10.5954,19.9526,-6.6266]
],
"absorber_prisms": [
[-17.2057,-11.1063,1.06769,-11.2057,-7.10626,3.06769],
[3.8012,10.6894,-3.12329,7.8012,15.6894,-0.123285],
[4.71491,-14.1857,-5.37044,10.7149,-8.18572,-1.37044]
]
}