{
"time_step": 1e-05,
"number_of_molecules": 500000,
"diff_coef": 50,
"sim_time": 6.53333,
"absorbers": [
[9.80587,11.7219,4.73726,2],
[0.553563,1.70033,10.8537,3]
],
"reflectors": [
[7.69544,1.10474,-15.1182,6],
[-3.79856,-0.85972,5.81651,2]
],
"reflector_prisms": [
],
"absorber_prisms": [
[-5.26598,9.7238,14.0109,-2.26598,13.7238,20.0109]
]
}