{"time_step": 1e-05, "number_of_molecules": 500000, "diff_coef": 250, "sim_time": 0.24, "absorbers": [[2.47718, 2.35122, 7.23432, 2]], "reflectors": [[-2.44559, 9.8904, -6.34027, 3]], "reflector_prisms": [[-2.91531, -9.99876, 9.58707, 2.08469, -5.99876, 14.5871], [-9.00881, -5.17303, -15.1798, -7.00881, 0.826972, -12.1798]], "absorber_prisms": [[-10.765, -11.6404, 0.973752, -8.76498, -8.64043, 5.97375]], "line_of_sight": [[0, 0, 0, 0, 0, 501]]}