{"time_step": 1e-05, "number_of_molecules": 500000, "diff_coef": 400, "sim_time": 1.50417, "absorbers": [[3.41419, 0.487303, -20.7149, 2], [6.73745, 1.13111, -5.85896, 2], [2.62179, -2.1086, 15.6423, 3], [-0.270418, 6.15679, -6.55902, 4], [-13.0109, -7.45802, 5.57619, 5], [-16.429, 3.39713, -10.888, 4], [9.25179, -7.47872, -1.57261, 3], [22.0843, 5.27117, 3.67386, 6]], "reflectors": [[-6.36572, 18.8676, 1.8681, 3], [7.33189, -6.68835, 9.87468, 2], [1.19025, 1.19394, 9.85687, 2], [-2.91862, -9.35184, 6.92998, 3], [4.24393, 15.2693, 13.7782, 2], [-8.79287, 5.42059, -6.10759, 3], [-8.2796, 16.4282, -4.7501, 4]], "reflector_prisms": [], "absorber_prisms": [], "line_of_sight": [[0, 0, 0, 0, 0, 499], [82, 82, 0, 0, 0, 503], [168, 30, 138, 0, 0, 503], [146, 10, 136, 0, 0, 501], [55, 55, 0, 0, 0, 504], [155, 0, 155, 0, 0, 499], [0, 0, 0, 0, 0, 500], [0, 0, 0, 0, 0, 497]]}