{
"time_step": 1e-05,
"number_of_molecules": 500000,
"diff_coef": 150,
"sim_time": 2.5,
"absorbers": [
[8.41541,15.426,3.90102,3]
],
"reflectors": [
[-5.31099,9.69402,-19.0216,3],
[-17.4477,4.29723,-1.05445,5]
],
"reflector_prisms": [
],
"absorber_prisms": [
[-8.45544,-6.09689,18.3609,-2.45544,-2.09689,21.3609],
[6.21081,-5.16158,8.7033,10.2108,-3.16158,13.7033],
[4.63229,-3.19586,-8.67793,6.63229,2.80414,-2.67793]
]
}