{
"time_step": 1e-05,
"number_of_molecules": 500000,
"diff_coef": 200,
"sim_time": 3.00833,
"absorbers": [
[-6.19447,-12.2107,2.92,7],
[-19.0071,6.20158,13.2767,5],
[7.34822,-13.2344,-14.5552,7],
[17.7664,-2.23936,6.35145,5]
],
"reflectors": [
],
"reflector_prisms": [
],
"absorber_prisms": [
]
}