{"time_step": 1e-05, "number_of_molecules": 500000, "diff_coef": 250, "sim_time": 0.426667, "absorbers": [[-6.32815, -7.01444, -3.27905, 2]], "reflectors": [], "reflector_prisms": [[-6.34682, 4.27404, -8.45141, -4.34682, 7.27404, -5.45141], [-11.5707, -2.60289, 1.71759, -5.57071, 3.39711, 3.71759]], "absorber_prisms": [[0.313226, 18.3446, -7.5271, 5.31323, 24.3446, -1.5271]], "line_of_sight": [[0, 0, 0, 0, 0, 497]]}