{"time_step": 1e-05, "number_of_molecules": 500000, "diff_coef": 100, "sim_time": 2.4, "absorbers": [[11.1003, -2.96971, 6.07975, 3], [4.8485, 8.94327, 14.8496, 6]], "reflectors": [[4.02584, -0.892712, 6.85534, 2], [2.92854, -9.51445, -18.4905, 5]], "reflector_prisms": [], "absorber_prisms": [[-8.56515, -14.5371, -9.27467, -4.56515, -12.5371, -4.27467]], "line_of_sight": [[0, 0, 0, 0, 0, 501], [89, 0, 89, 0, 0, 496]]}