{
"time_step": 1e-05,
"number_of_molecules": 500000,
"diff_coef": 100,
"sim_time": 0.6,
"absorbers": [
[2.03246,-0.451309,9.78087,4]
],
"reflectors": [
],
"reflector_prisms": [
[11.9344,7.55762,10.5152,15.9344,9.55762,12.5152],
[8.08697,12.7157,2.09974,14.087,14.7157,5.09974],
[-3.81026,-4.3373,7.44456,-0.810261,-0.3373,11.4446]
],
"absorber_prisms": [
[-13.4552,2.53438,13.0594,-10.4552,7.53438,16.0594],
[-12.2313,-0.135566,-4.56477,-6.2313,5.86443,-0.564768]
]
}