{
"time_step": 1e-05,
"number_of_molecules": 500000,
"diff_coef": 100,
"sim_time": 5.4,
"absorbers": [
[3.65185,1.19137,-12.4195,7],
[-12.4632,-0.18638,-18.1282,5],
[-4.55214,9.15723,-6.27878,4],
[0.727769,0.659835,9.95163,4],
[3.22482,-15.9935,-14.7583,7],
[-1.84465,-7.39971,-21.6989,5],
[-1.21121,-6.13069,17.9429,6]
],
"reflectors": [
],
"reflector_prisms": [
],
"absorber_prisms": [
]
}