{
"time_step": 1e-05,
"number_of_molecules": 500000,
"diff_coef": 200,
"sim_time": 2.40833,
"absorbers": [
[17.5942,-2.50838,-6.71947,2],
[9.47344,-0.316566,5.58154,4]
],
"reflectors": [
],
"reflector_prisms": [
[-3.67142,-10.3099,2.58821,2.32858,-8.30989,4.58821],
[-3.74513,0.355638,16.2358,1.25487,5.35564,20.2358],
[-4.4302,1.19416,-13.1918,-0.430197,6.19416,-10.1918],
[-5.35217,1.81696,3.58914,-1.35217,3.81696,8.58914]
],
"absorber_prisms": [
]
}