{"time_step": 1e-05, "number_of_molecules": 500000, "diff_coef": 200, "sim_time": 2.7, "absorbers": [[20.2747, 10.2467, 3.59762, 5], [-12.5472, -0.499054, 3.36416, 5], [6.91623, -9.22209, -7.94474, 4], [-11.6483, 9.77971, -18.5654, 7], [10.2519, -1.50704, 12.1913, 5]], "reflectors": [[-4.34352, 22.7601, 9.38677, 7], [-12.3083, 1.3514, 18.1846, 7]], "reflector_prisms": [], "absorber_prisms": [], "line_of_sight": [[25, 25, 0, 0, 0, 497], [12, 12, 0, 0, 0, 502], [87, 0, 87, 0, 0, 499], [166, 166, 0, 0, 0, 500], [149, 149, 0, 0, 0, 501]]}