{"time_step": 1e-05, "number_of_molecules": 500000, "diff_coef": 200, "sim_time": 2.7, "absorbers": [[-10.0184, -2.23633, -17.1648, 2]], "reflectors": [], "reflector_prisms": [[-23.1324, 6.36896, -2.83361, -17.1324, 11.369, 3.16639]], "absorber_prisms": [[-4.08978, -7.80604, -14.6926, 1.91022, -3.80604, -10.6926], [0.265586, -0.702132, 11.252, 2.26559, 5.29787, 16.252]], "line_of_sight": [[0, 0, 0, 0, 0, 500]]}