{
"time_step": 1e-05,
"number_of_molecules": 500000,
"diff_coef": 100,
"sim_time": 6.01667,
"absorbers": [
[6.11722,-12.6557,12.7833,5],
[3.94797,3.07778,10.906,5],
[1.74483,-3.50501,-15.5136,6],
[-4.47833,24.4171,-2.95831,7],
[-7.8258,14.323,17.5957,5]
],
"reflectors": [
[-1.24091,-17.9412,-0.756786,4],
[-7.4365,-11.3089,3.57869,4],
[-10.6889,-0.441788,-20.3605,7]
],
"reflector_prisms": [
],
"absorber_prisms": [
]
}