{"time_step": 1e-05, "number_of_molecules": 500000, "diff_coef": 200, "sim_time": 1.63333, "absorbers": [[14.0787, 4.55784, 6.08421, 2]], "reflectors": [], "reflector_prisms": [[-2.93107, 2.15115, 6.19898, 0.0689268, 5.15115, 12.199], [-1.27821, 5.51427, -10.5839, 1.72179, 7.51427, -4.58387], [12.448, -7.45598, -16.1825, 15.448, -2.45598, -12.1825]], "absorber_prisms": [[10.2503, -19.1795, -7.78052, 13.2503, -14.1795, -5.78052], [0.450237, 4.00192, -14.7141, 6.45024, 6.00192, -12.7141]], "line_of_sight": [[0, 0, 0, 0, 0, 498]]}