{
"time_step": 1e-05,
"number_of_molecules": 500000,
"diff_coef": 300,
"sim_time": 1.42222,
"absorbers": [
[-18.0239,1.93769,-8.44885,4]
],
"reflectors": [
[7.2504,-0.497814,11.9659,2]
],
"reflector_prisms": [
[-1.11857,-9.63198,7.76763,1.88143,-3.63198,9.76763],
[-12.4894,-17.5204,-2.25649,-7.48943,-13.5204,-0.256493],
[-7.04115,-5.50115,-19.6705,-5.04115,-1.50115,-15.6705],
[-3.34544,4.59833,14.4433,2.65456,9.59833,16.4433]
],
"absorber_prisms": [
]
}