{
"time_step": 1e-05,
"number_of_molecules": 500000,
"diff_coef": 50,
"sim_time": 4.03333,
"absorbers": [
[12.7254,9.83924,-5.50036,6],
[9.50555,-1.65803,-8.7118,6]
],
"reflectors": [
[2.89452,-5.89326,15.6809,3],
[11.6539,2.58065,7.31614,5]
],
"reflector_prisms": [
],
"absorber_prisms": [
[1.99381,-9.08986,-12.8788,4.99381,-7.08986,-8.87876]
]
}