{"time_step": 1e-05, "number_of_molecules": 500000, "diff_coef": 350, "sim_time": 0.685714, "absorbers": [[-6.61208, -6.72198, 14.1455, 5]], "reflectors": [[3.60032, 6.94079, -15.0951, 3], [-2.24774, -1.90416, 18.7702, 2], [13.7071, -5.5589, 2.49293, 6], [7.21472, -14.9614, 12.8493, 5]], "reflector_prisms": [], "absorber_prisms": [[-17.442, 3.91322, -14.2597, -11.442, 8.91322, -10.2597]], "line_of_sight": [[115, 0, 115, 0, 0, 499]]}