{"time_step": 1e-05, "number_of_molecules": 500000, "diff_coef": 150, "sim_time": 4.01111, "absorbers": [[-4.70751, 8.46449, -2.48831, 2], [-7.79835, 6.36396, 20.6806, 4]], "reflectors": [], "reflector_prisms": [[-1.11208, 0.947802, 6.08148, 4.88792, 2.9478, 11.0815]], "absorber_prisms": [[0.591379, -9.76888, -4.25472, 2.59138, -7.76888, 1.74528], [-9.62133, -8.01941, -17.5977, -4.62133, -2.01941, -11.5977], [16.008, -1.9823, -12.5332, 22.008, 0.0176951, -9.53324]], "line_of_sight": [[0, 0, 0, 0, 0, 498], [5, 0, 0, 0, 5, 501]]}