{"time_step": 1e-05, "number_of_molecules": 500000, "diff_coef": 350, "sim_time": 1.71905, "absorbers": [[-1.95655, -3.32342, -21.6593, 6], [8.29239, 11.8569, 6.83, 3], [-7.10628, -3.18843, 17.3302, 6], [-20.8719, 0.613631, 11.8317, 5], [11.1691, -21.2316, 0.687376, 5], [-3.97997, 3.62792, -8.42604, 5], [-18.1787, 5.85495, -8.7323, 3], [-3.38485, -14.3749, 2.62769, 4]], "reflectors": [[6.16712, 11.7947, -10.576, 6], [-8.1591, -3.09181, -9.6369, 3], [-7.45908, 3.20792, 5.83707, 5], [-10.3393, 3.59671, -16.7381, 4], [3.35077, -10.9028, 17.6324, 3], [-0.596398, -12.964, -10.9809, 6]], "reflector_prisms": [], "absorber_prisms": [], "line_of_sight": [[170, 170, 0, 0, 0, 499], [22, 0, 22, 0, 0, 503], [210, 49, 161, 0, 0, 502], [455, 0, 455, 0, 0, 502], [0, 0, 0, 0, 0, 503], [149, 87, 62, 0, 0, 501], [35, 35, 0, 0, 0, 500], [76, 0, 76, 0, 0, 502]]}