{
"time_step": 1e-05,
"number_of_molecules": 500000,
"diff_coef": 250,
"sim_time": 2.16,
"absorbers": [
[0.077148,2.41023,23.8785,6],
[0.336265,-7.94935,-0.833528,2]
],
"reflectors": [
],
"reflector_prisms": [
[-15.082,7.47632,13.3257,-9.08197,11.4763,15.3257],
[-12.1529,-2.20056,-10.0887,-8.1529,0.799437,-6.08874]
],
"absorber_prisms": [
[13.1721,7.98051,0.699482,17.1721,13.9805,5.69948]
]
}