{"time_step": 1e-05, "number_of_molecules": 500000, "diff_coef": 250, "sim_time": 1.5, "absorbers": [[-16.5116, -7.05319, -6.21453, 4], [-3.01814, -4.9526, -6.88204, 3], [0.499023, 9.06765, 6.20715, 4]], "reflectors": [], "reflector_prisms": [[-10.5248, 5.46398, -15.7137, -8.52483, 11.464, -9.71372], [-6.22365, -5.7566, -20.6807, -3.22365, -0.756601, -18.6807]], "absorber_prisms": [], "line_of_sight": [[0, 0, 0, 0, 0, 500], [150, 150, 0, 0, 0, 502], [134, 134, 0, 0, 0, 502]]}