{
"time_step": 1e-05,
"number_of_molecules": 500000,
"diff_coef": 50,
"sim_time": 10.8,
"absorbers": [
[-6.50681,4.25848,12.8268,6],
[-9.00169,5.10243,-3.73294,5],
[-0.134968,-0.229093,-10.9968,6],
[11.2194,11.4165,-13.5937,4],
[10.0301,16.9477,3.48871,7],
[-0.419482,-13.6087,17.2809,4],
[-12.3221,17.0045,0.108359,4]
],
"reflectors": [
[0.517746,-25.4268,5.40479,7]
],
"reflector_prisms": [
],
"absorber_prisms": [
]
}