{"time_step": 1e-05, "number_of_molecules": 500000, "diff_coef": 250, "sim_time": 0.96, "absorbers": [[-6.90067, -11.9577, -2.32272, 2], [8.37152, 6.7242, 5.3575, 5]], "reflectors": [[6.63015, -0.467501, 23.0613, 5]], "reflector_prisms": [[-3.2876, -9.34246, 6.19138, -1.2876, -3.34246, 11.1914], [-8.88223, 6.68091, 11.1152, -5.88223, 10.6809, 14.1152]], "absorber_prisms": [], "line_of_sight": [[184, 184, 0, 0, 0, 502], [44, 44, 0, 0, 0, 497]]}