{"time_step": 1e-05, "number_of_molecules": 500000, "diff_coef": 250, "sim_time": 1.92667, "absorbers": [[14.2559, 16.6818, -1.57764, 6], [-1.29618, 5.23509, -11.8285, 3], [-0.579647, -6.45087, -8.89102, 4], [0.995916, 0.0534622, 9.95014, 3], [1.08446, 6.92796, 15.4864, 2], [0.387981, 2.57734, -19.8294, 3], [-11.5156, -12.4584, 1.08635, 3]], "reflectors": [[5.02157, -9.62963, -1.74762, 4], [-5.76797, 9.14483, -2.02549, 6], [-11.2092, -6.09786, 11.2326, 4]], "reflector_prisms": [], "absorber_prisms": [], "line_of_sight": [[70, 70, 0, 0, 0, 499], [114, 169, 0, 0, 0, 501], [58, 58, 0, 0, 0, 502], [189, 216, 0, 0, 0, 500], [497, 517, 0, 0, 0, 497], [454, 540, 0, 0, 0, 503], [499, 499, 0, 0, 0, 499]]}