{"time_step": 1e-05, "number_of_molecules": 500000, "diff_coef": 350, "sim_time": 0.47619, "absorbers": [[0.666281, 12.6899, -2.74291, 3]], "reflectors": [[0.744164, -10.1068, -6.42648, 6]], "reflector_prisms": [], "absorber_prisms": [[12.7642, -12.0456, 7.23543, 15.7642, -10.0456, 12.2354], [-2.94335, 0.197529, 14.257, 2.05665, 5.19753, 16.257], [-4.00221, 10.5272, -12.6955, 0.997786, 13.5272, -9.69551]], "line_of_sight": [[0, 0, 0, 0, 0, 501]]}