{
"time_step": 1e-05,
"number_of_molecules": 500000,
"diff_coef": 50,
"sim_time": 10.8,
"absorbers": [
[-0.594926,0.624976,-22.9838,6],
[-23.6097,0.463636,4.28553,6]
],
"reflectors": [
[9.09747,-13.0396,-1.79044,4]
],
"reflector_prisms": [
],
"absorber_prisms": [
[-3.80159,-6.18809,14.7663,1.19841,-3.18809,16.7663],
[-11.6697,5.38738,-14.7568,-8.66968,11.3874,-9.75681],
[-3.41444,-7.82564,-3.9706,1.58556,-5.82564,-1.9706]
]
}