{"time_step": 1e-05, "number_of_molecules": 500000, "diff_coef": 400, "sim_time": 1.50417, "absorbers": [[13.0739, 9.1762, -0.93264, 5], [2.23133, -2.10167, -13.6603, 6], [-9.9763, 1.50482, -18.4176, 2], [7.46131, -2.00391, 14.0112, 4]], "reflectors": [], "reflector_prisms": [], "absorber_prisms": [[1.76608, 6.85646, -13.673, 4.76608, 12.8565, -10.673]], "line_of_sight": [[0, 0, 0, 0, 0, 500], [0, 0, 0, 0, 0, 504], [502, 502, 0, 0, 0, 502], [21, 21, 0, 0, 0, 501]]}