{"time_step": 1e-05, "number_of_molecules": 500000, "diff_coef": 250, "sim_time": 1.30667, "absorbers": [[-3.58907, -3.61352, 17.2644, 4]], "reflectors": [[4.85235, -4.60158, 14.5355, 2], [16.0891, -6.77794, -4.38168, 6]], "reflector_prisms": [], "absorber_prisms": [[-11.4447, -0.562805, -4.74876, -6.44466, 5.4372, -2.74876]], "line_of_sight": [[0, 0, 0, 0, 0, 499]]}