{
"time_step": 1e-05,
"number_of_molecules": 500000,
"diff_coef": 200,
"sim_time": 3.00833,
"absorbers": [
[11.21,-3.88251,-7.43388,3],
[-2.68804,1.13584,-23.8219,5],
[-11.6075,-5.37485,-15.3745,6],
[0.922146,-2.84183,15.7186,6],
[9.4125,3.2591,-12.5213,2],
[-7.70886,2.62356,-7.39529,5],
[-2.44975,-15.5946,2.60908,3],
[0.586477,13.9866,-0.175496,6]
],
"reflectors": [
[5.15931,2.35492,8.23625,4],
[-13.3293,-13.4756,-6.3828,5],
[-15.5912,-10.427,3.03173,5]
],
"reflector_prisms": [
],
"absorber_prisms": [
]
}