{"time_step": 1e-05, "number_of_molecules": 500000, "diff_coef": 350, "sim_time": 1.54286, "absorbers": [[-9.50994, -11.7735, -14.5584, 6], [-6.48711, 6.65897, -5.8801, 5], [-15.0318, 2.96146, 7.3671, 6], [1.69502, -2.27026, -11.6607, 3], [2.4038, 4.47389, 4.81727, 2], [1.47964, -12.4533, -20.4628, 6], [-1.71699, 3.46831, -17.579, 5]], "reflectors": [[3.30815, 7.2345, 12.7168, 5], [-7.34977, -10.4533, 7.85559, 4], [18.9894, 11.0945, -9.60806, 5]], "reflector_prisms": [], "absorber_prisms": [], "line_of_sight": [[331, 266, 224, 0, 0, 501], [0, 0, 0, 0, 0, 501], [0, 0, 0, 0, 0, 500], [225, 186, 96, 0, 0, 499], [375, 329, 244, 0, 0, 501], [313, 191, 237, 0, 0, 496], [64, 64, 0, 0, 0, 498]]}