{
"time_step": 1e-05,
"number_of_molecules": 500000,
"diff_coef": 350,
"sim_time": 1.21905,
"absorbers": [
[0.548473,-17.6434,-3.52275,2],
[13.5591,6.39569,-0.495874,3]
],
"reflectors": [
[-16.1846,12.4726,-8.15424,5]
],
"reflector_prisms": [
],
"absorber_prisms": [
[-11.042,-7.5662,1.41898,-5.042,-4.5662,7.41898],
[-5.02718,-11.2826,-7.01712,-1.02718,-8.28258,-1.01712],
[6.0355,12.7696,0.569673,11.0355,18.7696,2.56967]
]
}