{"time_step": 1e-05, "number_of_molecules": 500000, "diff_coef": 50, "sim_time": 5.63333, "absorbers": [[0.0567646, 8.64513, -2.50169, 4], [-10.2857, 7.28173, -11.4097, 4], [1.02179, 2.43609, 12.7288, 4]], "reflectors": [[22.2274, -5.31552, 7.32733, 7], [-10.6503, 7.46187, 18.9708, 4], [-20.566, -1.08727, 15.8701, 7]], "reflector_prisms": [], "absorber_prisms": [], "line_of_sight": [[0, 0, 0, 0, 0, 499], [0, 0, 0, 0, 0, 501], [0, 0, 0, 0, 0, 502]]}