{
"time_step": 1e-05,
"number_of_molecules": 500000,
"diff_coef": 200,
"sim_time": 0.208333,
"absorbers": [
[7.63301,0.237654,6.45606,5]
],
"reflectors": [
[6.51013,12.1583,-2.40701,5],
[-5.63321,-12.659,-2.00419,4],
[-15.2725,15.1839,-4.49474,6]
],
"reflector_prisms": [
],
"absorber_prisms": [
[-0.80396,6.90198,0.132914,4.19604,8.90198,5.13291]
]
}