{
"time_step": 1e-05,
"number_of_molecules": 500000,
"diff_coef": 300,
"sim_time": 0.45,
"absorbers": [
[-0.094121,0.408677,11.9927,3]
],
"reflectors": [
[-7.45478,9.54359,17.1565,4],
[8.47812,-11.693,4.0492,5],
[8.94756,0.474577,-4.44027,5],
[20.9897,-6.56326,0.595085,5]
],
"reflector_prisms": [
],
"absorber_prisms": [
[-8.76653,-0.145008,8.73515,-4.76653,3.85499,10.7351]
]
}