{"time_step": 1e-05, "number_of_molecules": 500000, "diff_coef": 300, "sim_time": 2.00556, "absorbers": [[14.4708, 3.93727, -0.304963, 6], [-18.6651, -2.77509, 11.3098, 4], [12.3491, -15.4703, -15.2699, 6], [12.1019, -19.1156, -4.13966, 5]], "reflectors": [[-6.63376, -6.75186, -11.6364, 6]], "reflector_prisms": [], "absorber_prisms": [], "line_of_sight": [[33, 33, 0, 0, 0, 498], [84, 84, 0, 0, 0, 501], [0, 0, 0, 0, 0, 495], [0, 0, 0, 0, 0, 499]]}