{
"time_step": 1e-05,
"number_of_molecules": 500000,
"diff_coef": 200,
"sim_time": 0.208333,
"absorbers": [
[-8.50028,-4.99262,4.88048,6]
],
"reflectors": [
],
"reflector_prisms": [
[-14.7418,-1.85915,1.95824,-10.7418,2.14085,6.95824],
[-0.337715,-5.54205,6.55641,1.66229,0.457953,8.55641]
],
"absorber_prisms": [
[-11.9992,6.59818,-10.5685,-5.99919,8.59818,-4.5685],
[-1.02299,-16.7543,-11.6409,1.97701,-11.7543,-8.64088]
]
}