{
"time_step": 1e-05,
"number_of_molecules": 500000,
"diff_coef": 400,
"sim_time": 1.20417,
"absorbers": [
[-3.42518,0.0667635,20.7187,6],
[12.5737,-13.9918,6.79209,3]
],
"reflectors": [
],
"reflector_prisms": [
[-10.6705,4.3065,13.8058,-7.67053,9.3065,17.8058]
],
"absorber_prisms": [
[4.71969,-2.93354,8.95935,8.71969,-0.933539,12.9593]
]
}