{"time_step": 1e-05, "number_of_molecules": 500000, "diff_coef": 150, "sim_time": 1.87778, "absorbers": [[-13.9229, 0.512935, 1.37505, 7], [8.20401, -13.7015, 0.981552, 5], [-8.14709, -9.69676, -14.1633, 6]], "reflectors": [[-18.0068, -3.26668, -13.9314, 4]], "reflector_prisms": [], "absorber_prisms": [], "line_of_sight": [[0, 0, 0, 0, 0, 499], [0, 0, 0, 0, 0, 501], [0, 0, 0, 0, 0, 501]]}