{
"time_step": 1e-05,
"number_of_molecules": 500000,
"diff_coef": 150,
"sim_time": 3.6,
"absorbers": [
[2.74411,21.6844,2.50125,4],
[-9.546,-5.06695,-2.04938,5],
[11.4705,-13.5841,-2.81062,6],
[0.0592037,0.104359,10.9993,4],
[7.88349,-9.14562,21.8908,7],
[2.18634,4.03382,20.4926,6]
],
"reflectors": [
[10.8112,2.81078,12.8147,4],
[-5.52188,3.9235,-23.0242,6],
[14.9993,12.2958,-14.1363,7],
[-12.1363,-9.80351,-14.0571,6],
[2.68961,5.28066,-9.26718,4]
],
"reflector_prisms": [
],
"absorber_prisms": [
]
}