{
"time_step": 1e-05,
"number_of_molecules": 500000,
"diff_coef": 300,
"sim_time": 0.8,
"absorbers": [
[-11.5497,7.2007,3.27945,2]
],
"reflectors": [
],
"reflector_prisms": [
[-0.686356,-12.2347,17.0229,2.31364,-7.23471,19.0229],
[14.4663,6.543,3.01714,18.4663,9.543,7.01714]
],
"absorber_prisms": [
[-14.3389,2.69315,-6.27976,-8.33893,5.69315,-3.27976]
]
}