{"time_step": 1e-05, "number_of_molecules": 500000, "diff_coef": 300, "sim_time": 0.938889, "absorbers": [[-0.888671, 4.50531, 17.4044, 5]], "reflectors": [], "reflector_prisms": [[-2.83184, -5.38909, -11.1371, 1.16816, 0.610905, -6.13714], [5.93054, -2.87318, -4.46158, 8.93054, 3.12682, -1.46158]], "absorber_prisms": [[-9.13107, 4.24735, -1.13733, -4.13107, 6.24735, 2.86267], [-6.55997, 5.42083, -12.8567, -1.55997, 8.42083, -8.85674]], "line_of_sight": [[0, 0, 0, 0, 0, 500]]}