{"time_step": 1e-05, "number_of_molecules": 500000, "diff_coef": 300, "sim_time": 1.42222, "absorbers": [[9.33838, 12.0342, -9.5903, 2]], "reflectors": [], "reflector_prisms": [], "absorber_prisms": [[-7.88471, 5.70004, -21.6315, -2.88471, 10.7, -16.6315], [2.47099, -4.81644, 8.94091, 6.47099, 0.183557, 13.9409], [-5.47009, -3.14333, -18.6253, -1.47009, 0.856669, -16.6253], [11.6472, -3.93621, 11.2933, 15.6472, 0.0637858, 16.2933], [-3.89447, -4.17404, 5.87815, 2.10553, 1.82596, 11.8781]], "line_of_sight": [[0, 0, 0, 0, 0, 499]]}