{
"time_step": 1e-05,
"number_of_molecules": 500000,
"diff_coef": 200,
"sim_time": 1.40833,
"absorbers": [
[-0.947134,-0.375156,17.9711,5]
],
"reflectors": [
[-20.0103,-12.8094,-3.392,6]
],
"reflector_prisms": [
[-10.7886,11.9938,-7.39141,-5.78862,13.9938,-4.39141]
],
"absorber_prisms": [
[-9.10423,-15.0326,6.79478,-6.10423,-9.03257,11.7948],
[6.97926,-10.4744,-4.45244,9.97926,-7.47441,0.547562]
]
}