{
"time_step": 1e-05,
"number_of_molecules": 500000,
"diff_coef": 350,
"sim_time": 1.54286,
"absorbers": [
[-11.0416,8.43357,-5.65304,7],
[16.3096,-0.333041,4.78396,6],
[4.9863,-18.2944,-16.2927,7],
[12.2722,7.2771,-16.7463,7],
[-17.4703,-12.5559,-4.59758,5],
[-0.45995,0.131311,-9.98855,5]
],
"reflectors": [
[-19.0146,2.34391,-10.8143,4],
[-0.224508,-17.6718,-3.41417,6],
[-8.93935,16.2206,-16.7922,6],
[-1.77,3.89367,14.3773,4]
],
"reflector_prisms": [
],
"absorber_prisms": [
]
}