{
"time_step": 1e-05,
"number_of_molecules": 500000,
"diff_coef": 200,
"sim_time": 1.875,
"absorbers": [
[11.4949,-5.45612,11.2738,2]
],
"reflectors": [
],
"reflector_prisms": [
],
"absorber_prisms": [
[0.108595,-3.80262,-15.8027,4.1086,2.19738,-9.80272]
]
}