{
"time_step": 1e-05,
"number_of_molecules": 500000,
"diff_coef": 300,
"sim_time": 2.00556,
"absorbers": [
[-3.26675,-1.03596,-19.7042,5],
[3.53424,20.5218,2.7141,5],
[6.38922,7.79536,-21.781,6],
[-10.5789,3.63856,12.8003,5],
[15.5165,5.21054,7.48924,5],
[16.5473,18.7029,1.17941,6]
],
"reflectors": [
[-5.32512,-20.1187,-11.9533,5],
[2.43463,-6.07374,16.7685,4],
[-5.29684,-23.4042,0.434016,7],
[9.66209,-10.3698,-9.3868,5],
[5.33846,10.6785,-5.14501,6]
],
"reflector_prisms": [
],
"absorber_prisms": [
]
}