{
"time_step": 1e-05,
"number_of_molecules": 500000,
"diff_coef": 350,
"sim_time": 1.21905,
"absorbers": [
[7.1457,-9.30592,2.5177,2],
[-4.19053,9.67087,15.8087,3]
],
"reflectors": [
[7.93524,9.96605,-9.68038,2],
[5.89488,-3.20695,-8.71584,6]
],
"reflector_prisms": [
],
"absorber_prisms": [
[1.78314,15.782,2.68227,7.78314,19.782,6.68227]
]
}