{"time_step": 1e-05, "number_of_molecules": 500000, "diff_coef": 350, "sim_time": 1.71905, "absorbers": [[-14.6882, 11.81, 9.2617, 7], [3.26414, -7.20922, 16.167, 4], [5.41042, -2.34683, -12.6972, 6], [16.9788, 0.460405, -0.712486, 4], [-9.7492, -0.726316, 5.04239, 6], [13.3357, 4.76116, -19.3776, 5]], "reflectors": [[1.12654, 19.7031, -9.72214, 5], [2.50054, 8.08581, 3.06056, 4]], "reflector_prisms": [], "absorber_prisms": [], "line_of_sight": [[202, 227, 0, 0, 0, 498], [0, 0, 0, 0, 0, 501], [201, 271, 0, 0, 0, 496], [361, 361, 0, 0, 0, 501], [279, 321, 0, 0, 0, 501], [416, 546, 0, 0, 0, 496]]}