{
"time_step": 1e-05,
"number_of_molecules": 500000,
"diff_coef": 100,
"sim_time": 3.75,
"absorbers": [
[1.40505,17.8087,2.20837,3]
],
"reflectors": [
[13.0485,-1.1263,7.31218,6]
],
"reflector_prisms": [
[-1.99458,-2.08888,-12.8907,0.00542253,-0.0888832,-6.89066]
],
"absorber_prisms": [
[-3.22582,-18.1153,6.13394,0.774179,-15.1153,12.1339],
[-16.2123,8.3797,3.59351,-11.2123,14.3797,9.59351],
[-0.254096,3.89441,-5.71209,4.7459,8.89441,-0.712086]
]
}