{"time_step": 1e-05, "number_of_molecules": 500000, "diff_coef": 250, "sim_time": 1.92667, "absorbers": [[8.54386, 7.38385, 4.05971, 4], [-9.55232, -4.99362, -13.146, 6], [0.473234, -1.65724, -13.8935, 4], [4.4837, 1.42116, 17.3746, 6], [-4.35474, 12.345, 18.9113, 6], [6.36825, 7.50863, -9.95318, 6], [6.52732, -7.46355, -12.5575, 3]], "reflectors": [[3.88491, 10.9336, 11.0165, 3], [-4.00073, -0.512185, 6.90882, 3], [13.9074, 4.53471, 3.31961, 2], [-8.99494, 8.20307, -11.866, 2]], "reflector_prisms": [], "absorber_prisms": [], "line_of_sight": [[126, 85, 41, 0, 0, 503], [242, 218, 24, 0, 0, 501], [401, 285, 116, 0, 0, 504], [320, 320, 0, 0, 0, 499], [193, 193, 0, 0, 0, 500], [134, 0, 134, 0, 0, 502], [270, 232, 38, 0, 0, 497]]}