{"time_step": 1e-05, "number_of_molecules": 500000, "diff_coef": 100, "sim_time": 4.26667, "absorbers": [[-11.6736, -12.6842, 10.1409, 4]], "reflectors": [[-6.78461, -0.300997, -15.5846, 4], [8.57565, 8.52793, -11.9471, 5], [9.741, -5.5853, 12.7639, 5], [-6.85346, -5.95502, 11.9402, 4], [11.2804, 8.33341, 11.2831, 4]], "reflector_prisms": [], "absorber_prisms": [], "line_of_sight": [[252, 0, 333, 0, 0, 498]]}