{"time_step": 1e-05, "number_of_molecules": 500000, "diff_coef": 300, "sim_time": 1.60556, "absorbers": [[13.7093, -4.22554, 17.9778, 6]], "reflectors": [[-13.2677, 9.95466, 3.72452, 2]], "reflector_prisms": [[-5.80445, -8.96157, 13.9296, -2.80445, -2.96157, 18.9296]], "absorber_prisms": [], "line_of_sight": [[0, 0, 0, 0, 0, 501]]}