{"time_step": 1e-05, "number_of_molecules": 500000, "diff_coef": 300, "sim_time": 2.00556, "absorbers": [[6.896, -4.62193, -11.2731, 2], [8.02864, 9.29256, -6.72229, 6], [-0.747157, 2.33894, 15.8105, 5], [8.3488, -4.23152, -5.77857, 3], [-1.73646, -12.0854, 8.7136, 6], [4.26951, 20.3677, -13.8539, 6], [-2.06742, 2.28313, -11.598, 2], [-2.05429, -3.29788, 5.8227, 2]], "reflectors": [], "reflector_prisms": [], "absorber_prisms": [], "line_of_sight": [[47, 47, 0, 0, 0, 502], [199, 333, 0, 0, 0, 499], [49, 49, 0, 0, 0, 501], [22, 22, 0, 0, 0, 496], [244, 314, 0, 0, 0, 500], [499, 783, 0, 0, 0, 499], [110, 110, 0, 0, 0, 501], [260, 401, 0, 0, 0, 498]]}