{
"time_step": 1e-05,
"number_of_molecules": 500000,
"diff_coef": 200,
"sim_time": 0.675,
"absorbers": [
[-1.85497,-0.347335,-14.8808,6]
],
"reflectors": [
[4.57505,-21.3457,2.72558,4]
],
"reflector_prisms": [
],
"absorber_prisms": [
[-10.5819,0.45242,0.925601,-7.58186,2.45242,6.9256],
[-2.45761,-8.56909,3.24312,2.54239,-2.56909,8.24312]
]
}