{"time_step": 1e-05, "number_of_molecules": 500000, "diff_coef": 100, "sim_time": 3.26667, "absorbers": [[-7.12943, 3.18749, -17.3208, 5], [-1.25258, 0.632574, 9.90105, 2]], "reflectors": [[-10.9956, -6.55977, 15.3644, 6]], "reflector_prisms": [], "absorber_prisms": [[2.61587, 1.85275, -14.509, 7.61587, 5.85275, -11.509], [4.76715, 0.197639, 0.415716, 9.76715, 2.19764, 2.41572], [1.96828, -2.20583, 9.40867, 4.96828, 3.79417, 11.4087]], "line_of_sight": [[0, 0, 0, 0, 0, 500], [0, 0, 0, 0, 0, 502]]}