{
"time_step": 1e-05,
"number_of_molecules": 500000,
"diff_coef": 100,
"sim_time": 5.4,
"absorbers": [
[-1.24181,1.36022,-10.8447,5],
[-3.06779,11.9507,-19.4106,5]
],
"reflectors": [
[10.1617,7.68908,2.57263,4]
],
"reflector_prisms": [
],
"absorber_prisms": [
[-19.9929,0.665647,9.42556,-13.9929,5.66565,14.4256],
[-7.4979,-16.1529,-19.0847,-2.4979,-12.1529,-13.0847],
[-5.20851,-13.6812,-11.1565,-1.20851,-8.68122,-6.15654]
]
}