{"time_step": 1e-05, "number_of_molecules": 500000, "diff_coef": 250, "sim_time": 2.16, "absorbers": [[8.83768, 16.6154, 6.76928, 2], [-1.10744, -6.66343, 4.28629, 3], [-1.18685, 1.82004, 20.8873, 6]], "reflectors": [], "reflector_prisms": [], "absorber_prisms": [[8.2702, -18.0623, -3.1796, 12.2702, -15.0623, 1.8204], [5.22817, -8.90155, 9.13561, 8.22817, -3.90155, 13.1356]], "line_of_sight": [[0, 0, 0, 0, 0, 501], [0, 0, 0, 0, 0, 501], [0, 0, 0, 0, 0, 500]]}