{"time_step": 1e-05, "number_of_molecules": 500000, "diff_coef": 100, "sim_time": 0.416667, "absorbers": [[3.46276, -10.4382, -0.233033, 6]], "reflectors": [[-7.2491, 19.629, 1.7755, 2]], "reflector_prisms": [[2.73079, 7.67805, -11.1301, 4.73079, 12.678, -8.13008], [9.5997, -7.94232, -14.1632, 13.5997, -4.94232, -10.1632], [1.33544, 8.60317, -1.86044, 7.33544, 11.6032, 1.13956]], "absorber_prisms": [[-21.3942, 3.25896, -2.42078, -15.3942, 6.25896, 2.57922]], "line_of_sight": [[2, 0, 2, 0, 0, 500]]}