{"time_step": 1e-05, "number_of_molecules": 500000, "diff_coef": 200, "sim_time": 2.13333, "absorbers": [[-0.0390195, -0.30768, -18.9975, 6], [-16.7243, -2.62678, -6.11535, 7], [13.5195, -4.81175, -12.4527, 5], [7.00899, 10.4148, 18.0667, 6], [2.07656, -7.2873, 6.52558, 4]], "reflectors": [], "reflector_prisms": [], "absorber_prisms": [], "line_of_sight": [[5, 5, 0, 0, 0, 501], [0, 0, 0, 0, 0, 503], [0, 0, 0, 0, 0, 503], [5, 5, 0, 0, 0, 500], [0, 0, 0, 0, 0, 500]]}