{"time_step": 1e-05, "number_of_molecules": 500000, "diff_coef": 100, "sim_time": 6.01667, "absorbers": [[-3.91335, 18.5926, -0.0253962, 5], [-2.12376, -5.43054, 22.2486, 6], [-0.0326018, 6.27822, 7.7835, 5], [0.0739311, 0.458952, -23.9955, 5], [-16.2995, 19.5489, -5.30704, 7]], "reflectors": [[0.105531, -2.18701, -12.8143, 4], [3.7174, -14.2715, 2.73949, 6]], "reflector_prisms": [], "absorber_prisms": [], "line_of_sight": [[411, 17, 411, 0, 0, 499], [159, 150, 126, 0, 0, 502], [99, 17, 99, 0, 0, 497], [477, 273, 336, 0, 0, 499], [193, 17, 193, 0, 0, 502]]}