{
"time_step": 1e-05,
"number_of_molecules": 500000,
"diff_coef": 400,
"sim_time": 0.9375,
"absorbers": [
[16.6533,-1.06557,-11.0242,5]
],
"reflectors": [
],
"reflector_prisms": [
[-4.31288,-13.2709,4.35693,0.687124,-10.2709,8.35693],
[-10.9864,-11.5979,-9.03172,-4.98644,-6.59789,-5.03172],
[-6.77363,-2.25248,-13.3221,-0.773634,-0.252477,-9.32215],
[-4.25372,4.11334,-7.22178,-2.25372,6.11334,-3.22178]
],
"absorber_prisms": [
]
}