{
"time_step": 1e-05,
"number_of_molecules": 500000,
"diff_coef": 200,
"sim_time": 1.875,
"absorbers": [
[-0.953897,-0.522003,19.9704,6],
[-10.7446,9.58149,-13.8834,5],
[-0.623867,0.893553,-15.9628,5]
],
"reflectors": [
[-5.81431,-9.19042,-1.65227,6]
],
"reflector_prisms": [
],
"absorber_prisms": [
[13.6922,-7.05415,10.8733,15.6922,-3.05415,15.8733]
]
}