{
"time_step": 1e-05,
"number_of_molecules": 500000,
"diff_coef": 50,
"sim_time": 12.0333,
"absorbers": [
[-2.28937,0.624118,-13.7974,6],
[-0.163819,1.83493,16.8999,3],
[-5.58718,-7.05529,-0.0789121,3],
[4.61354,0.241102,8.86889,3],
[6.84167,-0.574181,15.5519,3],
[-5.22536,-11.9164,21.347,6],
[6.61247,8.18943,-3.19508,2],
[-1.77277,9.44575,-5.35118,3]
],
"reflectors": [
[-9.24576,3.65913,-1.06151,5],
[-14.5244,-10.753,5.86627,6],
[0.684648,14.0471,5.21637,3],
[-15.6826,-1.40372,-8.72262,6],
[-5.54609,-15.9861,10.6623,5],
[5.7108,15.966,-12.3884,4]
],
"reflector_prisms": [
],
"absorber_prisms": [
]
}