{
"time_step": 1e-05,
"number_of_molecules": 500000,
"diff_coef": 200,
"sim_time": 0.3,
"absorbers": [
[0.952794,-5.86471,8.04347,4],
[0.0379057,0.673307,-8.9747,3]
],
"reflectors": [
],
"reflector_prisms": [
[-12.2806,-7.14601,-11.1271,-6.28059,-1.14601,-8.12711]
],
"absorber_prisms": [
[-5.64347,-10.3226,-8.87923,-2.64347,-6.32264,-2.87923],
[7.98292,-6.8244,9.80643,10.9829,-0.824399,14.8064]
]
}