{"time_step": 1e-05, "number_of_molecules": 500000, "diff_coef": 150, "sim_time": 4.01111, "absorbers": [[5.67873, 2.52965, 20.0587, 2], [5.35598, 12.2545, -10.4948, 2], [-8.69311, 4.60816, -12.6172, 4]], "reflectors": [[1.52677, -10.487, 5.62955, 5]], "reflector_prisms": [[8.00952, -4.23519, 12.4218, 10.0095, -0.235195, 18.4218]], "absorber_prisms": [], "line_of_sight": [[0, 0, 0, 0, 0, 501], [105, 0, 105, 0, 0, 499], [0, 0, 0, 0, 0, 499]]}