{
"time_step": 1e-05,
"number_of_molecules": 500000,
"diff_coef": 250,
"sim_time": 0.54,
"absorbers": [
[-1.09613,-1.90473,-8.72757,2],
[-8.63034,-4.05909,-11.5776,6]
],
"reflectors": [
],
"reflector_prisms": [
[4.53817,-3.47599,7.83322,8.53817,2.52401,9.83322],
[-1.62007,15.51,8.28734,1.37993,17.51,14.2873]
],
"absorber_prisms": [
[10.9791,2.34432,1.62592,13.9791,6.34432,7.62592]
]
}