{
"time_step": 1e-05,
"number_of_molecules": 500000,
"diff_coef": 400,
"sim_time": 0.704167,
"absorbers": [
[4.32588,13.6369,9.1827,4],
[-1.4333,15.8772,1.36358,3]
],
"reflectors": [
],
"reflector_prisms": [
[-3.7673,-8.37804,3.48248,1.2327,-3.37804,5.48248]
],
"absorber_prisms": [
[9.91111,2.14266,16.0603,14.9111,6.14266,18.0603],
[-6.94046,-2.07135,13.4668,-0.940461,2.92865,15.4668],
[-9.89115,-10.3554,5.96831,-6.89115,-6.35542,8.96831]
]
}