{
"time_step": 1e-05,
"number_of_molecules": 500000,
"diff_coef": 300,
"sim_time": 1.60556,
"absorbers": [
[8.10386,-11.2466,1.95985,6],
[1.94381,-9.33842,19.8246,5]
],
"reflectors": [
],
"reflector_prisms": [
[-5.29479,9.50537,-1.97443,-1.29479,12.5054,3.02557],
[-6.7635,-15.4282,3.3019,-0.763503,-13.4282,8.3019],
[-18.2193,6.9607,1.37649,-13.2193,11.9607,3.37649],
[-9.63594,4.19223,6.30006,-5.63594,7.19223,8.30006]
],
"absorber_prisms": [
]
}