{
"time_step": 1e-05,
"number_of_molecules": 500000,
"diff_coef": 200,
"sim_time": 2.40833,
"absorbers": [
[21.9117,2.5708,6.50134,6],
[3.94669,6.24237,5.14359,2]
],
"reflectors": [
],
"reflector_prisms": [
[9.80126,-2.46839,9.3042,11.8013,-0.468388,11.3042],
[11.2135,3.3043,-17.8379,14.2135,8.3043,-14.8379],
[-3.30628,-0.112071,5.75827,-0.306278,1.88793,10.7583],
[1.74377,-3.18956,-20.7343,4.74377,2.81044,-18.7343]
],
"absorber_prisms": [
]
}