{"time_step": 1e-05, "number_of_molecules": 500000, "diff_coef": 350, "sim_time": 1.71905, "absorbers": [[-12.0259, 20.3031, 8.256, 6]], "reflectors": [], "reflector_prisms": [[-0.86389, 13.8911, -13.1224, 2.13611, 16.8911, -9.12241], [-3.97834, -1.24442, 12.8345, 1.02166, 4.75558, 18.8345], [-1.78343, -2.86832, -18.9559, 4.21657, 3.13168, -14.9559]], "absorber_prisms": [[-0.298083, 10.6315, 1.1993, 3.70192, 16.6315, 4.1993], [9.73523, 6.46719, -7.1694, 11.7352, 10.4672, -5.1694]], "line_of_sight": [[0, 0, 0, 0, 0, 501]]}