{"time_step": 1e-05, "number_of_molecules": 500000, "diff_coef": 250, "sim_time": 2.16, "absorbers": [[12.9807, 0.450612, 0.545805, 7], [-0.871591, -2.34089, -13.7754, 5], [5.76607, 0.055978, -21.2309, 4], [-0.566455, -0.434822, 10.9768, 4], [2.72284, 17.666, -2.12094, 5], [-15.9492, 8.51267, 5.8443, 6]], "reflectors": [[-1.541, 10.976, 6.79362, 6], [8.07522, -11.4355, 9.64474, 7], [-6.91595, -4.28508, -3.84809, 4], [-9.77399, 11.7889, -12.8643, 5], [9.25747, 4.95082, 18.1876, 5]], "reflector_prisms": [], "absorber_prisms": [], "line_of_sight": [[213, 84, 129, 0, 0, 501], [334, 313, 97, 0, 0, 500], [435, 651, 0, 0, 0, 500], [293, 307, 19, 0, 0, 500], [40, 0, 40, 0, 0, 500], [182, 182, 0, 0, 0, 500]]}