{
"time_step": 1e-05,
"number_of_molecules": 500000,
"diff_coef": 50,
"sim_time": 9.63333,
"absorbers": [
[3.94861,0.0262873,13.4316,5],
[-12.1617,-4.78151,17.6983,5],
[4.00268,14.4412,0.656696,7]
],
"reflectors": [
[-13.3978,-6.19228,-6.17688,5],
[-9.97036,12.6822,-11.8217,6],
[10.7775,-0.419115,-2.16113,4]
],
"reflector_prisms": [
],
"absorber_prisms": [
]
}