{"time_step": 1e-05, "number_of_molecules": 500000, "diff_coef": 350, "sim_time": 0.57619, "absorbers": [[9.34879, -7.65568, 7.07042, 3]], "reflectors": [], "reflector_prisms": [], "absorber_prisms": [[-9.72461, -9.222, 4.32082, -3.72461, -4.222, 10.3208], [-5.34822, 3.29956, -20.8056, -0.348215, 5.29956, -16.8056], [-2.28617, -3.34546, 10.7625, 0.713829, -1.34546, 14.7625], [-6.8878, -6.53026, -11.2185, -3.8878, -2.53026, -8.21845]], "line_of_sight": [[0, 0, 0, 0, 0, 500]]}