{"time_step": 1e-05, "number_of_molecules": 500000, "diff_coef": 150, "sim_time": 3.21111, "absorbers": [[-1.82814, 8.98349, 9.21709, 4], [17.1651, -7.96271, 1.71844, 4], [6.56658, 13.9869, -4.1529, 4], [-2.06203, -8.7548, -12.0042, 6], [4.75596, -13.5411, 19.2359, 7]], "reflectors": [[-0.705768, -0.641386, 11.962, 4]], "reflector_prisms": [], "absorber_prisms": [], "line_of_sight": [[259, 259, 0, 0, 0, 503], [0, 0, 0, 0, 0, 502], [0, 0, 0, 0, 0, 501], [183, 152, 31, 0, 0, 498], [22, 0, 22, 0, 0, 500]]}