{
"time_step": 1e-05,
"number_of_molecules": 500000,
"diff_coef": 150,
"sim_time": 2.84444,
"absorbers": [
[-7.40275,2.26402,-9.16916,5],
[-0.289201,12.204,8.71661,7],
[-5.16165,19.7469,-8.21076,6],
[13.5893,8.93949,-4.94139,4]
],
"reflectors": [
[5.39932,12.9768,-14.2285,6]
],
"reflector_prisms": [
],
"absorber_prisms": [
]
}