{
"time_step": 1e-05,
"number_of_molecules": 500000,
"diff_coef": 300,
"sim_time": 0.2,
"absorbers": [
[-5.96632,-1.32543,6.60653,3]
],
"reflectors": [
[0.271999,-1.84879,-7.77869,2],
[-8.83601,0.711359,-9.50889,5]
],
"reflector_prisms": [
],
"absorber_prisms": [
[2.774,3.99424,5.58118,8.774,6.99424,9.58118],
[11.2238,-3.07736,3.92015,15.2238,1.92264,7.92015],
[4.52557,14.3404,-1.71635,7.52557,16.3404,3.28365]
]
}