{"time_step": 1e-05, "number_of_molecules": 500000, "diff_coef": 50, "sim_time": 7.5, "absorbers": [[-5.97788, 10.079, -2.58421, 4], [-3.16457, 3.5846, -16.3137, 2]], "reflectors": [[-2.3867, -9.58837, 15.0455, 6]], "reflector_prisms": [], "absorber_prisms": [[4.491, -6.66518, 13.9928, 9.491, -1.66518, 16.9928], [-9.89638, -4.01195, 11.7695, -5.89638, -0.0119474, 15.7695]], "line_of_sight": [[0, 0, 0, 0, 0, 501], [0, 0, 0, 0, 0, 500]]}