{
"time_step": 1e-05,
"number_of_molecules": 500000,
"diff_coef": 350,
"sim_time": 1.37619,
"absorbers": [
[-2.16592,-12.1936,-15.7043,3],
[-4.00262,13.0941,6.12565,5],
[-19.3448,-4.10164,2.9927,6],
[0.428678,-0.205094,13.9919,3],
[1.68062,-4.94234,19.3067,4],
[-2.55394,2.5315,-9.33107,3],
[13.6516,-6.08889,8.09682,2],
[-5.9292,2.55324,11.2839,2]
],
"reflectors": [
[1.80458,-5.49161,-6.89824,3],
[-6.92013,-1.56657,14.3408,2],
[9.54633,-7.13231,1.4134,5]
],
"reflector_prisms": [
],
"absorber_prisms": [
]
}