{"time_step": 1e-05, "number_of_molecules": 500000, "diff_coef": 300, "sim_time": 0.138889, "absorbers": [[8.10358, -4.38463, -3.88677, 5]], "reflectors": [[-7.47954, -0.507718, -17.4585, 4], [17.2627, -3.2783, 9.55255, 2]], "reflector_prisms": [[2.41927, 13.7017, -4.64007, 6.41927, 15.7017, 0.359934]], "absorber_prisms": [], "line_of_sight": [[0, 0, 0, 0, 0, 500]]}