{
"time_step": 1e-05,
"number_of_molecules": 500000,
"diff_coef": 400,
"sim_time": 1.35,
"absorbers": [
[1.52853,5.67813,21.1996,4]
],
"reflectors": [
],
"reflector_prisms": [
[-15.4367,-4.08957,3.91343,-13.4367,0.910425,6.91343],
[12.9532,2.09639,6.73089,15.9532,7.09639,10.7309]
],
"absorber_prisms": [
[-9.01665,-6.60131,-0.873933,-5.01665,-4.60131,2.12607]
]
}