{"time_step": 1e-05, "number_of_molecules": 500000, "diff_coef": 200, "sim_time": 2.7, "absorbers": [[-3.63323, -17.3191, 3.29358, 2], [11.3079, 8.02827, -15.7696, 3], [-7.91362, 6.1111, -4.58574, 4], [-0.0917596, -0.0536314, 11.9995, 4]], "reflectors": [[2.27187, -6.84797, -15.393, 2], [-8.82164, 1.08515, -14.4914, 6], [5.19076, 12.4443, 13.3864, 6], [7.74776, -11.2043, -3.23048, 3], [12.0189, -10.9359, 4.99522, 4], [0.100701, -0.606046, -19.9906, 3]], "reflector_prisms": [], "absorber_prisms": [], "line_of_sight": [[0, 0, 0, 0, 0, 501], [0, 0, 0, 0, 0, 497], [138, 0, 138, 0, 0, 501], [133, 0, 133, 0, 0, 499]]}