{
"time_step": 1e-05,
"number_of_molecules": 500000,
"diff_coef": 300,
"sim_time": 1.60556,
"absorbers": [
[0.397156,2.9883,15.7134,3],
[1.36295,-5.84353,-6.70787,3],
[-9.32629,-10.3019,-11.4408,5],
[-2.97335,-2.69492,-11.3091,2],
[-5.86028,6.38675,-8.29859,6],
[-15.9537,8.26389,6.17949,2],
[-5.90633,-11.3489,5.68493,3],
[3.13641,15.8392,5.3181,6]
],
"reflectors": [
[15.6978,-5.74266,10.9819,3],
[-1.5649,-0.245104,-15.9214,2]
],
"reflector_prisms": [
],
"absorber_prisms": [
]
}