{"time_step": 1e-05, "number_of_molecules": 500000, "diff_coef": 250, "sim_time": 2.16, "absorbers": [[0.107921, -12.9674, 0.914358, 4], [-15.0408, -11.1934, 9.45953, 3], [0.416496, -1.1679, -15.9519, 2], [10.4547, 3.99065, 6.61617, 3], [-0.0177912, -0.433265, 8.98955, 2], [17.9412, -11.878, -10.6314, 6], [-11.3466, 14.5008, -7.80914, 3], [-1.04773, 8.60263, -8.30042, 6]], "reflectors": [[-17.5512, -10.8962, -14.0794, 6], [-2.45553, 4.28221, 20.4116, 3], [3.76666, -12.2006, -16.6721, 5], [12.9063, 2.73332, 16.3388, 5], [-0.445204, 1.55922, -12.8985, 2], [-13.736, 9.91787, 1.39936, 3]], "reflector_prisms": [], "absorber_prisms": [], "line_of_sight": [[107, 107, 0, 0, 0, 500], [0, 0, 0, 0, 0, 498], [486, 415, 284, 0, 0, 496], [285, 0, 323, 0, 0, 500], [252, 107, 212, 0, 0, 500], [42, 0, 42, 0, 0, 497], [151, 151, 0, 0, 0, 495], [93, 93, 0, 0, 0, 504]]}