{"time_step": 1e-05, "number_of_molecules": 500000, "diff_coef": 350, "sim_time": 1.07143, "absorbers": [[-0.428624, -0.328122, -15.9909, 3], [-8.46973, 1.60079, -2.58867, 2], [-4.60822, 8.78926, 1.23017, 3], [3.3041, 6.19572, 3.83353, 2], [-14.8698, 0.391936, 1.93268, 4], [-3.7745, 1.48444, -8.03427, 2], [-9.74896, 11.2485, -13.3578, 5], [-9.93223, -10.3436, 7.09651, 2]], "reflectors": [[8.79506, -8.83885, -3.67717, 5], [-4.47968, 13.6263, 16.681, 5], [-6.55219, -7.47782, -11.2317, 3], [-10.4043, -6.9942, 15.5831, 2], [-0.15808, -0.025389, 16.9992, 2], [-2.09455, -1.70103, 9.62909, 3], [12.9872, -0.819514, 13.8441, 2]], "reflector_prisms": [], "absorber_prisms": [], "line_of_sight": [[228, 0, 286, 0, 0, 500], [50, 50, 0, 0, 0, 502], [229, 0, 229, 0, 0, 497], [54, 0, 54, 0, 0, 501], [39, 39, 0, 0, 0, 500], [14, 14, 0, 0, 0, 496], [13, 13, 0, 0, 0, 496], [0, 0, 0, 0, 0, 501]]}