{
"time_step": 1e-05,
"number_of_molecules": 500000,
"diff_coef": 350,
"sim_time": 1.54286,
"absorbers": [
[-13.7969,2.81779,-5.16781,6],
[-0.223575,9.70178,19.744,4],
[-14.8031,-4.99654,8.93879,6],
[0.123304,-0.0326949,10.9993,5]
],
"reflectors": [
[1.89458,0.38202,-13.866,6],
[-1.52377,-17.9304,-0.422935,7],
[11.9863,-13.9645,-10.1154,4]
],
"reflector_prisms": [
],
"absorber_prisms": [
]
}