{"time_step": 1e-05, "number_of_molecules": 500000, "diff_coef": 350, "sim_time": 1.37619, "absorbers": [[-0.885652, 4.04262, 14.4178, 4], [-6.95104, 1.63249, -12.0423, 5], [-9.01792, -19.9297, 7.10509, 6]], "reflectors": [[19.762, 15.9096, -5.68729, 7], [4.2726, -10.6104, -8.07243, 5]], "reflector_prisms": [], "absorber_prisms": [], "line_of_sight": [[0, 0, 0, 0, 0, 501], [0, 0, 0, 0, 0, 498], [65, 0, 65, 0, 0, 499]]}