{
"time_step": 1e-05,
"number_of_molecules": 500000,
"diff_coef": 300,
"sim_time": 1.08889,
"absorbers": [
[6.12159,5.83518,14.7471,3]
],
"reflectors": [
],
"reflector_prisms": [
[1.07983,-6.17911,-8.47841,6.07983,-2.17911,-4.47841],
[-1.95385,6.26635,-17.1757,1.04615,9.26635,-14.1757],
[-6.11193,-22.2689,-5.04021,-2.11193,-17.2689,-2.04021]
],
"absorber_prisms": [
]
}