{"time_step": 1e-05, "number_of_molecules": 500000, "diff_coef": 50, "sim_time": 8.53333, "absorbers": [[6.63006, 17.652, -11.3336, 6]], "reflectors": [[-5.27847, 21.2586, 7.01506, 5], [1.80212, -0.0528737, -10.8512, 2], [-6.71547, -11.6042, -8.73178, 6], [5.01523, -14.0263, 13.3458, 3]], "reflector_prisms": [[-7.26141, 3.79539, 0.991678, -1.26141, 8.79539, 3.99168]], "absorber_prisms": [], "line_of_sight": [[0, 0, 0, 0, 0, 498]]}