{
"time_step": 1e-05,
"number_of_molecules": 500000,
"diff_coef": 200,
"sim_time": 3.00833,
"absorbers": [
[-20.4823,-2.71761,-7.55573,7],
[0.29399,4.76751,-8.78547,5],
[2.13748,-5.18575,-24.3627,6]
],
"reflectors": [
[-10.7754,0.407416,2.17352,5]
],
"reflector_prisms": [
],
"absorber_prisms": [
]
}