{
"time_step": 1e-05,
"number_of_molecules": 500000,
"diff_coef": 200,
"sim_time": 2.7,
"absorbers": [
[-3.15875,-20.0756,-5.29087,3],
[7.53754,-2.58445,-6.04203,3],
[-0.537241,7.38724,-21.7748,5],
[7.07198,16.4759,6.28753,6],
[-8.33042,-4.68587,15.2528,6],
[16.5224,-1.57676,11.1591,5],
[3.40884,-9.37537,0.694424,2],
[-3.09201,-2.41114,-10.2774,3]
],
"reflectors": [
[10.3983,0.782304,18.2281,2],
[8.90094,1.06591,6.37472,2],
[-6.42598,-1.00256,-17.8522,3],
[-20.2724,0.596582,8.52488,3]
],
"reflector_prisms": [
],
"absorber_prisms": [
]
}