{"time_step": 1e-05, "number_of_molecules": 500000, "diff_coef": 50, "sim_time": 10.8, "absorbers": [[2.72687, -1.38833, -21.7862, 4], [-1.76984, -6.20669, 17.8702, 7], [3.50696, -3.75565, -9.72606, 4]], "reflectors": [[22.2333, 6.20807, 6.5682, 7]], "reflector_prisms": [], "absorber_prisms": [], "line_of_sight": [[419, 431, 0, 0, 0, 498], [72, 92, 0, 0, 0, 496], [78, 98, 0, 0, 0, 501]]}