{"time_step": 1e-05, "number_of_molecules": 500000, "diff_coef": 100, "sim_time": 0.416667, "absorbers": [[5.37229, 3.28248, 6.43148, 4]], "reflectors": [[9.31557, 7.78059, 13.2922, 2], [-5.27956, 8.21236, -5.06788, 4], [-11.2257, -0.588312, -8.34497, 2]], "reflector_prisms": [], "absorber_prisms": [[11.8944, 9.7602, -4.63659, 13.8944, 11.7602, -0.63659], [0.137545, -1.9555, -18.4253, 2.13755, 4.0445, -13.4253]], "line_of_sight": [[55, 0, 55, 0, 0, 497]]}