{"time_step": 1e-05, "number_of_molecules": 500000, "diff_coef": 100, "sim_time": 2.01667, "absorbers": [[-12.3429, 4.05547, -0.454953, 2]], "reflectors": [], "reflector_prisms": [], "absorber_prisms": [[-0.257089, 2.9577, -20.2379, 3.74291, 6.9577, -15.2379], [1.51829, -10.5304, 0.374717, 3.51829, -6.53044, 2.37472], [7.4609, -0.640987, -5.94537, 9.4609, 2.35901, 0.0546266], [-2.71721, 5.604, 6.04094, 0.282794, 9.604, 11.0409]], "line_of_sight": [[0, 0, 0, 0, 0, 497]]}