{"time_step": 1e-05, "number_of_molecules": 500000, "diff_coef": 100, "sim_time": 1.66667, "absorbers": [[-4.01979, -11.112, -2.08901, 4], [-1.10211, 10.8454, -5.01628, 5], [-1.33859, -4.30951, -16.3901, 7]], "reflectors": [[22.6757, 1.29599, 3.62396, 4], [-5.55341, -8.80679, 7.78461, 4]], "reflector_prisms": [], "absorber_prisms": [], "line_of_sight": [[23, 23, 0, 0, 0, 498], [87, 17, 70, 0, 0, 499], [0, 0, 0, 0, 0, 503]]}