{
"time_step": 1e-05,
"number_of_molecules": 500000,
"diff_coef": 100,
"sim_time": 3.26667,
"absorbers": [
[6.35362,-2.6444,-16.6325,5],
[-10.7574,-8.9504,0.411099,4],
[-16.8067,-1.99545,6.12817,4]
],
"reflectors": [
[-0.38084,-0.99938,22.9751,4],
[0.799909,-16.1442,-13.4062,6],
[6.02488,18.8348,2.9919,7]
],
"reflector_prisms": [
],
"absorber_prisms": [
]
}