{
"time_step": 1e-05,
"number_of_molecules": 500000,
"diff_coef": 50,
"sim_time": 8.53333,
"absorbers": [
[19.2763,-5.98954,-5.7923,5]
],
"reflectors": [
],
"reflector_prisms": [
[-5.67398,9.78971,-0.456711,-0.673984,12.7897,5.54329],
[13.249,1.75007,5.24032,15.249,6.75007,11.2403],
[-8.34889,-10.2011,-14.8158,-2.34889,-7.20111,-9.81584]
],
"absorber_prisms": [
]
}