{"time_step": 1e-05, "number_of_molecules": 500000, "diff_coef": 150, "sim_time": 0.277778, "absorbers": [[-0.237645, 8.78242, 6.61911, 6]], "reflectors": [[-0.105976, -7.05082, 5.59238, 2], [9.50001, -5.98312, -9.94747, 4]], "reflector_prisms": [[-16.3513, -4.51582, 2.47307, -11.3513, -0.51582, 4.47307]], "absorber_prisms": [[-11.5897, 9.54605, -10.4056, -9.5897, 12.5461, -4.40561], [-6.55364, 2.10448, -5.4258, -4.55364, 6.10448, -0.425797]], "line_of_sight": [[39, 0, 39, 0, 0, 501]]}