{
"time_step": 1e-05,
"number_of_molecules": 500000,
"diff_coef": 150,
"sim_time": 3.6,
"absorbers": [
[0.379463,0.7553,19.9821,2]
],
"reflectors": [
[-5.04657,17.1867,-6.33625,4],
[-4.45037,-9.38654,9.38547,5],
[-0.69775,-11.5459,-9.55015,3],
[9.53178,1.74463,-23.0456,6]
],
"reflector_prisms": [
],
"absorber_prisms": [
[8.29523,-13.9822,-3.53666,12.2952,-9.98222,-1.53666]
]
}