{
"time_step": 1e-05,
"number_of_molecules": 500000,
"diff_coef": 350,
"sim_time": 1.37619,
"absorbers": [
[1.39935,-22.4329,-4.879,6]
],
"reflectors": [
[-8.2471,20.2145,2.71288,3]
],
"reflector_prisms": [
[-9.83726,6.32837,-0.735425,-6.83726,10.3284,5.26457]
],
"absorber_prisms": [
[-13.1289,-15.2307,-12.5614,-7.12887,-11.2307,-9.56137],
[9.64094,-11.2303,-5.63155,12.6409,-8.23028,-3.63155],
[-16.5519,9.0417,-10.3368,-14.5519,14.0417,-8.33682]
]
}