{
"time_step": 1e-05,
"number_of_molecules": 500000,
"diff_coef": 250,
"sim_time": 1.70667,
"absorbers": [
[-5.18078,9.56969,-5.05773,6],
[7.1768,4.85158,14.6272,5],
[9.73026,-6.9559,0.968299,4],
[16.0734,-3.99994,-7.04612,2],
[6.53125,2.15778,-11.0312,3],
[3.46368,-14.6303,-5.47336,2],
[-2.34708,11.1475,9.7583,3],
[-8.94501,-0.988341,-0.0999857,4]
],
"reflectors": [
],
"reflector_prisms": [
],
"absorber_prisms": [
]
}