{
"time_step": 1e-05,
"number_of_molecules": 500000,
"diff_coef": 300,
"sim_time": 0.672222,
"absorbers": [
[-12.0447,5.93977,-3.95538,6],
[5.12234,-2.24352,-13.9186,4]
],
"reflectors": [
],
"reflector_prisms": [
[-5.42725,-6.69472,-9.36496,0.572749,-1.69472,-3.36496],
[-0.909749,-1.78669,16.9986,1.09025,2.21331,21.9986]
],
"absorber_prisms": [
[-2.28604,-1.54708,-10.9655,0.713964,1.45292,-6.96549],
[-3.38553,-2.69664,10.9273,0.614467,2.30336,15.9273]
]
}