{
"time_step": 1e-05,
"number_of_molecules": 500000,
"diff_coef": 150,
"sim_time": 3.6,
"absorbers": [
[-1.89788,1.15637,19.8761,5],
[-13.3121,1.62873,-19.9031,7],
[-5.19269,13.3839,17.9696,5],
[-2.99171,-9.38937,8.47876,4],
[9.5366,-13.179,-11.6347,6]
],
"reflectors": [
[14.4459,-1.65483,-12.2302,4],
[0.215925,-0.323914,-19.9962,4],
[-11.0654,7.14708,7.17463,5]
],
"reflector_prisms": [
],
"absorber_prisms": [
]
}