{
"time_step": 1e-05,
"number_of_molecules": 500000,
"diff_coef": 300,
"sim_time": 1.25,
"absorbers": [
[-13.6917,-5.55629,-10.2793,3],
[-0.0431672,-15.1368,7.7379,4]
],
"reflectors": [
[-10.1651,6.24756,-14.7864,3],
[-5.48234,-3.99987,-7.34472,3],
[7.75311,5.24538,-15.3745,3]
],
"reflector_prisms": [
],
"absorber_prisms": [
]
}