{"time_step": 1e-05, "number_of_molecules": 500000, "diff_coef": 400, "sim_time": 1.50417, "absorbers": [[-19.4233, 14.8779, -8.79668, 7], [-4.43533, 7.73299, 8.03298, 6], [-2.80625, -3.84673, 8.79361, 4], [-4.48342, -0.104294, -20.5156, 7], [-11.8452, -1.22244, 16.0685, 4], [-1.63977, 4.67221, 22.4607, 4]], "reflectors": [], "reflector_prisms": [], "absorber_prisms": [], "line_of_sight": [[0, 0, 0, 0, 0, 497], [30, 30, 0, 0, 0, 503], [124, 124, 0, 0, 0, 496], [152, 152, 0, 0, 0, 500], [172, 172, 0, 0, 0, 500], [312, 312, 0, 0, 0, 500]]}