{"time_step": 1e-05, "number_of_molecules": 500000, "diff_coef": 400, "sim_time": 0.816667, "absorbers": [[-18.2884, -3.91635, 3.34631, 5]], "reflectors": [[-10.9737, 5.9757, -8.29878, 4], [-3.84824, 4.26639, 10.5351, 5], [6.02277, -18.323, -5.29089, 6], [-17.4407, 11.6441, 1.11237, 3], [0.516345, -2.33317, -19.8567, 2]], "reflector_prisms": [], "absorber_prisms": [], "line_of_sight": [[0, 0, 0, 0, 0, 500]]}