{"time_step": 1e-05, "number_of_molecules": 500000, "diff_coef": 350, "sim_time": 1.54286, "absorbers": [[9.60387, -16.1926, 6.75012, 2]], "reflectors": [], "reflector_prisms": [[-7.48703, 15.6899, -9.19878, -3.48703, 20.6899, -6.19878], [-1.45896, -13.4504, 6.23219, 1.54104, -7.45043, 9.23219], [-15.0229, -6.9568, 1.46549, -9.02288, -0.956797, 4.46549], [-0.413564, -1.24145, -10.9799, 1.58644, 0.758554, -8.97987], [-7.81656, 1.89129, -2.08015, -4.81656, 7.89129, 2.91985]], "absorber_prisms": [], "line_of_sight": [[0, 0, 0, 0, 0, 504]]}