{
"time_step": 1e-05,
"number_of_molecules": 500000,
"diff_coef": 100,
"sim_time": 5.4,
"absorbers": [
[12.6926,-5.95933,-16.9524,4],
[-14.5817,7.01469,-5.2122,6],
[-2.73571,-9.12538,5.49939,5],
[-0.858121,6.1843,-13.6388,4]
],
"reflectors": [
[-1.24015,10.2794,20.5377,6]
],
"reflector_prisms": [
],
"absorber_prisms": [
]
}