{
"time_step": 1e-05,
"number_of_molecules": 500000,
"diff_coef": 350,
"sim_time": 0.685714,
"absorbers": [
[-4.22329,10.1057,1.01873,3],
[13.3563,-3.47076,5.87904,3]
],
"reflectors": [
[1.13768,11.551,-13.7579,6]
],
"reflector_prisms": [
[-11.2889,-6.32061,-16.526,-7.28887,-3.32061,-11.526]
],
"absorber_prisms": [
[-5.9384,-15.9197,1.6453,-0.938399,-13.9197,7.6453]
]
}