{
"time_step": 1e-05,
"number_of_molecules": 500000,
"diff_coef": 50,
"sim_time": 12.0333,
"absorbers": [
[-0.420387,0.187242,-24.9958,6],
[5.29991,-4.26471,20.9218,5],
[-13.0799,4.86445,17.0075,4],
[-22.8418,0.177175,10.1598,6],
[-6.09024,-1.21757,13.6538,4]
],
"reflectors": [
[2.72862,11.6855,-0.0688041,5],
[-2.97599,-9.42476,1.52228,4]
],
"reflector_prisms": [
],
"absorber_prisms": [
]
}