{
"time_step": 1e-05,
"number_of_molecules": 500000,
"diff_coef": 400,
"sim_time": 1.35,
"absorbers": [
[-15.4308,10.6616,-14.974,6],
[-8.22372,-8.60814,16.0708,4]
],
"reflectors": [
],
"reflector_prisms": [
[-17.6027,-6.77319,-14.4808,-11.6027,-1.77319,-11.4808]
],
"absorber_prisms": [
[-1.75297,-0.00368751,-13.3876,3.24703,2.99631,-11.3876]
]
}