{
"time_step": 1e-05,
"number_of_molecules": 500000,
"diff_coef": 400,
"sim_time": 0.3375,
"absorbers": [
[-1.96774,4.38866,-5.08602,2],
[10.907,-0.160762,5.00119,3]
],
"reflectors": [
],
"reflector_prisms": [
[4.62734,-2.89165,9.91557,10.6273,3.10835,15.9156]
],
"absorber_prisms": [
[-11.4922,-14.3506,-15.589,-8.4922,-8.35056,-10.589],
[-3.54741,-4.54832,17.7587,2.45259,-1.54832,21.7587]
]
}