{"time_step": 1e-05, "number_of_molecules": 500000, "diff_coef": 400, "sim_time": 1.06667, "absorbers": [[19.296, -2.98542, -7.72984, 5]], "reflectors": [[7.25431, 5.80106, -19.943, 3], [17.0724, 4.8826, 6.75974, 2], [-15.996, 6.26072, -8.11975, 3], [-7.31769, 5.159, 13.2603, 4]], "reflector_prisms": [], "absorber_prisms": [], "line_of_sight": [[0, 0, 0, 0, 0, 501]]}