{"time_step": 1e-05, "number_of_molecules": 500000, "diff_coef": 350, "sim_time": 1.21905, "absorbers": [[0.775871, -5.52711, 20.2447, 5], [-10.3091, 7.79954, 1.37436, 2], [8.75136, 9.29805, -2.44131, 5], [15.2952, -2.46119, -4, 5], [2.23887, 8.67614, 9.41871, 3], [-2.45598, 4.70316, -7.26969, 3], [-6.14123, -7.88884, 0.226748, 3]], "reflectors": [[8.10555, 0.795472, 8.81291, 4], [-14.6069, -0.412374, -17.7614, 5]], "reflector_prisms": [], "absorber_prisms": [], "line_of_sight": [[168, 168, 0, 0, 0, 499], [0, 0, 0, 0, 0, 498], [178, 178, 0, 0, 0, 503], [0, 0, 0, 0, 0, 500], [0, 0, 0, 0, 0, 501], [101, 101, 0, 0, 0, 502], [337, 337, 0, 0, 0, 496]]}