{
"time_step": 1e-05,
"number_of_molecules": 500000,
"diff_coef": 350,
"sim_time": 1.21905,
"absorbers": [
[0.117186,13.1473,9.11786,6],
[-2.82117,-10.6203,15.5,7],
[-11.7409,10.1957,-14.1138,7],
[13.625,-7.60595,3.53674,6],
[3.09415,2.56407,-15.4871,6],
[1.59417,-9.32722,-17.6199,4]
],
"reflectors": [
[9.15715,-11.5646,-8.45018,5],
[25.4814,4.6732,2.20433,7],
[-2.68247,-21.4635,-7.81821,7],
[5.51891,0.421269,13.9415,4]
],
"reflector_prisms": [
],
"absorber_prisms": [
]
}