{"time_step": 1e-05, "number_of_molecules": 500000, "diff_coef": 250, "sim_time": 1.92667, "absorbers": [[-5.04242, -11.4966, 14.2619, 6], [-6.91534, 2.23544, -17.5551, 7], [-11.3596, 11.2139, 1.09879, 5], [4.72478, 10.3143, 17.6718, 7], [2.82784, -6.81202, 20.7268, 5]], "reflectors": [[5.22787, 10.1393, -8.1156, 4], [12.7903, -16.5163, -6.90081, 4], [5.44332, -3.487, -10.11, 6], [-0.204362, -14.7196, 2.8793, 4], [-12.059, -3.08754, 8.36945, 4]], "reflector_prisms": [], "absorber_prisms": [], "line_of_sight": [[209, 16, 193, 0, 0, 501], [166, 166, 0, 0, 0, 501], [98, 0, 98, 0, 0, 498], [161, 57, 104, 0, 0, 500], [299, 299, 0, 0, 0, 499]]}