{
"time_step": 1e-05,
"number_of_molecules": 500000,
"diff_coef": 250,
"sim_time": 2.16,
"absorbers": [
[3.89181,-7.28886,-11.3016,5],
[-0.385448,17.3586,15.0841,5],
[0.589722,-9.51233,3.02782,4],
[-0.380641,-1.41896,21.9509,4],
[-3.46295,-21.8034,-6.45121,6],
[-3.05206,8.84842,-17.6746,6],
[-4.00884,-5.48901,-1.67331,2],
[-3.16091,-0.209649,9.48497,3]
],
"reflectors": [
[-3.24788,-7.16175,-17.2963,4],
[-3.52097,5.4568,2.61268,2],
[8.56522,-16.3067,4.66145,6]
],
"reflector_prisms": [
],
"absorber_prisms": [
]
}