{
"time_step": 1e-05,
"number_of_molecules": 500000,
"diff_coef": 300,
"sim_time": 2.00556,
"absorbers": [
[-9.28214,-4.56796,-12.2056,5],
[-5.53869,-4.349,-3.79594,3],
[-0.240861,-0.723127,17.9839,5],
[15.3572,11.14,6.32922,2],
[-1.13754,-4.28036,-18.4766,2],
[2.29272,7.78594,-22.5859,5],
[-18.6875,-7.05277,-9.22157,3]
],
"reflectors": [
[-5.80009,7.72725,-13.9874,6],
[11.4428,-3.16614,1.74314,3],
[11.9112,1.97022,10.4996,6],
[0.230425,0.535147,-15.9894,2]
],
"reflector_prisms": [
],
"absorber_prisms": [
]
}