{
"time_step": 1e-05,
"number_of_molecules": 500000,
"diff_coef": 50,
"sim_time": 4.8,
"absorbers": [
[4.21248,3.71116,-14.9827,4]
],
"reflectors": [
[1.88051,2.69562,-21.7531,3],
[12.5295,2.93564,-7.70671,3],
[-15.9618,1.7064,10.1641,3],
[-0.896771,-0.485473,6.92532,2],
[8.05599,-9.22519,-8.66008,4]
],
"reflector_prisms": [
],
"absorber_prisms": [
]
}