{"time_step": 1e-05, "number_of_molecules": 500000, "diff_coef": 150, "sim_time": 2.5, "absorbers": [[0.773606, 1.43774, 16.9214, 2]], "reflectors": [[-15.2343, -6.35877, 7.17508, 5], [2.38213, -20.7378, 9.65752, 6]], "reflector_prisms": [], "absorber_prisms": [[-8.02566, -0.179909, 9.85032, -2.02566, 3.82009, 13.8503], [-8.44945, -6.50861, -7.12231, -5.44945, -4.50861, -4.12231], [-7.99686, 5.87183, 8.60576, -3.99686, 8.87183, 14.6058]], "line_of_sight": [[0, 0, 0, 0, 0, 502]]}