{"time_step": 1e-05, "number_of_molecules": 500000, "diff_coef": 200, "sim_time": 2.40833, "absorbers": [[-3.4851, -19.4159, 9.74057, 5], [-3.24234, 13.2866, -14.5929, 4], [-6.98269, -5.25635, 20.1894, 6], [-2.65653, -3.09158, -10.2169, 4], [-2.92849, -1.28937, -21.7661, 7], [9.01187, -4.66546, 6.40466, 7]], "reflectors": [[18.0329, -8.5341, 11.4448, 4]], "reflector_prisms": [], "absorber_prisms": [], "line_of_sight": [[0, 0, 0, 0, 0, 500], [159, 159, 0, 0, 0, 502], [46, 46, 0, 0, 0, 500], [215, 217, 0, 0, 0, 500], [322, 324, 0, 0, 0, 499], [63, 59, 5, 0, 0, 497]]}