{
"time_step": 1e-05,
"number_of_molecules": 500000,
"diff_coef": 350,
"sim_time": 1.07143,
"absorbers": [
[0.0831303,9.74252,17.4664,6],
[0.577459,-0.96916,-9.93616,4],
[4.50811,-3.08382,12.8906,7],
[-10.5494,-9.45023,9.40233,4],
[-3.53396,-16.9055,-13.6277,7]
],
"reflectors": [
[-4.00695,-1.16185,-18.5363,5],
[-12.3034,-11.5678,-1.95271,7],
[-10.6011,5.59442,-0.564203,4],
[0.292526,8.28063,3.51364,4],
[14.8075,2.13662,-1.08316,6]
],
"reflector_prisms": [
],
"absorber_prisms": [
]
}