{
"time_step": 1e-05,
"number_of_molecules": 500000,
"diff_coef": 100,
"sim_time": 1.66667,
"absorbers": [
[9.45332,8.61863,2.31389,6],
[-0.303409,-0.999681,-11.9544,2]
],
"reflectors": [
[6.05223,7.52821,-12.7553,6]
],
"reflector_prisms": [
[-15.4764,-2.40788,-15.1739,-11.4764,2.59212,-10.1739]
],
"absorber_prisms": [
[-5.89345,-4.97393,8.6937,-1.89345,-2.97393,13.6937]
]
}