{"time_step": 1e-05, "number_of_molecules": 500000, "diff_coef": 200, "sim_time": 1.63333, "absorbers": [[14.0736, 3.39376, -10.6965, 4], [-7.44099, 5.89592, -15.2928, 7], [12.2575, 15.3781, 3.64258, 6]], "reflectors": [[-12.6043, -10.915, -11.0452, 5], [-14.2481, -4.40839, -1.59922, 4]], "reflector_prisms": [], "absorber_prisms": [], "line_of_sight": [[0, 0, 0, 0, 0, 499], [0, 0, 0, 0, 0, 502], [82, 0, 82, 0, 0, 498]]}