{"time_step": 1e-05, "number_of_molecules": 500000, "diff_coef": 400, "sim_time": 0.6, "absorbers": [[1.39038, -0.201017, 11.9175, 4], [0.236492, 8.49807, -14.7216, 5]], "reflectors": [], "reflector_prisms": [], "absorber_prisms": [], "line_of_sight": [[76, 76, 0, 0, 0, 499], [87, 87, 0, 0, 0, 498]]}