{"time_step": 1e-05, "number_of_molecules": 500000, "diff_coef": 200, "sim_time": 3.00833, "absorbers": [[3.327, -4.12237, 21.3527, 3], [15.3702, -0.712893, 12.7768, 6]], "reflectors": [[2.39565, -0.560425, -7.61228, 3]], "reflector_prisms": [[-6.64911, -7.40841, 8.48975, -0.649111, -4.40841, 13.4898], [-0.159093, 12.1406, 12.9901, 2.84091, 18.1406, 15.9901]], "absorber_prisms": [], "line_of_sight": [[0, 0, 0, 0, 0, 498], [0, 0, 0, 0, 0, 499]]}