{"time_step": 1e-05, "number_of_molecules": 500000, "diff_coef": 150, "sim_time": 2.84444, "absorbers": [[-0.0207589, 19.4629, 4.60383, 4], [-4.17691, 11.9459, -5.98731, 5]], "reflectors": [], "reflector_prisms": [], "absorber_prisms": [[-4.99127, -17.0554, -4.39339, -2.99127, -11.0554, -2.39339], [9.78684, -0.75153, 6.87651, 12.7868, 1.24847, 12.8765], [9.98877, -1.48607, -11.1804, 14.9888, 1.51393, -7.18044]], "line_of_sight": [[0, 0, 0, 0, 0, 501], [0, 0, 0, 0, 0, 501]]}