{
"time_step": 1e-05,
"number_of_molecules": 500000,
"diff_coef": 200,
"sim_time": 2.7,
"absorbers": [
[-8.24859,6.83759,9.01155,4],
[-20.8789,-0.407522,6.92145,4],
[-10.0636,2.14865,-19.445,7],
[6.86366,-3.11118,-9.33867,5],
[-14.6837,-6.28755,-0.925231,4],
[8.9409,11.7457,-20.1767,7]
],
"reflectors": [
[-7.14706,0.705877,-6.95854,4],
[-11.1247,0.776996,17.7943,4],
[5.7389,-9.069,-2.41208,4],
[12.8882,-14.0274,8.83886,7],
[13.8183,0.169861,-2.24162,5]
],
"reflector_prisms": [
],
"absorber_prisms": [
]
}