{"time_step": 1e-05, "number_of_molecules": 500000, "diff_coef": 200, "sim_time": 2.7, "absorbers": [[19.5938, 1.39603, 7.42511, 6], [-3.77979, 0.622197, 12.4228, 5], [-11.6253, -13.6381, -1.68985, 4], [5.89461, -3.39492, 21.9711, 5], [5.49845, -10.5874, 9.09249, 6]], "reflectors": [[4.38622, -5.87208, -10.7368, 5], [-1.25769, 12.8491, -1.52308, 5]], "reflector_prisms": [], "absorber_prisms": [], "line_of_sight": [[0, 0, 0, 0, 0, 497], [186, 17, 169, 0, 0, 501], [0, 0, 0, 0, 0, 496], [33, 33, 0, 0, 0, 499], [93, 0, 93, 0, 0, 496]]}