{"time_step": 1e-05, "number_of_molecules": 500000, "diff_coef": 200, "sim_time": 1.63333, "absorbers": [[8.56218, -14.4587, -8.86767, 7], [-5.06501, -7.62268, 7.76147, 6], [5.00694, 16.9284, -11.3736, 7]], "reflectors": [[19.4057, -11.6415, 7.99339, 6]], "reflector_prisms": [], "absorber_prisms": [], "line_of_sight": [[0, 0, 0, 0, 0, 498], [130, 130, 0, 0, 0, 504], [372, 372, 0, 0, 0, 504]]}