{
"time_step": 1e-05,
"number_of_molecules": 500000,
"diff_coef": 400,
"sim_time": 1.35,
"absorbers": [
[-6.68628,3.46761,-14.1163,7],
[0.329805,20.8516,7.0073,4],
[0.255381,-17.4075,-4.57307,4],
[-18.236,1.06004,-5.22742,4],
[-0.161989,0.695492,11.9787,7],
[-1.24697,-8.62185,-14.5982,4]
],
"reflectors": [
[-17.2396,-6.37101,10.159,7],
[21.5188,3.13302,3.33568,7],
[4.14514,12.5133,-4.71534,7],
[-8.82662,-2.90738,21.039,4],
[3.57991,-1.58078,-8.10465,4]
],
"reflector_prisms": [
],
"absorber_prisms": [
]
}