{
"time_step": 1e-05,
"number_of_molecules": 500000,
"diff_coef": 350,
"sim_time": 1.07143,
"absorbers": [
[4.78849,15.1538,-12.1421,5],
[11.6655,8.41083,15.3028,6]
],
"reflectors": [
],
"reflector_prisms": [
],
"absorber_prisms": [
[1.4836,-10.9142,3.43893,7.4836,-7.91416,8.43893],
[-12.1831,-11.9562,-0.374594,-8.1831,-9.95619,2.62541]
]
}