{"time_step": 1e-05, "number_of_molecules": 500000, "diff_coef": 300, "sim_time": 1.8, "absorbers": [[-6.03953, -13.7497, 19.9868, 7], [8.23755, 7.8037, -9.81045, 4], [4.05752, 18.5484, -0.701852, 7]], "reflectors": [[-0.539672, 0.339752, -13.9855, 7], [6.10958, 8.52826, 14.6268, 6]], "reflector_prisms": [], "absorber_prisms": [], "line_of_sight": [[276, 136, 140, 0, 0, 504], [148, 148, 0, 0, 0, 498], [0, 0, 0, 0, 0, 498]]}