{"time_step": 1e-05, "number_of_molecules": 500000, "diff_coef": 300, "sim_time": 1.25, "absorbers": [[-3.95218, 16.6791, -5.49421, 3]], "reflectors": [[-0.235676, 2.10294, 20.8931, 6], [10.7163, 5.29632, -9.06145, 5]], "reflector_prisms": [], "absorber_prisms": [[-13.2621, 9.67438, 1.60572, -11.2621, 15.6744, 5.60572]], "line_of_sight": [[0, 0, 0, 0, 0, 500]]}