{
"time_step": 1e-05,
"number_of_molecules": 500000,
"diff_coef": 250,
"sim_time": 2.16,
"absorbers": [
[-17.5589,9.8424,-8.87758,4],
[2.21308,-0.80771,18.8534,6],
[-14.5407,-1.52619,-3.35253,2],
[-3.12386,-15.5229,2.29773,6],
[7.63659,-0.545448,7.89842,3],
[-9.05466,-4.81021,-9.53284,6],
[2.26616,-6.272,-13.436,6]
],
"reflectors": [
[13.8562,-11.5463,-12.5971,6],
[-2.99752,11.3385,17.4199,2],
[5.90057,-12.505,-2.19274,4],
[12.1115,-5.94347,11.9158,5],
[18.8228,2.5777,0.239237,2],
[-0.996112,2.8245,-8.48705,4],
[-4.04006,7.06451,-16.0552,4]
],
"reflector_prisms": [
],
"absorber_prisms": [
]
}