{
"time_step": 1e-05,
"number_of_molecules": 500000,
"diff_coef": 200,
"sim_time": 3.00833,
"absorbers": [
[-1.11265,1.98441,11.7824,6],
[0.134821,-9.26224,10.4973,5],
[-17.9433,-11.1385,15.1649,7],
[24.1555,-6.41853,0.559855,7],
[15.9153,-11.3423,-7.68467,4],
[-11.7306,-1.11056,-13.6073,7]
],
"reflectors": [
[0.154636,7.60277,-14.0774,5],
[-13.0451,1.82981,18.8541,7],
[-9.68163,8.63477,7.53039,4]
],
"reflector_prisms": [
],
"absorber_prisms": [
]
}