{"time_step": 1e-05, "number_of_molecules": 500000, "diff_coef": 150, "sim_time": 2.5, "absorbers": [[-8.53839, 4.65287, 13.9444, 4], [-3.7876, -2.00419, -18.5105, 6], [-0.910083, 11.0696, 17.8223, 6], [-13.7182, 6.45607, -7.6897, 4], [0.795511, -3.7414, 14.5041, 4], [9.01522, -5.51044, -3.05955, 3], [-2.64859, 14.4095, -10.4571, 5]], "reflectors": [[18.8263, 6.70133, 0.813583, 6], [12.2216, 6.38319, 13.0724, 6], [-11.7131, -14.5239, -7.20131, 4], [-3.01752, -0.0975764, 23.8093, 6], [-8.35068, 2.40696, 2.33938, 4], [-11.4717, -11.2336, 15.0401, 4], [-8.31063, -9.78814, 2.03118, 6]], "reflector_prisms": [], "absorber_prisms": [], "line_of_sight": [[0, 0, 0, 0, 0, 501], [309, 191, 170, 0, 0, 500], [80, 80, 0, 0, 0, 499], [0, 0, 0, 0, 0, 501], [228, 151, 142, 0, 0, 498], [380, 0, 380, 0, 0, 500], [0, 0, 0, 0, 0, 499]]}