{"time_step": 1e-05, "number_of_molecules": 500000, "diff_coef": 200, "sim_time": 2.13333, "absorbers": [[14.9612, -1.97852, 11.5434, 5], [-7.99819, 9.59729, -9.99605, 7], [-12.1366, 11.3269, 3.66128, 6], [1.09551, 2.51597, -19.8108, 4], [-7.7854, -6.74553, 15.9651, 6]], "reflectors": [[9.39392, 15.346, -0.503847, 4], [5.02826, -15.0654, 6.06218, 7], [17.9815, -16.5731, 5.19586, 6]], "reflector_prisms": [], "absorber_prisms": [], "line_of_sight": [[119, 119, 0, 0, 0, 500], [285, 66, 248, 0, 0, 501], [105, 0, 111, 0, 0, 499], [80, 80, 0, 0, 0, 500], [46, 46, 0, 0, 0, 498]]}