{
"time_step": 1e-05,
"number_of_molecules": 500000,
"diff_coef": 200,
"sim_time": 1.63333,
"absorbers": [
[14.847,-3.44084,14.4474,7],
[-2.10295,-4.01922,-17.4191,6],
[7.75427,-5.88641,2.28506,5]
],
"reflectors": [
],
"reflector_prisms": [
],
"absorber_prisms": [
]
}