{
"time_step": 1e-05,
"number_of_molecules": 500000,
"diff_coef": 400,
"sim_time": 1.50417,
"absorbers": [
[10.1861,-4.21663,14.2289,3],
[11.7578,-2.30947,0.647797,4],
[3.05883,-12.843,9.03885,6],
[-7.21934,10.1161,10.0769,6],
[7.54392,18.2974,-15.2739,6],
[3.46868,7.57442,17.0762,4],
[-0.812034,-8.3869,-12.4097,2]
],
"reflectors": [
[6.74926,1.95535,-19.7895,2],
[-9.03805,-14.0873,10.9482,6],
[-13.2845,4.15969,-1.48978,2],
[-5.63711,5.88613,-14.919,4]
],
"reflector_prisms": [
],
"absorber_prisms": [
]
}