{
"time_step": 1e-05,
"number_of_molecules": 500000,
"diff_coef": 250,
"sim_time": 2.16,
"absorbers": [
[16.9978,7.48056,-4.01431,6],
[0.965163,4.31962,-12.2233,7],
[-9.6919,12.7754,-5.64409,7],
[-3.52851,-9.09785,-12.6799,7],
[-7.72726,-8.80571,13.6656,6],
[4.329,4.03364,22.2259,5]
],
"reflectors": [
[-0.0409832,-15.1769,5.06558,7],
[-18.9133,-6.35012,1.4006,4]
],
"reflector_prisms": [
],
"absorber_prisms": [
]
}