{
"time_step": 1e-05,
"number_of_molecules": 500000,
"diff_coef": 250,
"sim_time": 2.40667,
"absorbers": [
[11.8285,-0.444069,1.97196,5],
[-2.01057,-0.0284647,-18.8933,5],
[10.1169,20.2889,-3.87416,4]
],
"reflectors": [
],
"reflector_prisms": [
[9.67135,-14.3134,-4.07731,13.6713,-10.3134,1.92269],
[-9.76137,14.9529,-9.18492,-6.76137,16.9529,-3.18492]
],
"absorber_prisms": [
]
}