{
"time_step": 1e-05,
"number_of_molecules": 500000,
"diff_coef": 400,
"sim_time": 0.15,
"absorbers": [
[2.55278,5.79249,-7.74147,4]
],
"reflectors": [
[10.732,0.639164,2.32718,4],
[1.22521,-9.4372,-5.51708,4]
],
"reflector_prisms": [
],
"absorber_prisms": [
[-3.64598,5.84501,-0.762227,0.35402,11.845,1.23777],
[-9.02771,6.67305,-3.41666,-4.02771,9.67305,1.58334],
[-3.50238,-15.2627,12.2678,-0.502382,-10.2627,18.2678]
]
}