{"time_step": 1e-05, "number_of_molecules": 500000, "diff_coef": 400, "sim_time": 1.50417, "absorbers": [[-4.48657, 7.36777, -9.72556, 6], [0.937377, -2.66006, 10.6323, 6], [10.9308, -1.87466, -15.4273, 2], [10.3484, -11.626, -10.8971, 3], [11.3597, -4.91344, -6.54336, 2], [0.632743, -5.28584, -9.62598, 3], [-0.456346, 1.27857, 19.9539, 2], [5.78555, 4.49154, -19.6813, 2]], "reflectors": [[-5.61036, 6.42647, 5.21769, 2], [-7.54719, -1.05411, -15.1963, 4], [0.303817, 2.06624, -21.9006, 4], [6.02291, -16.8692, 1.77581, 2]], "reflector_prisms": [], "absorber_prisms": [], "line_of_sight": [[226, 226, 32, 0, 0, 498], [289, 211, 81, 0, 0, 501], [0, 0, 0, 0, 0, 501], [426, 0, 426, 0, 0, 498], [0, 0, 0, 0, 0, 497], [91, 91, 0, 0, 0, 500], [500, 500, 271, 0, 0, 500], [500, 500, 0, 0, 0, 500]]}