{"time_step": 1e-05, "number_of_molecules": 500000, "diff_coef": 300, "sim_time": 0.938889, "absorbers": [[-0.954357, 0.578115, -8.93056, 4], [-9.2213, -5.0454, -3.24215, 6], [13.7971, 7.12093, 6.92332, 4], [9.84559, 0.890199, -1.50728, 5]], "reflectors": [], "reflector_prisms": [], "absorber_prisms": [], "line_of_sight": [[0, 0, 0, 0, 0, 500], [167, 168, 0, 0, 0, 498], [502, 587, 0, 0, 0, 502], [181, 216, 0, 0, 0, 497]]}