{"time_step": 1e-05, "number_of_molecules": 500000, "diff_coef": 50, "sim_time": 10.8, "absorbers": [[3.61438, -18.7447, -5.96416, 2], [1.4856, -3.24732, 9.34066, 3], [11.8117, -6.44961, -10.3868, 5]], "reflectors": [[7.35339, -8.67167, 12.6384, 2]], "reflector_prisms": [], "absorber_prisms": [[9.53475, -13.653, -8.0849, 14.5347, -8.65297, -4.0849]], "line_of_sight": [[0, 0, 0, 0, 0, 495], [19, 0, 19, 0, 0, 501], [35, 0, 0, 35, 0, 500]]}