{"time_step": 1e-05, "number_of_molecules": 500000, "diff_coef": 300, "sim_time": 2.00556, "absorbers": [[3.27389, 7.67959, -18.1743, 4], [1.28367, -1.69639, -24.9093, 6], [21.9974, -8.97613, 3.39726, 6], [7.30615, -4.61529, 5.03183, 5], [0.64374, -0.575095, 17.9793, 4]], "reflectors": [[-5.02793, -2.5639, -11.7109, 5], [-17.4654, 9.43187, 9.48676, 4], [0.799806, -18.796, 2.65874, 6], [-2.37301, 12.4483, 8.02549, 5], [18.3818, 8.57, 10.8473, 5]], "reflector_prisms": [], "absorber_prisms": [], "line_of_sight": [[12, 12, 0, 0, 0, 502], [290, 228, 151, 0, 0, 500], [309, 309, 0, 0, 0, 502], [112, 85, 27, 0, 0, 499], [379, 287, 176, 0, 0, 499]]}