{"time_step": 1e-05, "number_of_molecules": 500000, "diff_coef": 150, "sim_time": 1.6, "absorbers": [[-6.0407, 0.676387, -13.7132, 3]], "reflectors": [[9.84353, 8.96129, 4.33592, 6], [-8.10693, 5.87683, 12.4796, 2]], "reflector_prisms": [], "absorber_prisms": [[-19.3852, -1.96644, -4.18023, -14.3852, 4.03356, 0.819766], [0.379091, 7.11686, -1.65947, 4.37909, 9.11686, 3.34053], [1.25596, 14.647, 7.5601, 5.25596, 18.647, 9.5601]], "line_of_sight": [[0, 0, 0, 0, 0, 502]]}