{"time_step": 1e-05, "number_of_molecules": 500000, "diff_coef": 250, "sim_time": 0.326667, "absorbers": [[0.0673576, -0.758048, -11.9758, 5], [-7.78798, 5.10008, 3.65193, 5]], "reflectors": [], "reflector_prisms": [[-2.16298, 12.2766, 10.5835, 1.83702, 15.2766, 12.5835], [-17.273, -8.8719, -9.13638, -11.273, -6.8719, -6.13638]], "absorber_prisms": [[-8.16559, -6.08552, 3.22816, -6.16559, -3.08552, 5.22816]], "line_of_sight": [[0, 0, 0, 0, 0, 498], [0, 0, 0, 0, 0, 497]]}