{
"time_step": 1e-05,
"number_of_molecules": 500000,
"diff_coef": 150,
"sim_time": 0.4,
"absorbers": [
[1.04408,-1.67868,8.7802,3]
],
"reflectors": [
[11.9282,-8.18238,-3.97063,4],
[9.16734,2.89046,-17.5387,3],
[-2.71466,-2.24401,-21.7162,3],
[-2.62276,2.30061,-16.6382,2],
[-15.9216,-12.6919,-5.13977,3]
],
"reflector_prisms": [
],
"absorber_prisms": [
]
}