{"time_step": 1e-05, "number_of_molecules": 500000, "diff_coef": 150, "sim_time": 1.11111, "absorbers": [[12.0767, 1.59171, 10.3741, 6]], "reflectors": [[-2.06663, 13.9251, -19.4376, 5], [0.089827, 0.0275486, 16.9997, 2]], "reflector_prisms": [], "absorber_prisms": [[4.13333, -10.0155, -2.71989, 7.13333, -4.0155, 2.28011], [11.6246, -9.57355, 2.42259, 16.6246, -5.57355, 5.42259], [7.52071, -6.86992, -13.0272, 13.5207, -2.86992, -9.02717]], "line_of_sight": [[0, 0, 0, 0, 0, 499]]}