{
"time_step": 1e-05,
"number_of_molecules": 500000,
"diff_coef": 400,
"sim_time": 1.50417,
"absorbers": [
[8.04425,-8.8205,1.22019,2],
[-2.32146,-0.920839,16.8156,4],
[1.82058,2.20068,-22.822,5],
[0.738613,-17.2357,16.6849,5],
[7.98832,-0.45552,-19.416,2],
[0.0341582,-9.13423,6.129,4],
[2.57586,-0.9888,-9.61183,4],
[-5.291,-0.479193,-15.0922,3]
],
"reflectors": [
[1.4745,6.1151,6.43673,2],
[-4.87182,4.55098,7.45345,3],
[3.71099,-7.62508,15.8772,5],
[10.2758,4.7569,21.1608,5],
[11.3735,-20.4954,-5.15558,5],
[2.9983,17.9211,-10.5283,4],
[11.2623,5.37023,8.32596,6]
],
"reflector_prisms": [
],
"absorber_prisms": [
]
}