{"time_step": 1e-05, "number_of_molecules": 500000, "diff_coef": 50, "sim_time": 4.03333, "absorbers": [[3.09526, -2.07753, -12.454, 2]], "reflectors": [], "reflector_prisms": [[0.660504, 6.31608, 7.70457, 2.6605, 11.3161, 9.70457], [-7.92966, 7.82859, -13.9471, -2.92966, 12.8286, -7.9471], [11.612, -10.8188, 11.3748, 15.612, -5.81879, 14.3748], [-7.58438, 1.95782, 2.90571, -3.58438, 3.95782, 6.90571]], "absorber_prisms": [[-1.13253, -7.31845, 7.44953, 3.86747, -3.31845, 10.4495]], "line_of_sight": [[0, 0, 0, 0, 0, 500]]}