{
"time_step": 1e-05,
"number_of_molecules": 500000,
"diff_coef": 200,
"sim_time": 3.00833,
"absorbers": [
[-12.2552,-5.31365,13.5121,6],
[-19.7084,2.87724,-9.34352,4],
[-9.67254,5.8835,17.6869,5],
[1.34945,6.78035,21.9364,4],
[-1.4743,14.8101,5.87261,6],
[-0.770827,0.808258,-12.9519,5]
],
"reflectors": [
[-23.1852,5.39242,7.63984,7],
[9.9985,1.99469,-8.06544,6],
[-5.79317,0.593381,8.12939,4],
[12.8198,5.27756,5.72717,6],
[2.40144,7.60837,-22.6351,7]
],
"reflector_prisms": [
],
"absorber_prisms": [
]
}