{
"time_step": 1e-05,
"number_of_molecules": 500000,
"diff_coef": 100,
"sim_time": 2.01667,
"absorbers": [
[0.610719,-0.959048,13.9538,3]
],
"reflectors": [
[0.907318,-0.0650373,6.94064,2]
],
"reflector_prisms": [
],
"absorber_prisms": [
[-7.62054,11.6949,13.5173,-3.62054,14.6949,18.5173],
[9.55546,4.98667,-0.0693222,14.5555,7.98667,5.93068],
[-8.55302,3.75466,8.42202,-4.55302,6.75466,11.422],
[3.72815,-7.25678,-11.0828,5.72815,-5.25678,-7.0828]
]
}