{"time_step": 1e-05, "number_of_molecules": 500000, "diff_coef": 250, "sim_time": 1.30667, "absorbers": [[5.75962, 18.2672, -5.7565, 6], [0.611011, -0.646565, -14.9736, 2], [-13.9472, 2.5088, -9.39049, 4]], "reflectors": [[12.6239, 1.87726, 15.3985, 5]], "reflector_prisms": [[-6.16888, -12.8757, -2.71319, -1.16888, -8.87569, 1.28681]], "absorber_prisms": [], "line_of_sight": [[0, 0, 0, 0, 0, 503], [0, 0, 0, 0, 0, 499], [98, 0, 98, 0, 0, 502]]}