{"time_step": 1e-05, "number_of_molecules": 500000, "diff_coef": 100, "sim_time": 3.75, "absorbers": [[-7.05733, -5.92064, 10.5423, 2], [0.238592, -0.193918, -20.9977, 6]], "reflectors": [], "reflector_prisms": [], "absorber_prisms": [[-11.5693, -20.7051, -7.48805, -6.56925, -16.7051, -3.48805], [-21.0975, -7.63291, -0.677384, -15.0975, -3.63291, 3.32262]], "line_of_sight": [[0, 0, 0, 0, 0, 501], [0, 0, 0, 0, 0, 500]]}