{"time_step": 1e-05, "number_of_molecules": 500000, "diff_coef": 350, "sim_time": 0.804762, "absorbers": [[-0.4995, 0.976826, -14.9598, 2]], "reflectors": [[3.68886, -9.89722, 14.5752, 4], [0.223659, 1.48346, 24.9549, 6], [-7.4243, -11.8693, 0.0239958, 2], [3.51956, -3.09784, -21.4946, 4]], "reflector_prisms": [], "absorber_prisms": [], "line_of_sight": [[437, 0, 493, 0, 0, 499]]}