{"time_step": 1e-05, "number_of_molecules": 500000, "diff_coef": 250, "sim_time": 0.426667, "absorbers": [[-13.1975, -3.03658, -3.55025, 6]], "reflectors": [[6.86107, 11.8902, 11.6426, 2], [15.7681, 2.43225, 1.20441, 2]], "reflector_prisms": [], "absorber_prisms": [], "line_of_sight": [[9, 0, 9, 0, 0, 500]]}