{
"time_step": 1e-05,
"number_of_molecules": 500000,
"diff_coef": 400,
"sim_time": 1.50417,
"absorbers": [
[5.00451,0.750162,-23.4604,5],
[-10.9349,-4.15377,-12.3359,2],
[2.58014,-3.79854,13.2255,6]
],
"reflectors": [
[-3.15816,10.5027,0.848695,3]
],
"reflector_prisms": [
[15.7732,8.55374,-10.9657,18.7732,13.5537,-4.96568]
],
"absorber_prisms": [
]
}