{"time_step": 1e-05, "number_of_molecules": 500000, "diff_coef": 150, "sim_time": 2.84444, "absorbers": [[10.2543, -14.7113, -1.5575, 2]], "reflectors": [[8.85612, -1.56423, -6.33422, 2], [-10.9214, -4.08514, 2.83471, 2]], "reflector_prisms": [[-20.3619, 1.88135, -9.50291, -18.3619, 7.88135, -3.50291]], "absorber_prisms": [[-14.7973, -14.898, 1.39428, -9.7973, -11.898, 5.39428]], "line_of_sight": [[0, 0, 0, 0, 0, 498]]}