{"time_step": 1e-05, "number_of_molecules": 500000, "diff_coef": 300, "sim_time": 0.272222, "absorbers": [[-7.12371, -9.08168, 7.92312, 7]], "reflectors": [[-3.79482, 0.508278, 24.7051, 7]], "reflector_prisms": [], "absorber_prisms": [], "line_of_sight": [[0, 0, 0, 0, 0, 498]]}