{
"time_step": 1e-05,
"number_of_molecules": 500000,
"diff_coef": 100,
"sim_time": 6.01667,
"absorbers": [
[-8.80358,10.6038,-17.1481,5],
[-9.23357,13.297,-5.18955,6],
[-0.271613,-3.45042,-17.6641,7],
[21.8941,-9.81709,-0.521351,5],
[14.6884,-10.9167,13.9312,7],
[12.8181,-2.04363,-0.720254,4]
],
"reflectors": [
[0.0330388,0.792775,12.9758,6],
[-7.49374,-6.50976,-1.21116,5],
[4.15031,-9.00572,8.40665,4],
[0.711022,11.5286,-12.4734,4],
[-18.0568,9.30099,5.33336,5]
],
"reflector_prisms": [
],
"absorber_prisms": [
]
}