{
"time_step": 1e-05,
"number_of_molecules": 500000,
"diff_coef": 100,
"sim_time": 5.4,
"absorbers": [
[2.8071,16.5826,-6.41378,4],
[0.121512,1.03006,23.9776,6]
],
"reflectors": [
[15.4484,-10.993,1.22556,5],
[-9.70681,-17.768,5.57446,4],
[-9.75212,1.50316,18.5374,2]
],
"reflector_prisms": [
],
"absorber_prisms": [
]
}