{"time_step": 1e-05, "number_of_molecules": 500000, "diff_coef": 350, "sim_time": 1.37619, "absorbers": [[-4.14067, -13.6476, -16.7511, 5]], "reflectors": [[1.68465, -20.5029, 12.3609, 5]], "reflector_prisms": [[-12.6069, 7.01215, 1.56494, -8.60695, 11.0122, 6.56494], [-4.39069, -1.25947, -10.7805, 0.609312, 2.74053, -7.78046], [-9.36431, -22.5354, -3.00438, -3.36431, -19.5354, 0.995621]], "absorber_prisms": [[1.08779, 3.22732, -7.16153, 6.08779, 7.22732, -4.16153]], "line_of_sight": [[0, 0, 0, 0, 0, 496]]}