{
"time_step": 1e-05,
"number_of_molecules": 500000,
"diff_coef": 250,
"sim_time": 0.426667,
"absorbers": [
[0.224595,-0.661952,-9.97554,2]
],
"reflectors": [
[13.8882,5.00995,6.16591,6]
],
"reflector_prisms": [
[-15.0417,-8.69776,4.59621,-11.0417,-5.69776,9.59621]
],
"absorber_prisms": [
]
}