{
"time_step": 1e-05,
"number_of_molecules": 500000,
"diff_coef": 250,
"sim_time": 1.70667,
"absorbers": [
[-8.18405,6.50665,10.7557,2],
[6.06732,5.0561,-19.4583,5],
[0.375325,4.25906,14.3777,5]
],
"reflectors": [
[0.196264,5.69146,5.61861,3]
],
"reflector_prisms": [
[-2.55324,-7.3409,3.67504,2.44676,-4.3409,8.67504]
],
"absorber_prisms": [
]
}