{
"time_step": 1e-05,
"number_of_molecules": 500000,
"diff_coef": 150,
"sim_time": 4.01111,
"absorbers": [
[11.6129,6.08671,-7.28646,7],
[2.64521,-4.83856,-13.9496,5],
[-11.0098,-4.92456,21.8982,6],
[-0.00360711,0.862671,23.9845,5],
[-14.1672,7.13832,2.08223,5]
],
"reflectors": [
[1.72929,14.8988,0.185078,4],
[10.6921,-3.52295,11.3696,6],
[12.21,-16.1765,-5.49882,7]
],
"reflector_prisms": [
],
"absorber_prisms": [
]
}