{
"time_step": 1e-05,
"number_of_molecules": 500000,
"diff_coef": 300,
"sim_time": 2.00556,
"absorbers": [
[2.47805,-10.7083,4.81579,6],
[2.1774,-0.209251,14.8396,5],
[-0.0174399,0.76415,-11.9756,2],
[14.9477,-3.59443,-19.7141,6],
[-10.6637,2.47666,1.07293,2],
[17.4642,12.7569,-4.03297,6],
[12.555,-9.87699,-0.904231,3]
],
"reflectors": [
[3.85982,-6.02791,-14.3097,2],
[-5.70302,9.72016,6.48028,6],
[-12.8847,0.337916,5.46545,2]
],
"reflector_prisms": [
],
"absorber_prisms": [
]
}