{
"time_step": 1e-05,
"number_of_molecules": 500000,
"diff_coef": 300,
"sim_time": 2.00556,
"absorbers": [
[-15.8279,-20.5563,1.70779,7],
[9.56565,-12.2189,10.9635,7],
[0.267341,-2.44349,-9.69319,5],
[-0.204276,-0.40931,17.9942,5],
[12.9244,4.71644,18.4313,4]
],
"reflectors": [
[-13.051,-1.03586,13.7695,4],
[8.44847,10.814,10.034,5],
[-8.57578,-0.0497381,-13.5075,4]
],
"reflector_prisms": [
],
"absorber_prisms": [
]
}