{"time_step": 1e-05, "number_of_molecules": 500000, "diff_coef": 250, "sim_time": 1.30667, "absorbers": [[4.22906, -7.71482, 16.8403, 5], [-3.64954, 9.611, -7.95673, 7]], "reflectors": [[-6.70607, -0.0271191, 7.41808, 4]], "reflector_prisms": [], "absorber_prisms": [], "line_of_sight": [[326, 326, 0, 0, 0, 499], [84, 84, 0, 0, 0, 500]]}