{"time_step": 1e-05, "number_of_molecules": 500000, "diff_coef": 300, "sim_time": 1.42222, "absorbers": [[-1.10423, -2.18641, 15.8114, 5], [-5.70105, 9.08337, 13.1905, 5], [-9.36149, -7.66703, 17.1633, 5], [11.9748, -8.86816, 1.72014, 6]], "reflectors": [[-2.87097, -19.6155, -13.5274, 5], [1.60161, -5.27429, -11.7736, 6], [-6.09214, 5.0115, -4.33252, 4]], "reflector_prisms": [], "absorber_prisms": [], "line_of_sight": [[217, 57, 160, 0, 0, 499], [356, 0, 356, 0, 0, 501], [75, 75, 0, 0, 0, 503], [216, 0, 216, 0, 0, 501]]}