{"time_step": 1e-05, "number_of_molecules": 500000, "diff_coef": 250, "sim_time": 2.16, "absorbers": [[4.90034, 0.993587, -15.1987, 6], [-11.8148, 2.09044, -0.202662, 4], [8.56855, -16.6989, 2.95392, 6], [7.0649, 8.51842, 11.5552, 7], [-16.5523, 14.4616, -9.63755, 6], [20.4656, -4.6695, 0.59599, 4]], "reflectors": [[-14.3907, -9.00917, -0.861604, 6], [20.8113, -1.35079, 11.8771, 6], [0.351778, -14.1862, 16.8115, 4], [-3.61788, 12.3622, -1.75729, 6], [-16.8449, 0.440382, 14.144, 5]], "reflector_prisms": [], "absorber_prisms": [], "line_of_sight": [[34, 0, 34, 0, 0, 497], [99, 45, 54, 0, 0, 500], [474, 86, 439, 0, 0, 503], [5, 0, 5, 0, 0, 500], [127, 112, 116, 0, 0, 499], [499, 499, 0, 0, 0, 499]]}