{"time_step": 1e-05, "number_of_molecules": 500000, "diff_coef": 50, "sim_time": 12.0333, "absorbers": [[-1.0273, -1.46849, -13.8848, 5], [-5.51443, 1.20223, 11.7109, 4], [12.3023, -3.69967, -9.53759, 4], [-16.2345, 2.29523, 9.6006, 3], [21.5917, 9.93113, -3.34226, 5], [-3.89036, -9.00294, -9.9906, 2], [11.0017, 4.42248, 1.84519, 5], [-5.70082, 14.9498, -0.0730291, 2]], "reflectors": [[0.726268, 9.45253, -3.18154, 2], [3.48445, 7.5125, -5.60544, 2], [-13.7019, -12.38, -15.3295, 5], [-1.43002, -17.7192, 12.9609, 3], [-6.63665, 6.62289, -5.75259, 5]], "reflector_prisms": [], "absorber_prisms": [], "line_of_sight": [[94, 94, 0, 0, 0, 499], [172, 172, 0, 0, 0, 500], [202, 202, 0, 0, 0, 500], [330, 330, 0, 0, 0, 502], [364, 364, 0, 0, 0, 495], [40, 0, 40, 0, 0, 501], [97, 87, 10, 0, 0, 498], [0, 0, 0, 0, 0, 499]]}