{"time_step": 1e-05, "number_of_molecules": 500000, "diff_coef": 200, "sim_time": 0.833333, "absorbers": [[11.8897, -1.43472, -0.759292, 2]], "reflectors": [[15.5221, 0.49157, -15.5827, 3], [4.53286, -9.49504, 3.20895, 4]], "reflector_prisms": [], "absorber_prisms": [[-11.5043, -3.93149, -1.78924, -5.50428, -1.93149, 1.21076], [14.8413, -3.52575, -0.740901, 20.8413, -0.525747, 3.2591]], "line_of_sight": [[0, 0, 0, 0, 0, 503]]}