{"time_step": 1e-05, "number_of_molecules": 500000, "diff_coef": 300, "sim_time": 1.42222, "absorbers": [[4.00922, -12.5981, 10.6871, 3], [-1.81373, -1.52315, -10.742, 5], [-17.0108, -5.49939, -6.43343, 6], [18.149, 3.5548, 9.94882, 6], [-6.93559, -17.5811, -1.95015, 5], [0.590382, 1.0078, 11.943, 4], [-0.0678618, 8.33487, 18.1804, 4]], "reflectors": [[-6.8776, 7.01784, -1.85702, 3], [-0.627157, 4.86382, -6.3206, 2], [5.1787, 14.2205, 9.74459, 6]], "reflector_prisms": [], "absorber_prisms": [], "line_of_sight": [[193, 0, 193, 0, 0, 498], [163, 172, 0, 0, 0, 498], [216, 216, 0, 0, 0, 502], [272, 272, 0, 0, 0, 501], [110, 0, 110, 0, 0, 501], [502, 594, 0, 0, 0, 502], [384, 588, 0, 0, 0, 500]]}