{
"time_step": 1e-05,
"number_of_molecules": 500000,
"diff_coef": 250,
"sim_time": 1.12667,
"absorbers": [
[2.48632,-8.47125,-1.74815,4],
[4.72663,13.0633,1.73468,6],
[-7.53256,0.0097503,-15.2401,5],
[13.7044,-5.79091,-10.1319,5]
],
"reflectors": [
[0.399997,0.537373,24.991,6]
],
"reflector_prisms": [
],
"absorber_prisms": [
]
}