{
"time_step": 1e-05,
"number_of_molecules": 500000,
"diff_coef": 350,
"sim_time": 1.37619,
"absorbers": [
[11.7528,11.3045,11.5793,3]
],
"reflectors": [
[-11.4838,18.5416,2.88638,5],
[6.28693,-0.900672,16.8423,2],
[7.40866,9.08932,-7.64827,6],
[3.55055,-16.6247,-0.11044,2]
],
"reflector_prisms": [
],
"absorber_prisms": [
[-15.3164,-13.6145,-16.9286,-11.3164,-7.6145,-10.9286]
]
}