{"time_step": 1e-05, "number_of_molecules": 500000, "diff_coef": 400, "sim_time": 1.20417, "absorbers": [[-13.4414, -7.99535, 16.8643, 6], [5.06632, 4.6403, -11.0363, 2], [-18.9903, 0.45024, -0.409028, 5], [9.04244, -0.855473, 7.84235, 5], [-6.22699, -5.05601, -8.92532, 4], [-6.59557, 11.5869, -6.87337, 3], [-3.189, -0.923745, 16.6726, 2], [11.5046, 7.07213, -3.69177, 4]], "reflectors": [[-15.2768, 14.1503, -7.09847, 3]], "reflector_prisms": [], "absorber_prisms": [], "line_of_sight": [[102, 102, 0, 0, 0, 497], [260, 260, 0, 0, 0, 501], [5, 5, 0, 0, 0, 499], [100, 100, 0, 0, 0, 500], [131, 131, 0, 0, 0, 501], [24, 0, 24, 0, 0, 499], [0, 0, 0, 0, 0, 503], [0, 0, 0, 0, 0, 501]]}