{
"time_step": 1e-05,
"number_of_molecules": 500000,
"diff_coef": 400,
"sim_time": 0.104167,
"absorbers": [
[5.32324,-3.61804,4.7511,3]
],
"reflectors": [
[-0.473901,-17.64,-11.3844,2]
],
"reflector_prisms": [
],
"absorber_prisms": [
[-5.95212,-6.13216,15.387,-3.95212,-1.13216,17.387],
[-12.7262,3.96571,11.8874,-7.72615,7.96571,13.8874],
[-13.99,14.647,-11.652,-8.98997,18.647,-5.65201]
]
}