{
"time_step": 1e-05,
"number_of_molecules": 500000,
"diff_coef": 250,
"sim_time": 2.16,
"absorbers": [
[0.144982,-4.00108,12.3681,6],
[14.6452,-13.005,13.8704,6],
[-3.73601,-4.62456,-11.561,3],
[7.85612,7.90153,18.9696,4]
],
"reflectors": [
[-3.18332,-13.6269,0.416759,3],
[2.56234,0.662789,-15.7796,6],
[4.32956,17.8059,5.02032,3],
[10.9448,0.0912959,4.91971,5],
[-10.816,-3.60589,9.74742,3],
[0.444808,-0.317908,20.9929,3]
],
"reflector_prisms": [
],
"absorber_prisms": [
]
}