{"time_step": 1e-05, "number_of_molecules": 500000, "diff_coef": 50, "sim_time": 8.53333, "absorbers": [[-9.53693, 0.503518, 16.4254, 3]], "reflectors": [[5.897, -5.00446, -2.04469, 2], [-11.1048, 0.0274573, 8.52535, 2], [-0.745745, 5.19653, 8.51117, 3]], "reflector_prisms": [[3.31491, 5.12783, 8.35291, 6.31491, 8.12783, 14.3529], [2.45491, -2.95796, -12.9669, 7.45491, 2.04204, -9.96687]], "absorber_prisms": [], "line_of_sight": [[0, 0, 0, 0, 0, 501]]}