{
"time_step": 1e-05,
"number_of_molecules": 500000,
"diff_coef": 250,
"sim_time": 0.666667,
"absorbers": [
[12.9089,4.87574,-8.09855,6]
],
"reflectors": [
],
"reflector_prisms": [
[-7.28977,7.83992,-21.1886,-2.28977,10.8399,-15.1886],
[6.00452,-4.23876,-0.229665,10.0045,0.761236,4.77033]
],
"absorber_prisms": [
[-0.757653,12.5821,-5.38625,1.24235,14.5821,-1.38625]
]
}