{"time_step": 1e-05, "number_of_molecules": 500000, "diff_coef": 300, "sim_time": 1.8, "absorbers": [[-0.846896, 20.6561, -3.68888, 5], [9.68622, -6.52954, -5.70458, 3], [12.9353, -9.01154, -13.8734, 3], [-4.3883, -3.73753, 10.5249, 2], [7.68182, 0.658372, -22.7279, 6], [-2.37338, -12.5713, 2.3085, 6], [10.5162, 4.67212, -3.40319, 3], [11.4284, -12.6365, 13.918, 5]], "reflectors": [[-9.66629, 5.23226, -11.627, 5], [-2.51701, 7.70749, -5.85314, 4]], "reflector_prisms": [], "absorber_prisms": [], "line_of_sight": [[498, 498, 129, 0, 0, 498], [77, 77, 0, 0, 0, 496], [157, 157, 0, 0, 0, 500], [155, 155, 0, 0, 0, 498], [85, 85, 0, 0, 0, 501], [145, 47, 109, 0, 0, 500], [0, 0, 0, 0, 0, 500], [454, 0, 513, 0, 0, 497]]}