{
"time_step": 1e-05,
"number_of_molecules": 500000,
"diff_coef": 100,
"sim_time": 1.35,
"absorbers": [
[11.1712,1.55897,4.09549,4],
[-7.80255,3.96036,9.61436,4],
[6.10701,-5.29524,-3.95789,3]
],
"reflectors": [
[-1.10246,8.74389,19.0612,5]
],
"reflector_prisms": [
[-3.54398,-4.92529,15.3199,0.456018,1.07471,18.3199]
],
"absorber_prisms": [
]
}