{"time_step": 1e-05, "number_of_molecules": 500000, "diff_coef": 250, "sim_time": 2.16, "absorbers": [[23.9686, 0.125501, -1.22004, 6]], "reflectors": [[-1.54152, -7.36455, 6.58689, 5]], "reflector_prisms": [[-5.7817, -1.76708, 12.1994, 0.218297, 0.232921, 15.1994]], "absorber_prisms": [[15.4545, 3.56834, 3.82856, 20.4545, 7.56834, 9.82856]], "line_of_sight": [[0, 0, 0, 0, 0, 501]]}