{"time_step": 1e-05, "number_of_molecules": 500000, "diff_coef": 350, "sim_time": 1.54286, "absorbers": [[-3.16714, -0.682377, 21.7601, 4], [-7.89484, 9.8612, -8.08877, 4], [0.227172, -4.94577, -18.3436, 5]], "reflectors": [[4.05726, -6.54956, 16.2678, 4], [6.57869, 15.4491, -10.8649, 6]], "reflector_prisms": [], "absorber_prisms": [], "line_of_sight": [[148, 148, 0, 0, 0, 499], [0, 0, 0, 0, 0, 505], [84, 84, 0, 0, 0, 501]]}