{
"time_step": 1e-05,
"number_of_molecules": 500000,
"diff_coef": 350,
"sim_time": 1.54286,
"absorbers": [
[8.7698,-2.73878,-6.04894,4],
[-1.87592,0.227268,-20.9148,3],
[4.72786,-6.96526,-3.18315,2],
[2.41029,-7.4164,6.25999,4],
[0.801689,7.16476,-10.8177,5],
[-2.21956,18.8636,-8.95754,6],
[12.4623,-1.38553,-16.8455,5],
[-2.74993,-9.68693,-11.1176,2]
],
"reflectors": [
[-1.79857,-0.921118,16.8795,2],
[-0.0686235,-0.0672428,7.99942,3],
[-12.4618,18.0345,6.96139,4],
[-11.1534,9.86612,-1.80601,2]
],
"reflector_prisms": [
],
"absorber_prisms": [
]
}