{
"time_step": 1e-05,
"number_of_molecules": 500000,
"diff_coef": 150,
"sim_time": 2.5,
"absorbers": [
[-0.306471,0.741716,-6.95384,2],
[-18.293,-2.82464,-9.91908,6]
],
"reflectors": [
],
"reflector_prisms": [
[-1.94031,5.6292,10.4504,3.05969,8.6292,12.4504],
[3.68245,2.94606,-2.24647,5.68245,5.94606,0.753535]
],
"absorber_prisms": [
[-6.57072,-4.18151,-17.3199,-0.570718,-1.18151,-11.3199],
[-7.64171,-13.0672,8.81345,-4.64171,-7.06722,12.8134]
]
}