{
"time_step": 1e-05,
"number_of_molecules": 500000,
"diff_coef": 100,
"sim_time": 5.4,
"absorbers": [
[-0.444493,-11.8501,-1.83751,7],
[-5.77088,-2.3897,-7.80938,4],
[3.19761,-7.55914,13.7344,6],
[12.3661,-5.79208,-3.08717,6],
[2.51093,3.94707,23.5397,6],
[5.77821,-3.54926,-20.9288,7]
],
"reflectors": [
[12.0056,1.41221,10.4819,5],
[6.57994,11.3485,-9.16062,7],
[22.4112,3.28018,3.99753,5],
[9.37702,11.4779,14.8771,6]
],
"reflector_prisms": [
],
"absorber_prisms": [
]
}