{
"time_step": 1e-05,
"number_of_molecules": 500000,
"diff_coef": 300,
"sim_time": 0.672222,
"absorbers": [
[-12.1531,-1.37632,6.81225,3]
],
"reflectors": [
[11.3719,-12.4501,6.29883,3]
],
"reflector_prisms": [
[-7.07427,-5.43303,-9.59289,-3.07427,-1.43303,-3.59289],
[1.37714,1.37806,-11.236,4.37714,3.37806,-6.23595],
[-17.4596,3.80836,1.67474,-15.4596,6.80836,3.67474],
[-15.3784,-0.495267,0.0820636,-13.3784,2.50473,3.08206]
],
"absorber_prisms": [
]
}