{
"time_step": 1e-05,
"number_of_molecules": 500000,
"diff_coef": 350,
"sim_time": 1.71905,
"absorbers": [
[-7.18961,5.65267,14.3303,5],
[-7.6715,11.6172,1.47981,6],
[13.371,-6.86835,-7.93994,4],
[-3.63663,-12.0314,-8.18657,7],
[12.5301,16.5637,-13.9154,6],
[6.17489,-1.60201,18.9553,6]
],
"reflectors": [
[-2.50467,-9.51252,8.49933,5],
[-6.50977,18.2408,-15.8081,6],
[-13.9757,-0.0571506,7.78951,6],
[5.24637,4.57269,-10.9803,6]
],
"reflector_prisms": [
],
"absorber_prisms": [
]
}