{
"time_step": 1e-05,
"number_of_molecules": 500000,
"diff_coef": 100,
"sim_time": 4.81667,
"absorbers": [
[3.07885,-16.0301,9.72407,2]
],
"reflectors": [
[14.7907,-12.0713,10.9325,4],
[4.09772,-9.73753,-9.18636,4],
[0.458889,-7.15542,6.97061,3]
],
"reflector_prisms": [
],
"absorber_prisms": [
[-1.11425,-13.6668,12.1339,2.88575,-11.6668,16.1339],
[-3.50965,-1.98175,-14.45,2.49035,4.01825,-11.45]
]
}