{"time_step": 1e-05, "number_of_molecules": 500000, "diff_coef": 200, "sim_time": 0.675, "absorbers": [[-0.386132, -1.24334, 10.9227, 2]], "reflectors": [[-9.34655, -10.423, -0.0549777, 5]], "reflector_prisms": [], "absorber_prisms": [[2.82768, -0.708956, -7.00677, 6.82768, 2.29104, -3.00677], [-1.67384, -16.747, -5.00448, 4.32616, -14.747, -0.00448373]], "line_of_sight": [[0, 0, 0, 0, 0, 501]]}