{"time_step": 1e-05, "number_of_molecules": 500000, "diff_coef": 400, "sim_time": 1.35, "absorbers": [[2.06959, 1.31274, -21.8631, 7], [5.59127, 9.52097, -6.86213, 5], [-10.8062, 21.1323, 3.55676, 7], [8.38722, 4.09593, 19.9218, 4], [-11.5888, 8.42559, -16.6946, 5], [8.55758, -6.65221, 8.86092, 7]], "reflectors": [], "reflector_prisms": [], "absorber_prisms": [], "line_of_sight": [[0, 0, 0, 0, 0, 497], [0, 0, 0, 0, 0, 497], [0, 0, 0, 0, 0, 496], [0, 0, 0, 0, 0, 499], [503, 503, 0, 0, 0, 503], [20, 20, 0, 0, 0, 501]]}