{
"time_step": 1e-05,
"number_of_molecules": 500000,
"diff_coef": 350,
"sim_time": 0.57619,
"absorbers": [
[-7.65717,-7.81772,-10.2592,4]
],
"reflectors": [
],
"reflector_prisms": [
],
"absorber_prisms": [
[-12.102,8.86924,-3.16759,-9.102,10.8692,1.83241],
[1.74326,10.6752,-5.08346,7.74326,14.6752,-2.08346],
[-2.76197,2.77967,-15.8398,3.23803,8.77967,-11.8398],
[-1.19586,-0.114872,-11.8262,3.80414,2.88513,-8.82621],
[-8.22341,6.14373,2.24337,-5.22341,8.14373,5.24337]
]
}