{
"time_step": 1e-05,
"number_of_molecules": 500000,
"diff_coef": 200,
"sim_time": 2.13333,
"absorbers": [
[3.53729,-10.7419,4.01228,2],
[-0.64773,-5.95519,-8.00725,5],
[5.24011,-11.5263,15.4818,4],
[-2.99365,5.89438,8.79172,4],
[1.39348,-10.7878,-1.63736,3],
[-18.6179,-11.3174,-3.04809,6],
[-1.05544,12.8231,1.85843,2],
[13.7436,2.41938,7.82691,3]
],
"reflectors": [
[0.145589,-0.826482,8.96079,3],
[7.39327,-7.70877,-10.5316,3],
[2.33817,18.8552,0.112822,4],
[12.85,-1.87556,-5.2306,4],
[-0.0466292,0.050836,21.9999,5]
],
"reflector_prisms": [
],
"absorber_prisms": [
]
}