{"time_step": 1e-05, "number_of_molecules": 500000, "diff_coef": 400, "sim_time": 0.504167, "absorbers": [[8.66972, 1.55386, -14.5403, 6]], "reflectors": [[7.89558, 5.67297, 10.0736, 6]], "reflector_prisms": [[-8.01583, 3.32414, 16.6144, -4.01583, 5.32414, 21.6144], [1.19035, -18.7789, -10.4298, 4.19035, -15.7789, -4.42983], [-2.86387, -15.4206, -4.74526, 0.136126, -11.4206, -2.74526], [-4.35419, -11.2345, 8.96789, 1.64581, -5.23452, 10.9679]], "absorber_prisms": [], "line_of_sight": [[0, 0, 0, 0, 0, 502]]}