{"time_step": 1e-05, "number_of_molecules": 500000, "diff_coef": 150, "sim_time": 3.6, "absorbers": [[-4.53136, 10.2614, 18.9254, 4], [10.2559, 12.698, -9.7251, 4], [-0.263239, 8.00061, -10.2431, 7]], "reflectors": [[-2.54484, -18.0524, 17.1065, 7]], "reflector_prisms": [], "absorber_prisms": [], "line_of_sight": [[0, 0, 0, 0, 0, 500], [159, 159, 26, 0, 0, 499], [70, 49, 22, 0, 0, 503]]}