{"time_step": 1e-05, "number_of_molecules": 500000, "diff_coef": 400, "sim_time": 0.9375, "absorbers": [[0.474302, -3.49271, -9.35821, 3], [-2.06037, -7.19062, 2.83723, 3], [3.41676, -4.70757, -19.1354, 5], [-2.37357, 8.91357, 13.0734, 2]], "reflectors": [], "reflector_prisms": [[-5.36354, 1.73301, -21.5831, -0.363539, 3.73301, -15.5831]], "absorber_prisms": [], "line_of_sight": [[258, 258, 0, 0, 0, 500], [0, 0, 0, 0, 0, 500], [298, 319, 0, 0, 0, 501], [305, 352, 0, 0, 0, 500]]}