{"time_step": 1e-05, "number_of_molecules": 500000, "diff_coef": 150, "sim_time": 2.17778, "absorbers": [[-10.6174, 5.1241, -16.156, 6]], "reflectors": [[-1.04506, -13.2794, 4.3088, 5], [-3.72542, -0.469057, 16.5801, 6], [-18.1117, -11.4645, 4.95296, 3], [-0.182844, -18.442, 13.7426, 5], [6.64137, -18.8639, -0.210147, 3]], "reflector_prisms": [], "absorber_prisms": [], "line_of_sight": [[0, 0, 0, 0, 0, 498]]}