{
"time_step": 1e-05,
"number_of_molecules": 500000,
"diff_coef": 50,
"sim_time": 12.0333,
"absorbers": [
[-0.736892,-2.01972,18.878,2],
[0.0748347,-3.09895,-9.50741,2],
[-5.45772,19.0682,-6.90043,2],
[-0.517628,1.23793,7.88667,2]
],
"reflectors": [
],
"reflector_prisms": [
],
"absorber_prisms": [
[9.86482,-10.031,-15.4112,13.8648,-7.03097,-10.4112]
]
}