{
"time_step": 1e-05,
"number_of_molecules": 500000,
"diff_coef": 350,
"sim_time": 0.804762,
"absorbers": [
[-3.91723,13.384,7.8438,7],
[-7.30385,1.77642,14.1244,6],
[-3.7072,0.113685,-8.20023,4],
[6.15712,3.48755,18.7063,7],
[2.4536,-0.253303,-18.8392,7],
[12.892,-1.57311,0.566512,6]
],
"reflectors": [
],
"reflector_prisms": [
],
"absorber_prisms": [
]
}