{"time_step": 1e-05, "number_of_molecules": 500000, "diff_coef": 400, "sim_time": 0.266667, "absorbers": [[0.152682, 3.7117, -11.4105, 4]], "reflectors": [[10.6796, -1.86229, 19.1436, 6], [0.742698, 17.0295, -10.4615, 3], [4.14535, 1.91079, 10.0082, 5], [-0.60853, -9.98115, -13.748, 4]], "reflector_prisms": [], "absorber_prisms": [[-5.63635, -14.7241, -14.0411, -2.63635, -10.7241, -10.0411]], "line_of_sight": [[121, 0, 165, 0, 0, 499]]}