{"time_step": 1e-05, "number_of_molecules": 500000, "diff_coef": 200, "sim_time": 1.00833, "absorbers": [[-14.9741, -0.757102, -0.449355, 4]], "reflectors": [[-10.4558, 12.0551, -1.16253, 2]], "reflector_prisms": [[-2.61936, -2.62722, 15.4771, 1.38064, 1.37278, 18.4771]], "absorber_prisms": [[1.55653, -13.8537, 8.74103, 6.55653, -8.85372, 10.741], [-3.22891, 17.7385, -12.8029, -1.22891, 19.7385, -7.80286], [2.56353, -0.145569, -15.5293, 4.56353, 1.85443, -12.5293]], "line_of_sight": [[0, 0, 0, 0, 0, 500]]}