{
"time_step": 1e-05,
"number_of_molecules": 500000,
"diff_coef": 300,
"sim_time": 2.00556,
"absorbers": [
[13.7411,-7.66304,8.74412,6],
[-3.72428,12.3095,16.6014,5],
[-8.60328,0.467192,-21.3252,4]
],
"reflectors": [
],
"reflector_prisms": [
[-14.2672,-3.13967,-1.80797,-11.2672,-1.13967,4.19203],
[5.71616,-17.1202,-3.91605,9.71616,-13.1202,2.08395]
],
"absorber_prisms": [
]
}