{"time_step": 1e-05, "number_of_molecules": 500000, "diff_coef": 200, "sim_time": 3.00833, "absorbers": [[1.83487, 9.50354, 7.09337, 6], [6.60763, 7.76546, -8.06454, 4], [-2.90617, -21.2155, 10.8377, 5]], "reflectors": [], "reflector_prisms": [], "absorber_prisms": [[-16.2253, -10.8563, 10.7282, -10.2253, -7.85632, 12.7282], [-15.4192, 4.14741, 0.522257, -12.4192, 9.14741, 2.52226]], "line_of_sight": [[0, 0, 0, 0, 0, 500], [5, 5, 0, 0, 0, 498], [12, 12, 0, 0, 0, 501]]}