{
"time_step": 1e-05,
"number_of_molecules": 500000,
"diff_coef": 300,
"sim_time": 1.60556,
"absorbers": [
[-5.48644,-4.97518,18.5781,3]
],
"reflectors": [
[7.68324,-1.98257,-21.5879,5],
[-2.42835,-0.223203,-10.7263,2]
],
"reflector_prisms": [
],
"absorber_prisms": [
]
}