{
"time_step": 1e-05,
"number_of_molecules": 500000,
"diff_coef": 100,
"sim_time": 1.06667,
"absorbers": [
[10.0123,2.25842,-7.97825,5],
[5.09889,8.43958,-1.66578,4]
],
"reflectors": [
[-14.9183,3.77336,4.3826,6],
[0.127462,-11.95,13.4604,3]
],
"reflector_prisms": [
],
"absorber_prisms": [
[0.0214565,-7.29259,-6.62793,5.02146,-5.29259,-3.62793]
]
}