{
"time_step": 1e-05,
"number_of_molecules": 500000,
"diff_coef": 400,
"sim_time": 1.50417,
"absorbers": [
[1.62557,-18.0756,-17.1939,6],
[-0.587194,-9.33318,-5.79198,2],
[2.9783,8.1582,8.28091,2]
],
"reflectors": [
],
"reflector_prisms": [
[-4.77849,6.61821,5.46675,-2.77849,8.61821,11.4667]
],
"absorber_prisms": [
]
}