{
"time_step": 1e-05,
"number_of_molecules": 500000,
"diff_coef": 250,
"sim_time": 0.666667,
"absorbers": [
[-0.478406,6.11282,10.3153,2]
],
"reflectors": [
],
"reflector_prisms": [
[-10.5661,-4.68081,14.6024,-6.56612,-0.68081,16.6024],
[-2.50249,-1.04152,12.9147,-0.502487,1.95848,15.9147],
[2.3556,6.75331,-13.2232,5.3556,10.7533,-7.2232],
[7.03379,-1.93314,-7.5518,9.03379,1.06686,-2.5518],
[14.5307,-0.0843356,2.71054,18.5307,4.91566,7.71054]
],
"absorber_prisms": [
]
}