{"time_step": 1e-05, "number_of_molecules": 500000, "diff_coef": 300, "sim_time": 1.42222, "absorbers": [[1.15596, -1.47414, -16.8965, 5], [-5.13311, 10.1142, 6.35253, 6], [-0.147045, 3.26444, 12.5826, 2], [-6.80843, -5.80209, 0.99043, 2], [-3.955, 8.732, -11.5373, 2], [-13.7207, 2.96397, 16.9398, 6], [-2.05094, 1.34012, -6.55726, 2], [-6.10087, -5.16674, 8.94898, 6]], "reflectors": [[6.63126, 9.95629, 21.9522, 6]], "reflector_prisms": [], "absorber_prisms": [], "line_of_sight": [[278, 254, 52, 0, 0, 500], [0, 0, 0, 0, 0, 500], [460, 419, 95, 0, 0, 498], [25, 25, 0, 0, 0, 500], [0, 0, 0, 0, 0, 502], [173, 173, 0, 0, 0, 502], [92, 92, 0, 0, 0, 499], [120, 120, 0, 0, 0, 500]]}