{
"time_step": 1e-05,
"number_of_molecules": 500000,
"diff_coef": 100,
"sim_time": 6.01667,
"absorbers": [
[5.98765,-7.32996,-17.6187,2],
[-0.337164,19.2094,5.55747,5],
[-0.125388,-0.39721,-23.9964,5],
[-7.94274,-3.83112,-20.1553,3]
],
"reflectors": [
],
"reflector_prisms": [
[-11.253,-0.85524,-11.7638,-8.25304,3.14476,-6.76379]
],
"absorber_prisms": [
]
}