{
"time_step": 1e-05,
"number_of_molecules": 500000,
"diff_coef": 100,
"sim_time": 6.01667,
"absorbers": [
[-15.4564,8.44851,14.7892,4]
],
"reflectors": [
[1.60957,21.9328,9.61051,5]
],
"reflector_prisms": [
[-6.48181,7.18836,-6.98449,-2.48181,13.1884,-1.98449],
[-3.64349,-1.76442,-9.96969,2.35651,1.23558,-5.96969]
],
"absorber_prisms": [
]
}