{"time_step": 1e-05, "number_of_molecules": 500000, "diff_coef": 400, "sim_time": 1.50417, "absorbers": [[6.40472, 2.13414, 19.8853, 6], [-4.08257, 10.8002, 3.26931, 6], [7.77222, -21.3174, 10.4958, 6], [-1.94087, -12.3079, 3.70783, 6], [13.225, -2.98984, 11.8389, 4]], "reflectors": [[6.21803, 8.11446, -13.5828, 5], [11.1864, -5.95, -2.90888, 4], [3.1919, 5.83102, 8.76419, 4], [14.0252, -14.1463, -6.64652, 5], [-18.6907, 6.14909, 7.33799, 7]], "reflector_prisms": [], "absorber_prisms": [], "line_of_sight": [[143, 0, 143, 0, 0, 502], [208, 132, 150, 0, 0, 500], [241, 267, 0, 0, 0, 498], [202, 195, 16, 0, 0, 499], [0, 0, 0, 0, 0, 498]]}