{"time_step": 1e-05, "number_of_molecules": 500000, "diff_coef": 250, "sim_time": 2.16, "absorbers": [[-8.91493, 2.00498, -10.6068, 5], [-1.48926, 0.249216, 13.9183, 3], [-10.5092, -9.79137, 15.3195, 3], [10.9219, -12.3401, 11.3329, 6]], "reflectors": [], "reflector_prisms": [[-3.03791, -5.9485, -14.0962, 2.96209, -3.9485, -12.0962]], "absorber_prisms": [], "line_of_sight": [[86, 86, 0, 0, 0, 502], [0, 0, 0, 0, 0, 498], [0, 0, 0, 0, 0, 502], [106, 106, 0, 0, 0, 503]]}