{"time_step": 1e-05, "number_of_molecules": 500000, "diff_coef": 200, "sim_time": 1.40833, "absorbers": [[14.1856, 4.37159, 5.9714, 3]], "reflectors": [[1.00473, 3.27101, -12.5416, 4]], "reflector_prisms": [[-3.29422, -6.7309, 15.4358, -0.294217, -1.7309, 21.4358], [-7.50084, -11.0151, 6.96026, -5.50084, -5.01514, 11.9603]], "absorber_prisms": [], "line_of_sight": [[0, 0, 0, 0, 0, 501]]}