{"time_step": 1e-05, "number_of_molecules": 500000, "diff_coef": 150, "sim_time": 1.6, "absorbers": [[-4.06348, -4.48613, -7.96007, 5], [13.6169, -7.86769, 10.662, 7], [3.71141, -5.12458, 6.40033, 4], [13.96, -0.686043, 0.805617, 4], [-10.5984, 4.3049, -6.17588, 6]], "reflectors": [[-1.33951, 2.76861, 15.7016, 5], [-2.4615, 17.2549, -4.49553, 4]], "reflector_prisms": [], "absorber_prisms": [], "line_of_sight": [[105, 17, 88, 0, 0, 506], [502, 632, 0, 0, 0, 502], [174, 326, 4, 0, 0, 497], [170, 170, 0, 0, 0, 501], [298, 437, 0, 0, 0, 502]]}