{
"time_step": 1e-05,
"number_of_molecules": 500000,
"diff_coef": 200,
"sim_time": 2.7,
"absorbers": [
[10.1704,-5.48578,-17.5348,4],
[11.7827,-4.04707,-3.71328,5],
[-6.00463,0.155919,19.0767,3],
[-4.93384,-2.87112,-6.95801,2],
[0.205821,-0.0783833,-11.998,3],
[5.97966,6.43524,-1.95737,2],
[0.469992,-16.6211,-14.4055,4],
[-10.7431,-5.67173,-4.62788,2]
],
"reflectors": [
[-7.49787,4.26299,-5.06052,5],
[-8.0217,-13.1967,4.18337,3],
[-2.23782,-21.8859,0.0103906,3],
[-6.76651,14.5377,-11.9528,3],
[9.32935,-2.90838,8.57348,5]
],
"reflector_prisms": [
],
"absorber_prisms": [
]
}