{
"time_step": 1e-05,
"number_of_molecules": 500000,
"diff_coef": 400,
"sim_time": 1.50417,
"absorbers": [
[-0.306102,0.18709,-24.9974,6],
[3.92255,-2.12043,-10.0557,4]
],
"reflectors": [
[13.9505,-13.6865,-7.68516,3]
],
"reflector_prisms": [
],
"absorber_prisms": [
[-23.754,-0.785648,-4.16347,-18.754,2.21435,-2.16347],
[8.67934,4.20354,-17.8282,12.6793,6.20354,-11.8282]
]
}