{
"time_step": 1e-05,
"number_of_molecules": 500000,
"diff_coef": 200,
"sim_time": 2.7,
"absorbers": [
[-1.1485,-4.20127,-20.5434,7],
[-3.12125,-4.12017,21.3842,5],
[-0.823372,11.6154,-2.8991,4],
[14.8336,-11.1183,-11.8468,4],
[-1.91113,-12.769,1.51702,4],
[14.1924,10.4575,7.08626,4]
],
"reflectors": [
[-15.9618,-7.21254,-9.65403,7],
[6.95546,-2.2219,5.26163,4],
[-0.785757,7.86959,17.2758,7],
[15.5729,3.04005,-16.6506,4]
],
"reflector_prisms": [
],
"absorber_prisms": [
]
}