{
"time_step": 1e-05,
"number_of_molecules": 500000,
"diff_coef": 50,
"sim_time": 4.03333,
"absorbers": [
[-8.54107,-8.1225,-12.2505,6]
],
"reflectors": [
[-2.45243,22.0764,-5.96792,4],
[10.6402,2.75339,-0.453173,5]
],
"reflector_prisms": [
[4.04872,6.08458,-18.8269,6.04872,8.08458,-13.8269]
],
"absorber_prisms": [
[16.252,-9.01994,-2.45239,18.252,-4.01994,-0.452387]
]
}