{
"time_step": 1e-05,
"number_of_molecules": 500000,
"diff_coef": 350,
"sim_time": 0.233333,
"absorbers": [
[0.0883647,0.0871479,9.99923,3]
],
"reflectors": [
],
"reflector_prisms": [
[-9.23328,-2.83092,-12.3939,-5.23328,2.16908,-10.3939],
[6.6516,0.324074,-18.2002,12.6516,4.32407,-14.2002]
],
"absorber_prisms": [
[8.7337,8.26977,8.3726,13.7337,12.2698,14.3726]
]
}