{"time_step": 1e-05, "number_of_molecules": 500000, "diff_coef": 300, "sim_time": 2.00556, "absorbers": [[-2.80169, 3.72535, -20.4761, 2], [-0.244774, 9.83379, 9.96176, 6], [9.86937, -7.39504, 8.53868, 2], [-7.22089, 1.3505, -8.18749, 6]], "reflectors": [[0.991958, -1.59907, -15.889, 4], [2.50319, -9.40536, -12.6993, 2], [0.711567, -9.95593, -4.62311, 6], [1.87603, 12.8639, -0.033452, 3], [0.90428, 19.3287, 5.0581, 2], [0.442591, -11.4041, 9.734, 5]], "reflector_prisms": [], "absorber_prisms": [], "line_of_sight": [[246, 228, 18, 0, 0, 503], [302, 0, 310, 0, 0, 503], [501, 501, 0, 0, 0, 501], [39, 33, 6, 0, 0, 494]]}