{"time_step": 1e-05, "number_of_molecules": 500000, "diff_coef": 100, "sim_time": 0.6, "absorbers": [[1.86794, -9.64215, 1.88143, 4]], "reflectors": [[-1.2347, -5.99876, 10.3194, 5]], "reflector_prisms": [[-1.75827, 7.19161, 8.90477, 4.24173, 10.1916, 12.9048], [-11.9229, -16.4769, -7.40241, -8.92291, -12.4769, -2.40241], [6.76484, -6.62493, -15.0117, 8.76484, -0.624931, -12.0117], [9.65969, 12.0691, -8.0391, 11.6597, 16.0691, -3.0391]], "absorber_prisms": [], "line_of_sight": [[0, 0, 0, 0, 0, 501]]}