{"time_step": 1e-05, "number_of_molecules": 500000, "diff_coef": 400, "sim_time": 1.50417, "absorbers": [[-0.0625873, 0.958194, -22.9799, 4], [-0.620017, -0.199922, 16.9875, 6], [-2.05917, 10.4945, 20.3623, 4], [-0.25, -12.9051, -17.8156, 6], [-3.47921, 8.41924, -11.9169, 4], [-13.7855, 3.64537, -7.25742, 6], [-15.2175, -4.08789, 10.6169, 6]], "reflectors": [[-9.53015, 15.3853, 14.194, 5]], "reflector_prisms": [], "absorber_prisms": [], "line_of_sight": [[501, 501, 0, 0, 0, 501], [58, 58, 0, 0, 0, 499], [393, 393, 0, 0, 0, 499], [144, 128, 16, 0, 0, 499], [0, 0, 0, 0, 0, 497], [0, 0, 0, 0, 0, 500], [0, 0, 0, 0, 0, 501]]}