{"time_step": 1e-05, "number_of_molecules": 500000, "diff_coef": 300, "sim_time": 0.355556, "absorbers": [[11.9669, 0.402212, 5.06268, 5]], "reflectors": [[-3.9075, 8.58194, -12.926, 2]], "reflector_prisms": [[10.694, -10.5392, -2.84031, 13.694, -6.53924, -0.84031], [-18.4654, 7.13249, 2.62728, -15.4654, 9.13249, 7.62728], [-4.91416, 14.2952, 1.78852, 1.08584, 16.2952, 6.78852], [-9.41315, -12.3277, 11.4728, -5.41315, -7.32767, 17.4728]], "absorber_prisms": [], "line_of_sight": [[0, 0, 0, 0, 0, 500]]}