{
"time_step": 1e-05,
"number_of_molecules": 500000,
"diff_coef": 400,
"sim_time": 1.50417,
"absorbers": [
[8.52026,-13.1228,-19.4986,6]
],
"reflectors": [
[5.29455,-0.161506,15.0977,5],
[-4.43333,8.57718,11.4794,2]
],
"reflector_prisms": [
[-5.44943,-4.9379,-10.5196,-2.44943,-1.9379,-6.51955]
],
"absorber_prisms": [
[-13.1445,-13.4879,1.22636,-10.1445,-7.48786,5.22636]
]
}