{"time_step": 1e-05, "number_of_molecules": 500000, "diff_coef": 250, "sim_time": 0.806667, "absorbers": [[8.87683, 10.8884, 5.25788, 4]], "reflectors": [], "reflector_prisms": [[-13.112, -2.01823, -21.3584, -11.112, 0.98177, -15.3584]], "absorber_prisms": [[-0.229992, -6.25267, -17.976, 4.77001, -4.25267, -12.976], [-8.26151, -1.25274, 3.97981, -2.26151, 2.74726, 7.97981]], "line_of_sight": [[0, 0, 0, 0, 0, 501]]}