{
"time_step": 1e-05,
"number_of_molecules": 500000,
"diff_coef": 400,
"sim_time": 1.20417,
"absorbers": [
[10.6185,-3.40639,15.3832,2]
],
"reflectors": [
],
"reflector_prisms": [
[-11.4483,7.62226,5.01679,-7.44834,12.6223,11.0168],
[3.45531,-1.87432,2.68375,9.45531,3.12568,6.68375],
[-4.83969,0.61853,8.02397,0.160312,6.61853,10.024]
],
"absorber_prisms": [
[18.9925,-3.505,3.42052,20.9925,1.495,5.42052],
[-12.9169,-0.386819,-11.6836,-10.9169,4.61318,-7.68364]
]
}