{"time_step": 1e-05, "number_of_molecules": 500000, "diff_coef": 100, "sim_time": 6.01667, "absorbers": [[0.607705, -0.311103, 22.9899, 4], [13.4103, 6.18531, -13.4873, 7], [-19.14, 5.78172, -0.480689, 6], [-4.92775, -11.4707, 3.62509, 5], [21.328, 8.59362, -0.51655, 7], [-15.3918, 11.7665, 12.3953, 4], [13.6191, -8.2511, -1.56173, 5]], "reflectors": [[-1.44554, -5.19264, -17.174, 4]], "reflector_prisms": [], "absorber_prisms": [], "line_of_sight": [[106, 0, 106, 0, 0, 498], [0, 0, 0, 0, 0, 499], [205, 205, 0, 0, 0, 500], [0, 0, 0, 0, 0, 500], [0, 0, 0, 0, 0, 500], [20, 20, 0, 0, 0, 499], [199, 199, 0, 0, 0, 501]]}