{"time_step": 1e-05, "number_of_molecules": 500000, "diff_coef": 400, "sim_time": 1.20417, "absorbers": [[-8.69478, 2.97531, -7.71676, 7], [-2.30801, 13.7145, 5.62006, 5], [-3.72311, -6.62816, 7.95022, 4], [-2.31925, 1.9242, 8.48048, 4], [-20.8466, -8.25873, 8.55656, 7], [11.8621, 0.706298, 12.157, 6]], "reflectors": [[-0.564547, -20.294, -12.7997, 5], [6.66683, 3.18164, -15.3111, 7], [-10.1304, -21.4674, 3.53892, 6], [4.8871, 16.8199, -4.148, 6]], "reflector_prisms": [], "absorber_prisms": [], "line_of_sight": [[94, 94, 0, 0, 0, 500], [121, 0, 121, 0, 0, 505], [246, 0, 246, 0, 0, 501], [173, 0, 173, 0, 0, 501], [0, 0, 0, 0, 0, 505], [433, 433, 0, 0, 0, 501]]}