{
"time_step": 1e-05,
"number_of_molecules": 500000,
"diff_coef": 400,
"sim_time": 0.704167,
"absorbers": [
[0.502311,-1.30781,-17.9454,5]
],
"reflectors": [
[-0.443326,1.03297,11.9472,2]
],
"reflector_prisms": [
],
"absorber_prisms": [
[-8.86674,-13.117,11.533,-5.86674,-9.11704,15.533],
[-2.21219,13.418,4.86973,2.78781,17.418,6.86973]
]
}