{"time_step": 1e-05, "number_of_molecules": 500000, "diff_coef": 150, "sim_time": 2.17778, "absorbers": [[-14.1042, 6.33722, 7.06487, 3]], "reflectors": [[-3.73222, -0.665544, -10.3261, 5], [-9.14485, -3.64197, -16.2514, 2], [-6.22904, -8.39192, 7.73141, 4], [-6.34673, 1.16303, 14.6413, 3]], "reflector_prisms": [], "absorber_prisms": [], "line_of_sight": [[0, 0, 0, 0, 0, 498]]}