{
"time_step": 1e-05,
"number_of_molecules": 500000,
"diff_coef": 100,
"sim_time": 4.26667,
"absorbers": [
[-1.16292,11.6019,13.7129,6],
[-3.40619,-3.93451,11.9129,2],
[-0.0371453,-13.4223,-13.4477,3],
[9.34233,3.39817,9.85765,3],
[10.3252,-2.19485,3.09415,3],
[1.26795,-0.121147,8.90941,2],
[-1.43859,-2.55286,-13.6899,5]
],
"reflectors": [
[-7.42906,8.69697,-16.4065,3],
[15.2597,6.2222,4.17434,5],
[8.83315,0.159328,-13.3398,5]
],
"reflector_prisms": [
],
"absorber_prisms": [
]
}