{
"time_step": 1e-05,
"number_of_molecules": 500000,
"diff_coef": 350,
"sim_time": 1.37619,
"absorbers": [
[-3.47527,-1.66176,8.13394,4],
[-0.156665,16.7427,8.9809,2]
],
"reflectors": [
],
"reflector_prisms": [
],
"absorber_prisms": [
[-18.2912,-12.1314,-10.0099,-15.2912,-10.1314,-5.00993],
[-5.15655,5.81199,-4.99642,-2.15655,11.812,-0.996422]
]
}