{"time_step": 1e-05, "number_of_molecules": 500000, "diff_coef": 400, "sim_time": 1.50417, "absorbers": [[1.80658, -1.00518, -23.9108, 5]], "reflectors": [[-9.0859, 8.4415, 8.43726, 5]], "reflector_prisms": [[-12.9048, -5.73577, 1.17276, -8.90479, -2.73577, 4.17276]], "absorber_prisms": [[-0.925923, -6.34242, 5.49995, 5.07408, -3.34242, 11.4999], [7.19665, 0.703731, -11.2041, 10.1966, 3.70373, -6.20413]], "line_of_sight": [[0, 0, 0, 0, 0, 499]]}