{
"time_step": 1e-05,
"number_of_molecules": 500000,
"diff_coef": 150,
"sim_time": 0.277778,
"absorbers": [
[7.50114,3.71771,-5.46914,5]
],
"reflectors": [
[-5.73556,-1.0452,9.32796,4]
],
"reflector_prisms": [
[0.895587,0.815412,-18.6799,3.89559,3.81541,-15.6799],
[-10.7604,4.67855,-22.2936,-4.76043,9.67855,-16.2936]
],
"absorber_prisms": [
[0.828904,11.8977,-9.3307,3.8289,14.8977,-3.3307],
[0.141135,-4.21469,-11.3461,6.14114,1.78531,-5.34612]
]
}