{
"time_step": 1e-05,
"number_of_molecules": 500000,
"diff_coef": 300,
"sim_time": 1.42222,
"absorbers": [
[12.5135,-13.1213,-5.67826,3]
],
"reflectors": [
[-1.19843,6.60909,-14.5218,3]
],
"reflector_prisms": [
[-2.68181,12.1141,-10.8996,3.31819,15.1141,-5.89963]
],
"absorber_prisms": [
[-4.78036,-6.88769,2.16894,-0.780358,-2.88769,6.16894],
[-12.8531,-4.38342,1.77741,-10.8531,-0.383424,7.77741],
[6.25399,-0.198663,-4.61332,9.25399,4.80134,-0.613316]
]
}