{"time_step": 1e-05, "number_of_molecules": 500000, "diff_coef": 300, "sim_time": 1.8, "absorbers": [[-16.0904, -6.77757, -4.37745, 3], [-6.96887, -22.9613, 0.464229, 6], [6.96887, 3.95217, 10.2379, 4]], "reflectors": [], "reflector_prisms": [[12.1159, 7.78734, 7.19365, 16.1159, 9.78734, 11.1937], [3.67007, -13.7734, 3.9657, 9.67007, -10.7734, 6.9657]], "absorber_prisms": [], "line_of_sight": [[0, 0, 0, 0, 0, 500], [0, 0, 0, 0, 0, 503], [0, 0, 0, 0, 0, 503]]}