{
"time_step": 1e-05,
"number_of_molecules": 500000,
"diff_coef": 250,
"sim_time": 0.806667,
"absorbers": [
[-2.99166,-7.20922,-9.11467,4],
[-11.8028,-8.6634,-3.262,4],
[1.2608,5.24167,-11.8294,5]
],
"reflectors": [
[1.52686,20.4988,-4.29736,7]
],
"reflector_prisms": [
],
"absorber_prisms": [
]
}