{
"time_step": 1e-05,
"number_of_molecules": 500000,
"diff_coef": 50,
"sim_time": 5.63333,
"absorbers": [
[-2.27476,-3.44585,14.4205,2],
[7.13487,1.74919,8.18743,5]
],
"reflectors": [
[-9.42721,-7.9166,-11.7241,4]
],
"reflector_prisms": [
],
"absorber_prisms": [
[-17.1687,0.128337,-2.70652,-12.1687,6.12834,2.29348],
[0.453444,-11.1742,1.97943,4.45344,-7.17416,6.97943],
[-21.1137,5.09382,6.3317,-15.1137,8.09382,10.3317]
]
}