{"time_step": 1e-05, "number_of_molecules": 500000, "diff_coef": 250, "sim_time": 2.16, "absorbers": [[13.735, -0.681098, 15.8709, 3], [-8.94427, 4.63572, 4.41703, 6]], "reflectors": [], "reflector_prisms": [[-17.93, -1.82319, 2.81821, -13.93, 4.17681, 8.81821]], "absorber_prisms": [[-2.52554, -0.951634, 17.9163, -0.525541, 3.04837, 22.9163], [-1.66837, -17.7937, -9.03271, 4.33163, -14.7937, -6.03271]], "line_of_sight": [[0, 0, 0, 0, 0, 501], [0, 0, 0, 0, 0, 499]]}