{
"time_step": 1e-05,
"number_of_molecules": 500000,
"diff_coef": 350,
"sim_time": 1.54286,
"absorbers": [
[-21.8876,9.30659,-3.21281,6],
[0.315732,-0.197835,9.99306,5],
[18.2169,-5.39829,0.0525839,5]
],
"reflectors": [
[-7.06298,1.18197,5.45136,3],
[14.0982,7.48522,-1.10122,5],
[-2.14553,-11.8264,15.9854,5],
[8.97732,-8.37386,13.1638,2]
],
"reflector_prisms": [
],
"absorber_prisms": [
]
}