{"time_step": 1e-05, "number_of_molecules": 500000, "diff_coef": 200, "sim_time": 1.875, "absorbers": [[3.35086, -8.80704, -18.7672, 6]], "reflectors": [[4.46732, -4.79248, 2.4648, 2], [-6.53747, 19.8546, -2.01377, 5]], "reflector_prisms": [], "absorber_prisms": [[-7.41354, -10.1226, -15.4583, -2.41354, -4.12258, -11.4583], [13.2731, -8.60521, -0.482493, 16.2731, -2.60521, 5.51751], [-13.7055, -1.778, 9.57568, -10.7055, 0.221996, 12.5757]], "line_of_sight": [[0, 0, 0, 0, 0, 503]]}