{"time_step": 1e-05, "number_of_molecules": 500000, "diff_coef": 100, "sim_time": 6.01667, "absorbers": [[5.62123, -16.7434, -11.3605, 2]], "reflectors": [], "reflector_prisms": [[11.2573, -3.2553, -13.3549, 17.2573, -1.2553, -11.3549]], "absorber_prisms": [], "line_of_sight": [[0, 0, 0, 0, 0, 501]]}