{
"time_step": 1e-05,
"number_of_molecules": 500000,
"diff_coef": 300,
"sim_time": 1.8,
"absorbers": [
[-0.602387,-0.489681,10.9726,3],
[15.1759,7.74541,5.80523,5],
[-20.6923,1.92889,-3.01821,3],
[9.30627,12.1017,7.47938,2],
[0.241641,2.22381,-22.891,5],
[-6.34496,-18.9478,-0.850404,2],
[-7.60413,10.6955,-4.87675,4],
[-19.2345,1.38787,-12.5343,5]
],
"reflectors": [
[5.8823,1.48927,-5.21351,3],
[-7.79623,-11.0921,-10.256,3],
[2.04172,-0.853228,-10.7751,4],
[-5.70078,-2.57245,-15.8077,3],
[-0.138748,6.62135,13.4588,3]
],
"reflector_prisms": [
],
"absorber_prisms": [
]
}