{
"time_step": 1e-05,
"number_of_molecules": 500000,
"diff_coef": 250,
"sim_time": 0.326667,
"absorbers": [
[7.65741,5.94743,-2.4479,3]
],
"reflectors": [
[-6.87014,-6.61129,10.2514,5],
[14.1758,-10.9147,8.93957,2],
[2.17245,7.74169,18.3125,4],
[-12.4281,-12.9926,0.857505,5]
],
"reflector_prisms": [
[6.92419,-6.14935,-10.9832,9.92419,-1.14935,-5.98323]
],
"absorber_prisms": [
]
}