{"time_step": 1e-05, "number_of_molecules": 500000, "diff_coef": 50, "sim_time": 10.8, "absorbers": [[0.92552, -12.9752, -5.17561, 5], [22.7985, -7.49807, -0.0968225, 6], [1.12499, 1.14578, 18.932, 5], [-14.8651, -0.225263, -1.9947, 4], [-7.65565, -15.1975, 8.45142, 3], [2.87729, 14.2669, 3.62984, 4], [-1.37758, 7.1957, -15.3403, 3], [2.32032, -5.0056, 10.6565, 5]], "reflectors": [[-16.4692, 9.14695, -13.1947, 5], [-9.84459, -2.08124, -11.1244, 2], [-9.479, 12.1161, 14.2951, 6], [2.90841, -8.5042, -21.1712, 5], [17.0352, 7.71878, -11.5854, 5], [-17.331, -7.25825, 2.82056, 4]], "reflector_prisms": [], "absorber_prisms": [], "line_of_sight": [[173, 143, 30, 0, 0, 499], [128, 128, 0, 0, 0, 502], [239, 153, 86, 0, 0, 501], [126, 116, 10, 0, 0, 502], [0, 0, 0, 0, 0, 500], [256, 256, 0, 0, 0, 502], [496, 496, 0, 0, 0, 496], [115, 96, 19, 0, 0, 500]]}