{
"time_step": 1e-05,
"number_of_molecules": 500000,
"diff_coef": 150,
"sim_time": 3.6,
"absorbers": [
[2.93383,-5.77042,-13.5313,6],
[-0.398788,-1.8708,11.8466,5],
[5.19246,-14.7928,18.1717,6]
],
"reflectors": [
],
"reflector_prisms": [
],
"absorber_prisms": [
[-1.2228,-15.7634,14.0776,3.7772,-13.7634,17.0776]
]
}