{
"time_step": 1e-05,
"number_of_molecules": 500000,
"diff_coef": 400,
"sim_time": 0.704167,
"absorbers": [
[-4.73462,-3.31605,-17.0466,5]
],
"reflectors": [
[1.55995,-6.52497,12.2878,4]
],
"reflector_prisms": [
],
"absorber_prisms": [
]
}