{
"time_step": 1e-05,
"number_of_molecules": 500000,
"diff_coef": 350,
"sim_time": 1.54286,
"absorbers": [
[-1.78338,0.842152,20.9072,3]
],
"reflectors": [
],
"reflector_prisms": [
[12.5897,13.4531,-6.66311,18.5897,15.4531,-4.66311],
[-10.6385,-1.06407,-17.7988,-4.63848,0.935932,-14.7988],
[-10.0968,9.0305,-17.5161,-8.09676,15.0305,-14.5161],
[-5.44459,-2.6711,12.2792,-3.44459,-0.671105,18.2792]
],
"absorber_prisms": [
]
}