{
"time_step": 1e-05,
"number_of_molecules": 500000,
"diff_coef": 250,
"sim_time": 2.16,
"absorbers": [
[-1.52755,-0.129354,-9.88179,4],
[9.56603,-11.1982,2.84469,6],
[-6.20002,-6.34889,1.50046,4],
[9.98033,13.8175,-10.4627,2],
[5.13805,-20.019,-7.53927,6],
[1.0396,-1.47809,8.81672,4],
[15.9811,0.771724,-0.0917186,6]
],
"reflectors": [
[0.259663,15.6811,3.16785,3],
[-12.3392,10.3124,5.5134,4],
[-1.86643,-15.6083,2.98271,4],
[-0.267381,-0.0491481,-20.9982,6],
[-11.2563,-16.2164,-3.21325,2]
],
"reflector_prisms": [
],
"absorber_prisms": [
]
}