{"time_step": 1e-05, "number_of_molecules": 500000, "diff_coef": 250, "sim_time": 0.24, "absorbers": [[1.72637, 1.3948, 11.793, 6]], "reflectors": [[-12.0221, 4.5761, 1.8785, 2], [-16.5935, 5.46011, -13.3733, 3]], "reflector_prisms": [], "absorber_prisms": [[9.77957, 2.33707, -5.09135, 14.7796, 5.33707, -3.09135], [1.62909, 7.72054, -3.10022, 4.62909, 9.72054, -1.10022]], "line_of_sight": [[0, 0, 0, 0, 0, 499]]}