{
"time_step": 1e-05,
"number_of_molecules": 500000,
"diff_coef": 100,
"sim_time": 1.06667,
"absorbers": [
[2.56469,2.50108,-9.33633,2]
],
"reflectors": [
[9.38863,-3.29245,-1.0067,2],
[5.92231,6.32319,-9.69245,3]
],
"reflector_prisms": [
],
"absorber_prisms": [
[0.0226952,-0.750053,7.40486,2.0227,2.24995,9.40486],
[-9.80097,-1.40088,-12.1457,-4.80097,1.59912,-8.14574]
]
}