{"time_step": 1e-05, "number_of_molecules": 500000, "diff_coef": 250, "sim_time": 2.40667, "absorbers": [[-5.02011, -11.8564, -1.79543, 5], [-7.14575, 13.3113, -17.3421, 4], [-10.8669, 2.25008, -10.092, 5], [6.25259, 4.00445, -17.4891, 2], [-1.24348, 16.9217, 12.3737, 3], [4.57984, -2.3631, -8.56976, 4], [-6.5818, 8.09345, 20.4982, 6], [-3.71405, 4.75056, -16.9599, 3]], "reflectors": [[20.189, -1.21032, -5.65165, 4], [-3.41397, -4.32507, -13.9513, 2], [0.096955, -0.0824179, 11.9993, 5], [17.8959, -1.57556, 10.8746, 5], [-4.17189, 17.0912, 3.80614, 5]], "reflector_prisms": [], "absorber_prisms": [], "line_of_sight": [[31, 0, 31, 0, 0, 503], [0, 0, 0, 0, 0, 499], [149, 0, 149, 0, 0, 501], [321, 100, 292, 0, 0, 501], [0, 0, 0, 0, 0, 496], [226, 147, 142, 0, 0, 501], [427, 390, 173, 0, 0, 501], [360, 0, 360, 0, 0, 499]]}