{"time_step": 1e-05, "number_of_molecules": 500000, "diff_coef": 300, "sim_time": 1.08889, "absorbers": [[13.4838, -5.79291, -3.10312, 7], [-0.782166, -13.8212, -11.5049, 4], [-3.00359, 2.44528, -14.4913, 6], [-11.6981, -4.09458, 3.92295, 5], [5.54745, 5.1973, 11.7564, 6], [-13.3572, 5.67431, 3.79324, 4], [8.01505, 13.8529, -8.23748, 6]], "reflectors": [], "reflector_prisms": [], "absorber_prisms": [], "line_of_sight": [[108, 108, 0, 0, 0, 501], [100, 100, 0, 0, 0, 504], [133, 133, 0, 0, 0, 500], [140, 140, 0, 0, 0, 496], [168, 168, 0, 0, 0, 502], [504, 504, 0, 0, 0, 504], [50, 50, 0, 0, 0, 502]]}