{"time_step": 1e-05, "number_of_molecules": 500000, "diff_coef": 50, "sim_time": 6.53333, "absorbers": [[7.03891, 9.4731, 16.1466, 6], [2.01838, -0.176783, -15.8712, 5]], "reflectors": [[-2.95456, 0.00200537, 22.8094, 4]], "reflector_prisms": [], "absorber_prisms": [[-4.06541, -10.48, 10.1526, -0.0654076, -4.48, 13.1526], [-6.49826, 4.02808, 17.8097, -0.498263, 8.02808, 21.8097], [-17.4744, 9.80413, -1.3187, -11.4744, 14.8041, 0.681298]], "line_of_sight": [[0, 0, 0, 0, 0, 500], [41, 0, 41, 0, 0, 501]]}