{"time_step": 1e-05, "number_of_molecules": 500000, "diff_coef": 100, "sim_time": 3.26667, "absorbers": [[0.85629, -1.16729, -20.95, 7], [-5.59791, 13.9131, -0.300557, 4], [9.44074, 10.9236, 4.06796, 6], [-1.9539, 0.430013, 12.8451, 5], [8.20709, -8.96703, 17.1241, 7], [-2.54948, 7.93485, -11.2489, 6]], "reflectors": [[-12.1493, 1.10117, 14.5664, 5], [-6.15515, 11.5211, 18.9309, 4], [-8.92837, 6.56401, 4.60412, 4], [7.39421, -16.3148, 1.77537, 6]], "reflector_prisms": [], "absorber_prisms": [], "line_of_sight": [[386, 441, 0, 0, 0, 499], [439, 0, 439, 0, 0, 501], [0, 0, 0, 0, 0, 497], [362, 289, 95, 0, 0, 501], [310, 310, 0, 0, 0, 503], [231, 274, 0, 0, 0, 500]]}