{"time_step": 1e-05, "number_of_molecules": 500000, "diff_coef": 400, "sim_time": 0.9375, "absorbers": [[-18.9366, 0.0642653, -1.54949, 4]], "reflectors": [], "reflector_prisms": [[-2.08826, -1.82938, 4.91997, 0.911737, 0.170616, 7.91997], [-9.19522, -0.669303, -11.2822, -5.19522, 4.3307, -6.28221], [1.11323, 4.48994, 10.2932, 3.11323, 8.48994, 15.2932], [-12.8031, 6.81432, -15.9074, -8.80314, 10.8143, -9.90736], [-4.37447, -7.44077, 15.9206, -0.374467, -4.44077, 20.9206]], "absorber_prisms": [], "line_of_sight": [[0, 0, 0, 0, 0, 500]]}