{"time_step": 1e-05, "number_of_molecules": 500000, "diff_coef": 350, "sim_time": 0.933333, "absorbers": [[-6.77415, 16.5995, 1.60184, 4]], "reflectors": [[9.89163, 9.6697, 18.3753, 4]], "reflector_prisms": [[-7.46118, -6.89376, -8.51414, -5.46118, -1.89376, -5.51414], [-1.84889, -3.05463, -12.3758, 3.15111, -0.0546265, -10.3758]], "absorber_prisms": [[4.68805, -11.9476, -9.52243, 6.68805, -5.94758, -5.52243], [-2.0575, -1.34167, 15.4592, 1.9425, 3.65833, 17.4592]], "line_of_sight": [[0, 0, 0, 0, 0, 501]]}