{
"time_step": 1e-05,
"number_of_molecules": 500000,
"diff_coef": 350,
"sim_time": 0.385714,
"absorbers": [
[1.40512,12.9461,-5.14049,5]
],
"reflectors": [
],
"reflector_prisms": [
[-10.2347,-8.79419,5.85334,-5.23471,-6.79419,9.85334]
],
"absorber_prisms": [
[-21.0461,-2.00634,-12.8644,-16.0461,0.993658,-8.86444],
[-10.6476,-4.1333,-12.8849,-4.6476,0.8667,-7.88492]
]
}