{"time_step": 1e-05, "number_of_molecules": 500000, "diff_coef": 200, "sim_time": 3.00833, "absorbers": [[-14.0617, 1.7386, 20.5973, 6], [0.0493838, 0.131566, 16.9994, 5], [21.1189, -4.14234, 8.11369, 5], [6.88495, -1.23789, 0.255071, 2], [-9.53472, -6.95037, 2.18669, 3], [2.37059, 2.13005, -13.6324, 6], [-5.81591, -3.63156, 12.206, 2]], "reflectors": [[-13.8934, 11.1988, 14.5107, 4], [-12.5035, -3.81401, -20.1275, 5], [-12.3183, 8.14603, 2.62691, 3], [13.7215, 2.56064, -5.49219, 3], [4.74216, -4.84039, 11.0943, 3], [0.360338, -12.106, -8.84955, 5], [13.4679, -6.36091, -17.5258, 6]], "reflector_prisms": [], "absorber_prisms": [], "line_of_sight": [[387, 206, 220, 0, 0, 502], [358, 358, 0, 0, 0, 500], [170, 170, 0, 0, 0, 499], [142, 111, 31, 0, 0, 497], [0, 0, 0, 0, 0, 498], [288, 244, 79, 0, 0, 503], [507, 545, 0, 0, 0, 507]]}