{"time_step": 1e-05, "number_of_molecules": 500000, "diff_coef": 400, "sim_time": 0.9375, "absorbers": [[7.14283, 0.964171, -19.7244, 6], [-1.38688, -2.5928, 19.7827, 5], [-10.2302, -12.1907, -1.65188, 6], [0.0758263, 12.0651, 7.10126, 6], [-3.49525, 2.80382, 10.046, 4], [11.0234, -10.2992, 11.5503, 7]], "reflectors": [[-16.9682, 6.27807, -8.52436, 7], [-19.7415, -2.03533, 6.8653, 4]], "reflector_prisms": [], "absorber_prisms": [], "line_of_sight": [[343, 390, 0, 0, 0, 501], [222, 328, 0, 0, 0, 499], [40, 40, 0, 0, 0, 495], [34, 34, 0, 0, 0, 498], [175, 233, 0, 0, 0, 501], [160, 0, 160, 0, 0, 500]]}