{
"time_step": 1e-05,
"number_of_molecules": 500000,
"diff_coef": 200,
"sim_time": 1.63333,
"absorbers": [
[2.75242,2.95104,13.4058,6],
[10.4119,-9.42713,11.2571,4],
[-2.36566,-6.95902,8.18386,6]
],
"reflectors": [
],
"reflector_prisms": [
[8.77746,-2.36171,-11.4267,12.7775,1.63829,-9.42667]
],
"absorber_prisms": [
]
}