{"time_step": 1e-05, "number_of_molecules": 500000, "diff_coef": 400, "sim_time": 1.50417, "absorbers": [[3.216, -5.93879, -23.0302, 5], [-2.1167, -15.4633, 15.505, 5], [9.25639, 3.56781, 17.3663, 3], [2.81447, 2.27667, -17.6322, 2], [9.88568, 1.90061, 4.43406, 3], [4.59953, 5.50658, -13.1728, 2], [-13.6646, 3.04578, -0.0322579, 5]], "reflectors": [[1.71201, 5.88822, 9.13225, 5], [-1.96642, 10.0322, -17.1898, 5], [-9.30582, -16.4326, 2.09102, 4], [-1.61147, -1.67542, 6.60274, 2]], "reflector_prisms": [], "absorber_prisms": [], "line_of_sight": [[262, 0, 262, 0, 0, 502], [139, 0, 139, 0, 0, 504], [222, 0, 222, 0, 0, 497], [504, 0, 504, 0, 0, 504], [64, 64, 0, 0, 0, 499], [478, 0, 478, 0, 0, 501], [48, 48, 0, 0, 0, 499]]}