{
"time_step": 1e-05,
"number_of_molecules": 500000,
"diff_coef": 300,
"sim_time": 1.60556,
"absorbers": [
[9.22633,17.4836,11.7558,7],
[-3.70084,-17.3315,3.15012,4],
[-1.22001,15.2365,-15.8228,5],
[1.14719,-0.262092,-15.9567,5]
],
"reflectors": [
[11.0902,22.2476,-2.65559,6]
],
"reflector_prisms": [
],
"absorber_prisms": [
]
}