{"time_step": 1e-05, "number_of_molecules": 500000, "diff_coef": 200, "sim_time": 1.63333, "absorbers": [[1.01452, 2.79706, -19.7774, 6]], "reflectors": [[0.37938, -1.55203, 22.9444, 4], [-4.07319, 2.41608, -11.026, 3]], "reflector_prisms": [[12.1508, 2.68975, 0.400162, 17.1508, 6.68975, 3.40016], [9.92274, -3.30192, 15.7512, 11.9227, 2.69808, 17.7512]], "absorber_prisms": [], "line_of_sight": [[148, 0, 154, 0, 0, 500]]}