{
"time_step": 1e-05,
"number_of_molecules": 500000,
"diff_coef": 350,
"sim_time": 1.07143,
"absorbers": [
[-12.0039,-12.4188,11.9449,6]
],
"reflectors": [
[-3.26049,14.8312,-5.04038,6],
[-13.7323,8.06329,-1.55124,6],
[12.8565,6.76809,-12.2435,5],
[-20.977,-3.10656,-8.9059,6]
],
"reflector_prisms": [
],
"absorber_prisms": [
]
}