{"time_step": 1e-05, "number_of_molecules": 500000, "diff_coef": 300, "sim_time": 2.00556, "absorbers": [[-11.6612, 9.42432, 0.446447, 4], [18.567, -1.39244, 16.6832, 6]], "reflectors": [], "reflector_prisms": [[-5.71324, 7.7633, 4.50968, -0.71324, 10.7633, 7.50968], [1.54011, 17.4715, -2.50069, 7.54011, 21.4715, 3.49931]], "absorber_prisms": [], "line_of_sight": [[0, 0, 0, 0, 0, 498], [0, 0, 0, 0, 0, 498]]}