{"time_step": 1e-05, "number_of_molecules": 500000, "diff_coef": 200, "sim_time": 2.40833, "absorbers": [[-6.02198, -5.04919, -22.6769, 7], [11.1871, 6.5653, -7.53299, 7], [-11.4731, 1.77569, 3.03547, 7], [-8.17436, -12.757, 17.3043, 7], [1.89976, 6.78098, 9.71644, 4]], "reflectors": [[-0.00507561, -3.96899, 11.3246, 4]], "reflector_prisms": [], "absorber_prisms": [], "line_of_sight": [[191, 160, 31, 0, 0, 501], [286, 286, 0, 0, 0, 504], [126, 126, 0, 0, 0, 499], [331, 210, 121, 0, 0, 498], [128, 128, 0, 0, 0, 499]]}