{
"time_step": 1e-05,
"number_of_molecules": 500000,
"diff_coef": 250,
"sim_time": 0.426667,
"absorbers": [
[0.344655,13.7743,-2.47985,6]
],
"reflectors": [
[-2.78224,-4.4975,-12.9627,3]
],
"reflector_prisms": [
[-14.9095,11.5811,4.77878,-9.90952,17.5811,6.77878],
[7.1625,5.81989,4.26643,12.1625,9.81989,6.26643],
[13.1527,12.3979,-1.8308,15.1527,14.3979,3.1692],
[7.25282,-16.3087,-10.3889,9.25282,-12.3087,-8.3889]
],
"absorber_prisms": [
]
}