{"time_step": 1e-05, "number_of_molecules": 500000, "diff_coef": 200, "sim_time": 2.40833, "absorbers": [[5.9608, -4.04205, 5.39729, 2], [-4.20431, 2.89912, 21.399, 5], [-3.3297, -12.5031, -1.25905, 2], [-13.2744, -6.92652, -0.902181, 2], [9.95009, 2.30629, 13.5896, 3], [-5.79895, 7.02516, 6.16598, 2], [7.19834, -6.72808, -1.70789, 5]], "reflectors": [[-6.71548, 8.22623, -2.86906, 6], [-8.07524, -1.99961, -19.2819, 4], [9.3974, -17.0265, -4.66752, 2]], "reflector_prisms": [], "absorber_prisms": [], "line_of_sight": [[343, 0, 343, 0, 0, 496], [0, 0, 0, 0, 0, 500], [0, 0, 0, 0, 0, 499], [0, 0, 0, 0, 0, 502], [143, 0, 143, 0, 0, 501], [330, 330, 0, 0, 0, 497], [280, 58, 225, 0, 0, 500]]}