{
"time_step": 1e-05,
"number_of_molecules": 500000,
"diff_coef": 50,
"sim_time": 7.5,
"absorbers": [
[0.434226,0.902143,19.9749,5]
],
"reflectors": [
],
"reflector_prisms": [
[-5.21948,-9.83766,0.82688,0.780524,-5.83766,6.82688]
],
"absorber_prisms": [
[12.0215,-1.05487,-13.1186,15.0215,4.94513,-7.11861],
[-12.9658,-17.0244,-5.70484,-6.96576,-12.0244,-1.70484]
]
}