{
"time_step": 1e-05,
"number_of_molecules": 500000,
"diff_coef": 50,
"sim_time": 12.0333,
"absorbers": [
[-15.3169,3.14615,3.39026,4],
[8.8133,-6.18157,21.4503,6],
[-6.33791,-7.44777,18.5839,5],
[13.249,3.97252,-14.4459,4],
[-1.76061,4.52788,-25.5421,7],
[0.00862332,17.2677,10.0909,5]
],
"reflectors": [
[-7.69978,12.243,15.2258,5],
[8.07193,-16.0016,6.30813,5],
[4.14508,6.69907,-15.0646,4],
[16.2224,-6.64256,7.32882,6],
[6.34267,16.4656,-11.3866,4],
[14.367,9.85075,4.53341,7]
],
"reflector_prisms": [
],
"absorber_prisms": [
]
}