{
"time_step": 1e-05,
"number_of_molecules": 500000,
"diff_coef": 300,
"sim_time": 1.60556,
"absorbers": [
[-7.36626,-3.0498,-6.0363,5],
[-2.90493,17.6924,-6.28812,6],
[7.78881,1.25916,4.33001,3],
[-13.01,-3.38321,14.8086,3],
[8.2169,-6.55334,14.6129,5],
[-1.20324,4.08866,-16.4571,3],
[10.6473,-2.62062,-0.876413,3]
],
"reflectors": [
[-9.62631,4.32386,13.3281,3],
[-0.0580444,-0.00589807,-6.99976,2]
],
"reflector_prisms": [
],
"absorber_prisms": [
]
}