{"time_step": 1e-05, "number_of_molecules": 500000, "diff_coef": 250, "sim_time": 0.326667, "absorbers": [[-6.35869, -3.48609, -8.27129, 4]], "reflectors": [[13.2991, 3.88052, -2.01897, 6]], "reflector_prisms": [], "absorber_prisms": [[-7.81852, 11.5098, 9.98885, -5.81852, 15.5098, 12.9889], [2.50948, -15.1296, 9.72821, 6.50948, -11.1296, 14.7282]], "line_of_sight": [[0, 0, 0, 0, 0, 500]]}