{"time_step": 1e-05, "number_of_molecules": 500000, "diff_coef": 150, "sim_time": 4.01111, "absorbers": [[-2.86574, 1.48476, 11.5578, 6], [3.71341, -7.36616, -7.27669, 4], [3.72148, -1.61127, -15.4775, 4], [-6.57838, 17.8999, -10.969, 7], [-0.927135, 9.62143, -5.25058, 4], [0.318946, -3.74523, 22.6908, 4], [3.56779, -11.8319, 10.1626, 5]], "reflectors": [[11.8839, 6.5427, -10.2453, 4]], "reflector_prisms": [], "absorber_prisms": [], "line_of_sight": [[167, 167, 0, 0, 0, 499], [150, 150, 0, 0, 0, 499], [499, 551, 0, 0, 0, 499], [361, 518, 0, 0, 0, 501], [251, 388, 0, 0, 0, 501], [421, 501, 0, 0, 0, 499], [342, 517, 0, 0, 0, 497]]}