{"time_step": 1e-05, "number_of_molecules": 500000, "diff_coef": 400, "sim_time": 0.704167, "absorbers": [[10.1342, -12.4245, -8.18116, 5]], "reflectors": [[-3.62003, 2.81051, 9.99982, 6]], "reflector_prisms": [[-11.3445, 9.14039, -0.656275, -8.34449, 12.1404, 1.34372], [-23.0594, -10.525, 0.991026, -17.0594, -6.52502, 4.99103], [9.74958, -4.75173, 12.4457, 15.7496, -2.75173, 17.4457]], "absorber_prisms": [[-7.81262, 8.90457, 14.5262, -2.81262, 12.9046, 18.5262]], "line_of_sight": [[149, 0, 149, 0, 0, 504]]}