{
"time_step": 1e-05,
"number_of_molecules": 500000,
"diff_coef": 200,
"sim_time": 2.7,
"absorbers": [
[1.30644,-2.79055,18.7485,2],
[-14.1933,-16.6397,7.11824,5],
[-11.1854,-7.15638,-6.97662,6],
[-0.583723,-6.60795,-15.6523,5],
[8.99007,5.37011,-3.36757,6],
[3.72166,-2.13924,-11.2059,2],
[-4.53501,15.9263,7.05591,5],
[-6.81769,-17.1584,-4.48423,5]
],
"reflectors": [
[-8.28442,-2.45871,6.80611,5],
[12.333,-6.16898,-2.41665,5]
],
"reflector_prisms": [
],
"absorber_prisms": [
]
}