{"time_step": 1e-05, "number_of_molecules": 500000, "diff_coef": 250, "sim_time": 2.40667, "absorbers": [[-11.7881, -17.1477, -2.82756, 7], [15.0011, 10.3625, 14.0209, 7], [2.0501, 2.34279, 23.7972, 5], [-2.71322, 1.36958, -23.8068, 5]], "reflectors": [[1.18342, 4.62292, -11.0104, 4], [6.87318, -3.62182, -17.339, 7]], "reflector_prisms": [], "absorber_prisms": [], "line_of_sight": [[30, 30, 0, 0, 0, 501], [30, 30, 0, 0, 0, 502], [337, 222, 161, 0, 0, 501], [374, 221, 198, 0, 0, 499]]}