{
"time_step": 1e-05,
"number_of_molecules": 500000,
"diff_coef": 300,
"sim_time": 1.60556,
"absorbers": [
[19.3697,-7.72772,2.4693,6],
[-0.827272,-7.39472,-17.4824,2]
],
"reflectors": [
],
"reflector_prisms": [
[4.23276,2.78908,-8.64832,7.23276,6.78908,-4.64832],
[9.8674,-8.84504,-3.01124,11.8674,-4.84504,-1.01124]
],
"absorber_prisms": [
[8.39008,-13.0442,-8.12797,10.3901,-10.0442,-6.12797],
[7.43796,-8.95474,-18.9229,11.438,-4.95474,-15.9229]
]
}