{
"time_step": 1e-05,
"number_of_molecules": 500000,
"diff_coef": 400,
"sim_time": 0.416667,
"absorbers": [
[-3.9874,2.19787,-11.1027,6],
[7.43247,-8.00412,1.30099,5],
[-2.36822,0.198572,14.8105,5],
[-9.57699,6.83543,9.30367,5]
],
"reflectors": [
],
"reflector_prisms": [
],
"absorber_prisms": [
]
}