{
"time_step": 1e-05,
"number_of_molecules": 500000,
"diff_coef": 300,
"sim_time": 1.60556,
"absorbers": [
[-1.30586,7.03707,10.8524,5],
[-3.79908,2.11802,-19.5213,3],
[-10.2814,-2.45095,3.0474,5],
[1.37398,6.41202,17.8325,2],
[1.94098,9.88326,-16.1107,3],
[11.953,0.760183,-14.7495,3],
[-13.9439,10.9701,9.2317,6],
[1.06392,-3.94647,17.5298,6]
],
"reflectors": [
],
"reflector_prisms": [
],
"absorber_prisms": [
]
}