{"time_step": 1e-05, "number_of_molecules": 500000, "diff_coef": 250, "sim_time": 2.16, "absorbers": [[13.6277, -6.27857, -17.4318, 5], [0.811388, 4.517, 16.3688, 4], [-4.67106, 7.36201, -15.7474, 5], [7.51362, -1.17165, 15.2044, 4], [4.19541, 8.67562, -7.15068, 4]], "reflectors": [[-0.126018, -6.51311, -10.0779, 6], [12.4794, 14.1254, -9.25948, 6], [7.41242, 5.16426, 4.28795, 5], [-14.6647, -1.90931, 2.50999, 5], [-9.77002, -0.747127, 17.4353, 4]], "reflector_prisms": [], "absorber_prisms": [], "line_of_sight": [[150, 0, 150, 0, 0, 499], [451, 0, 451, 0, 0, 497], [92, 92, 0, 0, 0, 500], [114, 114, 0, 0, 0, 501], [163, 0, 163, 0, 0, 498]]}