{"time_step": 1e-05, "number_of_molecules": 500000, "diff_coef": 250, "sim_time": 0.426667, "absorbers": [[1.40304, -3.984, -13.3476, 6]], "reflectors": [[-0.124722, -2.16286, 10.7845, 2], [5.28315, 12.7398, -2.40558, 3], [-7.89674, 16.0766, -1.78422, 5]], "reflector_prisms": [], "absorber_prisms": [], "line_of_sight": [[52, 0, 52, 0, 0, 499]]}