{"time_step": 1e-05, "number_of_molecules": 500000, "diff_coef": 50, "sim_time": 9.63333, "absorbers": [[8.0232, 11.743, -12.5988, 3], [12.9642, 7.05536, -6.17673, 5], [0.00604459, 7.92881, 6.09376, 4], [1.83814, -1.22932, 22.8934, 6], [10.4284, -15.868, 11.111, 5], [-0.417243, -10.0772, 11.1029, 3], [10.2244, -8.85405, -8.5479, 4]], "reflectors": [[-16.4759, -15.7387, -3.13689, 4], [-6.56456, -8.65998, 14.3496, 4], [-4.82461, 0.186688, -6.37873, 2], [0.327898, 6.33775, -6.38165, 2]], "reflector_prisms": [], "absorber_prisms": [], "line_of_sight": [[234, 0, 234, 0, 0, 500], [0, 0, 0, 0, 0, 500], [0, 0, 0, 0, 0, 499], [0, 0, 0, 0, 0, 499], [0, 0, 0, 0, 0, 499], [416, 0, 446, 0, 0, 503], [0, 0, 0, 0, 0, 501]]}