{"time_step": 1e-05, "number_of_molecules": 500000, "diff_coef": 200, "sim_time": 2.7, "absorbers": [[-22.6372, 4.71999, -6.42493, 6], [-12.7188, 2.86955, -16.462, 6], [-7.62868, -5.15153, 13.0868, 2], [8.14271, 6.519, -5.93287, 2]], "reflectors": [], "reflector_prisms": [[-1.35063, -1.65762, -12.446, 2.64937, 3.34238, -8.44599]], "absorber_prisms": [], "line_of_sight": [[0, 0, 0, 0, 0, 500], [0, 0, 0, 0, 0, 500], [0, 0, 0, 0, 0, 501], [0, 0, 0, 0, 0, 501]]}