{
"time_step": 1e-05,
"number_of_molecules": 500000,
"diff_coef": 400,
"sim_time": 0.816667,
"absorbers": [
[3.60255,-7.48687,-13.6736,2],
[-7.19878,12.4479,9.06796,3],
[-10.204,-7.31763,6.19111,2]
],
"reflectors": [
[-14.473,-9.83434,-11.6111,3],
[16.0374,1.67457,14.9666,4],
[-0.572919,3.15404,-18.7276,2],
[8.68867,5.56124,-13.5122,3]
],
"reflector_prisms": [
],
"absorber_prisms": [
]
}