{
"time_step": 1e-05,
"number_of_molecules": 500000,
"diff_coef": 200,
"sim_time": 3.00833,
"absorbers": [
[-4.75889,11.4984,-21.6827,6]
],
"reflectors": [
[-5.90583,8.3351,9.57326,5]
],
"reflector_prisms": [
[8.25278,-8.14115,-7.73005,10.2528,-3.14115,-4.73005]
],
"absorber_prisms": [
[10.9011,-7.89049,3.87716,13.9011,-1.89049,9.87716]
]
}