{
"time_step": 1e-05,
"number_of_molecules": 500000,
"diff_coef": 100,
"sim_time": 4.81667,
"absorbers": [
[3.81053,15.5202,16.5409,6]
],
"reflectors": [
[2.43851,1.79072,11.6124,3]
],
"reflector_prisms": [
[-3.72298,-0.148047,11.3581,2.27702,3.85195,16.3581]
],
"absorber_prisms": [
[-11.4053,-13.9028,-1.04043,-6.40531,-8.90284,2.95957],
[-3.57123,-8.33465,7.47474,2.42877,-4.33465,10.4747]
]
}