{"time_step": 1e-05, "number_of_molecules": 500000, "diff_coef": 300, "sim_time": 2.00556, "absorbers": [[-25.0436, -5.15056, 4.72138, 7], [-5.10807, 2.6269, 11.6622, 7], [-1.10336, -10.977, 10.1631, 7], [20.658, 0.591256, -15.7765, 7], [2.48696, 23.6124, 3.50263, 5], [10.4016, 3.55201, -0.43578, 4], [-1.88988, 4.25451, -15.3078, 6]], "reflectors": [], "reflector_prisms": [], "absorber_prisms": [], "line_of_sight": [[392, 392, 0, 0, 0, 502], [165, 165, 0, 0, 0, 498], [115, 115, 0, 0, 0, 503], [281, 281, 0, 0, 0, 499], [0, 0, 0, 0, 0, 502], [157, 157, 0, 0, 0, 497], [301, 301, 0, 0, 0, 498]]}