{
"time_step": 1e-05,
"number_of_molecules": 500000,
"diff_coef": 250,
"sim_time": 2.16,
"absorbers": [
[16.1004,-1.39712,-17.7433,6],
[6.66492,11.1441,10.9721,5],
[-11.1535,-1.21396,-18.9242,6]
],
"reflectors": [
[-21.2099,8.60949,2.24006,4],
[-2.89672,-10.008,-3.52829,4],
[-14.3533,-10.2734,7.03139,6],
[-2.28187,4.51306,-4.83998,2]
],
"reflector_prisms": [
],
"absorber_prisms": [
]
}