{
"time_step": 1e-05,
"number_of_molecules": 500000,
"diff_coef": 100,
"sim_time": 4.81667,
"absorbers": [
[1.88721,-1.69859,-20.8459,4],
[-7.72219,8.61492,-5.92882,2]
],
"reflectors": [
],
"reflector_prisms": [
],
"absorber_prisms": [
[-5.3272,0.805897,-10.0089,-0.327199,4.8059,-5.00892],
[-9.62077,-13.0186,9.14131,-6.62077,-8.01864,15.1413],
[-14.791,0.588163,-17.1328,-10.791,2.58816,-12.1328]
]
}