{"time_step": 1e-05, "number_of_molecules": 500000, "diff_coef": 250, "sim_time": 1.92667, "absorbers": [[7.1011, -10.8739, 0.577186, 5], [2.47289, 3.35854, -22.6187, 6], [13.8149, 1.38037, -1.80099, 5], [-15.154, -6.83403, 3.55689, 5], [2.13726, -7.69878, -12.6949, 4]], "reflectors": [], "reflector_prisms": [], "absorber_prisms": [], "line_of_sight": [[0, 0, 0, 0, 0, 498], [0, 0, 0, 0, 0, 499], [150, 150, 0, 0, 0, 501], [215, 215, 0, 0, 0, 497], [0, 0, 0, 0, 0, 500]]}