{"time_step": 1e-05, "number_of_molecules": 500000, "diff_coef": 150, "sim_time": 4.01111, "absorbers": [[-14.6819, -3.61949, 15.9794, 3], [6.42614, -3.60551, 10.71, 5]], "reflectors": [[4.56118, 8.73926, -9.94088, 2], [0.296419, 0.286201, -18.9955, 3], [-8.1537, -16.7207, -7.34406, 4], [12.05, 9.89306, 6.77684, 3]], "reflector_prisms": [], "absorber_prisms": [], "line_of_sight": [[0, 0, 0, 0, 0, 498], [0, 0, 0, 0, 0, 498]]}