{"time_step": 1e-05, "number_of_molecules": 500000, "diff_coef": 150, "sim_time": 3.6, "absorbers": [[9.28395, -17.8195, -11.1925, 5]], "reflectors": [[-0.0253092, -0.169742, 11.9988, 4]], "reflector_prisms": [], "absorber_prisms": [[-6.67578, -16.6501, 12.7333, -1.67578, -11.6501, 15.7333], [-4.3921, -1.87498, 5.24455, -2.3921, 0.125024, 10.2446]], "line_of_sight": [[0, 0, 0, 0, 0, 503]]}