{
"time_step": 1e-05,
"number_of_molecules": 500000,
"diff_coef": 200,
"sim_time": 3.00833,
"absorbers": [
[-14.7639,8.64751,-12.1757,2]
],
"reflectors": [
],
"reflector_prisms": [
],
"absorber_prisms": [
[-8.69356,-4.7049,2.63284,-5.69356,1.2951,7.63284],
[1.02501,-17.2207,-6.0656,7.02501,-14.2207,-4.0656],
[-3.7488,6.9717,-3.06642,2.2512,12.9717,2.93358],
[2.88824,10.6714,-11.5549,8.88824,13.6714,-5.55488],
[-12.5176,10.0454,-8.30232,-6.51761,14.0454,-6.30232]
]
}