{"time_step": 1e-05, "number_of_molecules": 500000, "diff_coef": 250, "sim_time": 0.96, "absorbers": [[3.32672, 7.05897, -4.48374, 3], [-2.64913, 11.2042, -7.96545, 2], [0.272477, -0.275879, 9.99248, 3]], "reflectors": [], "reflector_prisms": [], "absorber_prisms": [[6.77779, 3.36706, -9.85813, 11.7778, 8.36706, -5.85813], [-12.6618, -8.48038, -6.92397, -9.66178, -4.48038, -3.92397]], "line_of_sight": [[0, 0, 0, 0, 0, 500], [0, 0, 0, 0, 0, 502], [0, 0, 0, 0, 0, 497]]}