{"time_step": 1e-05, "number_of_molecules": 500000, "diff_coef": 350, "sim_time": 0.685714, "absorbers": [[-2.46779, -3.67816, 13.2809, 7], [-0.0049383, 0.0480553, -18.9999, 7], [-10.8265, 6.5115, -3.0638, 4], [6.38686, -11.5269, 4.72634, 7], [14.8139, 1.73895, 1.58885, 6], [-3.3096, 13.0047, 10.4367, 6]], "reflectors": [[-9.4505, -20.0998, -5.97387, 7], [-8.98016, -7.88839, -1.06304, 6], [3.9758, -4.78076, -6.50672, 4], [8.03225, 11.6463, -12.6826, 4], [-0.744283, -15.2539, -19.7931, 7]], "reflector_prisms": [], "absorber_prisms": [], "line_of_sight": [[250, 152, 115, 0, 0, 500], [342, 307, 57, 0, 0, 501], [270, 270, 0, 0, 0, 499], [99, 99, 0, 0, 0, 503], [206, 39, 167, 0, 0, 496], [323, 0, 390, 0, 0, 498]]}