{"time_step": 1e-05, "number_of_molecules": 500000, "diff_coef": 300, "sim_time": 1.42222, "absorbers": [[-0.210043, -10.5668, -3.04928, 6], [-1.97511, 2.23721, 20.7869, 5], [1.8175, -3.04699, -20.6981, 7], [12.9322, -4.79954, 5.89252, 7], [3.28758, 7.26695, -10.2656, 4], [-0.0704012, 0.460022, 9.98917, 4]], "reflectors": [[-9.07333, 8.43649, -3.93704, 6], [-9.34681, 5.61456, 8.78146, 5], [6.64246, 10.2945, 15.8083, 4], [0.563516, 11.8555, 1.76927, 5], [0.503153, -20.2081, 14.7098, 6]], "reflector_prisms": [], "absorber_prisms": [], "line_of_sight": [[123, 0, 123, 0, 0, 499], [497, 994, 0, 0, 0, 497], [383, 461, 0, 0, 0, 500], [207, 0, 207, 0, 0, 500], [108, 25, 83, 0, 0, 495], [215, 259, 0, 0, 0, 499]]}