{"time_step": 1e-05, "number_of_molecules": 500000, "diff_coef": 250, "sim_time": 1.70667, "absorbers": [[0.765921, 11.6453, -13.704, 2], [3.10677, -10.0767, -3.1318, 6], [-8.32313, 3.40718, -10.7292, 2], [17.9977, -6.42168, 8.70895, 6], [1.06594, -15.7426, -8.66221, 2], [-1.47557, 4.56057, 11.0011, 2], [7.47562, -0.375998, 2.82379, 2], [9.06851, 2.54695, 5.68112, 2]], "reflectors": [[-13.5353, -5.21927, -6.7495, 3]], "reflector_prisms": [], "absorber_prisms": [], "line_of_sight": [[0, 0, 0, 0, 0, 497], [4, 4, 0, 0, 0, 499], [0, 0, 0, 0, 0, 500], [156, 156, 0, 0, 0, 497], [501, 501, 0, 0, 0, 501], [0, 0, 0, 0, 0, 503], [281, 270, 45, 0, 0, 501], [316, 110, 233, 0, 0, 499]]}