{
"time_step": 1e-05,
"number_of_molecules": 500000,
"diff_coef": 200,
"sim_time": 1.63333,
"absorbers": [
[-6.13873,-16.7121,6.63495,5]
],
"reflectors": [
[-0.343098,-6.6894,-11.1416,5]
],
"reflector_prisms": [
[7.43452,-11.6169,0.500836,13.4345,-6.61688,3.50084]
],
"absorber_prisms": [
[15.7524,4.13405,7.31057,18.7524,6.13405,12.3106],
[13.4294,-16.6444,-10.6569,16.4294,-10.6444,-6.65692],
[-12.6049,8.43651,5.62111,-6.60488,14.4365,10.6211]
]
}