{
"time_step": 1e-05,
"number_of_molecules": 500000,
"diff_coef": 250,
"sim_time": 1.70667,
"absorbers": [
[-2.55408,-0.536289,-20.8372,6],
[-15.439,-9.47648,-5.7301,3]
],
"reflectors": [
],
"reflector_prisms": [
[-9.21967,-2.87993,-7.37233,-5.21967,3.12007,-3.37233],
[12.7827,-4.9384,-8.09279,14.7827,1.0616,-3.09279]
],
"absorber_prisms": [
[-9.76747,1.73898,-14.3668,-4.76747,5.73898,-8.36679]
]
}