{
"time_step": 1e-05,
"number_of_molecules": 500000,
"diff_coef": 300,
"sim_time": 2.00556,
"absorbers": [
[6.23926,-3.9791,-19.6529,2]
],
"reflectors": [
[0.181426,-9.37774,14.1783,4],
[4.33921,6.16073,-20.6692,5],
[-5.02008,-0.0343172,-15.192,3]
],
"reflector_prisms": [
[-13.6565,-6.7231,6.42693,-7.65645,-3.7231,8.42693]
],
"absorber_prisms": [
[-14.5481,-8.35449,11.9409,-8.5481,-5.35449,14.9409]
]
}