{
"time_step": 1e-05,
"number_of_molecules": 500000,
"diff_coef": 350,
"sim_time": 0.233333,
"absorbers": [
[0.337098,-7.9782,0.484517,3],
[-1.07979,-1.38885,-10.8584,4]
],
"reflectors": [
],
"reflector_prisms": [
[-3.41729,6.64868,2.04828,0.582712,9.64868,5.04828],
[3.45771,-2.94166,14.8803,5.45771,2.05834,16.8803],
[-14.3802,3.75012,-15.7079,-12.3802,7.75012,-11.7079],
[-7.02134,10.2729,-6.82796,-2.02134,16.2729,-3.82796]
],
"absorber_prisms": [
]
}