{"time_step": 1e-05, "number_of_molecules": 500000, "diff_coef": 150, "sim_time": 3.6, "absorbers": [[8.89729, -4.49047, -0.820863, 4], [-15.8038, -2.97463, 16.4436, 5], [-2.50111, -4.92007, 9.51511, 6], [6.46895, -9.68172, -13.7265, 6], [-8.39636, -15.6946, 9.12042, 6], [16.102, -0.732716, -8.01171, 5], [8.11617, 0.963564, 19.3442, 3]], "reflectors": [[-0.513222, -3.03933, -18.7483, 4], [4.37151, -18.9424, 4.69861, 5], [9.2336, 7.94725, 11.8567, 3]], "reflector_prisms": [], "absorber_prisms": [], "line_of_sight": [[68, 68, 0, 0, 0, 498], [332, 332, 0, 0, 0, 503], [184, 146, 38, 0, 0, 504], [0, 0, 0, 0, 0, 501], [223, 223, 0, 0, 0, 503], [194, 194, 0, 0, 0, 500], [0, 0, 0, 0, 0, 501]]}