{
"time_step": 1e-05,
"number_of_molecules": 500000,
"diff_coef": 250,
"sim_time": 1.92667,
"absorbers": [
[6.60886,-2.94245,18.6458,3],
[-0.198353,-0.0568143,13.9985,4]
],
"reflectors": [
[-1.46472,-15.3837,9.23026,2]
],
"reflector_prisms": [
],
"absorber_prisms": [
[-8.815,-17.618,8.94681,-2.815,-15.618,13.9468]
]
}