{"time_step": 1e-05, "number_of_molecules": 500000, "diff_coef": 250, "sim_time": 0.326667, "absorbers": [[1.05168, 8.92265, 0.529402, 2]], "reflectors": [[-0.84048, -7.00227, -7.08956, 4]], "reflector_prisms": [[-5.64356, -2.73484, -17.7779, 0.356438, 3.26516, -13.7779], [14.8914, -3.73239, 4.70867, 17.8914, -0.732388, 6.70867]], "absorber_prisms": [[-6.92607, -2.4718, 5.31321, -0.92607, -0.471804, 8.31321], [4.59056, -13.7238, -6.18082, 6.59056, -9.72379, -1.18082]], "line_of_sight": [[0, 0, 0, 0, 0, 499]]}