{
"time_step": 1e-05,
"number_of_molecules": 500000,
"diff_coef": 250,
"sim_time": 2.16,
"absorbers": [
[-2.20175,-2.93031,15.5745,6],
[-10.2141,-9.97308,-9.23088,3],
[14.684,2.71143,18.7891,6],
[9.16688,5.71859,5.22168,2],
[1.42619,-9.78602,9.90958,2],
[-10.0992,1.93652,-9.50035,4],
[13.6463,-9.15742,-7.34304,2],
[6.79929,-4.63013,-12.5432,5]
],
"reflectors": [
[0.0274466,-4.24919,-9.05227,2],
[3.61037,7.27981,8.83004,3],
[20.8085,-1.68008,2.27674,6],
[-13.5909,6.7779,14.5034,6]
],
"reflector_prisms": [
],
"absorber_prisms": [
]
}