{"time_step": 1e-05, "number_of_molecules": 500000, "diff_coef": 150, "sim_time": 0.277778, "absorbers": [[6.74349, -4.00222, -1.58354, 3]], "reflectors": [], "reflector_prisms": [], "absorber_prisms": [[-7.66184, 7.34518, -11.8105, -1.66184, 9.34518, -5.81052], [-7.05151, -10.1834, 12.8632, -4.05151, -7.18343, 17.8632], [-3.14277, 9.91943, -16.2047, -0.142767, 13.9194, -13.2047], [2.48692, -12.9172, 12.5955, 8.48692, -10.9172, 17.5955]], "line_of_sight": [[0, 0, 0, 0, 0, 500]]}