{"time_step": 1e-05, "number_of_molecules": 500000, "diff_coef": 250, "sim_time": 2.40667, "absorbers": [[-10.4827, -11.7265, -6.44999, 4], [1.36576, -15.8947, -13.6562, 2]], "reflectors": [], "reflector_prisms": [[13.7123, 8.54181, 3.46217, 17.7123, 14.5418, 5.46217], [-14.3198, 7.31295, 1.47205, -9.31976, 12.313, 7.47205], [-5.49615, 3.45517, -9.75046, -3.49615, 8.45517, -7.75046]], "absorber_prisms": [], "line_of_sight": [[0, 0, 0, 0, 0, 501], [0, 0, 0, 0, 0, 503]]}