{
"time_step": 1e-05,
"number_of_molecules": 500000,
"diff_coef": 200,
"sim_time": 0.833333,
"absorbers": [
[3.414,-1.44525,13.5002,4]
],
"reflectors": [
[3.53544,10.7478,-18.8676,3],
[-1.25458,4.78784,-14.1599,3]
],
"reflector_prisms": [
[8.10294,-2.6715,-3.70787,11.1029,1.3285,-1.70787]
],
"absorber_prisms": [
[-7.2503,15.2565,-2.86659,-3.2503,21.2565,2.13341],
[-7.27969,3.59345,9.38776,-2.27969,9.59345,13.3878]
]
}