{"time_step": 1e-05, "number_of_molecules": 500000, "diff_coef": 300, "sim_time": 1.8, "absorbers": [[1.33055, -12.004, 11.9639, 7], [-2.43966, -12.627, -7.72056, 7], [-21.3799, 4.57381, -12.1235, 7], [-1.54515, -2.79268, -16.6977, 5], [11.5197, -0.0162175, -13.831, 6], [-5.02253, 5.60164, 16.3522, 4]], "reflectors": [[8.29313, 2.45867, 2.48575, 4], [-18.4505, -2.89847, 15.0724, 5]], "reflector_prisms": [], "absorber_prisms": [], "line_of_sight": [[0, 0, 0, 0, 0, 500], [0, 0, 0, 0, 0, 501], [179, 0, 179, 0, 0, 502], [75, 75, 0, 0, 0, 496], [161, 42, 119, 0, 0, 500], [177, 177, 0, 0, 0, 499]]}