{
"time_step": 1e-05,
"number_of_molecules": 500000,
"diff_coef": 200,
"sim_time": 3.00833,
"absorbers": [
[-6.23274,-14.765,13.5702,2]
],
"reflectors": [
[1.04191,-4.58803,-16.336,4],
[9.24395,-17.8843,-5.97506,2],
[4.16429,0.501477,-17.5045,2],
[0.647129,3.12869,23.7864,5]
],
"reflector_prisms": [
[0.0252236,-15.908,3.70167,3.02522,-9.90799,6.70167]
],
"absorber_prisms": [
]
}