{
"time_step": 1e-05,
"number_of_molecules": 500000,
"diff_coef": 50,
"sim_time": 4.03333,
"absorbers": [
[-7.22755,-1.35006,-11.9139,3]
],
"reflectors": [
[-6.05669,1.06554,22.1626,6],
[6.02088,-2.54745,-11.2365,4]
],
"reflector_prisms": [
[-15.0835,-8.28425,1.29214,-11.0835,-5.28425,4.29214],
[1.92093,7.54873,-4.89787,5.92093,9.54873,-1.89787]
],
"absorber_prisms": [
[-13.7269,-11.0732,8.32988,-7.72693,-8.07322,13.3299]
]
}