{"time_step": 1e-05, "number_of_molecules": 500000, "diff_coef": 50, "sim_time": 2.13333, "absorbers": [[-10.1191, 3.87537, -1.89332, 3]], "reflectors": [[-1.82714, 2.19148, -23.8298, 6]], "reflector_prisms": [[4.66644, -3.2617, 1.70058, 7.66644, 1.7383, 6.70058]], "absorber_prisms": [[5.10789, 12.6291, -17.0636, 9.10789, 15.6291, -12.0636], [-2.39828, -10.4751, 12.2245, 3.60172, -6.4751, 17.2245], [-2.11113, -12.2438, -9.94678, 0.888873, -10.2438, -4.94678]], "line_of_sight": [[0, 0, 0, 0, 0, 503]]}