{
"time_step": 1e-05,
"number_of_molecules": 500000,
"diff_coef": 100,
"sim_time": 6.01667,
"absorbers": [
[8.34889,-0.843098,12.4332,6],
[-6.81971,-0.482161,1.50303,2],
[-7.53534,12.7957,14.8489,5],
[-7.39908,-0.0815583,13.0479,3],
[-16.6909,-16.8685,3.58726,5],
[-0.333432,9.91077,-20.7525,4],
[14.7042,13.1869,-13.6342,6],
[6.60653,-17.8905,-6.02355,4]
],
"reflectors": [
[-0.150397,-0.109259,-11.9986,6],
[-8.21507,-9.74542,7.90819,5],
[1.54422,3.54039,20.6417,5]
],
"reflector_prisms": [
],
"absorber_prisms": [
]
}