{"time_step": 1e-05, "number_of_molecules": 500000, "diff_coef": 50, "sim_time": 1.63333, "absorbers": [[-0.00645901, 0.00601143, 13, 6]], "reflectors": [[-10.1987, 8.33353, 4.74744, 6]], "reflector_prisms": [[-23.5684, -3.0903, 2.98057, -18.5684, -0.0903017, 4.98057]], "absorber_prisms": [], "line_of_sight": [[0, 0, 0, 0, 0, 499]]}