{"time_step": 1e-05, "number_of_molecules": 500000, "diff_coef": 300, "sim_time": 0.8, "absorbers": [[-6.55191, -1.89111, -12.2269, 2]], "reflectors": [[-11.8917, 8.33012, 10.6394, 6], [2.46838, 0.0702655, 12.7633, 5], [2.23269, 10.0113, 12.2796, 2]], "reflector_prisms": [[11.4443, -0.825143, -15.3169, 17.4443, 2.17486, -12.3169], [-1.47745, -8.4912, 15.5168, 4.52255, -5.4912, 17.5168]], "absorber_prisms": [], "line_of_sight": [[339, 0, 339, 0, 0, 500]]}