{"time_step": 1e-05, "number_of_molecules": 500000, "diff_coef": 250, "sim_time": 1.92667, "absorbers": [[1.33445, -6.65697, -17.7455, 2]], "reflectors": [[2.97853, -7.20152, 6.26629, 3], [-7.59324, -2.79052, -20.4586, 3], [1.71564, -1.23697, 16.8679, 6], [17.1861, -5.96192, -8.3123, 2], [-4.39914, -2.37897, 7.48252, 4]], "reflector_prisms": [], "absorber_prisms": [], "line_of_sight": [[7, 0, 7, 0, 0, 503]]}