{"time_step": 1e-05, "number_of_molecules": 500000, "diff_coef": 150, "sim_time": 0.544444, "absorbers": [[0.00236431, 0.460066, -11.9912, 6], [-3.88233, -9.19698, -0.585804, 3]], "reflectors": [[-6.11786, -3.88543, -6.89022, 2]], "reflector_prisms": [[-11.0781, -8.62669, -21.7296, -7.07812, -5.62669, -15.7296]], "absorber_prisms": [[-13.2726, 6.84065, -5.69051, -10.2726, 8.84065, -0.690513]], "line_of_sight": [[0, 0, 0, 0, 0, 502], [0, 0, 0, 0, 0, 499]]}