{
"time_step": 1e-05,
"number_of_molecules": 500000,
"diff_coef": 300,
"sim_time": 1.42222,
"absorbers": [
[-8.24635,8.51104,10.7499,6],
[-4.51044,-8.30363,8.92781,2],
[7.70688,1.45231,-15.0829,3],
[8.03865,-11.1493,11.6221,3],
[2.87175,0.57842,16.7457,2],
[-4.68017,12.9924,-2.30097,6],
[4.41657,-19.3035,-2.80543,4],
[-9.07461,-6.15503,4.87515,3]
],
"reflectors": [
],
"reflector_prisms": [
],
"absorber_prisms": [
]
}