{
"time_step": 1e-05,
"number_of_molecules": 500000,
"diff_coef": 50,
"sim_time": 10.8,
"absorbers": [
[-13.6855,16.9702,2.95297,4],
[-19.4802,1.35076,12.1531,5],
[14.9146,-9.60772,-14.6371,6],
[-1.68572,-19.6406,-7.23913,6]
],
"reflectors": [
],
"reflector_prisms": [
],
"absorber_prisms": [
]
}