{"time_step": 1e-05, "number_of_molecules": 500000, "diff_coef": 300, "sim_time": 2.00556, "absorbers": [[-0.369505, -2.62242, 15.7793, 4], [5.77364, 7.52403, 11.6213, 2], [-4.69144, -2.98003, -21.2864, 3], [-0.31228, -10.8821, 1.57535, 3], [-10.8464, -9.39981, -9.11042, 4], [-2.01353, -8.87262, -7.82447, 2], [-14.9986, -0.182156, 0.100638, 4], [1.98915, 11.3834, 9.5636, 2]], "reflectors": [[-1.26638, 15.0875, 11.4789, 2]], "reflector_prisms": [], "absorber_prisms": [], "line_of_sight": [[6, 6, 0, 0, 0, 498], [33, 33, 0, 0, 0, 503], [13, 13, 0, 0, 0, 499], [0, 0, 0, 0, 0, 498], [20, 20, 0, 0, 0, 498], [201, 201, 29, 0, 0, 501], [0, 0, 0, 0, 0, 501], [479, 450, 49, 0, 0, 497]]}