{
"time_step": 1e-05,
"number_of_molecules": 500000,
"diff_coef": 350,
"sim_time": 1.21905,
"absorbers": [
[5.05581,-11.2731,13.0903,2]
],
"reflectors": [
[-0.199736,-10.3762,-7.82913,5]
],
"reflector_prisms": [
[-4.78384,8.70633,5.72689,0.21616,12.7063,11.7269]
],
"absorber_prisms": [
[-1.96194,-1.59357,-12.4754,1.03806,0.406434,-10.4754]
]
}