{
"time_step": 1e-05,
"number_of_molecules": 500000,
"diff_coef": 300,
"sim_time": 2.00556,
"absorbers": [
[-3.26366,-2.28354,16.5268,6],
[-5.85565,-5.67578,3.80748,4],
[-0.836945,9.0036,4.27021,5],
[2.39904,-11.1351,-3.77552,3],
[13.5623,3.72008,9.55123,2],
[-1.53746,2.50674,-11.6341,6],
[-4.69291,22.9079,-5.40421,5]
],
"reflectors": [
[19.5232,-4.09823,11.4476,6],
[-4.51414,4.2412,10.2779,2]
],
"reflector_prisms": [
],
"absorber_prisms": [
]
}