{
"time_step": 1e-05,
"number_of_molecules": 500000,
"diff_coef": 200,
"sim_time": 3.00833,
"absorbers": [
[-15.0331,-3.04109,-11.2141,2],
[-3.16413,-0.846435,-22.7656,4],
[-13.9307,-9.29198,14.2687,6],
[-15.745,2.82883,-17.8911,5],
[1.31122,-0.957801,21.94,4],
[-12.6981,1.49595,-2.34953,5],
[2.23844,-1.34734,8.61244,2],
[11.8665,-12.4097,5.4025,4]
],
"reflectors": [
[-5.21159,-15.5567,7.40471,5],
[0.354068,-4.14973,11.2541,2],
[-4.09561,-15.2111,-15.3574,3],
[8.31743,-3.5211,-17.8444,2]
],
"reflector_prisms": [
],
"absorber_prisms": [
]
}