{
"time_step": 1e-05,
"number_of_molecules": 500000,
"diff_coef": 250,
"sim_time": 2.16,
"absorbers": [
[-6.29079,16.7736,-6.33024,7],
[-13.7801,-13.0803,0.12612,4],
[-10.1475,0.419231,9.63601,5],
[1.24625,-11.8753,-1.19324,7],
[3.19664,-6.24376,17.6578,7],
[4.1559,0.190445,-14.4115,5],
[24.7232,-0.10183,3.70866,7]
],
"reflectors": [
],
"reflector_prisms": [
],
"absorber_prisms": [
]
}