{
"time_step": 1e-05,
"number_of_molecules": 500000,
"diff_coef": 50,
"sim_time": 2.13333,
"absorbers": [
[1.67893,0.841662,10.8385,3]
],
"reflectors": [
[0.464251,3.91755,-13.4327,2],
[11.254,17.2052,4.28146,5]
],
"reflector_prisms": [
[-0.825905,-3.23024,7.2422,4.17409,0.769755,9.2422]
],
"absorber_prisms": [
[-2.95399,-2.17638,-10.9983,3.04601,1.82362,-8.99834],
[7.30725,-15.9011,-6.91551,11.3072,-13.9011,-0.915506]
]
}