{"time_step": 1e-05, "number_of_molecules": 500000, "diff_coef": 50, "sim_time": 4.8, "absorbers": [[-1.95186, 0.771087, -13.8418, 4], [8.76211, 8.14842, 0.91032, 4], [-2.37212, -9.35912, -13.9921, 5], [15.4476, 1.62197, -10.9426, 7]], "reflectors": [[7.93466, 7.38126, 15.6064, 6], [2.86188, -21.7402, 1.782, 5], [-5.70147, -0.39062, 13.8687, 4], [8.9046, -8.52857, 8.54234, 6]], "reflector_prisms": [], "absorber_prisms": [], "line_of_sight": [[78, 0, 78, 0, 0, 498], [0, 0, 0, 0, 0, 500], [185, 0, 185, 0, 0, 501], [51, 0, 51, 0, 0, 501]]}