{"time_step": 1e-05, "number_of_molecules": 500000, "diff_coef": 100, "sim_time": 4.26667, "absorbers": [[8.46645, 1.31908, -20.2628, 6]], "reflectors": [], "reflector_prisms": [[-7.17087, 11.2339, -7.83127, -4.17087, 13.2339, -2.83127]], "absorber_prisms": [[-0.472007, -11.9603, -1.31159, 1.52799, -6.9603, 2.68841]], "line_of_sight": [[0, 0, 0, 0, 0, 499]]}