{
"time_step": 1e-05,
"number_of_molecules": 500000,
"diff_coef": 50,
"sim_time": 7.5,
"absorbers": [
[-4.89037,9.94219,-14.1858,3]
],
"reflectors": [
[-13.9397,5.81362,11.5277,5],
[-3.1851,-1.04994,-12.56,3],
[23.5189,0.315862,-4.77115,5],
[-9.67151,-6.24814,-3.37972,5]
],
"reflector_prisms": [
[16.5356,-3.40304,-14.5473,18.5356,2.59696,-8.54734]
],
"absorber_prisms": [
]
}