{
"time_step": 1e-05,
"number_of_molecules": 500000,
"diff_coef": 150,
"sim_time": 4.01111,
"absorbers": [
[5.47214,12.647,19.6496,5],
[-5.11954,-13.2695,-16.7842,4],
[-7.2774,9.90597,14.4883,3]
],
"reflectors": [
[1.06274,0.519864,9.92977,4]
],
"reflector_prisms": [
],
"absorber_prisms": [
[-10.4073,-9.91468,-10.214,-7.40727,-4.91468,-7.21396]
]
}