{"time_step": 1e-05, "number_of_molecules": 500000, "diff_coef": 50, "sim_time": 9.63333, "absorbers": [[-0.999826, 7.78391, -19.4785, 4], [0.633182, -0.333329, 18.9865, 6]], "reflectors": [[3.19725, 15.7815, 14.9907, 5]], "reflector_prisms": [], "absorber_prisms": [[8.48261, 0.998668, 9.40001, 14.4826, 6.99867, 11.4], [-10.3805, 15.9436, -4.80999, -7.38055, 21.9436, 1.19001]], "line_of_sight": [[171, 171, 0, 0, 0, 505], [80, 80, 0, 0, 0, 499]]}