{"time_step": 1e-05, "number_of_molecules": 500000, "diff_coef": 400, "sim_time": 0.9375, "absorbers": [[-17.1305, 0.0153032, 10.322, 6], [3.95317, 12.1565, 12.6725, 6], [-0.390625, -0.489083, -13.986, 4], [-7.90824, 10.5559, -12.2487, 5], [20.9549, 3.53767, -5.68999, 7]], "reflectors": [[-8.59871, -8.92298, 3.92972, 6], [1.47424, -19.0263, -5.98555, 6], [-3.30796, -12.4745, -20.2347, 7], [14.9112, -4.51705, 14.0802, 7]], "reflector_prisms": [], "absorber_prisms": [], "line_of_sight": [[191, 187, 26, 0, 0, 500], [242, 0, 242, 0, 0, 500], [52, 0, 52, 0, 0, 501], [121, 0, 121, 0, 0, 501], [298, 168, 134, 0, 0, 501]]}