{"time_step": 1e-05, "number_of_molecules": 500000, "diff_coef": 350, "sim_time": 0.304762, "absorbers": [[-1.57268, 9.83384, -0.906809, 5], [2.91772, -10.5428, 1.15618, 3]], "reflectors": [], "reflector_prisms": [], "absorber_prisms": [[-3.28582, -2.65675, 14.9167, 0.714177, 0.343255, 20.9167], [9.56583, 5.19566, -4.49956, 14.5658, 11.1957, -2.49956]], "line_of_sight": [[26, 26, 0, 0, 0, 499], [500, 500, 0, 0, 0, 500]]}