{"time_step": 1e-05, "number_of_molecules": 500000, "diff_coef": 50, "sim_time": 8.53333, "absorbers": [[10.7741, 6.75857, 16.7105, 5]], "reflectors": [[-12.5632, -3.25037, 0.774758, 3], [-16.8338, 1.45715, 6.20472, 3], [-7.36515, 8.14085, 4.84574, 6]], "reflector_prisms": [], "absorber_prisms": [[-8.42465, -1.41237, -12.0102, -4.42465, 4.58763, -8.01016]], "line_of_sight": [[0, 0, 0, 0, 0, 500]]}