{"time_step": 1e-05, "number_of_molecules": 500000, "diff_coef": 350, "sim_time": 1.37619, "absorbers": [[-11.4019, -4.35461, 14.5614, 5], [-15.5975, 11.8391, -10.0277, 5]], "reflectors": [], "reflector_prisms": [[-5.48411, -6.90359, 4.35074, 0.515894, -3.90359, 6.35074]], "absorber_prisms": [[-18.7792, 4.62149, 1.79483, -14.7792, 6.62149, 4.79483], [2.34615, 1.5126, 6.77507, 7.34615, 3.5126, 8.77507]], "line_of_sight": [[43, 0, 0, 0, 43, 502], [0, 0, 0, 0, 0, 501]]}