{
"time_step": 1e-05,
"number_of_molecules": 500000,
"diff_coef": 50,
"sim_time": 12.0333,
"absorbers": [
[2.02999,-0.536748,9.77707,4],
[-6.27453,0.971006,22.1063,4]
],
"reflectors": [
[0.121626,8.14464,-3.82754,4],
[7.85158,4.30988,-10.76,4]
],
"reflector_prisms": [
],
"absorber_prisms": [
]
}