{"time_step": 1e-05, "number_of_molecules": 500000, "diff_coef": 200, "sim_time": 1.40833, "absorbers": [[4.06367, -4.37345, 14.8445, 3], [-2.85984, -2.67307, -12.3966, 3]], "reflectors": [], "reflector_prisms": [], "absorber_prisms": [[-12.8, 4.00794, 2.71455, -7.80005, 10.0079, 4.71455], [8.77927, 0.821123, -2.85773, 11.7793, 6.82112, 1.14227]], "line_of_sight": [[0, 0, 0, 0, 0, 503], [0, 0, 0, 0, 0, 500]]}