{
"time_step": 1e-05,
"number_of_molecules": 500000,
"diff_coef": 400,
"sim_time": 1.35,
"absorbers": [
[15.6552,-2.64032,-6.07811,5],
[15.1998,-12.9981,-0.126247,5],
[-7.89091,11.9179,7.19003,4],
[0.0948688,-18.6963,11.5948,4]
],
"reflectors": [
[-15.3821,-6.04035,3.98814,4]
],
"reflector_prisms": [
],
"absorber_prisms": [
]
}