{"time_step": 1e-05, "number_of_molecules": 500000, "diff_coef": 100, "sim_time": 5.4, "absorbers": [[-5.43287, -14.916, -1.99914, 4], [7.87207, 2.29605, -3.70927, 3], [-10.1215, -1.34689, -12.3184, 3], [-3.05014, 10.67, -14.1721, 5], [-2.30368, -1.28492, 14.7662, 2], [-14.8125, -8.67602, -8.14352, 3], [5.20873, -7.33287, 0.313305, 3], [-3.4173, 8.7269, 21.0039, 5]], "reflectors": [[2.57616, 0.578839, -13.7488, 6], [18.1352, -5.80403, -8.85591, 3], [-8.30036, -10.0055, 9.32701, 3], [10.1398, -22.6306, 3.16831, 6]], "reflector_prisms": [], "absorber_prisms": [], "line_of_sight": [[0, 0, 0, 0, 0, 497], [0, 0, 0, 0, 0, 500], [0, 0, 0, 0, 0, 500], [31, 0, 31, 0, 0, 499], [504, 0, 504, 0, 0, 504], [0, 0, 0, 0, 0, 501], [150, 0, 150, 0, 0, 504], [230, 0, 230, 0, 0, 502]]}