{
"time_step": 1e-05,
"number_of_molecules": 500000,
"diff_coef": 150,
"sim_time": 2.84444,
"absorbers": [
[0.734484,-7.33851,-20.727,6],
[1.92847,10.9007,4.632,4],
[-0.567522,0.83093,-10.9539,5],
[1.33415,-10.16,3.99924,6]
],
"reflectors": [
[18.276,-4.50519,-13.2171,5],
[-14.5668,10.7837,-8.4569,4]
],
"reflector_prisms": [
],
"absorber_prisms": [
]
}