{"time_step": 1e-05, "number_of_molecules": 500000, "diff_coef": 400, "sim_time": 1.06667, "absorbers": [[-6.70402, 10.5092, -12.9851, 6], [9.07701, -7.20797, -3.10695, 6], [-11.4657, 5.29496, 18.0139, 6], [-4.01813, -4.84009, 10.219, 5]], "reflectors": [], "reflector_prisms": [], "absorber_prisms": [], "line_of_sight": [[11, 11, 0, 0, 0, 498], [37, 37, 0, 0, 0, 500], [101, 101, 0, 0, 0, 500], [22, 22, 0, 0, 0, 501]]}