{"time_step": 1e-05, "number_of_molecules": 500000, "diff_coef": 100, "sim_time": 5.4, "absorbers": [[16.7281, -6.62969, 0.466823, 3], [-18.3133, -6.29386, -8.12469, 3]], "reflectors": [[-1.0764, 12.6493, 11.3065, 4]], "reflector_prisms": [], "absorber_prisms": [[-1.85474, -1.00977, -18.9722, 0.145259, 1.99023, -15.9722]], "line_of_sight": [[0, 0, 0, 0, 0, 500], [0, 0, 0, 0, 0, 501]]}