{"time_step": 1e-05, "number_of_molecules": 500000, "diff_coef": 150, "sim_time": 3.6, "absorbers": [[17.5924, 1.97678, 3.25551, 4], [3.23379, 1.82649, -23.7109, 6], [0.972984, -0.905629, 10.9194, 5], [-6.43217, -7.12538, -7.20111, 5], [0.239446, -16.2914, -4.85111, 6], [-0.063224, 4.94423, -10.9339, 4]], "reflectors": [[25.6296, 0.174514, -4.3695, 7]], "reflector_prisms": [], "absorber_prisms": [], "line_of_sight": [[119, 0, 119, 0, 0, 496], [488, 664, 0, 0, 0, 498], [206, 218, 0, 0, 0, 500], [31, 31, 0, 0, 0, 500], [37, 37, 0, 0, 0, 497], [269, 382, 0, 0, 0, 501]]}