{
"time_step": 1e-05,
"number_of_molecules": 500000,
"diff_coef": 100,
"sim_time": 6.01667,
"absorbers": [
[7.30227,13.5072,17.124,4],
[-0.578993,-0.287536,-10.981,6],
[-6.77557,-12.0434,8.06524,5],
[-14.6912,-2.99802,11.6696,6]
],
"reflectors": [
],
"reflector_prisms": [
],
"absorber_prisms": [
]
}