{
"time_step": 1e-05,
"number_of_molecules": 500000,
"diff_coef": 150,
"sim_time": 3.21111,
"absorbers": [
[-14.3206,3.84239,-2.27107,6],
[3.68295,20.0888,4.88651,4],
[-10.1885,-8.74115,-6.69232,5]
],
"reflectors": [
[2.7202,-11.2511,-9.54005,6]
],
"reflector_prisms": [
],
"absorber_prisms": [
[0.421032,4.19982,-8.93545,4.42103,6.19982,-4.93545]
]
}