{
"time_step": 1e-05,
"number_of_molecules": 500000,
"diff_coef": 50,
"sim_time": 7.5,
"absorbers": [
[-17.7934,-0.715521,-9.10399,5],
[0.850425,9.38999,-18.7645,6],
[-7.78406,-8.53293,5.96636,6]
],
"reflectors": [
],
"reflector_prisms": [
[-8.46203,1.03747,-10.5034,-6.46203,6.03747,-5.5034]
],
"absorber_prisms": [
[8.42725,8.24972,-6.98501,10.4273,13.2497,-4.98501]
]
}