{
"time_step": 1e-05,
"number_of_molecules": 500000,
"diff_coef": 200,
"sim_time": 3.00833,
"absorbers": [
[-8.31194,-10.4388,18.7335,6],
[23.8856,-10.2573,0.515802,7],
[-7.02297,11.4884,3.83334,5],
[2.22425,-9.93032,-8.0896,4],
[1.16394,1.68889,-16.8758,5]
],
"reflectors": [
[6.42014,5.28656,15.9635,4]
],
"reflector_prisms": [
],
"absorber_prisms": [
]
}