{"time_step": 1e-05, "number_of_molecules": 500000, "diff_coef": 200, "sim_time": 0.833333, "absorbers": [[6.64327, -8.38924, -5.43025, 2], [-2.31369, 6.68888, -3.72903, 2]], "reflectors": [[21.091, 0.77542, 9.14156, 6]], "reflector_prisms": [], "absorber_prisms": [[3.14992, -6.01373, -13.7466, 8.14992, -1.01373, -9.74658], [2.93847, 11.3877, 3.4605, 6.93847, 17.3877, 6.4605], [-5.67094, -22.2747, 1.58264, -3.67094, -16.2747, 3.58264]], "line_of_sight": [[0, 0, 0, 0, 0, 504], [0, 0, 0, 0, 0, 500]]}