{"time_step": 1e-05, "number_of_molecules": 500000, "diff_coef": 250, "sim_time": 0.326667, "absorbers": [[-8.13538, -4.50591, 5.87472, 4]], "reflectors": [[2.19988, -0.253562, 22.8931, 4]], "reflector_prisms": [[7.19181, -7.52875, 7.76017, 13.1918, -4.52875, 13.7602], [-2.09882, -14.2969, -6.89526, -0.0988222, -8.29688, -0.895264], [-9.67726, -17.298, -1.76807, -4.67726, -11.298, 2.23193]], "absorber_prisms": [], "line_of_sight": [[0, 0, 0, 0, 0, 501]]}