{
"time_step": 1e-05,
"number_of_molecules": 500000,
"diff_coef": 300,
"sim_time": 0.45,
"absorbers": [
[-3.34335,10.5219,-6.86381,4]
],
"reflectors": [
[-2.59853,-16.8557,-13.8972,5],
[-2.1171,-17.8725,0.305418,2]
],
"reflector_prisms": [
],
"absorber_prisms": [
[-5.23561,2.31343,-12.8556,-1.23561,5.31343,-7.85561]
]
}