{
"time_step": 1e-05,
"number_of_molecules": 500000,
"diff_coef": 400,
"sim_time": 0.504167,
"absorbers": [
[5.55592,-6.45682,13.544,5]
],
"reflectors": [
],
"reflector_prisms": [
[-3.6109,-9.79193,1.94237,-1.6109,-6.79193,7.94237],
[-13.0618,-8.11938,-19.7074,-7.06182,-2.11938,-15.7074],
[10.6364,8.53196,-16.1836,12.6364,14.532,-13.1836]
],
"absorber_prisms": [
[4.06776,1.40376,6.57723,7.06776,5.40376,8.57723],
[14.8429,-3.14604,9.41135,19.8429,1.85396,12.4113]
]
}