{
"time_step": 1e-05,
"number_of_molecules": 500000,
"diff_coef": 350,
"sim_time": 0.385714,
"absorbers": [
[7.84493,-12.6457,1.88216,6]
],
"reflectors": [
],
"reflector_prisms": [
[1.15469,-2.02968,-14.8296,7.15469,-0.0296775,-11.8296]
],
"absorber_prisms": [
[-9.24156,8.09316,-16.1327,-4.24156,10.0932,-13.1327],
[-1.76568,-1.91959,12.4972,1.23432,2.08041,15.4972]
]
}