{"time_step": 1e-05, "number_of_molecules": 500000, "diff_coef": 200, "sim_time": 0.3, "absorbers": [[-0.339761, -0.0577543, -9.99406, 4]], "reflectors": [[-6.49825, 20.6133, 4.10667, 5], [-14.0391, 4.80817, -2.18765, 2], [6.78378, 3.62855, -7.86218, 2], [-12.7827, -6.38248, -4.56812, 3]], "reflector_prisms": [], "absorber_prisms": [[-6.7507, 1.86443, 3.72497, -3.7507, 3.86443, 9.72497]], "line_of_sight": [[0, 0, 0, 0, 0, 501]]}