{"time_step": 1e-05, "number_of_molecules": 500000, "diff_coef": 150, "sim_time": 3.6, "absorbers": [[-5.11954, 12.3919, 14.8402, 6], [-20.7984, -7.89941, 5.8332, 5]], "reflectors": [], "reflector_prisms": [[7.23889, -7.09885, -19.981, 12.2389, -1.09885, -13.981], [-5.15364, -8.8214, -5.58589, -3.15364, -2.8214, -1.58589], [-11.7657, -3.46347, -11.1505, -9.76566, -1.46347, -9.15046], [4.44166, -2.89162, 2.47512, 9.44166, 3.10838, 5.47512]], "absorber_prisms": [], "line_of_sight": [[0, 0, 0, 0, 0, 502], [0, 0, 0, 0, 0, 502]]}