{"time_step": 1e-05, "number_of_molecules": 500000, "diff_coef": 300, "sim_time": 1.08889, "absorbers": [[-9.82345, 5.36704, 15.3524, 5]], "reflectors": [[-5.5073, -11.7361, 13.8901, 4], [-2.14314, 10.7444, 0.982618, 3], [3.71743, -9.76337, -7.73675, 5]], "reflector_prisms": [], "absorber_prisms": [[9.52496, -10.8119, -11.4014, 15.525, -5.81194, -8.40137]], "line_of_sight": [[83, 0, 83, 0, 0, 503]]}