{
"time_step": 1e-05,
"number_of_molecules": 500000,
"diff_coef": 250,
"sim_time": 2.40667,
"absorbers": [
[-0.937204,0.0586385,7.9447,2],
[-0.95951,-1.65963,-7.76691,2],
[-2.52983,-17.3035,-17.8659,6],
[-8.95244,11.0643,9.29706,6],
[8.6082,-3.08196,-21.1045,6],
[15.7215,-14.4995,-10.8903,6],
[1.11094,-0.545432,12.941,3],
[-3.11371,-17.673,-1.40396,2]
],
"reflectors": [
[0.664595,16.7852,-2.61067,2],
[7.53104,0.970099,7.95879,5],
[-8.91047,-0.138779,8.03644,4],
[-5.33062,-4.4876,-5.69614,2],
[-6.94189,0.819583,0.372034,2],
[3.33947,-14.2442,-6.47688,5]
],
"reflector_prisms": [
],
"absorber_prisms": [
]
}