{
"time_step": 1e-05,
"number_of_molecules": 500000,
"diff_coef": 300,
"sim_time": 0.938889,
"absorbers": [
[15.2537,7.5039,-0.131044,4]
],
"reflectors": [
[-4.87614,-3.88523,-19.0034,3]
],
"reflector_prisms": [
[-8.66739,1.57601,-19.3657,-4.66739,6.57601,-16.3657]
],
"absorber_prisms": [
[6.88626,-16.2783,-11.2898,10.8863,-10.2783,-5.28979]
]
}