{"time_step": 1e-05, "number_of_molecules": 500000, "diff_coef": 400, "sim_time": 1.35, "absorbers": [[-0.778955, -21.9104, 1.82391, 4], [7.96553, -2.64077, -3.25218, 4], [-2.93289, -6.2194, 9.83449, 6]], "reflectors": [[5.11021, -3.73859, 2.98475, 2]], "reflector_prisms": [[-10.106, -6.67615, -19.3716, -7.10605, -3.67615, -16.3716]], "absorber_prisms": [], "line_of_sight": [[0, 0, 0, 0, 0, 500], [0, 0, 0, 0, 0, 502], [0, 0, 0, 0, 0, 500]]}