{
"time_step": 1e-05,
"number_of_molecules": 500000,
"diff_coef": 100,
"sim_time": 5.4,
"absorbers": [
[0.773598,-1.51645,16.9145,5],
[14.9163,-2.5817,18.6236,6]
],
"reflectors": [
],
"reflector_prisms": [
[-13.4259,-3.85894,15.866,-8.42592,-0.858942,20.866],
[7.85696,-22.3616,-5.95947,11.857,-16.3616,-0.959466]
],
"absorber_prisms": [
]
}