{"time_step": 1e-05, "number_of_molecules": 500000, "diff_coef": 150, "sim_time": 4.01111, "absorbers": [[-11.458, 0.293786, 17.5963, 6], [10.1942, 3.8352, -8.79601, 5], [-18.2645, 11.6896, 3.70926, 5], [-19.0452, 1.50117, 5.9184, 2], [1.61972, -5.41874, 8.24705, 5], [12.0782, -20.5262, -7.60226, 6], [0.686919, 6.62004, -11.1671, 4]], "reflectors": [[1.89496, -3.3957, -12.4048, 3], [-9.49772, 17.9489, 10.7996, 4]], "reflector_prisms": [], "absorber_prisms": [], "line_of_sight": [[207, 175, 32, 0, 0, 500], [122, 122, 0, 0, 0, 500], [0, 0, 0, 0, 0, 502], [0, 0, 0, 0, 0, 498], [86, 86, 0, 0, 0, 499], [145, 0, 145, 0, 0, 502], [476, 476, 0, 0, 0, 498]]}