{"time_step": 1e-05, "number_of_molecules": 500000, "diff_coef": 150, "sim_time": 2.84444, "absorbers": [[-0.362998, -0.16041, -8.99125, 4], [-0.0319135, -7.4125, -18.5756, 5], [-5.81173, 13.6572, 2.16896, 5], [1.90133, 18.4658, -13.5794, 7], [1.5919, -16.8355, -1.74132, 4]], "reflectors": [[-1.75847, 7.55685, 12.8375, 7]], "reflector_prisms": [], "absorber_prisms": [], "line_of_sight": [[166, 102, 166, 0, 0, 500], [501, 297, 501, 0, 0, 501], [124, 124, 0, 0, 0, 499], [0, 0, 0, 0, 0, 499], [230, 230, 0, 0, 0, 502]]}