{"time_step": 1e-05, "number_of_molecules": 500000, "diff_coef": 400, "sim_time": 0.504167, "absorbers": [[1.73574, -12.6941, -11.1735, 6]], "reflectors": [], "reflector_prisms": [[-8.58683, -1.0976, -19.4591, -6.58683, 1.9024, -16.4591]], "absorber_prisms": [[-15.807, -16.7035, -7.77987, -11.807, -11.7035, -2.77987], [-8.5111, -2.62938, -7.40274, -5.5111, -0.629385, -3.40274], [-6.23667, -7.51434, -0.243075, -1.23667, -5.51434, 5.75692]], "line_of_sight": [[0, 0, 0, 0, 0, 501]]}