{"time_step": 1e-05, "number_of_molecules": 500000, "diff_coef": 400, "sim_time": 1.50417, "absorbers": [[-6.79086, -14.7174, 19.0337, 6]], "reflectors": [[-1.15698, 5.02256, 17.2463, 5], [-7.30928, -1.21441, 17.4957, 3], [-16.4721, -0.264356, -7.25264, 2]], "reflector_prisms": [], "absorber_prisms": [[-11.3563, -4.54637, -15.4048, -5.35632, -0.54637, -11.4048], [-7.87618, -5.52922, -18.2369, -2.87618, -2.52922, -16.2369]], "line_of_sight": [[0, 0, 0, 0, 0, 497]]}