{"time_step": 1e-05, "number_of_molecules": 500000, "diff_coef": 100, "sim_time": 6.01667, "absorbers": [[2.12471, 0.461055, 20.8872, 6], [2.44902, -22.1917, -8.80524, 5], [11.5676, -19.5779, 3.44928, 5], [2.53586, -11.4774, -9.31878, 5], [8.65596, 8.50121, -20.7076, 5], [-1.64821, 10.1178, 12.2847, 7]], "reflectors": [[-9.0807, -7.48484, 5.52432, 5], [12.2962, -4.2047, 9.33396, 5], [-16.86, 17.0148, 1.49661, 5]], "reflector_prisms": [], "absorber_prisms": [], "line_of_sight": [[49, 49, 0, 0, 0, 500], [241, 415, 0, 0, 0, 499], [92, 0, 92, 0, 0, 498], [440, 463, 0, 0, 0, 503], [0, 0, 0, 0, 0, 497], [192, 253, 0, 0, 0, 502]]}