{
"time_step": 1e-05,
"number_of_molecules": 500000,
"diff_coef": 350,
"sim_time": 1.54286,
"absorbers": [
[4.24845,0.967998,-18.4936,2],
[-8.20303,-18.2146,0.968905,2],
[1.88729,1.52165,8.66734,3],
[-10.402,8.14301,-4.63574,4]
],
"reflectors": [
[1.82953,-7.66004,-1.4059,3],
[-10.1329,-10.7317,-2.67502,6],
[9.5637,-9.48699,-13.399,3],
[9.09174,-8.20628,13.1908,6],
[-4.52352,-0.038992,-14.3016,4]
],
"reflector_prisms": [
],
"absorber_prisms": [
]
}