{
"time_step": 1e-05,
"number_of_molecules": 500000,
"diff_coef": 100,
"sim_time": 6.01667,
"absorbers": [
[-4.14534,12.8215,-3.79821,4],
[-6.64384,-2.26175,15.4837,4],
[10.9649,4.37454,18.5643,3],
[-0.511728,0.750634,-14.9725,2]
],
"reflectors": [
],
"reflector_prisms": [
[3.69044,7.76874,-6.61804,5.69044,10.7687,-0.618037]
],
"absorber_prisms": [
]
}