{"time_step": 1e-05, "number_of_molecules": 500000, "diff_coef": 200, "sim_time": 1.63333, "absorbers": [[5.58712, 11.6627, 1.32842, 7], [-3.06573, 0.759148, -19.7491, 6], [-2.63001, -2.82288, 15.5279, 5], [2.57484, -9.20778, 2.93036, 4]], "reflectors": [[3.67755, -3.96089, -11.8232, 5], [11.8969, -1.32709, 14.7548, 6], [-20.7406, -9.5322, 10.1963, 6]], "reflector_prisms": [], "absorber_prisms": [], "line_of_sight": [[70, 70, 0, 0, 0, 500], [297, 166, 176, 0, 0, 497], [259, 156, 137, 0, 0, 498], [102, 102, 0, 0, 0, 501]]}