{"time_step": 1e-05, "number_of_molecules": 500000, "diff_coef": 50, "sim_time": 8.53333, "absorbers": [[-3.98843, 4.46212, 20.1291, 5]], "reflectors": [], "reflector_prisms": [[-14.0219, -15.042, 8.74377, -12.0219, -9.04197, 13.7438], [3.12929, -2.89538, -18.7429, 9.12929, -0.89538, -12.7429]], "absorber_prisms": [[5.23405, 14.0946, -7.84503, 11.2341, 18.0946, -3.84503], [-15.148, 8.93911, -15.2651, -10.148, 10.9391, -13.2651], [6.94866, -20.6536, -10.6058, 10.9487, -14.6536, -8.6058]], "line_of_sight": [[0, 0, 0, 0, 0, 500]]}