{"time_step": 1e-05, "number_of_molecules": 500000, "diff_coef": 200, "sim_time": 1.2, "absorbers": [[5.03257, 1.979, -12.9134, 2]], "reflectors": [[0.686663, 8.83993, -8.08604, 4], [1.68759, -1.47218, 8.71692, 3]], "reflector_prisms": [[-5.54154, -6.77464, 14.7866, -3.54154, -2.77464, 19.7866]], "absorber_prisms": [[-13.9505, -1.43715, -4.04573, -11.9505, 0.562845, 1.95427], [14.62, 0.888041, 5.92119, 17.62, 5.88804, 10.9212]], "line_of_sight": [[0, 0, 0, 0, 0, 504]]}