{"time_step": 1e-05, "number_of_molecules": 500000, "diff_coef": 50, "sim_time": 12.0333, "absorbers": [[-5.06316, 2.85558, 8.13695, 2], [10.5792, -0.305084, -2.99787, 3], [-1.67197, -17.1525, -13.6747, 6], [-0.825218, -0.798097, -11.945, 5], [-15.7876, 2.99876, -16.4548, 4], [6.8117, 17.484, -9.42922, 6], [0.505856, 0.391892, 7.97437, 3], [-9.7395, 12.6409, -1.16175, 4]], "reflectors": [[-5.66359, -7.3463, 18.8403, 3], [-9.17628, -2.06437, 3.39622, 2], [7.80573, 4.05956, 20.1641, 5], [8.50221, -0.707421, 8.43872, 5], [-5.40297, 18.1979, 6.29645, 5]], "reflector_prisms": [], "absorber_prisms": [], "line_of_sight": [[0, 0, 0, 0, 0, 501], [132, 0, 132, 0, 0, 498], [41, 0, 41, 0, 0, 499], [251, 136, 183, 0, 0, 501], [501, 0, 501, 0, 0, 501], [0, 0, 0, 0, 0, 500], [497, 497, 163, 0, 0, 497], [0, 0, 0, 0, 0, 501]]}