{
"time_step": 1e-05,
"number_of_molecules": 500000,
"diff_coef": 100,
"sim_time": 4.26667,
"absorbers": [
[-10.3934,-3.41236,-8.73684,4],
[4.42404,-0.355003,14.3284,6],
[0.189651,11.9034,-16.0709,4],
[14.5068,-3.37295,8.19601,4],
[-4.16316,1.09015,-18.5062,4],
[-21.8013,-1.04563,-2.75856,7]
],
"reflectors": [
[-10.3039,15.7425,-2.64652,6],
[19.3554,-6.42748,-5.00562,4]
],
"reflector_prisms": [
],
"absorber_prisms": [
]
}