{
"time_step": 1e-05,
"number_of_molecules": 500000,
"diff_coef": 50,
"sim_time": 8.53333,
"absorbers": [
[-6.10359,3.33893,13.289,3],
[-1.36139,-0.724285,-20.9433,5]
],
"reflectors": [
],
"reflector_prisms": [
],
"absorber_prisms": [
[-10.7879,8.2484,6.41598,-6.7879,13.2484,11.416],
[-12.5814,-11.838,3.98147,-9.58137,-9.838,9.98147]
]
}