{
"time_step": 1e-05,
"number_of_molecules": 500000,
"diff_coef": 200,
"sim_time": 1.63333,
"absorbers": [
[-0.543393,-0.00812324,18.9922,5],
[5.44481,16.0304,-1.54271,5],
[-11.7464,-9.11511,1.98407,7],
[2.00665,0.0807891,-17.8876,4]
],
"reflectors": [
[6.7679,12.503,15.4555,5],
[1.72,-8.65906,-8.12787,6]
],
"reflector_prisms": [
],
"absorber_prisms": [
]
}