{
"time_step": 1e-05,
"number_of_molecules": 500000,
"diff_coef": 350,
"sim_time": 1.07143,
"absorbers": [
[-13.6755,-1.44045,5.99208,2],
[3.30193,-6.64105,2.99896,2],
[0.70028,-2.74046,13.7113,2],
[-1.6644,1.27124,-13.8425,5],
[4.10299,-3.81201,-5.71262,3],
[-0.42249,-7.73737,-9.16267,2],
[10.3807,0.711032,-13.4438,2],
[-14.8615,-7.02929,-4.32706,2]
],
"reflectors": [
[-3.43519,2.83146,19.4983,5],
[14.3053,0.636288,9.16256,2],
[7.39896,16.6103,8.32787,3]
],
"reflector_prisms": [
],
"absorber_prisms": [
]
}