{
"time_step": 1e-05,
"number_of_molecules": 500000,
"diff_coef": 300,
"sim_time": 1.25,
"absorbers": [
[-14.939,-12.7391,3.81332,5]
],
"reflectors": [
],
"reflector_prisms": [
[-3.4906,-4.65797,17.7293,2.5094,-1.65797,19.7293],
[-6.75373,1.95113,18.6766,-0.753731,6.95113,21.6766],
[-1.07199,15.9095,-7.24302,1.92801,18.9095,-5.24302]
],
"absorber_prisms": [
[8.64525,7.26484,-1.44281,13.6453,11.2648,0.557192]
]
}