{"time_step": 1e-05, "number_of_molecules": 500000, "diff_coef": 50, "sim_time": 1.2, "absorbers": [[10.6081, 2.01881, 2.09576, 5]], "reflectors": [], "reflector_prisms": [[-14.1737, -9.38955, 8.4262, -11.1737, -6.38955, 13.4262], [-2.46852, -1.02697, 6.99991, 2.53148, 0.973028, 11.9999], [-13.3165, -5.31675, -2.55386, -7.31647, -2.31675, 2.44614], [-5.97553, -15.0894, -10.5352, 0.0244712, -13.0894, -7.53517], [4.15235, -5.71945, -5.19256, 9.15235, -2.71945, -1.19256]], "absorber_prisms": [], "line_of_sight": [[0, 0, 0, 0, 0, 500]]}