{
"time_step": 1e-05,
"number_of_molecules": 500000,
"diff_coef": 50,
"sim_time": 1.63333,
"absorbers": [
[-11.3597,-3.74097,0.981523,5]
],
"reflectors": [
[-5.39975,-1.57644,13.9053,6]
],
"reflector_prisms": [
[-6.34185,-9.52555,1.48527,-3.34185,-6.52555,5.48527],
[0.76594,-15.3508,11.0281,6.76594,-10.3508,13.0281]
],
"absorber_prisms": [
[1.92021,-15.5818,-11.0726,7.92021,-9.58183,-6.07257]
]
}