{"time_step": 1e-05, "number_of_molecules": 500000, "diff_coef": 400, "sim_time": 1.50417, "absorbers": [[-0.30984, 0.0453283, 13.9965, 4], [-10.6845, 1.95413, 8.83301, 5], [-12.9628, -8.36697, 17.0576, 4], [2.47988, -21.7544, -2.14351, 6]], "reflectors": [[-0.659109, -1.09539, -19.9591, 7]], "reflector_prisms": [], "absorber_prisms": [], "line_of_sight": [[472, 0, 472, 0, 0, 499], [0, 0, 0, 0, 0, 502], [0, 0, 0, 0, 0, 498], [0, 0, 0, 0, 0, 500]]}