{
"time_step": 1e-05,
"number_of_molecules": 500000,
"diff_coef": 250,
"sim_time": 2.40667,
"absorbers": [
[-12.2239,-9.47326,-19.6427,6],
[-19.2638,6.7178,4.97756,3],
[-3.87216,-9.4127,-14.8461,3]
],
"reflectors": [
],
"reflector_prisms": [
[6.50678,3.6333,13.0095,10.5068,6.6333,17.0095]
],
"absorber_prisms": [
[1.32478,-7.56811,-7.64229,3.32478,-1.56811,-4.64229]
]
}