{
"time_step": 1e-05,
"number_of_molecules": 500000,
"diff_coef": 300,
"sim_time": 1.42222,
"absorbers": [
[-11.7884,-7.82011,-12.6838,5],
[-5.23433,5.60071,14.044,2],
[-3.52342,4.64481,-17.0297,3],
[7.10752,2.93321,6.39371,2],
[14.6436,-0.135449,3.24739,5],
[-7.54542,-6.93228,4.00126,4],
[-3.70874,1.48043,20.6168,5]
],
"reflectors": [
[4.87985,2.07864,-22.38,4],
[-7.61925,2.08363,-6.13233,2],
[5.57593,-16.1164,15.4328,5],
[-8.19822,0.343432,7.32606,4],
[2.91988,9.34271,12.6565,5],
[-6.50133,-11.6057,12.1261,4],
[-2.81075,-16.2295,4.20737,4]
],
"reflector_prisms": [
],
"absorber_prisms": [
]
}