{"time_step": 1e-05, "number_of_molecules": 500000, "diff_coef": 200, "sim_time": 2.13333, "absorbers": [[3.80663, -2.22986, 10.0766, 4], [12.1675, 6.7909, -5.55296, 6], [10.0091, -17.671, 5.34369, 5]], "reflectors": [], "reflector_prisms": [], "absorber_prisms": [[-5.16265, -3.69242, -17.5587, -1.16265, -0.69242, -15.5587]], "line_of_sight": [[0, 0, 0, 0, 0, 500], [0, 0, 0, 0, 0, 499], [0, 0, 0, 0, 0, 501]]}