{"time_step": 1e-05, "number_of_molecules": 500000, "diff_coef": 200, "sim_time": 2.13333, "absorbers": [[-1.45226, 2.09348, -10.7009, 4], [15.4662, 11.873, 10.1896, 6], [-2.88773, 1.05886, 21.7839, 7], [5.92364, 13.0548, -13.9458, 6]], "reflectors": [[-15.0263, -3.96367, -18.2893, 5], [19.0782, 2.19631, 8.49701, 4]], "reflector_prisms": [], "absorber_prisms": [], "line_of_sight": [[155, 155, 0, 0, 0, 503], [0, 0, 0, 0, 0, 498], [199, 199, 0, 0, 0, 502], [0, 0, 0, 0, 0, 502]]}