{"time_step": 1e-05, "number_of_molecules": 500000, "diff_coef": 150, "sim_time": 2.5, "absorbers": [[5.73344, -9.2361, -14.3465, 6], [17.7062, -2.70152, -1.78689, 3]], "reflectors": [], "reflector_prisms": [[-10.9155, -6.00066, -18.2387, -5.91554, -1.00066, -16.2387], [-1.95436, -16.0037, -14.2999, 1.04564, -12.0037, -8.29994], [-10.5934, -22.4397, -5.33174, -4.59336, -16.4397, 0.668259], [-4.87182, -3.43378, -11.017, 1.12818, -1.43378, -8.01699]], "absorber_prisms": [], "line_of_sight": [[32, 0, 0, 0, 32, 499], [0, 0, 0, 0, 0, 499]]}