{"time_step": 1e-05, "number_of_molecules": 500000, "diff_coef": 50, "sim_time": 12.0333, "absorbers": [[-4.39546, -6.44283, -21.6372, 4], [-1.35919, 18.9359, 0.765265, 3], [-15.9014, 6.21568, 10.4169, 5]], "reflectors": [[-2.4585, 8.96968, 19.9374, 5]], "reflector_prisms": [], "absorber_prisms": [[-16.1746, -5.28622, -4.64435, -12.1746, -1.28622, -2.64435]], "line_of_sight": [[88, 0, 88, 0, 0, 504], [0, 0, 0, 0, 0, 501], [0, 0, 0, 0, 0, 498]]}