{
"time_step": 1e-05,
"number_of_molecules": 500000,
"diff_coef": 150,
"sim_time": 0.711111,
"absorbers": [
[-8.38381,6.09741,-6.04428,4]
],
"reflectors": [
],
"reflector_prisms": [
[-12.4728,1.76026,-12.6486,-8.47284,4.76026,-10.6486],
[6.02267,7.69969,-6.82489,11.0227,9.69969,-4.82489],
[2.62889,5.27836,6.34259,6.62889,9.27836,10.3426]
],
"absorber_prisms": [
[-15.6096,-1.78746,6.10755,-13.6096,4.21254,11.1075],
[2.86706,2.07244,-13.4722,4.86706,7.07244,-8.47218]
]
}