{
"time_step": 1e-05,
"number_of_molecules": 500000,
"diff_coef": 50,
"sim_time": 5.63333,
"absorbers": [
[-9.04105,-4.2544,11.1875,2]
],
"reflectors": [
[4.06717,-1.25295,10.1434,3],
[-2.01397,7.82343,12.6387,2]
],
"reflector_prisms": [
],
"absorber_prisms": [
[-2.94444,1.00305,10.8405,-0.944435,6.00305,12.8405]
]
}