{
"time_step": 1e-05,
"number_of_molecules": 500000,
"diff_coef": 300,
"sim_time": 0.555556,
"absorbers": [
[-4.22163,5.6781,-7.06661,3],
[2.29483,-5.00978,13.9512,5]
],
"reflectors": [
[-7.01559,7.76733,7.71039,5]
],
"reflector_prisms": [
],
"absorber_prisms": [
[-8.34782,-4.98585,14.0065,-2.34782,0.014155,20.0065],
[-12.9395,-8.66815,5.06292,-7.93948,-5.66815,9.06292]
]
}