{
"time_step": 1e-05,
"number_of_molecules": 500000,
"diff_coef": 300,
"sim_time": 0.555556,
"absorbers": [
[-6.99568,-7.23668,8.22745,5],
[-0.0936334,7.91985,-6.10469,4],
[8.89636,6.97757,-9.8574,5],
[2.74462,-8.1206,-9.77358,7],
[5.86814,7.80396,10.0331,5]
],
"reflectors": [
[-15.6245,-13.3656,-4.27059,4],
[11.2145,-6.39998,1.50804,7]
],
"reflector_prisms": [
],
"absorber_prisms": [
]
}