{"time_step": 1e-05, "number_of_molecules": 500000, "diff_coef": 250, "sim_time": 1.70667, "absorbers": [[12.2023, 6.58643, 9.8348, 4], [2.07803, 11.3105, -9.6309, 7], [5.42837, -14.5797, 12.5685, 4], [-4.41127, -6.88557, -10.1059, 6], [-0.0481043, 0.118219, 11.9993, 7]], "reflectors": [[-15.6012, -1.83064, -6.50003, 5], [-5.23106, 12.541, 13.2801, 5]], "reflector_prisms": [], "absorber_prisms": [], "line_of_sight": [[363, 238, 125, 0, 0, 500], [183, 183, 0, 0, 0, 501], [304, 304, 0, 0, 0, 501], [301, 263, 49, 0, 0, 502], [246, 217, 39, 0, 0, 500]]}