{"time_step": 1e-05, "number_of_molecules": 500000, "diff_coef": 300, "sim_time": 1.42222, "absorbers": [[8.13036, 12.8817, 9.58956, 2]], "reflectors": [[2.26588, -5.30658, 11.6493, 6], [-1.85025, 10.5022, 19.2427, 4], [0.035963, -0.169597, 23.9994, 6]], "reflector_prisms": [[-11.9656, -15.4994, 7.25886, -8.96558, -9.49945, 12.2589], [-19.6553, 6.33346, -1.96828, -16.6553, 10.3335, 0.0317209]], "absorber_prisms": [], "line_of_sight": [[0, 0, 0, 0, 0, 502]]}