{"time_step": 1e-05, "number_of_molecules": 500000, "diff_coef": 350, "sim_time": 1.54286, "absorbers": [[18.2765, -0.700769, 12.2261, 4], [7.71619, 4.6851, 4.30236, 4], [-14.1173, -10.6362, -3.40163, 5]], "reflectors": [[6.86259, -8.46055, -7.09393, 5], [-7.99364, -1.356, 20.4515, 7], [3.46075, 21.725, -0.219951, 4]], "reflector_prisms": [], "absorber_prisms": [], "line_of_sight": [[93, 93, 0, 0, 0, 500], [176, 176, 0, 0, 0, 498], [306, 306, 0, 0, 0, 498]]}