{"time_step": 1e-05, "number_of_molecules": 500000, "diff_coef": 100, "sim_time": 0.416667, "absorbers": [[-4.51294, -9.00995, 4.41068, 6]], "reflectors": [], "reflector_prisms": [[1.91026, -5.62227, -14.7343, 6.91026, -1.62227, -9.73433]], "absorber_prisms": [[3.80869, 12.2098, 13.6006, 5.80869, 14.2098, 17.6006], [11.0822, 5.2416, -3.29128, 17.0822, 9.2416, -1.29128], [11.7345, -11.0937, -4.33721, 13.7345, -7.09369, -2.33721]], "line_of_sight": [[0, 0, 0, 0, 0, 500]]}