{"time_step": 1e-05, "number_of_molecules": 500000, "diff_coef": 400, "sim_time": 1.35, "absorbers": [[7.43674, 4.49525, -13.4346, 6], [4.02716, 24.3373, 4.05923, 7], [-0.00804241, 8.12532, 10.1479, 6], [-6.00526, -6.13939, -15.8191, 6]], "reflectors": [[13.5147, -12.1482, 8.3532, 7], [-0.782419, -16.5693, 14.4515, 6], [-1.47585, -6.24327, 8.93551, 4]], "reflector_prisms": [], "absorber_prisms": [], "line_of_sight": [[151, 0, 151, 0, 0, 497], [22, 22, 0, 0, 0, 501], [134, 134, 0, 0, 0, 496], [220, 220, 0, 0, 0, 502]]}