{
"time_step": 1e-05,
"number_of_molecules": 500000,
"diff_coef": 150,
"sim_time": 0.4,
"absorbers": [
[4.18034,-5.6816,-5.58965,3]
],
"reflectors": [
[-0.557185,-1.10771,-17.9572,5],
[-2.89443,-22.6906,7.26353,5]
],
"reflector_prisms": [
[13.3072,-1.46402,-8.86402,16.3072,4.53598,-2.86402]
],
"absorber_prisms": [
[-10.5636,-2.06045,-3.60421,-6.56361,3.93955,-1.60421],
[12.2247,-18.711,-6.89004,14.2247,-12.711,-1.89004]
]
}