{"time_step": 1e-05, "number_of_molecules": 500000, "diff_coef": 200, "sim_time": 0.208333, "absorbers": [[-3.09349, 0.674333, 6.24304, 2]], "reflectors": [[-5.98372, -15.8564, 1.33052, 6], [-11.3026, 10.9064, -3.0499, 2]], "reflector_prisms": [[0.590874, 16.8538, 6.52286, 6.59087, 20.8538, 10.5229]], "absorber_prisms": [[-7.82515, 1.16662, -17.7466, -3.82515, 4.16662, -13.7466]], "line_of_sight": [[0, 0, 0, 0, 0, 500]]}