{"time_step": 1e-05, "number_of_molecules": 500000, "diff_coef": 400, "sim_time": 1.50417, "absorbers": [[-2.09467, 0.748503, -15.8446, 6], [-2.18403, 16.9163, 10.4436, 5], [11.0903, 6.36788, 17.9013, 4], [7.06099, -6.18304, 16.5201, 7], [-3.58711, -15.1232, -19.5812, 6]], "reflectors": [[-13.3515, 10.4267, -1.42227, 4], [12.9599, 8.87868, -3.03501, 7], [3.32242, 22.685, -1.83113, 6], [18.6983, -8.8836, -3.52919, 4]], "reflector_prisms": [], "absorber_prisms": [], "line_of_sight": [[194, 194, 0, 0, 0, 500], [51, 51, 0, 0, 0, 498], [44, 44, 0, 0, 0, 501], [177, 177, 0, 0, 0, 498], [53, 53, 0, 0, 0, 500]]}