{
"time_step": 1e-05,
"number_of_molecules": 500000,
"diff_coef": 100,
"sim_time": 3.26667,
"absorbers": [
[18.0739,8.4547,1.36031,6],
[-8.01827,-8.60858,5.53171,2]
],
"reflectors": [
[-2.24801,9.68792,1.04432,4]
],
"reflector_prisms": [
[5.19873,-2.68637,4.91813,8.19873,3.31363,9.91813]
],
"absorber_prisms": [
[2.48833,5.6783,7.63995,5.48833,10.6783,13.64]
]
}