{
"time_step": 1e-05,
"number_of_molecules": 500000,
"diff_coef": 200,
"sim_time": 2.7,
"absorbers": [
[4.30512,-1.16454,20.521,3],
[-1.55062,0.874331,-13.8864,6],
[-10.7582,3.6008,-6.34785,4],
[-9.92057,0.138796,20.75,5],
[2.21617,0.70022,10.7517,4],
[1.08369,-14.5312,3.55937,4],
[8.92208,-0.581806,-15.6224,3],
[7.72004,-16.585,12.2205,6]
],
"reflectors": [
[15.1369,3.49495,-9.0917,3]
],
"reflector_prisms": [
],
"absorber_prisms": [
]
}