{
"time_step": 1e-05,
"number_of_molecules": 500000,
"diff_coef": 100,
"sim_time": 3.75,
"absorbers": [
[-0.175864,-14.2806,-15.3959,6],
[-8.92,-15.6226,-0.607259,4]
],
"reflectors": [
[6.43181,5.0765,17.1424,3]
],
"reflector_prisms": [
[-14.5457,-9.21314,-10.0094,-10.5457,-7.21314,-6.00938]
],
"absorber_prisms": [
[-3.96294,-6.90702,4.88965,1.03706,-1.90702,6.88965]
]
}