{"time_step": 1e-05, "number_of_molecules": 500000, "diff_coef": 350, "sim_time": 0.304762, "absorbers": [[-11.2426, 3.86198, 7.39526, 6]], "reflectors": [[-8.96635, -9.26603, 1.65684, 6], [-5.32116, 2.74515, -5.30561, 2]], "reflector_prisms": [[4.72711, 2.07407, 10.3996, 6.72711, 4.07407, 14.3996]], "absorber_prisms": [], "line_of_sight": [[0, 0, 0, 0, 0, 503]]}