{
"time_step": 1e-05,
"number_of_molecules": 500000,
"diff_coef": 350,
"sim_time": 0.385714,
"absorbers": [
[2.65471,-1.94671,13.6075,5]
],
"reflectors": [
[-0.66079,0.176234,-16.9862,2]
],
"reflector_prisms": [
[-8.81146,0.705385,-4.47787,-6.81146,4.70538,0.522126],
[18.4251,2.5136,4.02913,20.4251,4.5136,7.02913],
[-11.6267,-2.74287,9.95859,-9.62667,3.25713,13.9586],
[-15.4841,-15.7364,-6.11865,-11.4841,-9.73641,-2.11865]
],
"absorber_prisms": [
]
}