{"time_step": 1e-05, "number_of_molecules": 500000, "diff_coef": 350, "sim_time": 1.21905, "absorbers": [[2.10146, -5.88713, -4.99255, 3], [1.25745, 17.0103, -12.2502, 5]], "reflectors": [], "reflector_prisms": [], "absorber_prisms": [[-7.97731, 3.20717, 13.7224, -4.97731, 8.20717, 16.7224], [-0.654127, -0.0215313, 18.7311, 3.34587, 5.97847, 20.7311], [-2.7143, -5.09867, 7.1097, 1.2857, -0.0986708, 11.1097]], "line_of_sight": [[0, 0, 0, 0, 0, 500], [0, 0, 0, 0, 0, 501]]}