{
"time_step": 1e-05,
"number_of_molecules": 500000,
"diff_coef": 250,
"sim_time": 0.54,
"absorbers": [
[0.628966,7.11167,12.0428,5]
],
"reflectors": [
[15.8891,-7.81082,6.89392,6],
[16.0014,11.5872,-3.11311,4],
[7.44143,-7.5598,-11.9781,5],
[-7.74642,-1.24805,-6.19962,2],
[5.68465,7.08276,-4.1856,3]
],
"reflector_prisms": [
],
"absorber_prisms": [
]
}