{"time_step": 1e-05, "number_of_molecules": 500000, "diff_coef": 300, "sim_time": 1.8, "absorbers": [[-10.3101, -7.76281, 13.9442, 5], [-19.4057, 0.147374, 14.1209, 6], [15.6216, 2.37995, -12.2598, 7], [2.70465, -0.603452, -15.7582, 6], [20.231, 5.55384, -0.927881, 5], [5.19621, -7.2722, 10.7756, 5], [-4.89153, 13.1171, -0.11989, 4]], "reflectors": [], "reflector_prisms": [], "absorber_prisms": [], "line_of_sight": [[181, 181, 0, 0, 0, 498], [433, 433, 0, 0, 0, 499], [252, 252, 0, 0, 0, 500], [4, 4, 0, 0, 0, 499], [0, 0, 0, 0, 0, 501], [0, 0, 0, 0, 0, 501], [0, 0, 0, 0, 0, 496]]}