{"time_step": 1e-05, "number_of_molecules": 500000, "diff_coef": 200, "sim_time": 1.2, "absorbers": [[14.0039, 6.88911, 6.74017, 5]], "reflectors": [], "reflector_prisms": [[-8.97763, 13.2991, -0.943368, -5.97763, 19.2991, 4.05663], [1.49735, 15.0088, 7.19204, 7.49735, 17.0088, 11.192], [-1.28018, -0.975885, 19.3727, 3.71982, 5.02412, 24.3727], [-1.26474, -20.9302, 6.68891, 4.73526, -14.9302, 10.6889]], "absorber_prisms": [[-4.12574, 10.9017, -2.47709, 0.874257, 15.9017, 2.52291]], "line_of_sight": [[0, 0, 0, 0, 0, 503]]}