{"time_step": 1e-05, "number_of_molecules": 500000, "diff_coef": 400, "sim_time": 1.50417, "absorbers": [[14.6258, -8.32573, -2.40173, 5], [-5.26467, 9.49793, -1.75285, 6], [4.44354, 3.38611, -8.29393, 3], [-1.75018, 2.18119, 14.737, 3], [9.46513, -2.12854, 11.4403, 3], [-6.48473, -13.3372, -2.25125, 4], [-3.64939, 17.6194, 10.8277, 2]], "reflectors": [[-6.2925, -5.44242, 19.2817, 6], [12.1108, -19.0041, -4.60157, 4], [6.18209, -13.5739, -5.79062, 2], [-11.0216, -10.3776, 7.73498, 5], [16.643, 5.59849, 11.5181, 3], [3.37836, 7.01996, 1.81845, 2], [-1.10466, 12.4549, -20.4855, 5]], "reflector_prisms": [], "absorber_prisms": [], "line_of_sight": [[188, 188, 0, 0, 0, 499], [125, 78, 51, 0, 0, 501], [291, 0, 291, 0, 0, 500], [49, 0, 49, 0, 0, 502], [0, 0, 0, 0, 0, 498], [269, 0, 269, 0, 0, 499], [0, 0, 0, 0, 0, 500]]}