{
"time_step": 1e-05,
"number_of_molecules": 500000,
"diff_coef": 150,
"sim_time": 0.9,
"absorbers": [
[11.3744,-4.32831,-4.5704,4],
[-5.21908,0.782325,-6.01242,3]
],
"reflectors": [
],
"reflector_prisms": [
[3.64489,11.3909,9.02637,9.64489,15.3909,11.0264],
[-18.2658,-4.50599,9.68813,-16.2658,-0.505985,13.6881]
],
"absorber_prisms": [
]
}