{"time_step": 1e-05, "number_of_molecules": 500000, "diff_coef": 100, "sim_time": 3.75, "absorbers": [[-9.74689, 4.52436, -13.173, 4], [6.75677, 2.56478, -5.36357, 4], [3.63783, 3.17007, 19.4092, 5]], "reflectors": [[-12.3413, 0.208835, -6.60674, 4]], "reflector_prisms": [[15.3054, -2.11656, 1.82458, 19.3054, -0.116562, 7.82458]], "absorber_prisms": [], "line_of_sight": [[29, 0, 29, 0, 0, 503], [0, 0, 0, 0, 0, 500], [0, 0, 0, 0, 0, 498]]}