{
"time_step": 1e-05,
"number_of_molecules": 500000,
"diff_coef": 350,
"sim_time": 1.37619,
"absorbers": [
[-4.42458,-1.5017,-9.95831,3],
[-1.27606,-12.8602,19.026,6]
],
"reflectors": [
],
"reflector_prisms": [
[-13.7765,1.90339,-5.93277,-11.7765,3.90339,-3.93277],
[-13.875,-7.99166,-1.15277,-10.875,-4.99166,2.84723],
[10.8116,-17.6547,-1.31887,15.8116,-14.6547,4.68113],
[-9.75026,15.4506,4.74008,-7.75026,19.4506,10.7401]
],
"absorber_prisms": [
]
}