{
"time_step": 1e-05,
"number_of_molecules": 500000,
"diff_coef": 150,
"sim_time": 0.544444,
"absorbers": [
[0.102693,-3.84337,9.23136,3],
[-0.30611,4.7587,-7.6329,4]
],
"reflectors": [
],
"reflector_prisms": [
],
"absorber_prisms": [
[-4.85639,-11.0053,11.9437,-0.856391,-9.00534,14.9437],
[-12.5933,3.76457,7.90063,-8.5933,9.76457,11.9006]
]
}