{
"time_step": 1e-05,
"number_of_molecules": 500000,
"diff_coef": 50,
"sim_time": 3.33333,
"absorbers": [
[-13.5201,3.35006,-1.40871,4]
],
"reflectors": [
[4.41141,10.0389,-4.87446,4]
],
"reflector_prisms": [
[0.0112351,-0.547821,-24.8999,3.01124,3.45218,-18.8999],
[-16.3196,-7.6805,12.878,-12.3196,-2.6805,18.878],
[-5.35797,-9.04231,17.202,-3.35797,-6.04231,23.202]
],
"absorber_prisms": [
[2.76149,-11.7127,9.90166,4.76149,-8.71273,14.9017]
]
}