{"time_step": 1e-05, "number_of_molecules": 500000, "diff_coef": 250, "sim_time": 1.70667, "absorbers": [[-10.2987, 13.0326, 14.4252, 6], [0.0457048, 0.00878758, -9.99989, 4], [-8.46827, -7.79, 3.40651, 4]], "reflectors": [], "reflector_prisms": [[-12.054, -15.4366, -2.99714, -8.05402, -9.43662, 2.00286], [-14.5875, -15.2077, -10.1156, -9.58755, -9.20769, -6.11564]], "absorber_prisms": [], "line_of_sight": [[0, 0, 0, 0, 0, 499], [0, 0, 0, 0, 0, 501], [0, 0, 0, 0, 0, 502]]}