{
"time_step": 1e-05,
"number_of_molecules": 500000,
"diff_coef": 350,
"sim_time": 1.71905,
"absorbers": [
[-7.32248,6.519,-16.2753,5],
[14.3272,5.17538,-15.8728,3]
],
"reflectors": [
[-6.33798,18.2629,8.20348,4]
],
"reflector_prisms": [
[0.477204,10.3094,5.75862,2.4772,16.3094,7.75862]
],
"absorber_prisms": [
[-1.61432,9.68246,6.03825,0.38568,12.6825,9.03825]
]
}