{"time_step": 1e-05, "number_of_molecules": 500000, "diff_coef": 250, "sim_time": 2.40667, "absorbers": [[-6.23495, 20.0181, -6.66332, 3]], "reflectors": [[-8.51541, -5.26207, 17.3147, 3], [-9.82435, -0.727202, 8.48253, 6], [0.965542, -4.13554, -13.3404, 5], [-1.78991, 7.14351, -3.12513, 3]], "reflector_prisms": [], "absorber_prisms": [[-17.9989, 12.258, 2.09742, -12.9989, 17.258, 8.09742]], "line_of_sight": [[499, 0, 499, 0, 0, 499]]}