{
"time_step": 1e-05,
"number_of_molecules": 500000,
"diff_coef": 350,
"sim_time": 1.54286,
"absorbers": [
[-1.31361,-0.422242,18.9498,4],
[12.4121,1.35266,-15.624,6],
[-24.7713,-2.46925,-2.29947,7],
[9.05541,-5.15672,13.4316,6]
],
"reflectors": [
[-1.07138,18.2938,5.01888,4],
[6.78819,-3.36661,-4.85658,4],
[-12.0871,1.67574,10.3486,6],
[-11.984,-11.6227,11.0135,4]
],
"reflector_prisms": [
],
"absorber_prisms": [
]
}