{
"time_step": 1e-05,
"number_of_molecules": 500000,
"diff_coef": 300,
"sim_time": 2.00556,
"absorbers": [
[-1.58609,-3.36494,-15.5615,6],
[6.32704,-11.8954,17.3916,4],
[13.2318,3.65705,-6.04519,6],
[3.6939,15.1316,-10.8807,4],
[-6.9113,22.7654,-3.15753,5],
[-9.1637,-24.2828,-1.53966,7]
],
"reflectors": [
[6.76131,0.255294,18.8207,4],
[-8.05242,8.50092,-13.6709,7]
],
"reflector_prisms": [
],
"absorber_prisms": [
]
}