{
"time_step": 1e-05,
"number_of_molecules": 500000,
"diff_coef": 50,
"sim_time": 4.8,
"absorbers": [
[7.93568,-15.1099,-5.71976,6],
[-10.2075,-7.737,2.2239,6]
],
"reflectors": [
],
"reflector_prisms": [
],
"absorber_prisms": [
[1.6757,-10.2147,3.42136,4.6757,-7.21465,6.42136],
[6.71225,-6.67456,-16.6641,11.7123,-1.67456,-10.6641],
[-1.3948,-14.1901,-10.7401,1.6052,-10.1901,-6.74012],
[-1.19025,4.71209,-20.5302,1.80975,10.7121,-18.5302]
]
}