{"time_step": 1e-05, "number_of_molecules": 500000, "diff_coef": 50, "sim_time": 1.63333, "absorbers": [[0.0553049, 7.97711, -6.03015, 3]], "reflectors": [[-16.5893, 7.77396, -5.0358, 6]], "reflector_prisms": [[12.3075, 7.60994, -9.29482, 14.3075, 10.6099, -4.29482], [-4.4656, 4.34555, 3.8797, 0.534397, 6.34555, 5.8797]], "absorber_prisms": [[5.72118, -11.2756, 5.24126, 10.7212, -5.27557, 10.2413], [-6.17734, -0.436174, 12.5136, -0.177339, 4.56383, 16.5136]], "line_of_sight": [[0, 0, 0, 0, 0, 502]]}