{"time_step": 1e-05, "number_of_molecules": 500000, "diff_coef": 300, "sim_time": 1.08889, "absorbers": [[-10.862, -1.73333, -0.114656, 4], [15.8949, -5.02605, -6.78901, 4]], "reflectors": [[-2.6328, -5.28122, -5.40158, 3], [-8.55461, 1.98985, -8.17674, 2]], "reflector_prisms": [], "absorber_prisms": [[-6.00861, -2.64429, 4.09894, -3.00861, 3.35571, 9.09894]], "line_of_sight": [[0, 0, 0, 0, 0, 498], [0, 0, 0, 0, 0, 501]]}