{"time_step": 1e-05, "number_of_molecules": 500000, "diff_coef": 350, "sim_time": 1.71905, "absorbers": [[2.72008, -10.0196, -6.01742, 5], [-5.1598, -15.0695, 19.2688, 6], [-18.9151, -0.830545, -1.59077, 7], [-0.233045, 2.3128, -22.8822, 4], [0.482942, -0.41918, 17.9886, 6]], "reflectors": [[2.75301, -13.6305, -19.561, 7], [-9.40874, -9.22614, -4.72799, 6]], "reflector_prisms": [], "absorber_prisms": [], "line_of_sight": [[116, 0, 116, 0, 0, 501], [0, 0, 0, 0, 0, 499], [48, 0, 48, 0, 0, 498], [501, 501, 0, 0, 0, 501], [37, 37, 0, 0, 0, 497]]}