{"time_step": 1e-05, "number_of_molecules": 500000, "diff_coef": 350, "sim_time": 1.07143, "absorbers": [[-8.70222, -11.6662, 12.2136, 5], [-5.40608, 5.20733, -10.614, 6], [-0.911107, -0.891615, -20.9613, 6], [-1.52612, 1.96875, 12.7591, 5]], "reflectors": [[2.75672, -7.05989, 17.4229, 5], [-14.9357, 0.371942, -13.2961, 5], [-2.78839, 11.287, 2.97122, 4], [6.03562, -4.61313, -6.5031, 2], [-16.3835, 5.55285, 7.85791, 2], [9.11589, 13.0154, 1.87089, 4]], "reflector_prisms": [], "absorber_prisms": [], "line_of_sight": [[0, 0, 0, 0, 0, 500], [216, 110, 174, 0, 0, 500], [468, 478, 86, 0, 0, 500], [163, 211, 40, 0, 0, 502]]}