{
"time_step": 1e-05,
"number_of_molecules": 500000,
"diff_coef": 100,
"sim_time": 6.01667,
"absorbers": [
[14.6029,-7.17488,7.69913,4],
[-0.472068,-9.14161,7.75939,4],
[3.91585,19.3806,3.00973,5],
[20.3792,1.9878,-8.04583,3],
[-7.30145,14.8845,3.7603,3],
[-1.92849,8.92731,-6.13059,4],
[6.79014,4.21797,-0.32056,3]
],
"reflectors": [
[12.5552,-17.498,8.0739,5],
[-11.108,0.89637,4.45065,2],
[0.0914343,3.41761,6.10832,2]
],
"reflector_prisms": [
],
"absorber_prisms": [
]
}