{
"time_step": 1e-05,
"number_of_molecules": 500000,
"diff_coef": 50,
"sim_time": 4.03333,
"absorbers": [
[-0.198608,1.9515,-10.8237,2],
[-6.79194,7.56605,9.62416,3],
[3.41024,-0.71796,6.07081,2]
],
"reflectors": [
],
"reflector_prisms": [
],
"absorber_prisms": [
[6.98754,-3.02909,4.50891,10.9875,-1.02909,7.50891]
]
}