{"time_step": 1e-05, "number_of_molecules": 500000, "diff_coef": 200, "sim_time": 2.40833, "absorbers": [[-0.521628, 1.92402, 7.74765, 2], [-7.50211, -14.0956, 1.01621, 2], [-8.09292, -9.1966, 14.5233, 6], [0.326421, 6.15181, -19.0276, 3], [11.3333, -1.6168, 12.5675, 4], [-8.92675, 4.507, -0.00709753, 3], [2.88277, 22.8052, 0.782937, 6], [-11.878, -11.8031, 2.93268, 3]], "reflectors": [[-13.802, 4.48507, 15.1786, 6]], "reflector_prisms": [], "absorber_prisms": [], "line_of_sight": [[0, 0, 0, 0, 0, 498], [29, 29, 0, 0, 0, 500], [0, 0, 0, 0, 0, 500], [0, 0, 0, 0, 0, 497], [0, 0, 0, 0, 0, 500], [0, 0, 0, 0, 0, 501], [15, 15, 0, 0, 0, 500], [0, 0, 0, 0, 0, 502]]}