{"time_step": 1e-05, "number_of_molecules": 500000, "diff_coef": 300, "sim_time": 0.555556, "absorbers": [[7.73827, 0.817877, 11.6383, 4]], "reflectors": [[0.130921, -1.54829, -13.9135, 3], [-16.3136, -3.94584, -6.50355, 5]], "reflector_prisms": [[12.2916, 1.3913, -19.1087, 17.2916, 3.3913, -13.1087], [-4.00899, -1.22054, 4.48825, -1.00899, 2.77946, 8.48825]], "absorber_prisms": [[5.30403, 7.15085, -5.62447, 9.30403, 12.1508, -0.624469]], "line_of_sight": [[0, 0, 0, 0, 0, 500]]}