{
"time_step": 1e-05,
"number_of_molecules": 500000,
"diff_coef": 100,
"sim_time": 1.66667,
"absorbers": [
[0.596752,0.771334,-15.9703,6]
],
"reflectors": [
[-9.05941,-4.43435,-14.9085,5]
],
"reflector_prisms": [
[6.70096,-0.0584591,-16.8211,9.70096,2.94154,-12.8211],
[9.14798,3.68295,-2.74642,13.148,9.68295,2.25358],
[-15.2361,-11.7658,-7.84564,-12.2361,-5.76583,-1.84564]
],
"absorber_prisms": [
]
}