{
"time_step": 1e-05,
"number_of_molecules": 500000,
"diff_coef": 300,
"sim_time": 2.00556,
"absorbers": [
[0.857512,-22.3782,8.63015,5]
],
"reflectors": [
[-11.3196,-5.00695,-6.54202,4],
[-0.943164,-2.50851,-7.53776,2]
],
"reflector_prisms": [
[-6.51409,6.81335,2.27613,-4.51409,9.81335,4.27613]
],
"absorber_prisms": [
]
}