{"time_step": 1e-05, "number_of_molecules": 500000, "diff_coef": 300, "sim_time": 1.08889, "absorbers": [[11.3305, 15.2426, 0.532353, 5]], "reflectors": [], "reflector_prisms": [[-9.73229, 7.59536, -18.4971, -6.73229, 11.5954, -12.4971], [2.1992, -10.0408, 5.82254, 4.1992, -4.0408, 9.82254]], "absorber_prisms": [[-2.51177, -0.965135, -13.4999, 2.48823, 1.03487, -9.49994], [-7.84758, -8.90623, -11.61, -1.84758, -6.90623, -6.61002]], "line_of_sight": [[0, 0, 0, 0, 0, 499]]}