{"time_step": 1e-05, "number_of_molecules": 500000, "diff_coef": 350, "sim_time": 1.21905, "absorbers": [[21.5449, -3.93678, 2.0779, 6], [-1.84372, 4.97533, 5.98722, 2], [3.88213, 0.1018, -18.5989, 4], [2.38531, 0.168927, 9.70988, 5], [-7.06162, 0.914967, -7.02114, 5], [-2.21928, -14.248, -9.00382, 3], [6.18777, 11.5084, 7.36668, 5], [2.98122, -5.70504, -10.1274, 4]], "reflectors": [[-3.68723, 12.9707, -3.76381, 3], [-1.91027, -1.58934, 23.871, 6], [12.6947, -1.75972, -14.0267, 6], [2.70607, -9.96179, -3.79999, 2], [7.84258, -3.75717, 12.222, 2]], "reflector_prisms": [], "absorber_prisms": [], "line_of_sight": [[104, 104, 0, 0, 0, 500], [345, 345, 0, 0, 0, 504], [362, 362, 298, 0, 0, 501], [329, 311, 122, 0, 0, 500], [223, 223, 7, 0, 0, 502], [273, 273, 0, 0, 0, 501], [92, 92, 0, 0, 0, 500], [348, 315, 55, 0, 0, 497]]}