{
"time_step": 1e-05,
"number_of_molecules": 500000,
"diff_coef": 150,
"sim_time": 2.84444,
"absorbers": [
[11.5507,-12.4992,5.86105,2]
],
"reflectors": [
],
"reflector_prisms": [
[2.21644,-18.8049,7.59979,7.21644,-13.8049,11.5998],
[-7.86553,-13.5173,-1.81796,-3.86553,-8.51728,3.18204],
[5.71944,3.33128,9.7451,8.71944,7.33128,11.7451]
],
"absorber_prisms": [
]
}