{
"time_step": 1e-05,
"number_of_molecules": 500000,
"diff_coef": 100,
"sim_time": 5.4,
"absorbers": [
[-4.57796,7.02999,-3.25906,4],
[-1.44495,8.28004,-17.0398,2],
[7.3756,2.55,-11.6232,4],
[9.1666,-5.97163,14.2938,3],
[-7.18531,-16.7305,-5.42793,5],
[-0.592538,1.11999,12.9381,5],
[-8.23351,15.5618,-11.4472,3],
[-7.40848,1.52646,-4.87692,2]
],
"reflectors": [
[1.68375,15.0184,15.9879,3],
[7.45533,1.12494,-2.67443,3],
[-12.3766,0.179396,-3.9734,2]
],
"reflector_prisms": [
],
"absorber_prisms": [
]
}