{"time_step": 1e-05, "number_of_molecules": 500000, "diff_coef": 400, "sim_time": 1.50417, "absorbers": [[3.77561, -0.58839, 22.6804, 6], [15.9423, 0.372888, 15.156, 5], [-6.32426, -11.5278, 10.7756, 4], [6.7818, -25.0586, -1.44091, 7], [-4.88386, 9.48351, 9.06703, 4], [10.1038, -2.56577, -20.502, 5]], "reflectors": [[-20.9048, -1.93531, -0.493194, 7], [3.86899, 11.7239, -8.51952, 5], [-5.23492, -3.19938, -10.3131, 6], [-2.02568, 0.710446, 9.76688, 5]], "reflector_prisms": [], "absorber_prisms": [], "line_of_sight": [[468, 0, 636, 0, 0, 497], [322, 0, 322, 0, 0, 499], [372, 0, 372, 0, 0, 501], [0, 0, 0, 0, 0, 501], [85, 0, 85, 0, 0, 501], [500, 0, 500, 0, 0, 500]]}